{"game_info": {"date": "2013-10-26", "visitor": "ST. LOUIS BLUES ", "home": "NASHVILLE PREDATORS ", "game_id": 163, "status": "final"}, "player_stats": {"number": ["5", "9", "10", "12", "17", "19", "20", "21", "22", "25", "27", "33", "42", "46", "56", "74", "75", "91", "1", "41", "3", "4", "6", "7", "8", "9", "11", "12", "13", "15", "24", "26", "27", "28", "33", "42", "57", "64", "30", "45"], "position": ["D", "C", "L", "C", "C", "D", "C", "C", "D", "R", "D", "D", "R", "D", "L", "C", "R", "R", "G", "G", "D", "D", "D", "C", "D", "C", "C", "C", "C", "C", "L", "C", "R", "C", "C", "D", "L", "D", "G", "G"], "name": ["JACKMAN, BARRET", "SCHWARTZ, JADEN", "MORROW, BRENDEN", "ROY, DEREK", "SOBOTKA, VLADIMIR", "BOUWMEESTER, JAY", "STEEN, ALEXANDER", "BERGLUND, PATRIK", "SHATTENKIRK, KEVIN", "STEWART, CHRIS", "PIETRANGELO, ALEX", "LEOPOLD, JORDAN", "BACKES, DAVID", "POLAK, ROMAN", "PAAJARVI, MAGNUS", "OSHIE, T.J.", "REAVES, RYAN", "TARASENKO, VLADIMIR", "ELLIOTT, BRIAN", "HALAK, JAROSLAV", "JONES, SETH", "ELLIS, RYAN", "WEBER, SHEA", "CULLEN, MATT", "KLEIN, KEVIN", "FORSBERG, FILIP", "LEGWAND, DAVID", "FISHER, MIKE", "SPALING, NICK", "SMITH, CRAIG", "NYSTROM, ERIC", "HENDRICKS, MATT", "HORNQVIST, PATRIC", "GAUSTAD, PAUL", "WILSON, COLIN", "EKHOLM, MATTIAS", "BOURQUE, GABRIEL", "BARTLEY, VICTOR", "HUTTON, CARTER", "HELLBERG, MAGNUS"], "G": [0, "1", 0, "1", 0, 0, "2", 0, 0, 0, "1", 0, 0, 0, 0, "1", 0, 0, 0, 0, 0, 0, 0, 0, 0, 0, 0, 0, "1", 0, 0, 0, 0, 0, 0, 0, 0, 0, 0, 0], "A": [0, "1", 0, 0, "1", "2", 0, 0, "1", 0, "1", 0, "2", 0, 0, "1", 0, "2", 0, 0, 0, 0, 0, 0, 0, 0, 0, 0, 0, 0, 0, 0, 0, 0, 0, "1", 0, 0, 0, 0], "P": [0, "2", 0, "1", "1", "2", "2", 0, "1", 0, "2", 0, "2", 0, 0, "2", 0, "2", 0, 0, 0, 0, 0, 0, 0, 0, 0, 0, "1", 0, 0, 0, 0, 0, 0, "1", 0, 0, 0, 0], "+/-": [0, "+2", "-1", "+1", "+1", "+3", "+1", 0, "-1", 0, "+3", 0, "+2", "+1", 0, "+2", 0, "+1", 0, 0, "-1", "-3", "-1", "-1", "+1", "-1", 0, "-2", 0, "-1", 0, "+1", "-2", "-1", "-1", "+1", "-2", "-3", 0, 0], "PN": ["1", 0, 0, 0, "2", 0, 0, 0, 0, "3", 0, 0, 0, 0, 0, "1", 0, 0, 0, 0, 0, "1", "1", 0, 0, 0, 0, 0, 0, 0, 0, "2", "2", "1", "1", 0, 0, 0, 0, 0], "PIM": ["5", 0, 0, 0, "4", 0, 0, 0, 0, "14", 0, 0, 0, 0, 0, "2", 0, 0, 0, 0, 0, "2", "2", 0, 0, 0, 0, 0, 0, 0, 0, "7", "4", "2", "2", 0, 0, 0, 0, 0], "TOT": ["16:59", "16:50", "14:39", "13:52", "14:36", "22:58", "23:05", "16:00", "21:14", "07:14", "21:57", "16:26", "21:57", "17:16", "03:34", "18:45", "09:57", "16:41", 0, "60:00", "24:25", "14:58", "25:25", "16:41", "19:25", "12:10", "14:55", "18:16", "10:43", "17:29", "15:47", "10:17", "17:49", "12:23", "17:38", "19:41", "12:29", "12:54", "47:48", "12:12"], "SHF": ["21", "25", "19", "19", "23", "30", "32", "22", "22", "9", "29", "21", "33", "24", "5", "31", "17", "23", 0, 0, "29", "17", "30", "19", "22", "14", "15", "26", "19", "21", "21", "18", "22", "20", "22", "25", "17", "15", 0, 0], "AVG TOI/SH": ["00:48", "00:40", "00:46", "00:43", "00:38", "00:45", "00:43", "00:43", "00:57", "00:48", "00:45", "00:46", "00:39", "00:43", "00:42", "00:36", "00:35", "00:43", 0, 0, "00:50", "00:52", "00:50", "00:52", "00:52", "00:52", "00:59", "00:42", "00:33", "00:49", "00:45", "00:34", "00:48", "00:37", "00:48", "00:47", "00:44", "00:51", 0, 0], "PP": ["00:03", "01:55", "02:28", "02:19", "01:27", "02:52", "03:59", "02:08", "03:07", "00:07", "03:20", "01:20", "03:07", "00:03", "00:00", "03:11", "00:14", "01:15", 0, "06:35", "03:30", "01:37", "03:33", "02:50", "00:00", "03:33", "03:33", "02:37", "00:00", "02:27", "00:00", "00:08", "02:28", "00:08", "02:19", "00:30", "00:47", "00:00", "04:00", "02:00"], "SH": ["01:16", "01:52", "00:45", "00:00", "01:27", "03:00", "02:21", "01:34", "02:03", "00:00", "02:35", "00:06", "02:34", "02:15", "00:00", "01:04", "00:00", "01:08", 0, "06:00", "03:28", "00:00", "03:31", "00:49", "03:07", "00:00", "00:00", "01:36", "02:32", "00:00", "02:44", "02:31", "00:00", "02:38", "00:00", "03:04", "00:20", "00:00", "06:07", "00:28"], "EV": ["15:40", "13:03", "11:26", "11:33", "11:42", "17:06", "16:45", "12:18", "16:04", "07:07", "16:02", "15:00", "16:16", "14:58", "03:34", "14:30", "09:43", "14:18", 0, "47:25", "17:27", "13:21", "18:21", "13:02", "16:18", "08:37", "11:22", "14:03", "08:11", "15:02", "13:03", "07:38", "15:21", "09:37", "15:19", "16:07", "11:22", "12:54", "37:41", "09:44"], "S": ["1", "3", "1", "1", "2", "1", "4", "1", "3", 0, "2", 0, "4", "1", 0, "3", "1", "2", 0, 0, "2", "2", 0, "1", "2", 0, 0, "1", "1", "6", "2", "1", "1", "2", "1", "1", 0, 0, 0, 0], "A/B": [0, 0, 0, 0, "1", "1", "1", "1", "1", 0, 0, 0, "2", 0, 0, "1", "1", 0, 0, 0, 0, 0, 0, "1", "1", "2", "1", "1", 0, 0, 0, 0, "2", 0, "1", "2", 0, 0, 0, 0], "MS": ["1", 0, 0, "1", "1", 0, "1", 0, "1", 0, "4", 0, "3", 0, 0, "1", "1", "3", 0, 0, 0, 0, "3", "1", 0, "1", "1", "2", 0, "1", 0, 0, "1", 0, 0, 0, "1", 0, 0, 0], "HT": [0, 0, "2", 0, "1", 0, 0, "1", "2", 0, 0, "1", "1", "2", "1", "1", "5", 0, 0, 0, 0, "2", "2", 0, "2", 0, 0, "2", 0, 0, "3", "2", "1", "1", "2", 0, 0, "2", 0, 0], "GV": [0, 0, 0, 0, "1", 0, 0, "1", "1", 0, 0, 0, 0, 0, 0, "1", 0, 0, 0, 0, 0, "1", 0, "2", 0, "1", "1", "1", 0, "1", 0, 0, 0, 0, 0, 0, 0, "1", "1", 0], "TK": [0, "1", 0, 0, 0, 0, 0, 0, 0, 0, 0, 0, 0, 0, "1", "1", "1", 0, 0, 0, "1", 0, 0, 0, 0, 0, "1", 0, 0, "2", 0, 0, 0, "1", 0, "1", 0, "1", 0, 0], "BS": ["3", "1", 0, "1", 0, 0, 0, 0, "1", 0, "1", 0, 0, "3", 0, 0, "1", 0, 0, 0, "1", "1", "2", "1", "2", 0, 0, 0, "1", 0, 0, "1", 0, 0, 0, 0, 0, 0, 0, 0], "FW": [0, "1", "0", "2", "7", 0, "2", "5", 0, 0, 0, 0, "6", 0, 0, 0, 0, 0, 0, 0, 0, 0, 0, "9", 0, 0, "6", "8", "1", 0, 0, 0, 0, "8", 0, 0, 0, 0, 0, 0], "FL": [0, "0", "1", "3", "5", 0, "4", "8", 0, 0, 0, 0, "11", 0, 0, 0, 0, 0, 0, 0, 0, 0, 0, "3", 0, 0, "6", "8", "2", 0, 0, 0, 0, "4", 0, 0, 0, 0, 0, 0], "F%": [0, "100", "0", "40", "58", 0, "33", "38", 0, 0, 0, 0, "35", 0, 0, 0, 0, 0, 0, 0, 0, 0, 0, "75", 0, 0, "50", "50", "33", 0, 0, 0, 0, "67", 0, 0, 0, 0, 0, 0], "team": ["ST. LOUIS BLUES ", "ST. LOUIS BLUES ", "ST. LOUIS BLUES ", "ST. LOUIS BLUES ", "ST. LOUIS BLUES ", "ST. LOUIS BLUES ", "ST. LOUIS BLUES ", "ST. LOUIS BLUES ", "ST. LOUIS BLUES ", "ST. LOUIS BLUES ", "ST. LOUIS BLUES ", "ST. LOUIS BLUES ", "ST. LOUIS BLUES ", "ST. LOUIS BLUES ", "ST. LOUIS BLUES ", "ST. LOUIS BLUES ", "ST. LOUIS BLUES ", "ST. LOUIS BLUES ", "ST. LOUIS BLUES ", "ST. LOUIS BLUES ", "NASHVILLE PREDATORS ", "NASHVILLE PREDATORS ", "NASHVILLE PREDATORS ", "NASHVILLE PREDATORS ", "NASHVILLE PREDATORS ", "NASHVILLE PREDATORS ", "NASHVILLE PREDATORS ", "NASHVILLE PREDATORS ", "NASHVILLE PREDATORS ", "NASHVILLE PREDATORS ", "NASHVILLE PREDATORS ", "NASHVILLE PREDATORS ", "NASHVILLE PREDATORS ", "NASHVILLE PREDATORS ", "NASHVILLE PREDATORS ", "NASHVILLE PREDATORS ", "NASHVILLE PREDATORS ", "NASHVILLE PREDATORS ", "NASHVILLE PREDATORS ", "NASHVILLE PREDATORS "], "GA": [0, 0, 0, 0, 0, 0, 0, 0, 0, 0, 0, 0, 0, 0, 0, 0, 0, 0, 0.0, "1", 0, 0, 0, 0, 0, 0, 0, 0, 0, 0, 0, 0, 0, 0, 0, 0, 0, 0, "5", "1"], "SA": [0, 0, 0, 0, 0, 0, 0, 0, 0, 0, 0, 0, 0, 0, 0, 0, 0, 0, 0.0, "23", 0, 0, 0, 0, 0, 0, 0, 0, 0, 0, 0, 0, 0, 0, 0, 0, 0, 0, "26", "4"]}}