{"game_info": {"date": "2014-01-21", "visitor": "WINNIPEG JETS ", "home": "ANAHEIM DUCKS ", "game_id": 755, "status": "final"}, "player_stats": {"number": ["2", "5", "7", "8", "9", "12", "14", "16", "18", "22", "26", "33", "39", "40", "44", "55", "58", "67", "31", "35", "4", "6", "7", "8", "10", "11", "13", "15", "21", "22", "23", "28", "33", "34", "39", "47", "55", "62", "1", "31"], "position": ["D", "D", "D", "D", "L", "C", "R", "L", "C", "R", "R", "D", "D", "R", "D", "C", "C", "R", "G", "G", "D", "D", "C", "R", "R", "C", "C", "C", "C", "C", "D", "D", "R", "C", "L", "D", "D", "L", "G", "G"], "name": ["PARDY, ADAM", "STUART, MARK", "ELLERBY, KEATON", "TROUBA, JACOB", "KANE, EVANDER", "JOKINEN, OLLI", "PELUSO, ANTHONY", "LADD, ANDREW", "LITTLE, BRYAN", "THORBURN, CHRIS", "WHEELER, BLAKE", "BYFUGLIEN, DUSTIN", "ENSTROM, TOBIAS", "SETOGUCHI, DEVIN", "BOGOSIAN, ZACH", "SCHEIFELE, MARK", "O'DELL, ERIC", "FROLIK, MICHAEL", "PAVELEC, ONDREJ", "MONTOYA, AL", "FOWLER, CAM", "LOVEJOY, BEN", "COGLIANO, ANDREW", "SELANNE, TEEMU", "PERRY, COREY", "KOIVU, SAKU", "BONINO, NICK", "GETZLAF, RYAN", "PALMIERI, KYLE", "PERREAULT, MATHIEU", "BEAUCHEMIN, FRANCOIS", "FISTRIC, MARK", "SILFVERBERG, JAKOB", "WINNIK, DANIEL", "BELESKEY, MATT", "LINDHOLM, HAMPUS", "ALLEN, BRYAN", "MAROON, PATRICK", "HILLER, JONAS", "ANDERSEN, FREDERIK"], "G": [0, 0, 0, 0, "1", 0, 0, "1", 0, 0, "1", 0, 0, 0, 0, 0, 0, 0, 0, 0, "1", 0, 0, 0, 0, 0, "1", 0, 0, 0, 0, 0, 0, 0, 0, 0, 0, 0, 0, 0], "A": [0, 0, 0, "1", "1", 0, 0, 0, "2", 0, 0, 0, 0, 0, 0, "1", 0, 0, 0, 0, 0, 0, 0, 0, 0, 0, 0, "1", 0, 0, 0, 0, "1", 0, "1", 0, 0, 0, 0, 0], "P": [0, 0, 0, "1", "2", 0, 0, "1", "2", 0, "1", 0, 0, 0, 0, "1", 0, 0, 0, 0, "1", 0, 0, 0, 0, 0, "1", "1", 0, 0, 0, 0, "1", 0, "1", 0, 0, 0, 0, 0], "+/-": ["-1", "+2", "-1", "+3", "+2", 0, "-1", "+1", "+2", "-1", "+1", 0, 0, 0, "+1", "+1", "-1", "+1", 0, 0, "-1", "-1", "-1", 0, 0, "-2", 0, 0, "-2", 0, "-1", 0, "-1", "-1", "+1", "-1", "+1", "-1", 0, 0], "PN": ["1", "2", 0, "1", 0, 0, 0, 0, 0, 0, 0, 0, 0, 0, 0, 0, 0, 0, 0, 0, 0, 0, 0, 0, "1", "1", 0, 0, 0, 0, 0, 0, 0, 0, 0, 0, 0, 0, 0, 0], "PIM": ["2", "4", 0, "2", 0, 0, 0, 0, 0, 0, 0, 0, 0, 0, 0, 0, 0, 0, 0, 0, 0, 0, 0, 0, "2", "2", 0, 0, 0, 0, 0, 0, 0, 0, 0, 0, 0, 0, 0, 0], "TOT": ["14:00", "20:57", "10:57", "24:04", "20:07", "21:24", "03:34", "17:38", "18:02", "04:14", "19:02", "17:53", "23:40", "14:48", "25:56", "15:52", "04:14", "15:46", "60:00", 0, "21:02", "14:55", "14:56", "15:07", "20:16", "14:23", "14:35", "21:33", "14:01", "13:15", "22:33", "14:47", "12:25", "11:04", "16:15", "24:10", "14:57", "18:32", "35:43", "23:29"], "SHF": ["21", "27", "14", "28", "25", "24", "5", "26", "26", "6", "24", "20", "29", "19", "31", "19", "6", "22", 0, 0, "25", "21", "22", "16", "24", "20", "19", "25", "19", "15", "25", "19", "18", "15", "21", "25", "19", "20", 0, 0], "AVG TOI/SH": ["00:40", "00:46", "00:46", "00:51", "00:48", "00:53", "00:42", "00:40", "00:41", "00:42", "00:47", "00:53", "00:48", "00:46", "00:50", "00:50", "00:42", "00:43", 0, 0, "00:50", "00:42", "00:40", "00:56", "00:50", "00:43", "00:46", "00:51", "00:44", "00:53", "00:54", "00:46", "00:41", "00:44", "00:46", "00:58", "00:47", "00:55", 0, 0], "PP": ["00:02", "00:00", "00:00", "01:07", "00:55", "01:09", "00:00", "01:07", "01:07", "00:00", "00:55", "00:53", "00:53", "00:00", "01:09", "00:53", "00:00", "00:00", "02:02", 0, "04:09", "00:00", "00:12", "03:19", "03:33", "00:55", "04:09", "04:31", "02:59", "02:48", "00:10", "00:12", "01:51", "00:00", "03:30", "03:31", "00:12", "03:19", "05:40", "02:12"], "SH": ["01:38", "02:00", "00:00", "02:20", "02:11", "03:08", "00:00", "03:00", "02:54", "00:00", "02:07", "00:26", "04:24", "00:00", "05:22", "00:00", "00:00", "01:58", "07:52", 0, "01:28", "01:09", "00:42", "00:00", "00:27", "00:00", "00:34", "00:46", "00:00", "00:00", "00:53", "00:02", "00:34", "01:01", "00:00", "00:00", "00:32", "00:00", "02:00", "00:02"], "EV": ["12:20", "18:57", "10:57", "20:37", "17:01", "17:07", "03:34", "13:31", "14:01", "04:14", "16:00", "16:34", "18:23", "14:48", "19:25", "14:59", "04:14", "13:48", "50:06", 0, "15:25", "13:46", "14:02", "11:48", "16:16", "13:28", "09:52", "16:16", "11:02", "10:27", "21:30", "14:33", "10:00", "10:03", "12:45", "20:39", "14:13", "15:13", "28:03", "21:15"], "S": ["2", "1", 0, 0, "1", "3", 0, "3", "1", 0, "2", "3", "1", 0, 0, "1", 0, "3", 0, 0, "2", "2", "4", "3", "3", "1", "3", "4", "4", 0, "2", "2", "3", "2", "1", "1", "1", "4", 0, 0], "A/B": [0, 0, 0, "2", 0, "1", 0, 0, "1", 0, 0, 0, 0, 0, 0, 0, 0, 0, 0, 0, "6", "2", 0, 0, "5", "1", "1", "4", "2", "1", "2", "2", 0, 0, "3", "5", 0, "2", 0, 0], "MS": [0, "3", 0, "1", "1", "1", 0, 0, 0, 0, "1", 0, 0, 0, "2", "2", 0, "4", 0, 0, 0, 0, "1", 0, 0, 0, "3", "1", "3", "2", 0, "2", 0, 0, "1", 0, "1", "2", 0, 0], "HT": ["2", "5", "2", "3", "2", "4", "1", "5", 0, "1", 0, "5", "1", "4", "2", "1", 0, "1", 0, 0, "1", "8", "2", 0, "2", 0, 0, 0, 0, "1", "3", "7", "1", 0, "4", "1", "2", "3", 0, 0], "GV": ["1", 0, 0, 0, "1", 0, "1", 0, 0, 0, 0, 0, "1", "2", 0, 0, 0, 0, 0, 0, "1", 0, "1", "1", 0, "1", "1", "1", 0, 0, 0, 0, "1", 0, "1", "1", 0, "1", "1", 0], "TK": [0, 0, 0, "1", 0, 0, 0, 0, 0, 0, 0, 0, 0, 0, 0, "1", 0, 0, 0, 0, 0, 0, 0, "1", "1", 0, "1", 0, 0, 0, 0, 0, "2", 0, 0, 0, "2", 0, 0, 0], "BS": ["3", "4", "2", "4", "3", "2", 0, "1", "2", "1", "3", 0, "5", 0, "1", "2", "1", "2", 0, 0, 0, "1", 0, 0, "1", 0, 0, "1", 0, 0, "1", 0, 0, 0, 0, 0, 0, 0, 0, 0], "FW": [0, 0, 0, 0, 0, "10", 0, 0, "8", 0, 0, 0, 0, "0", 0, "7", "0", "0", 0, 0, 0, 0, 0, "1", 0, "9", "10", "10", "0", "7", 0, 0, 0, 0, 0, 0, 0, 0, 0, 0], "FL": [0, 0, 0, 0, 0, "10", 0, 0, "10", 0, 0, 0, 0, "1", 0, "12", "2", "2", 0, 0, 0, 0, 0, "0", 0, "6", "6", "8", "1", "4", 0, 0, 0, 0, 0, 0, 0, 0, 0, 0], "F%": [0, 0, 0, 0, 0, "50", 0, 0, "44", 0, 0, 0, 0, "0", 0, "37", "0", "0", 0, 0, 0, 0, 0, "100", 0, "60", "63", "56", "0", "64", 0, 0, 0, 0, 0, 0, 0, 0, 0, 0], "team": ["WINNIPEG JETS ", "WINNIPEG JETS ", "WINNIPEG JETS ", "WINNIPEG JETS ", "WINNIPEG JETS ", "WINNIPEG JETS ", "WINNIPEG JETS ", "WINNIPEG JETS ", "WINNIPEG JETS ", "WINNIPEG JETS ", "WINNIPEG JETS ", "WINNIPEG JETS ", "WINNIPEG JETS ", "WINNIPEG JETS ", "WINNIPEG JETS ", "WINNIPEG JETS ", "WINNIPEG JETS ", "WINNIPEG JETS ", "WINNIPEG JETS ", "WINNIPEG JETS ", "ANAHEIM DUCKS ", "ANAHEIM DUCKS ", "ANAHEIM DUCKS ", "ANAHEIM DUCKS ", "ANAHEIM DUCKS ", "ANAHEIM DUCKS ", "ANAHEIM DUCKS ", "ANAHEIM DUCKS ", "ANAHEIM DUCKS ", "ANAHEIM DUCKS ", "ANAHEIM DUCKS ", "ANAHEIM DUCKS ", "ANAHEIM DUCKS ", "ANAHEIM DUCKS ", "ANAHEIM DUCKS ", "ANAHEIM DUCKS ", "ANAHEIM DUCKS ", "ANAHEIM DUCKS ", "ANAHEIM DUCKS ", "ANAHEIM DUCKS "], "GA": [0, 0, 0, 0, 0, 0, 0, 0, 0, 0, 0, 0, 0, 0, 0, 0, 0, 0, "2", 0, 0, 0, 0, 0, 0, 0, 0, 0, 0, 0, 0, 0, 0, 0, 0, 0, 0, 0, "3", "0"], "SA": [0, 0, 0, 0, 0, 0, 0, 0, 0, 0, 0, 0, 0, 0, 0, 0, 0, 0, "42", 0, 0, 0, 0, 0, 0, 0, 0, 0, 0, 0, 0, 0, 0, 0, 0, 0, 0, 0, "11", "10"]}}