{"game_info": {"date": "2014-03-28", "visitor": "NASHVILLE PREDATORS ", "home": "DALLAS STARS ", "game_id": 1105, "status": "final"}, "player_stats": {"number": ["4", "5", "6", "7", "12", "13", "15", "16", "19", "24", "25", "27", "33", "42", "57", "59", "64", "84", "30", "35", "4", "6", "10", "11", "12", "13", "14", "16", "20", "21", "22", "24", "27", "33", "38", "43", "55", "91", "30", "32"], "position": ["D", "D", "D", "C", "C", "C", "C", "L", "C", "L", "L", "R", "C", "D", "L", "D", "D", "C", "G", "G", "D", "D", "C", "C", "R", "L", "L", "C", "C", "L", "C", "D", "D", "D", "L", "R", "D", "C", "G", "G"], "name": ["ELLIS, RYAN", "DEL ZOTTO, MICHAEL", "WEBER, SHEA", "CULLEN, MATT", "FISHER, MIKE", "SPALING, NICK", "SMITH, CRAIG", "CLUNE, RICH", "JARNKROK, CALLE", "NYSTROM, ERIC", "STALBERG, VIKTOR", "HORNQVIST, PATRIC", "WILSON, COLIN", "EKHOLM, MATTIAS", "BOURQUE, GABRIEL", "JOSI, ROMAN", "BARTLEY, VICTOR", "SISSONS, COLTON", "HUTTON, CARTER", "RINNE, PEKKA", "DILLON, BRENDEN", "DALEY, TREVOR", "HORCOFF, SHAWN", "JEFFREY, DUSTIN", "CHIASSON, ALEX", "WHITNEY, RAY", "BENN, JAMIE", "GARBUTT, RYAN", "EAKIN, CODY", "ROUSSEL, ANTOINE", "SCEVIOUR, COLTON", "BENN, JORDIE", "ROME, AARON", "GOLIGOSKI, ALEX", "FIDDLER, VERNON", "NICHUSHKIN, VALERI", "GONCHAR, SERGEI", "SEGUIN, TYLER", "THOMAS, TIM", "LEHTONEN, KARI"], "G": [0, "1", 0, 0, 0, 0, 0, 0, 0, "1", 0, "1", 0, 0, 0, 0, 0, 0, 0, 0, 0, "1", 0, 0, "1", 0, 0, "1", "1", 0, "1", 0, 0, 0, "1", "1", 0, 0, 0, 0], "A": [0, 0, 0, 0, 0, 0, "1", "1", "1", 0, 0, 0, 0, 0, 0, "1", 0, "1", 0, 0, "1", "1", 0, 0, 0, "1", "1", "1", 0, "1", "1", 0, 0, "4", 0, 0, 0, "1", 0, 0], "P": [0, "1", 0, 0, 0, 0, "1", "1", "1", "1", 0, "1", 0, 0, 0, "1", 0, "1", 0, 0, "1", "2", 0, 0, "1", "1", "1", "2", "1", "1", "2", 0, 0, "4", "1", "1", 0, "1", 0, 0], "+/-": ["-2", 0, "-2", "-3", "-2", "-1", 0, "+1", 0, 0, "-1", "-1", "-2", "-1", "-1", "-2", "+1", "+1", 0, 0, 0, "+5", "+1", "-1", 0, 0, "+1", "+1", "+1", "+1", "+1", 0, "-2", "+5", "+2", "+1", "-2", "+1", 0, 0], "PN": [0, 0, 0, 0, 0, 0, 0, 0, 0, 0, 0, 0, 0, 0, 0, 0, 0, "1", 0, 0, 0, "1", 0, 0, 0, 0, 0, 0, 0, 0, 0, 0, 0, 0, 0, 0, 0, 0, 0, 0], "PIM": [0, 0, 0, 0, 0, 0, 0, 0, 0, 0, 0, 0, 0, 0, 0, 0, 0, "2", 0, 0, 0, "2", 0, 0, 0, 0, 0, 0, 0, 0, 0, 0, 0, 0, 0, 0, 0, 0, 0, 0], "TOT": ["21:56", "17:51", "24:06", "15:28", "20:06", "10:29", "18:15", "13:46", "16:04", "16:34", "06:39", "17:32", "13:27", "18:25", "16:33", "23:04", "14:38", "13:52", 0, "60:00", "21:54", "21:52", "14:27", "12:44", "13:27", "14:26", "16:02", "16:42", "15:57", "15:43", "13:14", "22:54", "14:34", "23:00", "15:01", "14:57", "15:15", "15:51", 0, "60:00"], "SHF": ["28", "22", "30", "21", "29", "13", "27", "19", "28", "23", "7", "24", "17", "26", "25", "30", "20", "21", 0, 0, "24", "28", "24", "19", "19", "19", "25", "24", "24", "24", "21", "24", "22", "29", "22", "23", "23", "24", 0, 0], "AVG TOI/SH": ["00:47", "00:48", "00:48", "00:44", "00:41", "00:48", "00:40", "00:43", "00:34", "00:43", "00:57", "00:43", "00:47", "00:42", "00:39", "00:46", "00:43", "00:39", 0, 0, "00:54", "00:46", "00:36", "00:40", "00:42", "00:45", "00:38", "00:41", "00:39", "00:39", "00:37", "00:57", "00:39", "00:47", "00:40", "00:39", "00:39", "00:39", 0, 0], "PP": ["00:48", "00:48", "01:12", "01:12", "01:12", "00:48", "00:48", "00:00", "00:48", "00:00", "00:00", "01:12", "00:00", "00:00", "00:00", "01:12", "00:00", "00:00", 0, "02:00", "00:00", "00:35", "00:35", "00:00", "00:40", "00:40", "00:40", "00:00", "00:35", "00:00", "00:00", "00:00", "00:00", "00:40", "00:00", "00:35", "00:35", "00:40", 0, "01:15"], "SH": ["00:00", "00:00", "01:15", "00:40", "00:35", "00:00", "00:00", "00:00", "00:00", "00:40", "00:00", "00:00", "00:00", "00:00", "00:35", "01:15", "00:00", "00:00", 0, "01:15", "01:10", "00:00", "00:23", "00:00", "00:00", "00:00", "00:27", "00:29", "00:25", "01:08", "00:00", "01:10", "00:50", "00:50", "01:08", "00:00", "00:00", "00:00", 0, "02:00"], "EV": ["21:08", "17:03", "21:39", "13:36", "18:19", "09:41", "17:27", "13:46", "15:16", "15:54", "06:39", "16:20", "13:27", "18:25", "15:58", "20:37", "14:38", "13:52", 0, "56:45", "20:44", "21:17", "13:29", "12:44", "12:47", "13:46", "14:55", "16:13", "14:57", "14:35", "13:14", "21:44", "13:44", "21:30", "13:53", "14:22", "14:40", "15:11", 0, "56:45"], "S": [0, "2", "3", "1", "1", 0, "3", "1", "1", "2", 0, "9", 0, "1", "1", "2", 0, "1", 0, 0, "3", "1", "2", "3", "2", 0, "1", "2", "2", 0, "2", "2", 0, "1", "3", "2", 0, "3", 0, 0], "A/B": ["2", 0, "2", 0, "1", "1", "3", 0, "2", 0, 0, "2", "1", "2", "1", "2", 0, 0, 0, 0, 0, "2", 0, 0, "1", 0, 0, "2", "2", 0, 0, "1", 0, 0, "1", "1", "3", "3", 0, 0], "MS": [0, 0, "4", "1", "1", 0, "4", "1", "2", "1", "1", 0, "1", 0, "2", "1", 0, "1", 0, 0, 0, 0, 0, 0, 0, 0, "2", "1", 0, 0, "1", 0, 0, 0, "1", 0, 0, "1", 0, 0], "HT": ["3", "1", "1", "1", "7", 0, "5", "2", 0, "3", 0, "4", "1", "1", "2", "1", "3", "1", 0, 0, "2", "2", "1", 0, "1", 0, "1", "1", 0, "1", 0, "2", 0, "2", 0, "1", 0, 0, 0, 0], "GV": ["4", 0, 0, 0, 0, 0, "5", 0, 0, 0, "1", 0, 0, "1", "1", "1", "1", 0, 0, 0, "1", "2", 0, "1", 0, 0, 0, 0, "3", 0, "1", "1", 0, "2", "1", "3", "1", "1", 0, 0], "TK": [0, 0, "1", 0, 0, 0, "2", 0, 0, 0, 0, "1", 0, 0, 0, "1", 0, "1", 0, 0, 0, 0, "1", 0, 0, "1", "3", 0, "1", "1", "2", "2", "1", 0, 0, 0, 0, "1", 0, 0], "BS": ["1", 0, "4", 0, 0, "1", 0, 0, 0, 0, 0, "1", 0, "1", "2", "4", "1", "1", 0, 0, "1", "2", "2", 0, 0, "1", 0, 0, "2", 0, "1", "1", "2", "5", "1", 0, "1", 0, 0, 0], "FW": [0, 0, 0, "5", "13", 0, 0, 0, "8", 0, 0, 0, "4", 0, 0, 0, 0, "3", 0, 0, 0, 0, "0", "8", 0, 0, "6", 0, "8", 0, "1", 0, 0, 0, "8", 0, 0, "0", 0, 0], "FL": [0, 0, 0, "5", "4", 0, 0, 0, "10", 0, 0, 0, "6", 0, 0, 0, 0, "6", 0, 0, 0, 0, "1", "3", 0, 0, "5", 0, "9", 0, "1", 0, 0, 0, "6", 0, 0, "8", 0, 0], "F%": [0, 0, 0, "50", "76", 0, 0, 0, "44", 0, 0, 0, "40", 0, 0, 0, 0, "33", 0, 0, 0, 0, "0", "73", 0, 0, "55", 0, "47", 0, "50", 0, 0, 0, "57", 0, 0, "0", 0, 0], "team": ["NASHVILLE PREDATORS ", "NASHVILLE PREDATORS ", "NASHVILLE PREDATORS ", "NASHVILLE PREDATORS ", "NASHVILLE PREDATORS ", "NASHVILLE PREDATORS ", "NASHVILLE PREDATORS ", "NASHVILLE PREDATORS ", "NASHVILLE PREDATORS ", "NASHVILLE PREDATORS ", "NASHVILLE PREDATORS ", "NASHVILLE PREDATORS ", "NASHVILLE PREDATORS ", "NASHVILLE PREDATORS ", "NASHVILLE PREDATORS ", "NASHVILLE PREDATORS ", "NASHVILLE PREDATORS ", "NASHVILLE PREDATORS ", "NASHVILLE PREDATORS ", "NASHVILLE PREDATORS ", "DALLAS STARS ", "DALLAS STARS ", "DALLAS STARS ", "DALLAS STARS ", "DALLAS STARS ", "DALLAS STARS ", "DALLAS STARS ", "DALLAS STARS ", "DALLAS STARS ", "DALLAS STARS ", "DALLAS STARS ", "DALLAS STARS ", "DALLAS STARS ", "DALLAS STARS ", "DALLAS STARS ", "DALLAS STARS ", "DALLAS STARS ", "DALLAS STARS ", "DALLAS STARS ", "DALLAS STARS "], "GA": [0, 0, 0, 0, 0, 0, 0, 0, 0, 0, 0, 0, 0, 0, 0, 0, 0, 0, 0.0, "7", 0, 0, 0, 0, 0, 0, 0, 0, 0, 0, 0, 0, 0, 0, 0, 0, 0, 0, 0, "3"], "SA": [0, 0, 0, 0, 0, 0, 0, 0, 0, 0, 0, 0, 0, 0, 0, 0, 0, 0, 0.0, "29", 0, 0, 0, 0, 0, 0, 0, 0, 0, 0, 0, 0, 0, 0, 0, 0, 0, 0, 0, "28"]}}