{"game_info": {"date": "2013-10-04", "visitor": "NEW YORK ISLANDERS ", "home": "NEW JERSEY DEVILS ", "game_id": 16, "status": "final"}, "player_stats": {"number": ["3", "11", "12", "13", "14", "16", "17", "21", "26", "29", "37", "40", "46", "47", "51", "53", "91", "96", "20", "60", "2", "5", "6", "8", "10", "11", "12", "14", "17", "18", "19", "20", "21", "24", "26", "28", "29", "68", "30", "35"], "position": ["D", "D", "C", "R", "D", "C", "L", "R", "L", "C", "D", "R", "D", "D", "C", "C", "C", "C", "G", "G", "D", "D", "D", "C", "D", "R", "C", "C", "R", "R", "C", "C", "C", "D", "L", "D", "L", "R", "G", "G"], "name": ["HAMONIC, TRAVIS", "VISNOVSKY, LUBOMIR", "BAILEY, JOSH", "MCDONALD, COLIN", "HICKEY, THOMAS", "REGIN, PETER", "MARTIN, MATT", "OKPOSO, KYLE", "MOULSON, MATT", "NELSON, BROCK", "STRAIT, BRIAN", "GRABNER, MICHAEL", "DONOVAN, MATT", "MACDONALD, ANDREW", "NIELSEN, FRANS", "CIZIKAS, CASEY", "TAVARES, JOHN", "BOUCHARD, PIERRE-MARC", "NABOKOV, EVGENI", "POULIN, KEVIN", "ZIDLICKY, MAREK", "LARSSON, ADAM", "GREENE, ANDY", "ZUBRUS, DAINIUS", "HARROLD, PETER", "GIONTA, STEPHEN", "BRUNNER, DAMIEN", "HENRIQUE, ADAM", "RYDER, MICHAEL", "BERNIER, STEVE", "ZAJAC, TRAVIS", "CARTER, RYAN", "LOKTIONOV, ANDREI", "SALVADOR, BRYCE", "ELIAS, PATRIK", "VOLCHENKOV, ANTON", "CLOWE, RYANE", "JAGR, JAROMIR", "BRODEUR, MARTIN", "SCHNEIDER, CORY"], "G": [0, 0, 0, 0, 0, 0, 0, 0, 0, 0, 0, "2", 0, 0, "1", 0, 0, 0, 0, 0, 0, 0, 0, 0, 0, 0, "2", 0, "1", 0, 0, 0, 0, 0, 0, 0, 0, 0, 0, 0], "A": ["1", 0, "1", 0, 0, 0, 0, 0, 0, 0, 0, "1", "1", 0, 0, 0, 0, 0, 0, 0, "1", 0, 0, "1", 0, 0, 0, 0, 0, 0, 0, 0, "1", "1", 0, "1", "1", 0, 0, 0], "P": ["1", 0, "1", 0, 0, 0, 0, 0, 0, 0, 0, "3", "1", 0, "1", 0, 0, 0, 0, 0, "1", 0, 0, "1", 0, 0, "2", 0, "1", 0, 0, 0, "1", "1", 0, "1", "1", 0, 0, 0], "+/-": ["-1", "+1", "+2", "-1", 0, "-1", "-1", 0, 0, "-1", 0, "+2", "+1", "-1", "+2", "-1", "-1", 0, 0, 0, "+1", "-2", "+1", "+1", 0, "-1", "+1", "+2", "+1", 0, "+1", "-1", "+1", 0, "-2", 0, "-1", "-2", 0, 0], "PN": [0, 0, 0, 0, 0, 0, 0, 0, 0, "1", 0, 0, 0, 0, 0, 0, 0, "1", 0, 0, 0, 0, 0, 0, 0, 0, "1", 0, 0, 0, 0, "1", 0, 0, 0, 0, 0, 0, 0, 0], "PIM": [0, 0, 0, 0, 0, 0, 0, 0, 0, "2", 0, 0, 0, 0, 0, 0, 0, "2", 0, 0, 0, 0, 0, 0, 0, 0, "2", 0, 0, 0, 0, "2", 0, 0, 0, 0, 0, 0, 0, 0], "TOT": ["23:57", "21:20", "14:59", "12:11", "18:00", "14:50", "13:56", "21:37", "20:24", "10:41", "18:46", "14:43", "19:34", "24:44", "16:32", "14:18", "22:26", "13:02", "65:00", 0, "23:49", "12:09", "24:35", "13:43", "25:22", "10:43", "14:53", "19:54", "16:47", "16:54", "21:30", "09:49", "14:31", "26:08", "17:09", "15:13", "18:21", "14:30", "65:00", 0], "SHF": ["29", "24", "20", "15", "26", "18", "19", "20", "19", "15", "23", "22", "24", "29", "23", "19", "22", "16", 0, 0, "31", "20", "32", "18", "31", "15", "21", "26", "22", "19", "25", "13", "19", "32", "24", "19", "18", "18", 0, 0], "AVG TOI/SH": ["00:49", "00:53", "00:44", "00:48", "00:41", "00:49", "00:44", "01:04", "01:04", "00:42", "00:48", "00:40", "00:48", "00:51", "00:43", "00:45", "01:01", "00:48", 0, 0, "00:46", "00:36", "00:46", "00:45", "00:49", "00:42", "00:42", "00:45", "00:45", "00:53", "00:51", "00:45", "00:45", "00:49", "00:42", "00:48", "01:01", "00:48", 0, 0], "PP": ["00:00", "02:24", "01:27", "01:27", "00:00", "01:27", "00:09", "02:24", "02:24", "00:00", "00:00", "00:09", "01:36", "00:21", "02:11", "00:09", "02:24", "01:28", "04:00", 0, "02:46", "00:00", "01:16", "00:00", "01:14", "00:00", "02:21", "02:02", "01:58", "02:07", "02:44", "00:00", "00:00", "00:00", "01:14", "00:00", "00:39", "01:39", "04:00", 0], "SH": ["02:13", "00:00", "00:00", "00:00", "01:47", "00:49", "01:54", "00:06", "00:00", "00:00", "01:47", "01:11", "00:00", "02:13", "01:22", "02:32", "00:06", "00:00", "04:00", 0, "00:07", "00:14", "00:47", "01:18", "00:33", "01:17", "00:00", "01:50", "00:00", "00:00", "01:34", "00:45", "00:00", "03:13", "01:09", "03:06", "00:07", "00:00", "04:00", 0], "EV": ["21:44", "18:56", "13:32", "10:44", "16:13", "12:34", "11:53", "19:07", "18:00", "10:41", "16:59", "13:23", "17:58", "22:10", "12:59", "11:37", "19:56", "11:34", "57:00", 0, "20:56", "11:55", "22:32", "12:25", "23:35", "09:26", "12:32", "16:02", "14:49", "14:47", "17:12", "09:04", "14:31", "22:55", "14:46", "12:07", "17:35", "12:51", "57:00", 0], "S": ["1", "2", "1", "1", "1", "1", "2", "1", "2", "2", 0, "4", "2", 0, "1", 0, "4", "1", 0, 0, "3", "2", 0, "2", "2", "1", "4", "2", "1", "2", "4", "2", "1", 0, "1", 0, "1", "1", 0, 0], "A/B": ["1", "1", "1", 0, "1", 0, "1", 0, 0, 0, 0, 0, "2", 0, 0, 0, "2", 0, 0, 0, "1", "1", "3", 0, "3", 0, "1", 0, "2", "1", 0, 0, 0, "1", 0, 0, "1", 0, 0, 0], "MS": [0, 0, 0, 0, 0, 0, 0, "1", 0, 0, 0, "2", 0, "1", 0, 0, 0, 0, 0, 0, "2", "1", "2", 0, "1", 0, 0, "1", 0, "3", "1", 0, 0, 0, 0, 0, 0, "1", 0, 0], "HT": [0, 0, "1", "2", 0, "1", "3", 0, "1", 0, "2", 0, "1", 0, "1", "3", 0, 0, 0, 0, "1", 0, 0, "1", "1", "2", 0, "2", 0, "2", 0, 0, 0, "2", "1", 0, "1", 0, 0, 0], "GV": ["1", 0, 0, 0, 0, 0, 0, "1", 0, 0, "1", 0, 0, 0, 0, 0, 0, 0, 0, 0, 0, "1", 0, 0, 0, 0, 0, "2", 0, 0, 0, "1", "2", 0, "1", 0, 0, "3", "1", 0], "TK": [0, 0, "1", 0, "1", 0, 0, "1", "1", 0, 0, 0, "1", 0, "1", 0, 0, 0, 0, 0, "1", 0, "2", 0, 0, 0, 0, 0, 0, 0, "1", 0, 0, "1", 0, "2", 0, 0, 0, 0], "BS": ["1", 0, "1", 0, "3", 0, "1", 0, "1", 0, "2", 0, "1", "3", "1", 0, 0, 0, 0, 0, "1", 0, "1", 0, 0, 0, 0, "1", 0, 0, 0, 0, 0, "1", "1", "3", "1", 0, 0, 0], "FW": [0, 0, "0", "1", 0, "2", 0, 0, 0, 0, 0, 0, 0, 0, "7", "8", "10", 0, 0, 0, 0, 0, 0, "1", 0, "3", 0, "0", 0, "1", "9", 0, "2", 0, "8", 0, "0", 0, 0, 0], "FL": [0, 0, "1", "1", 0, "2", 0, 0, 0, 0, 0, 0, 0, 0, "4", "6", "10", 0, 0, 0, 0, 0, 0, "1", 0, "2", 0, "6", 0, "0", "10", 0, "3", 0, "5", 0, "1", 0, 0, 0], "F%": [0, 0, "0", "50", 0, "50", 0, 0, 0, 0, 0, 0, 0, 0, "64", "57", "50", 0, 0, 0, 0, 0, 0, "50", 0, "60", 0, "0", 0, "100", "47", 0, "40", 0, "62", 0, "0", 0, 0, 0], "team": ["NEW YORK ISLANDERS ", "NEW YORK ISLANDERS ", "NEW YORK ISLANDERS ", "NEW YORK ISLANDERS ", "NEW YORK ISLANDERS ", "NEW YORK ISLANDERS ", "NEW YORK ISLANDERS ", "NEW YORK ISLANDERS ", "NEW YORK ISLANDERS ", "NEW YORK ISLANDERS ", "NEW YORK ISLANDERS ", "NEW YORK ISLANDERS ", "NEW YORK ISLANDERS ", "NEW YORK ISLANDERS ", "NEW YORK ISLANDERS ", "NEW YORK ISLANDERS ", "NEW YORK ISLANDERS ", "NEW YORK ISLANDERS ", "NEW YORK ISLANDERS ", "NEW YORK ISLANDERS ", "NEW JERSEY DEVILS ", "NEW JERSEY DEVILS ", "NEW JERSEY DEVILS ", "NEW JERSEY DEVILS ", "NEW JERSEY DEVILS ", "NEW JERSEY DEVILS ", "NEW JERSEY DEVILS ", "NEW JERSEY DEVILS ", "NEW JERSEY DEVILS ", "NEW JERSEY DEVILS ", "NEW JERSEY DEVILS ", "NEW JERSEY DEVILS ", "NEW JERSEY DEVILS ", "NEW JERSEY DEVILS ", "NEW JERSEY DEVILS ", "NEW JERSEY DEVILS ", "NEW JERSEY DEVILS ", "NEW JERSEY DEVILS ", "NEW JERSEY DEVILS ", "NEW JERSEY DEVILS "], "GA": [0, 0, 0, 0, 0, 0, 0, 0, 0, 0, 0, 0, 0, 0, 0, 0, 0, 0, "3", 0, 0, 0, 0, 0, 0, 0, 0, 0, 0, 0, 0, 0, 0, 0, 0, 0, 0, 0, "3", 0], "SA": [0, 0, 0, 0, 0, 0, 0, 0, 0, 0, 0, 0, 0, 0, 0, 0, 0, 0, "29", 0, 0, 0, 0, 0, 0, 0, 0, 0, 0, 0, 0, 0, 0, 0, 0, 0, 0, 0, "26", 0]}}