{"game_info": {"date": "2014-03-04", "visitor": "OTTAWA SENATORS ", "home": "EDMONTON OILERS ", "game_id": 932, "status": "final"}, "player_stats": {"number": ["3", "4", "5", "6", "7", "9", "14", "15", "16", "19", "22", "25", "46", "62", "65", "68", "89", "93", "40", "41", "2", "4", "5", "6", "14", "15", "19", "20", "21", "23", "27", "57", "64", "83", "85", "89", "93", "94", "29", "30"], "position": ["D", "D", "D", "R", "C", "L", "C", "C", "L", "C", "R", "R", "D", "D", "D", "C", "C", "C", "G", "G", "D", "L", "D", "L", "C", "D", "D", "L", "D", "C", "C", "L", "R", "R", "D", "C", "C", "L", "G", "G"], "name": ["METHOT, MARC", "PHILLIPS, CHRIS", "CECI, CODY", "RYAN, BOBBY", "TURRIS, KYLE", "MICHALEK, MILAN", "GREENING, COLIN", "SMITH, ZACK", "MACARTHUR, CLARKE", "SPEZZA, JASON", "CONDRA, ERIK", "NEIL, CHRIS", "WIERCIOCH, PATRICK", "GRYBA, ERIC", "KARLSSON, ERIK", "HOFFMAN, MIKE", "CONACHER, CORY", "ZIBANEJAD, MIKA", "LEHNER, ROBIN", "ANDERSON, CRAIG", "PETRY, JEFF", "HALL, TAYLOR", "FRASER, MARK", "JOENSUU, JESSE", "EBERLE, JORDAN", "SCHULTZ, NICK", "SCHULTZ, JUSTIN", "GAZDIC, LUKE", "FERENCE, ANDREW", "HENDRICKS, MATT", "GORDON, BOYD", "PERRON, DAVID", "YAKUPOV, NAIL", "HEMSKY, ALES", "MARINCIN, MARTIN", "GAGNER, SAM", "NUGENT-HOPKINS, RYAN", "SMYTH, RYAN", "MUCHA, KURTIS", "SCRIVENS, BEN"], "G": [0, 0, 0, 0, 0, 0, 0, 0, 0, "1", 0, 0, 0, 0, "1", 0, 0, 0, 0, 0, 0, 0, 0, 0, "1", 0, 0, 0, 0, 0, 0, 0, 0, "2", 0, 0, 0, 0, 0, 0], "A": ["1", 0, 0, 0, 0, "1", 0, 0, 0, 0, 0, 0, 0, 0, 0, 0, 0, 0, 0, 0, 0, "2", 0, 0, 0, 0, 0, 0, "1", 0, "1", 0, "1", 0, 0, "1", 0, 0, 0, 0], "P": ["1", 0, 0, 0, 0, "1", 0, 0, 0, "1", 0, 0, 0, 0, "1", 0, 0, 0, 0, 0, 0, "2", 0, 0, "1", 0, 0, 0, "1", 0, "1", 0, "1", "2", 0, "1", 0, 0, 0, 0], "+/-": [0, "+1", 0, "-1", "-1", 0, 0, 0, "-1", "+1", 0, 0, "-1", 0, 0, "+1", 0, "+1", 0, 0, "+1", "+1", 0, 0, "+1", 0, "-1", 0, "-1", "-1", 0, "-1", 0, 0, "+1", 0, 0, 0, 0, 0], "PN": [0, 0, "1", 0, 0, 0, 0, 0, 0, 0, 0, 0, 0, "2", 0, 0, 0, 0, 0, 0, 0, 0, 0, 0, 0, 0, 0, 0, 0, "1", 0, 0, 0, 0, 0, 0, "1", "1", 0, 0], "PIM": [0, 0, "2", 0, 0, 0, 0, 0, 0, 0, 0, 0, 0, "4", 0, 0, 0, 0, 0, 0, 0, 0, 0, 0, 0, 0, 0, 0, 0, "2", 0, 0, 0, 0, 0, 0, "2", "2", 0, 0], "TOT": ["25:26", "17:41", "18:40", "14:35", "19:22", "16:01", "13:18", "15:47", "18:57", "19:38", "10:06", "12:50", "14:44", "13:55", "28:42", "12:48", "10:05", "14:25", 0, "59:25", "20:46", "17:46", "19:09", "09:17", "16:42", "17:47", "20:54", "07:12", "21:44", "15:34", "14:12", "18:28", "13:07", "17:41", "17:08", "20:05", "17:37", "11:59", 0, "60:00"], "SHF": ["31", "25", "24", "20", "23", "21", "18", "22", "22", "25", "13", "18", "20", "19", "32", "21", "15", "22", 0, 0, "25", "24", "24", "13", "22", "25", "25", "12", "26", "23", "24", "26", "19", "25", "20", "25", "26", "17", 0, 0], "AVG TOI/SH": ["00:49", "00:42", "00:46", "00:43", "00:50", "00:45", "00:44", "00:43", "00:51", "00:47", "00:46", "00:42", "00:44", "00:43", "00:53", "00:36", "00:40", "00:39", 0, 0, "00:49", "00:44", "00:47", "00:42", "00:45", "00:42", "00:50", "00:36", "00:50", "00:40", "00:35", "00:42", "00:41", "00:42", "00:51", "00:48", "00:40", "00:42", 0, 0], "PP": ["00:00", "00:00", "00:11", "00:43", "01:51", "00:43", "00:00", "00:00", "01:51", "01:51", "00:00", "00:00", "00:43", "01:17", "02:23", "00:34", "00:34", "00:43", 0, "02:00", "00:45", "01:58", "00:00", "00:00", "01:36", "00:00", "02:08", "00:00", "01:09", "00:00", "00:00", "01:01", "00:34", "01:41", "00:00", "01:19", "01:58", "02:16", 0, "03:17"], "SH": ["01:57", "01:20", "00:43", "00:00", "00:38", "01:08", "00:29", "01:28", "00:37", "00:43", "01:32", "00:00", "00:00", "00:58", "01:36", "00:00", "00:00", "00:00", 0, "03:16", "01:22", "00:12", "00:48", "00:00", "00:00", "01:12", "00:00", "00:00", "01:46", "00:46", "01:20", "01:19", "00:00", "00:00", "00:00", "00:12", "00:17", "01:02", 0, "02:34"], "EV": ["23:29", "16:21", "17:46", "13:52", "16:53", "14:10", "12:49", "14:19", "16:29", "17:04", "08:34", "12:50", "14:01", "11:40", "24:43", "12:14", "09:31", "13:42", 0, "54:09", "18:39", "15:36", "18:21", "09:17", "15:06", "16:35", "18:46", "07:12", "18:49", "14:48", "12:52", "16:08", "12:33", "16:00", "17:08", "18:34", "15:22", "08:41", 0, "54:09"], "S": ["2", 0, "3", "4", "2", "2", "2", "2", 0, "5", 0, 0, "2", 0, "5", "1", "3", "3", 0, 0, 0, "6", "2", "3", "4", "1", "2", "1", 0, "2", 0, "1", "1", "5", 0, 0, "1", "1", 0, 0], "A/B": ["3", "1", "2", "1", "1", 0, "1", 0, 0, "2", "2", 0, "2", "2", "3", 0, 0, 0, 0, 0, 0, "1", 0, 0, "1", 0, 0, 0, "1", "1", 0, "1", 0, "3", 0, 0, "1", 0, 0, 0], "MS": [0, "2", 0, 0, "1", "1", "4", 0, "1", 0, 0, "1", "2", 0, "2", "3", 0, 0, 0, 0, 0, "1", 0, "1", 0, 0, "1", 0, 0, 0, 0, 0, 0, 0, "1", "3", 0, "1", 0, 0], "HT": [0, "2", "2", 0, 0, "1", "3", "1", 0, 0, 0, "3", 0, "1", "1", "1", 0, "1", 0, 0, "5", "1", "3", 0, "3", "1", "1", "1", "3", "6", 0, "1", "1", 0, 0, 0, "1", "1", 0, 0], "GV": [0, "1", "1", 0, "2", 0, "1", 0, "1", "1", 0, 0, 0, 0, 0, "1", 0, 0, 0, "1", "4", "4", 0, "1", "1", 0, 0, 0, 0, 0, 0, 0, 0, "1", 0, "2", 0, "1", 0, "1"], "TK": ["1", 0, 0, "2", 0, "1", "1", 0, 0, 0, "1", 0, 0, 0, "1", 0, 0, "1", 0, 0, "2", "2", "1", 0, "2", 0, 0, 0, 0, "1", 0, "1", 0, "2", 0, 0, "2", 0, 0, 0], "BS": [0, "4", 0, 0, 0, 0, 0, "1", 0, 0, 0, 0, 0, 0, "3", "1", 0, 0, 0, 0, "3", 0, "3", 0, 0, "5", "2", 0, "1", 0, "2", 0, 0, 0, "3", 0, 0, "1", 0, 0], "FW": [0, 0, 0, 0, "7", 0, 0, "7", 0, "10", 0, 0, 0, 0, 0, 0, 0, "5", 0, 0, 0, 0, 0, 0, "1", 0, 0, 0, 0, 0, "18", 0, 0, 0, 0, "9", "2", "4", 0, 0], "FL": [0, 0, 0, 0, "10", 0, 0, "5", 0, "14", 0, 0, 0, 0, 0, 0, 0, "5", 0, 0, 0, 0, 0, 0, "0", 0, 0, 0, 0, 0, "7", 0, 0, 0, 0, "9", "9", "4", 0, 0], "F%": [0, 0, 0, 0, "41", 0, 0, "58", 0, "42", 0, 0, 0, 0, 0, 0, 0, "50", 0, 0, 0, 0, 0, 0, "100", 0, 0, 0, 0, 0, "72", 0, 0, 0, 0, "50", "18", "50", 0, 0], "team": ["OTTAWA SENATORS ", "OTTAWA SENATORS ", "OTTAWA SENATORS ", "OTTAWA SENATORS ", "OTTAWA SENATORS ", "OTTAWA SENATORS ", "OTTAWA SENATORS ", "OTTAWA SENATORS ", "OTTAWA SENATORS ", "OTTAWA SENATORS ", "OTTAWA SENATORS ", "OTTAWA SENATORS ", "OTTAWA SENATORS ", "OTTAWA SENATORS ", "OTTAWA SENATORS ", "OTTAWA SENATORS ", "OTTAWA SENATORS ", "OTTAWA SENATORS ", "OTTAWA SENATORS ", "OTTAWA SENATORS ", "EDMONTON OILERS ", "EDMONTON OILERS ", "EDMONTON OILERS ", "EDMONTON OILERS ", "EDMONTON OILERS ", "EDMONTON OILERS ", "EDMONTON OILERS ", "EDMONTON OILERS ", "EDMONTON OILERS ", "EDMONTON OILERS ", "EDMONTON OILERS ", "EDMONTON OILERS ", "EDMONTON OILERS ", "EDMONTON OILERS ", "EDMONTON OILERS ", "EDMONTON OILERS ", "EDMONTON OILERS ", "EDMONTON OILERS ", "EDMONTON OILERS ", "EDMONTON OILERS "], "GA": [0, 0, 0, 0, 0, 0, 0, 0, 0, 0, 0, 0, 0, 0, 0, 0, 0, 0, 0.0, "3", 0, 0, 0, 0, 0, 0, 0, 0, 0, 0, 0, 0, 0, 0, 0, 0, 0, 0, 0, "2"], "SA": [0, 0, 0, 0, 0, 0, 0, 0, 0, 0, 0, 0, 0, 0, 0, 0, 0, 0, 0.0, "30", 0, 0, 0, 0, 0, 0, 0, 0, 0, 0, 0, 0, 0, 0, 0, 0, 0, 0, 0, "36"]}}