{"game_info": {"date": "2014-03-10", "visitor": "NEW YORK ISLANDERS ", "home": "VANCOUVER CANUCKS ", "game_id": 974, "status": "final"}, "player_stats": {"number": ["3", "11", "12", "13", "14", "15", "17", "18", "21", "27", "29", "37", "40", "43", "44", "46", "51", "53", "20", "45", "2", "3", "5", "6", "7", "8", "14", "17", "20", "21", "23", "27", "29", "33", "36", "45", "46", "49", "31", "35"], "position": ["D", "D", "C", "R", "D", "R", "L", "C", "R", "C", "C", "D", "R", "L", "D", "D", "C", "C", "G", "G", "D", "D", "D", "D", "L", "D", "L", "C", "L", "C", "D", "C", "L", "C", "R", "C", "L", "R", "G", "G"], "name": ["HAMONIC, TRAVIS", "VISNOVSKY, LUBOMIR", "BAILEY, JOSH", "MCDONALD, COLIN", "HICKEY, THOMAS", "CLUTTERBUCK, CAL", "MARTIN, MATT", "STROME, RYAN", "OKPOSO, KYLE", "LEE, ANDERS", "NELSON, BROCK", "STRAIT, BRIAN", "GRABNER, MICHAEL", "HALMO, MIKE", "DE HAAN, CALVIN", "DONOVAN, MATT", "NIELSEN, FRANS", "CIZIKAS, CASEY", "NABOKOV, EVGENI", "NILSSON, ANDERS", "HAMHUIS, DAN", "BIEKSA, KEVIN", "GARRISON, JASON", "WEBER, YANNICK", "BOOTH, DAVID", "TANEV, CHRISTOPHER", "BURROWS, ALEXANDRE", "KESLER, RYAN", "HIGGINS, CHRIS", "DALPE, ZAC", "EDLER, ALEXANDER", "MATTHIAS, SHAWN", "SESTITO, TOM", "SEDIN, HENRIK", "HANSEN, JANNIK", "SCHROEDER, JORDAN", "JENSEN, NICKLAS", "ARCHIBALD, DARREN", "LACK, EDDIE", "MARKSTROM, JACOB"], "G": [0, 0, "1", 0, 0, "1", "1", "1", 0, "1", 0, 0, 0, 0, "1", 0, "1", 0, 0, 0, 0, 0, 0, 0, 0, "1", 0, "1", "1", 0, 0, 0, 0, "1", 0, 0, 0, 0, 0, 0], "A": ["2", "1", "1", "1", 0, 0, 0, 0, "3", "1", "1", 0, 0, 0, 0, "1", "1", 0, 0, 0, 0, "1", "1", "1", 0, 0, "1", 0, "1", 0, 0, 0, "1", 0, "1", 0, "1", 0, 0, 0], "P": ["2", "1", "2", "1", 0, "1", "1", "1", "3", "2", "1", 0, 0, 0, "1", "1", "2", 0, 0, 0, 0, "1", "1", "1", 0, "1", "1", "1", "2", 0, 0, 0, "1", "1", "1", 0, "1", 0, 0, 0], "+/-": ["+3", "+1", 0, "+1", "-2", 0, "+1", 0, "+1", "+1", 0, "-1", 0, 0, "+2", "+1", "+1", "+1", 0, 0, "-1", "-2", "-1", "-1", "-1", "+1", "-1", "-1", "-1", 0, 0, 0, "-1", "-2", 0, 0, 0, 0, 0, 0], "PN": [0, "1", 0, 0, 0, 0, 0, 0, 0, 0, "1", 0, 0, 0, "1", "1", 0, 0, 0, 0, 0, "1", 0, "1", 0, 0, 0, "1", 0, 0, 0, "1", "2", 0, 0, 0, "2", 0, 0, 0], "PIM": [0, "2", 0, 0, 0, 0, 0, 0, 0, 0, "2", 0, 0, 0, "2", "2", 0, 0, 0, 0, 0, "2", 0, "2", 0, 0, 0, "10", 0, 0, 0, "2", "4", 0, 0, 0, "4", 0, 0, 0], "TOT": ["24:24", "21:14", "16:05", "12:41", "14:51", "14:44", "11:28", "13:55", "20:07", "17:38", "15:21", "16:36", "11:51", "08:55", "22:21", "16:19", "19:44", "14:33", "60:00", 0, "17:37", "23:18", "18:28", "18:42", "12:07", "17:10", "18:15", "24:28", "20:38", "04:50", "24:42", "15:56", "09:35", "20:46", "17:26", "06:58", "12:29", "05:22", "58:34", 0], "SHF": ["36", "27", "24", "19", "24", "23", "17", "20", "22", "21", "23", "25", "15", "13", "36", "25", "25", "21", 0, 0, "26", "29", "22", "24", "15", "26", "22", "29", "26", "7", "29", "21", "16", "20", "22", "11", "14", "8", 0, 0], "AVG TOI/SH": ["00:40", "00:47", "00:40", "00:40", "00:37", "00:38", "00:40", "00:41", "00:54", "00:50", "00:40", "00:39", "00:47", "00:41", "00:37", "00:39", "00:47", "00:41", 0, 0, "00:40", "00:48", "00:50", "00:46", "00:48", "00:39", "00:49", "00:50", "00:47", "00:41", "00:51", "00:45", "00:35", "01:02", "00:47", "00:38", "00:53", "00:40", 0, 0], "PP": ["05:12", "06:43", "04:01", "00:00", "00:00", "00:01", "00:01", "02:39", "09:09", "07:22", "04:01", "00:08", "03:15", "00:00", "04:33", "01:46", "08:09", "00:00", "11:24", 0, "00:00", "05:01", "02:17", "01:47", "00:00", "00:00", "03:26", "04:44", "02:04", "00:00", "04:31", "01:38", "00:00", "05:15", "01:44", "01:33", "00:00", "00:00", "06:48", 0], "SH": ["03:56", "00:16", "01:26", "00:00", "02:52", "02:22", "00:00", "00:00", "00:00", "00:00", "01:26", "02:59", "03:00", "00:00", "03:05", "00:28", "02:41", "02:41", "06:48", 0, "07:40", "03:51", "00:22", "00:00", "00:00", "07:11", "04:15", "06:24", "06:05", "00:00", "03:44", "03:54", "00:00", "00:01", "01:19", "00:00", "00:00", "00:00", "11:24", 0], "EV": ["15:16", "14:15", "10:38", "12:41", "11:59", "12:21", "11:27", "11:16", "10:58", "10:16", "09:54", "13:29", "05:36", "08:55", "14:43", "14:05", "08:54", "11:52", "41:48", 0, "09:57", "14:26", "15:49", "16:55", "12:07", "09:59", "10:34", "13:20", "12:29", "04:50", "16:27", "10:24", "09:35", "15:30", "14:23", "05:25", "12:29", "05:22", "40:22", 0], "S": ["3", 0, "2", "1", "1", "4", "1", "3", "3", "2", "1", 0, 0, 0, "3", "2", "2", 0, 0, 0, "1", "3", "2", "1", "1", "1", 0, "2", "3", "1", "3", "2", 0, "1", "1", 0, "2", 0, 0, 0], "A/B": ["1", "2", 0, 0, 0, 0, 0, 0, "8", 0, "1", 0, 0, "1", "1", 0, "2", "1", 0, 0, "1", "2", 0, "2", 0, 0, 0, 0, 0, 0, "2", "1", 0, "1", "2", "1", "1", 0, 0, 0], "MS": ["1", "1", "1", "2", 0, 0, 0, "1", 0, "1", "3", 0, 0, 0, 0, 0, 0, "2", 0, 0, 0, "6", "1", 0, 0, 0, 0, "1", "1", 0, "2", 0, 0, 0, 0, 0, "2", 0, 0, 0], "HT": ["2", "2", 0, "7", 0, "2", "6", 0, 0, "4", 0, "1", "1", "1", "1", "2", 0, "2", 0, 0, 0, 0, "1", "1", 0, 0, "2", "3", "1", 0, "2", "2", 0, "4", "1", "1", "1", "1", 0, 0], "GV": [0, "1", 0, 0, 0, 0, 0, 0, 0, 0, 0, 0, 0, 0, "2", "2", 0, 0, 0, 0, "2", 0, "1", 0, 0, 0, "1", 0, "3", 0, 0, "1", "1", "2", "1", 0, 0, 0, "1", 0], "TK": ["1", 0, "2", 0, 0, "2", 0, 0, "1", 0, 0, "1", 0, 0, 0, "1", 0, "1", 0, 0, "2", 0, 0, 0, 0, 0, 0, 0, 0, 0, 0, 0, 0, 0, "1", 0, 0, "2", 0, 0], "BS": ["2", 0, "2", 0, "1", 0, 0, 0, "1", 0, 0, "2", 0, 0, "2", "2", 0, "1", 0, 0, "6", "2", 0, "2", 0, "3", "1", "1", "1", 0, "1", 0, 0, 0, 0, 0, 0, 0, 0, 0], "FW": [0, 0, 0, 0, 0, 0, 0, "5", "3", 0, "5", 0, 0, 0, 0, 0, "8", "6", 0, 0, 0, 0, 0, 0, 0, 0, 0, "15", 0, 0, 0, "9", 0, "6", 0, "2", 0, 0, 0, 0], "FL": [0, 0, 0, 0, 0, 0, 0, "4", "7", 0, "6", 0, 0, 0, 0, 0, "9", "6", 0, 0, 0, 0, 0, 0, 0, 0, 0, "12", 0, 0, 0, "5", 0, "8", 0, "2", 0, 0, 0, 0], "F%": [0, 0, 0, 0, 0, 0, 0, "56", "30", 0, "45", 0, 0, 0, 0, 0, "47", "50", 0, 0, 0, 0, 0, 0, 0, 0, 0, "56", 0, 0, 0, "64", 0, "43", 0, "50", 0, 0, 0, 0], "team": ["NEW YORK ISLANDERS ", "NEW YORK ISLANDERS ", "NEW YORK ISLANDERS ", "NEW YORK ISLANDERS ", "NEW YORK ISLANDERS ", "NEW YORK ISLANDERS ", "NEW YORK ISLANDERS ", "NEW YORK ISLANDERS ", "NEW YORK ISLANDERS ", "NEW YORK ISLANDERS ", "NEW YORK ISLANDERS ", "NEW YORK ISLANDERS ", "NEW YORK ISLANDERS ", "NEW YORK ISLANDERS ", "NEW YORK ISLANDERS ", "NEW YORK ISLANDERS ", "NEW YORK ISLANDERS ", "NEW YORK ISLANDERS ", "NEW YORK ISLANDERS ", "NEW YORK ISLANDERS ", "VANCOUVER CANUCKS ", "VANCOUVER CANUCKS ", "VANCOUVER CANUCKS ", "VANCOUVER CANUCKS ", "VANCOUVER CANUCKS ", "VANCOUVER CANUCKS ", "VANCOUVER CANUCKS ", "VANCOUVER CANUCKS ", "VANCOUVER CANUCKS ", "VANCOUVER CANUCKS ", "VANCOUVER CANUCKS ", "VANCOUVER CANUCKS ", "VANCOUVER CANUCKS ", "VANCOUVER CANUCKS ", "VANCOUVER CANUCKS ", "VANCOUVER CANUCKS ", "VANCOUVER CANUCKS ", "VANCOUVER CANUCKS ", "VANCOUVER CANUCKS ", "VANCOUVER CANUCKS "], "GA": [0, 0, 0, 0, 0, 0, 0, 0, 0, 0, 0, 0, 0, 0, 0, 0, 0, 0, "4", 0, 0, 0, 0, 0, 0, 0, 0, 0, 0, 0, 0, 0, 0, 0, 0, 0, 0, 0, "6", 0], "SA": [0, 0, 0, 0, 0, 0, 0, 0, 0, 0, 0, 0, 0, 0, 0, 0, 0, 0, "24", 0, 0, 0, 0, 0, 0, 0, 0, 0, 0, 0, 0, 0, 0, 0, 0, 0, 0, 0, "27", 0]}}