{"game_info": {"date": "2013-12-13", "visitor": "NEW JERSEY DEVILS ", "home": "PITTSBURGH PENGUINS ", "game_id": 484, "status": "final"}, "player_stats": {"number": ["2", "6", "7", "8", "12", "14", "15", "16", "17", "18", "19", "22", "23", "25", "26", "28", "34", "68", "30", "35", "2", "3", "5", "9", "12", "14", "16", "23", "27", "36", "38", "41", "46", "47", "58", "59", "71", "87", "29", "37"], "position": ["D", "D", "D", "C", "C", "C", "C", "C", "R", "R", "C", "D", "C", "R", "L", "D", "D", "R", "G", "G", "D", "D", "D", "L", "R", "L", "C", "R", "R", "L", "C", "D", "C", "D", "D", "C", "C", "C", "G", "G"], "name": ["ZIDLICKY, MAREK", "GREENE, ANDY", "FAYNE, MARK", "ZUBRUS, DAINIUS", "BRUNNER, DAMIEN", "HENRIQUE, ADAM", "BOUCHER, REID", "JOSEFSON, JACOB", "RYDER, MICHAEL", "BERNIER, STEVE", "ZAJAC, TRAVIS", "GELINAS, ERIC", "SESTITO, TIM", "JANSSEN, CAM", "ELIAS, PATRIK", "VOLCHENKOV, ANTON", "MERRILL, JON", "JAGR, JAROMIR", "BRODEUR, MARTIN", "SCHNEIDER, CORY", "NISKANEN, MATT", "MAATTA, OLLI", "ENGELLAND, DERYK", "DUPUIS, PASCAL", "KOBASEW, CHUCK", "KUNITZ, CHRIS", "SUTTER, BRANDON", "CONNER, CHRIS", "ADAMS, CRAIG", "JOKINEN, JUSSI", "SILL, ZACH", "BORTUZZO, ROBERT", "VITALE, JOE", "DESPRES, SIMON", "LETANG, KRIS", "MEGNA, JAYSON", "MALKIN, EVGENI", "CROSBY, SIDNEY", "FLEURY, MARC-ANDRE", "ZATKOFF, JEFF"], "G": [0, 0, 0, "1", 0, 0, 0, 0, 0, 0, 0, 0, 0, 0, "1", 0, 0, 0, 0, 0, 0, 0, 0, "1", 0, 0, 0, "1", 0, 0, 0, 0, 0, 0, 0, "1", 0, 0, 0, 0], "A": [0, 0, 0, 0, 0, 0, 0, 0, 0, "1", "1", 0, 0, 0, 0, "1", 0, "1", 0, 0, 0, 0, "1", 0, 0, "1", "1", 0, 0, 0, 0, 0, "1", "1", 0, 0, 0, "1", 0, 0], "P": [0, 0, 0, "1", 0, 0, 0, 0, 0, "1", "1", 0, 0, 0, "1", "1", 0, "1", 0, 0, 0, 0, "1", "1", 0, "1", "1", "1", 0, 0, 0, 0, "1", "1", 0, "1", 0, "1", 0, 0], "+/-": [0, 0, 0, "+1", "-1", "-1", "-1", 0, "-1", 0, 0, "-2", 0, 0, 0, "+1", "-1", 0, 0, 0, "+1", "-1", "+2", 0, 0, 0, "+1", "+1", 0, 0, 0, 0, "+1", "+1", "-1", 0, 0, 0, 0, 0], "PN": [0, 0, 0, 0, 0, "1", 0, 0, 0, 0, 0, 0, 0, 0, 0, 0, 0, 0, 0, 0, 0, "1", 0, 0, 0, "1", 0, 0, 0, 0, 0, 0, 0, 0, 0, 0, 0, 0, 0, 0], "PIM": [0, 0, 0, 0, 0, "2", 0, 0, 0, 0, 0, 0, 0, 0, 0, 0, 0, 0, 0, 0, 0, "2", 0, 0, 0, "2", 0, 0, 0, 0, 0, 0, 0, 0, 0, 0, 0, 0, 0, 0], "TOT": ["21:04", "24:18", "20:42", "19:11", "16:30", "14:51", "12:59", "10:27", "16:01", "15:22", "19:59", "18:48", "08:14", "08:01", "17:55", "16:14", "18:45", "19:32", 0, "59:07", "21:24", "19:14", "19:27", "18:55", "06:35", "18:21", "16:51", "13:18", "12:00", "13:38", "09:45", "17:36", "15:45", "18:52", "23:28", "10:24", "19:08", "21:19", "60:00", 0], "SHF": ["26", "29", "27", "23", "19", "20", "18", "15", "20", "18", "23", "24", "11", "12", "21", "23", "25", "22", 0, 0, "21", "25", "22", "21", "9", "20", "19", "14", "15", "16", "10", "19", "17", "21", "25", "14", "19", "22", 0, 0], "AVG TOI/SH": ["00:48", "00:50", "00:46", "00:50", "00:52", "00:44", "00:43", "00:41", "00:48", "00:51", "00:52", "00:47", "00:44", "00:40", "00:51", "00:42", "00:45", "00:53", 0, 0, "01:01", "00:46", "00:53", "00:54", "00:43", "00:55", "00:53", "00:57", "00:48", "00:51", "00:58", "00:55", "00:55", "00:53", "00:56", "00:44", "01:00", "00:58", 0, 0], "PP": ["01:58", "02:04", "00:00", "00:00", "01:48", "01:57", "00:14", "00:00", "02:18", "00:00", "01:42", "01:44", "00:00", "00:00", "01:58", "00:00", "02:14", "02:03", 0, "04:00", "02:00", "00:00", "00:00", "00:41", "00:00", "01:19", "00:41", "00:00", "00:00", "00:00", "00:00", "00:00", "00:00", "00:00", "02:00", "00:00", "02:00", "01:19", "02:00", 0], "SH": ["00:40", "00:43", "00:37", "00:53", "00:00", "00:00", "00:00", "00:46", "00:36", "00:00", "00:38", "00:42", "00:00", "00:00", "01:07", "00:37", "00:41", "00:28", 0, "01:32", "02:07", "00:33", "01:38", "01:15", "00:00", "00:00", "00:57", "00:00", "02:07", "00:00", "01:53", "00:14", "01:08", "01:35", "01:53", "00:00", "00:00", "00:40", "04:00", 0], "EV": ["18:26", "21:31", "20:05", "18:18", "14:42", "12:54", "12:45", "09:41", "13:07", "15:22", "17:39", "16:22", "08:14", "08:01", "14:50", "15:37", "15:50", "17:01", 0, "53:35", "17:17", "18:41", "17:49", "16:59", "06:35", "17:02", "15:13", "13:18", "09:53", "13:38", "07:52", "17:22", "14:37", "17:17", "19:35", "10:24", "17:08", "19:20", "54:00", 0], "S": [0, 0, "4", "2", "6", "1", 0, "1", "1", "5", "3", "4", "1", 0, "3", "2", "1", "5", 0, 0, 0, "1", "1", "3", 0, "2", "1", "2", "3", "2", "1", "2", 0, "2", 0, "1", "1", "1", 0, 0], "A/B": ["1", "1", "1", "3", "2", "1", "2", "1", 0, "3", "1", "2", 0, "1", "1", "3", "1", "3", 0, 0, 0, 0, "1", 0, 0, 0, 0, 0, "1", 0, 0, 0, 0, "1", "1", "1", "1", "1", 0, 0], "MS": ["1", "4", 0, 0, 0, "3", 0, 0, "1", 0, "2", "1", 0, "1", "1", "2", "1", "1", 0, 0, "1", "1", 0, 0, 0, "1", 0, "1", 0, "1", 0, 0, 0, 0, "2", "2", "1", "1", 0, 0], "HT": ["2", "2", "3", "2", 0, "1", "2", "2", 0, "4", "1", "4", "3", "3", 0, "2", 0, 0, 0, 0, "1", "1", "1", "4", "1", "1", "1", 0, "3", 0, "5", "3", "7", "2", "1", "2", 0, 0, 0, 0], "GV": [0, 0, 0, 0, "1", 0, 0, 0, 0, "1", "1", 0, 0, 0, 0, "1", 0, 0, 0, 0, "1", 0, 0, 0, 0, 0, 0, 0, 0, "1", 0, 0, 0, 0, "1", 0, "1", "2", 0, 0], "TK": [0, "1", 0, 0, 0, 0, 0, 0, 0, 0, 0, 0, 0, 0, 0, "2", "1", 0, 0, 0, 0, 0, 0, 0, 0, 0, 0, 0, 0, 0, 0, 0, 0, "1", 0, 0, 0, 0, 0, 0], "BS": [0, 0, "1", 0, "2", 0, 0, 0, 0, "1", 0, "1", 0, "1", 0, "1", 0, 0, 0, 0, "2", "2", "4", "3", "1", 0, 0, "1", 0, 0, "2", "3", "1", "3", "3", 0, 0, "2", 0, 0], "FW": [0, 0, 0, "2", 0, "7", "1", "2", 0, 0, "12", 0, 0, 0, "2", 0, 0, 0, 0, 0, 0, 0, 0, 0, 0, 0, "2", 0, "1", "1", 0, 0, "6", 0, 0, 0, "2", "8", 0, 0], "FL": [0, 0, 0, "3", 0, "3", "0", "0", 0, 0, "6", 0, 0, 0, "8", 0, 0, 0, 0, 0, 0, 0, 0, 0, 0, 0, "9", 0, "0", "0", 0, 0, "0", 0, 0, 0, "7", "10", 0, 0], "F%": [0, 0, 0, "40", 0, "70", "100", "100", 0, 0, "67", 0, 0, 0, "20", 0, 0, 0, 0, 0, 0, 0, 0, 0, 0, 0, "18", 0, "100", "100", 0, 0, "100", 0, 0, 0, "22", "44", 0, 0], "team": ["NEW JERSEY DEVILS ", "NEW JERSEY DEVILS ", "NEW JERSEY DEVILS ", "NEW JERSEY DEVILS ", "NEW JERSEY DEVILS ", "NEW JERSEY DEVILS ", "NEW JERSEY DEVILS ", "NEW JERSEY DEVILS ", "NEW JERSEY DEVILS ", "NEW JERSEY DEVILS ", "NEW JERSEY DEVILS ", "NEW JERSEY DEVILS ", "NEW JERSEY DEVILS ", "NEW JERSEY DEVILS ", "NEW JERSEY DEVILS ", "NEW JERSEY DEVILS ", "NEW JERSEY DEVILS ", "NEW JERSEY DEVILS ", "NEW JERSEY DEVILS ", "NEW JERSEY DEVILS ", "PITTSBURGH PENGUINS ", "PITTSBURGH PENGUINS ", "PITTSBURGH PENGUINS ", "PITTSBURGH PENGUINS ", "PITTSBURGH PENGUINS ", "PITTSBURGH PENGUINS ", "PITTSBURGH PENGUINS ", "PITTSBURGH PENGUINS ", "PITTSBURGH PENGUINS ", "PITTSBURGH PENGUINS ", "PITTSBURGH PENGUINS ", "PITTSBURGH PENGUINS ", "PITTSBURGH PENGUINS ", "PITTSBURGH PENGUINS ", "PITTSBURGH PENGUINS ", "PITTSBURGH PENGUINS ", "PITTSBURGH PENGUINS ", "PITTSBURGH PENGUINS ", "PITTSBURGH PENGUINS ", "PITTSBURGH PENGUINS "], "GA": [0, 0, 0, 0, 0, 0, 0, 0, 0, 0, 0, 0, 0, 0, 0, 0, 0, 0, 0.0, "3", 0, 0, 0, 0, 0, 0, 0, 0, 0, 0, 0, 0, 0, 0, 0, 0, 0, 0, "2", 0], "SA": [0, 0, 0, 0, 0, 0, 0, 0, 0, 0, 0, 0, 0, 0, 0, 0, 0, 0, 0.0, "23", 0, 0, 0, 0, 0, 0, 0, 0, 0, 0, 0, 0, 0, 0, 0, 0, 0, 0, "39", 0]}}