{"game_info": {"date": "2014-03-29", "visitor": "MONTREAL CANADIENS ", "home": "FLORIDA PANTHERS ", "game_id": 1112, "status": "final"}, "player_stats": {"number": ["6", "11", "15", "17", "20", "21", "27", "43", "48", "49", "51", "53", "55", "67", "74", "76", "79", "81", "30", "31", "4", "7", "12", "14", "17", "19", "20", "21", "23", "24", "27", "42", "44", "47", "51", "55", "67", "73", "30", "39"], "position": ["D", "R", "R", "R", "L", "R", "C", "D", "C", "L", "C", "C", "D", "L", "D", "D", "D", "C", "G", "G", "D", "D", "R", "L", "C", "R", "L", "R", "C", "R", "C", "C", "D", "D", "D", "D", "C", "C", "G", "G"], "name": ["MURRAY, DOUGLAS", "GALLAGHER, BRENDAN", "PARROS, GEORGE", "BOURQUE, RENE", "VANEK, THOMAS", "GIONTA, BRIAN", "GALCHENYUK, ALEX", "WEAVER, MIKE", "BRIERE, DANIEL", "BOURNIVAL, MICHAEL", "DESHARNAIS, DAVID", "WHITE, RYAN", "BOUILLON, FRANCIS", "PACIORETTY, MAX", "EMELIN, ALEXEI", "SUBBAN, P.K.", "MARKOV, ANDREI", "ELLER, LARS", "BUDAJ, PETER", "PRICE, CAREY", "OLSEN, DYLAN", "KULIKOV, DMITRY", "HAYES, JIMMY", "FLEISCHMANN, TOMAS", "WINCHESTER, JESSE", "UPSHALL, SCOTTIE", "BERGENHEIM, SEAN", "BARCH, KRYS", "GOMEZ, SCOTT", "BOYES, BRAD", "BJUGSTAD, NICK", "HOWDEN, QUINTON", "GUDBRANSON, ERIK", "ROBAK, COLBY", "CAMPBELL, BRIAN", "JOVANOVSKI, ED", "TROCHECK, VINCENT", "PIRRI, BRANDON", "CLEMMENSEN, SCOTT", "ELLIS, DAN"], "G": [0, 0, 0, 0, "1", 0, 0, 0, 0, 0, "1", 0, 0, "2", 0, 0, 0, 0, 0, 0, 0, 0, 0, 0, 0, 0, 0, 0, 0, "1", 0, 0, 0, 0, 0, 0, 0, 0, 0, 0], "A": [0, 0, 0, 0, "1", 0, 0, "1", "1", 0, "1", 0, 0, "1", "1", "1", 0, 0, 0, 0, 0, 0, 0, 0, 0, 0, "1", 0, 0, 0, 0, 0, 0, 0, "1", 0, 0, 0, 0, 0], "P": [0, 0, 0, 0, "2", 0, 0, "1", "1", 0, "2", 0, 0, "3", "1", "1", 0, 0, 0, 0, 0, 0, 0, 0, 0, 0, "1", 0, 0, "1", 0, 0, 0, 0, "1", 0, 0, 0, 0, 0], "+/-": [0, 0, 0, 0, "+3", 0, 0, "+1", "+1", 0, "+2", 0, "+3", "+3", "+1", "+1", 0, 0, 0, 0, "-1", "-1", 0, "-1", "-1", "-1", 0, 0, "-1", 0, 0, "-1", "-2", 0, "-2", "-1", "-2", "-2", 0, 0], "PN": [0, 0, "1", "1", 0, 0, 0, 0, 0, 0, 0, "1", "1", 0, "1", 0, "1", 0, 0, 0, 0, 0, "1", "1", 0, 0, 0, "1", 0, 0, 0, 0, "1", "1", 0, 0, "1", "1", 0, 0], "PIM": [0, 0, "5", "2", 0, 0, 0, 0, 0, 0, 0, "2", "2", 0, "2", 0, "2", 0, 0, 0, 0, 0, "2", "2", 0, 0, 0, "5", 0, 0, 0, 0, "2", "2", 0, 0, "2", "2", 0, 0], "TOT": ["18:02", "12:21", "06:31", "11:54", "19:48", "15:23", "13:48", "19:04", "15:27", "11:35", "19:20", "11:51", "14:32", "18:59", "20:50", "22:46", "25:27", "14:55", 0, "59:27", "14:22", "27:28", "13:07", "15:21", "11:41", "18:07", "18:03", "04:26", "15:49", "19:27", "17:35", "12:09", "18:26", "14:48", "23:58", "17:22", "17:40", "11:21", 0, "58:50"], "SHF": ["25", "16", "10", "15", "23", "22", "16", "25", "17", "18", "24", "18", "21", "23", "27", "21", "26", "20", 0, 0, "24", "33", "16", "25", "15", "26", "25", "6", "18", "25", "23", "16", "28", "26", "27", "25", "24", "16", 0, 0], "AVG TOI/SH": ["00:43", "00:46", "00:39", "00:47", "00:51", "00:41", "00:51", "00:45", "00:54", "00:38", "00:48", "00:39", "00:41", "00:49", "00:46", "01:05", "00:58", "00:44", 0, 0, "00:35", "00:49", "00:49", "00:36", "00:46", "00:41", "00:43", "00:44", "00:52", "00:46", "00:45", "00:45", "00:39", "00:34", "00:53", "00:41", "00:44", "00:42", 0, 0], "PP": ["00:00", "02:54", "00:00", "00:00", "07:06", "00:00", "03:11", "00:00", "02:19", "00:00", "05:56", "00:00", "01:45", "06:49", "02:39", "08:04", "07:32", "01:45", 0, "10:00", "00:00", "04:42", "03:38", "03:39", "00:35", "02:05", "03:21", "00:00", "02:05", "03:12", "03:21", "00:08", "00:21", "00:14", "04:04", "03:00", "03:01", "02:34", 0, "08:00"], "SH": ["03:35", "00:00", "00:00", "00:00", "00:00", "03:45", "00:00", "03:50", "00:08", "03:52", "00:23", "04:40", "00:17", "00:23", "03:04", "02:22", "02:52", "02:49", 0, "08:00", "02:05", "04:56", "00:00", "01:06", "03:29", "04:18", "02:03", "00:00", "00:00", "02:04", "00:46", "03:39", "03:25", "03:29", "01:02", "05:03", "02:35", "00:00", 0, "10:00"], "EV": ["14:27", "09:27", "06:31", "11:54", "12:42", "11:38", "10:37", "15:14", "13:00", "07:43", "13:01", "07:11", "12:30", "11:47", "15:07", "12:20", "15:03", "10:21", 0, "41:27", "12:17", "17:50", "09:29", "10:36", "07:37", "11:44", "12:39", "04:26", "13:44", "14:11", "13:28", "08:22", "14:40", "11:05", "18:52", "09:19", "12:04", "08:47", 0, "40:50"], "S": [0, "1", "1", 0, "4", 0, 0, 0, "3", 0, "1", "2", 0, "5", 0, 0, "2", 0, 0, 0, "2", "5", "1", "2", "3", "4", "5", 0, "1", "3", "2", "2", "1", 0, "2", "1", "1", "2", 0, 0], "A/B": [0, 0, 0, 0, "1", "1", 0, 0, 0, 0, "1", 0, 0, "1", 0, "1", 0, 0, 0, 0, "1", "2", "1", 0, 0, "1", "2", 0, 0, "1", 0, "1", 0, 0, "3", 0, 0, 0, 0, 0], "MS": [0, "1", 0, 0, 0, 0, "1", "1", "1", "1", 0, "1", 0, "1", 0, "1", "1", "1", 0, 0, 0, 0, 0, "1", "1", "1", 0, 0, 0, "3", "4", 0, "3", 0, "1", 0, 0, 0, 0, 0], "HT": ["4", 0, 0, "1", 0, "1", 0, "3", "1", "1", 0, "1", "3", 0, "4", "1", 0, "1", 0, 0, "5", "2", 0, "1", "1", "3", "1", "2", 0, "2", "3", 0, "2", "3", "2", 0, "2", 0, 0, 0], "GV": [0, 0, 0, 0, "1", 0, 0, 0, 0, 0, 0, 0, 0, 0, 0, "1", "1", 0, 0, 0, 0, "1", "1", 0, 0, 0, 0, 0, 0, 0, "1", 0, 0, 0, 0, 0, "1", 0, 0, 0], "TK": [0, "1", 0, "1", "1", 0, 0, 0, 0, 0, 0, 0, 0, 0, 0, 0, 0, 0, 0, 0, 0, 0, 0, 0, 0, "1", 0, 0, "1", 0, 0, 0, "1", 0, "1", 0, 0, 0, 0, 0], "BS": ["2", 0, "1", "1", 0, 0, 0, "1", 0, "1", 0, 0, 0, 0, "3", 0, "2", "1", 0, 0, "1", 0, 0, 0, 0, 0, 0, 0, 0, 0, 0, 0, "1", "2", "1", 0, 0, 0, 0, 0], "FW": [0, "1", 0, 0, "1", 0, 0, 0, "4", "0", "6", "5", 0, 0, 0, 0, 0, "7", 0, 0, 0, 0, 0, 0, "3", 0, 0, 0, "9", "2", "7", "0", 0, 0, 0, 0, "6", "0", 0, 0], "FL": [0, "0", 0, 0, "4", 0, 0, 0, "5", "2", "7", "5", 0, 0, 0, 0, 0, "4", 0, 0, 0, 0, 0, 0, "1", 0, 0, 0, "6", "0", "8", "1", 0, 0, 0, 0, "7", "1", 0, 0], "F%": [0, "100", 0, 0, "20", 0, 0, 0, "44", "0", "46", "50", 0, 0, 0, 0, 0, "64", 0, 0, 0, 0, 0, 0, "75", 0, 0, 0, "60", "100", "47", "0", 0, 0, 0, 0, "46", "0", 0, 0], "team": ["MONTREAL CANADIENS ", "MONTREAL CANADIENS ", "MONTREAL CANADIENS ", "MONTREAL CANADIENS ", "MONTREAL CANADIENS ", "MONTREAL CANADIENS ", "MONTREAL CANADIENS ", "MONTREAL CANADIENS ", "MONTREAL CANADIENS ", "MONTREAL CANADIENS ", "MONTREAL CANADIENS ", "MONTREAL CANADIENS ", "MONTREAL CANADIENS ", "MONTREAL CANADIENS ", "MONTREAL CANADIENS ", "MONTREAL CANADIENS ", "MONTREAL CANADIENS ", "MONTREAL CANADIENS ", "MONTREAL CANADIENS ", "MONTREAL CANADIENS ", "FLORIDA PANTHERS ", "FLORIDA PANTHERS ", "FLORIDA PANTHERS ", "FLORIDA PANTHERS ", "FLORIDA PANTHERS ", "FLORIDA PANTHERS ", "FLORIDA PANTHERS ", "FLORIDA PANTHERS ", "FLORIDA PANTHERS ", "FLORIDA PANTHERS ", "FLORIDA PANTHERS ", "FLORIDA PANTHERS ", "FLORIDA PANTHERS ", "FLORIDA PANTHERS ", "FLORIDA PANTHERS ", "FLORIDA PANTHERS ", "FLORIDA PANTHERS ", "FLORIDA PANTHERS ", "FLORIDA PANTHERS ", "FLORIDA PANTHERS "], "GA": [0, 0, 0, 0, 0, 0, 0, 0, 0, 0, 0, 0, 0, 0, 0, 0, 0, 0, 0.0, "1", 0, 0, 0, 0, 0, 0, 0, 0, 0, 0, 0, 0, 0, 0, 0, 0, 0, 0, 0, "3"], "SA": [0, 0, 0, 0, 0, 0, 0, 0, 0, 0, 0, 0, 0, 0, 0, 0, 0, 0, 0.0, "37", 0, 0, 0, 0, 0, 0, 0, 0, 0, 0, 0, 0, 0, 0, 0, 0, 0, 0, 0, "18"]}}