{"game_info": {"date": "2014-01-25", "visitor": "BUFFALO SABRES ", "home": "COLUMBUS BLUE JACKETS ", "game_id": 779, "status": "final"}, "player_stats": {"number": ["4", "5", "6", "9", "10", "19", "20", "21", "23", "24", "26", "28", "37", "57", "63", "65", "82", "84", "1", "30", "6", "7", "8", "11", "13", "17", "18", "19", "21", "24", "26", "27", "32", "38", "42", "51", "55", "71", "31", "72"], "position": ["D", "D", "D", "C", "D", "C", "D", "R", "L", "C", "L", "C", "L", "D", "C", "C", "L", "C", "G", "G", "D", "D", "R", "L", "R", "C", "C", "C", "D", "C", "R", "D", "C", "C", "C", "D", "C", "L", "G", "G"], "name": ["MCBAIN, JAMIE", "RUHWEDEL, CHAD", "WEBER, MIKE", "OTT, STEVE", "EHRHOFF, CHRISTIAN", "HODGSON, CODY", "TALLINDER, HENRIK", "STAFFORD, DREW", "LEINO, VILLE", "KONOPKA, ZENON", "MOULSON, MATT", "GIRGENSONS, ZEMGUS", "ELLIS, MATT", "MYERS, TYLER", "ENNIS, TYLER", "FLYNN, BRIAN", "FOLIGNO, MARCUS", "VARONE, PHILIP", "ENROTH, JHONAS", "MILLER, RYAN", "NIKITIN, NIKITA", "JOHNSON, JACK", "HORTON, NATHAN", "CALVERT, MATT", "ATKINSON, CAM", "DUBINSKY, BRANDON", "UMBERGER, RJ", "JOHANSEN, RYAN", "WISNIEWSKI, JAMES", "MACKENZIE, DEREK", "TROPP, COREY", "MURRAY, RYAN", "BASS, CODY", "JENNER, BOONE", "ANISIMOV, ARTEM", "TYUTIN, FEDOR", "LETESTU, MARK", "FOLIGNO, NICK", "MCELHINNEY, CURTIS", "BOBROVSKY, SERGEI"], "G": [0, 0, 0, "1", "1", "1", 0, 0, 0, 0, 0, 0, "1", 0, 0, 0, "1", 0, 0, 0, 0, 0, 0, 0, 0, 0, 0, 0, 0, "1", 0, 0, 0, 0, 0, 0, "1", 0, 0, 0], "A": ["1", 0, 0, 0, "2", "1", "1", 0, "1", 0, 0, 0, 0, 0, 0, 0, 0, 0, 0, 0, 0, 0, 0, 0, 0, 0, 0, 0, 0, "1", "1", "1", 0, 0, 0, 0, "1", 0, 0, 0], "P": ["1", 0, 0, "1", "3", "2", "1", 0, "1", 0, 0, 0, "1", 0, 0, 0, "1", 0, 0, 0, 0, 0, 0, 0, 0, 0, 0, 0, 0, "2", "1", "1", 0, 0, 0, 0, "2", 0, 0, 0], "+/-": ["+1", "+1", 0, "+2", "+4", "+2", 0, 0, 0, 0, 0, "+3", "+1", 0, 0, "-1", "+1", "-1", 0, 0, "-1", "-3", "-1", "-1", "-1", "-1", "-2", "-2", "-3", "+1", "+1", "+2", 0, 0, "-1", "-1", "-1", "-2", 0, 0], "PN": [0, 0, "2", 0, 0, 0, 0, 0, 0, "1", 0, 0, 0, "1", "1", 0, 0, 0, 0, 0, 0, "1", 0, 0, 0, 0, 0, 0, 0, 0, 0, 0, "1", 0, 0, 0, 0, 0, 0, 0], "PIM": [0, 0, "4", 0, 0, 0, 0, 0, 0, "5", 0, 0, 0, "2", "2", 0, 0, 0, 0, 0, 0, "2", 0, 0, 0, 0, 0, 0, 0, 0, 0, 0, "5", 0, 0, 0, 0, 0, 0, 0], "TOT": ["19:28", "16:09", "18:15", "20:30", "21:47", "11:56", "22:16", "12:17", "06:23", "08:44", "18:21", "15:58", "11:02", "23:14", "18:53", "18:31", "16:22", "11:54", 0, "60:00", "20:13", "27:07", "17:04", "17:02", "15:21", "17:01", "15:45", "18:14", "27:29", "10:35", "08:05", "22:56", "02:43", "10:52", "15:46", "21:24", "14:02", "17:08", "35:45", "23:28"], "SHF": ["23", "20", "23", "25", "24", "16", "27", "13", "9", "17", "21", "24", "18", "27", "20", "23", "23", "19", 0, 0, "23", "27", "18", "21", "20", "21", "19", "20", "26", "16", "13", "25", "4", "15", "20", "28", "20", "20", 0, 0], "AVG TOI/SH": ["00:50", "00:48", "00:47", "00:49", "00:54", "00:44", "00:49", "00:56", "00:42", "00:30", "00:52", "00:39", "00:36", "00:51", "00:56", "00:48", "00:42", "00:37", 0, 0, "00:52", "01:00", "00:56", "00:48", "00:46", "00:48", "00:49", "00:54", "01:03", "00:39", "00:37", "00:55", "00:40", "00:43", "00:47", "00:45", "00:42", "00:51", 0, 0], "PP": ["00:34", "00:30", "00:00", "00:58", "01:23", "00:59", "00:03", "00:00", "00:00", "00:00", "01:03", "00:54", "00:03", "01:30", "01:03", "00:03", "00:54", "00:03", 0, "02:00", "03:25", "04:37", "03:45", "01:25", "01:33", "02:27", "02:42", "03:01", "04:12", "00:08", "00:00", "02:43", "00:00", "00:00", "03:45", "00:15", "03:20", "02:42", "05:02", "02:58"], "SH": ["02:45", "00:00", "01:47", "04:04", "03:47", "00:00", "04:13", "00:00", "00:00", "01:33", "00:00", "02:27", "01:46", "03:28", "00:00", "03:58", "02:12", "00:00", 0, "08:00", "00:58", "00:00", "00:03", "00:46", "00:00", "00:42", "00:40", "00:03", "01:02", "00:35", "00:00", "00:59", "00:00", "00:00", "00:32", "00:58", "00:39", "00:03", "02:00", "00:00"], "EV": ["16:09", "15:39", "16:28", "15:28", "16:37", "10:57", "18:00", "12:17", "06:23", "07:11", "17:18", "12:37", "09:13", "18:16", "17:50", "14:30", "13:16", "11:51", 0, "50:00", "15:50", "22:30", "13:16", "14:51", "13:48", "13:52", "12:23", "15:10", "22:15", "09:52", "08:05", "19:14", "02:43", "10:52", "11:29", "20:11", "10:03", "14:23", "28:43", "20:30"], "S": ["1", "1", "2", "1", "3", "2", "1", "1", 0, 0, "1", 0, "3", 0, "2", 0, "1", "3", 0, 0, "2", "3", "1", "3", "3", "3", "2", "4", "3", "2", 0, "2", 0, 0, "4", "1", "2", "3", 0, 0], "A/B": [0, 0, 0, 0, "1", 0, "2", 0, 0, 0, "1", 0, 0, "2", 0, 0, 0, 0, 0, 0, "3", "1", "2", "1", "2", 0, "2", "2", "5", "2", "1", "2", 0, "2", "1", "1", 0, "3", 0, 0], "MS": [0, "1", 0, 0, "2", 0, 0, 0, 0, 0, "1", 0, 0, 0, 0, 0, 0, 0, 0, 0, 0, "2", 0, "1", 0, "3", "2", "4", "2", 0, 0, 0, 0, "1", "4", "2", 0, "3", 0, 0], "HT": ["1", "1", "4", "3", 0, "1", 0, 0, "1", "2", 0, "3", "1", 0, "1", "1", "2", 0, 0, 0, "2", "1", "1", 0, "1", "4", 0, "1", "1", "2", "2", 0, 0, "2", 0, "2", 0, "3", 0, 0], "GV": ["1", 0, 0, 0, "1", 0, 0, 0, 0, 0, 0, 0, 0, 0, 0, 0, "1", 0, 0, 0, 0, 0, 0, 0, 0, 0, 0, 0, "1", 0, 0, 0, 0, 0, 0, 0, 0, 0, 0, 0], "TK": [0, 0, 0, 0, "1", 0, 0, 0, 0, "1", 0, 0, "1", "1", 0, 0, "1", 0, 0, 0, 0, 0, 0, 0, 0, 0, "1", "1", 0, 0, 0, 0, 0, "1", "1", 0, 0, 0, 0, 0], "BS": ["4", "5", "2", "1", "2", 0, "3", "1", 0, "3", "3", 0, 0, "4", 0, "1", "1", 0, 0, 0, 0, 0, 0, 0, "1", "1", 0, 0, 0, "2", 0, 0, 0, 0, "1", 0, "1", 0, 0, 0], "FW": [0, 0, 0, "1", 0, "4", 0, 0, "0", "9", 0, 0, "0", 0, "6", "6", 0, "2", 0, 0, 0, 0, 0, 0, 0, "6", 0, "8", 0, "2", 0, 0, 0, "0", "6", 0, "5", 0, 0, 0], "FL": [0, 0, 0, "2", 0, "5", 0, 0, "1", "3", 0, 0, "3", 0, "7", "0", 0, "6", 0, 0, 0, 0, 0, 0, 0, "10", 0, "5", 0, "5", 0, 0, 0, "1", "6", 0, "1", 0, 0, 0], "F%": [0, 0, 0, "33", 0, "44", 0, 0, "0", "75", 0, 0, "0", 0, "46", "100", 0, "25", 0, 0, 0, 0, 0, 0, 0, "38", 0, "62", 0, "29", 0, 0, 0, "0", "50", 0, "83", 0, 0, 0], "team": ["BUFFALO SABRES ", "BUFFALO SABRES ", "BUFFALO SABRES ", "BUFFALO SABRES ", "BUFFALO SABRES ", "BUFFALO SABRES ", "BUFFALO SABRES ", "BUFFALO SABRES ", "BUFFALO SABRES ", "BUFFALO SABRES ", "BUFFALO SABRES ", "BUFFALO SABRES ", "BUFFALO SABRES ", "BUFFALO SABRES ", "BUFFALO SABRES ", "BUFFALO SABRES ", "BUFFALO SABRES ", "BUFFALO SABRES ", "BUFFALO SABRES ", "BUFFALO SABRES ", "COLUMBUS BLUE JACKETS ", "COLUMBUS BLUE JACKETS ", "COLUMBUS BLUE JACKETS ", "COLUMBUS BLUE JACKETS ", "COLUMBUS BLUE JACKETS ", "COLUMBUS BLUE JACKETS ", "COLUMBUS BLUE JACKETS ", "COLUMBUS BLUE JACKETS ", "COLUMBUS BLUE JACKETS ", "COLUMBUS BLUE JACKETS ", "COLUMBUS BLUE JACKETS ", "COLUMBUS BLUE JACKETS ", "COLUMBUS BLUE JACKETS ", "COLUMBUS BLUE JACKETS ", "COLUMBUS BLUE JACKETS ", "COLUMBUS BLUE JACKETS ", "COLUMBUS BLUE JACKETS ", "COLUMBUS BLUE JACKETS ", "COLUMBUS BLUE JACKETS ", "COLUMBUS BLUE JACKETS "], "GA": [0, 0, 0, 0, 0, 0, 0, 0, 0, 0, 0, 0, 0, 0, 0, 0, 0, 0, 0.0, "2", 0, 0, 0, 0, 0, 0, 0, 0, 0, 0, 0, 0, 0, 0, 0, 0, 0, 0, "1", "3"], "SA": [0, 0, 0, 0, 0, 0, 0, 0, 0, 0, 0, 0, 0, 0, 0, 0, 0, 0, 0.0, "38", 0, 0, 0, 0, 0, 0, 0, 0, 0, 0, 0, 0, 0, 0, 0, 0, 0, 0, "11", "10"]}}