{"game_info": {"date": "2013-11-20", "visitor": "COLUMBUS BLUE JACKETS ", "home": "CALGARY FLAMES ", "game_id": 324, "status": "final"}, "player_stats": {"number": ["5", "6", "7", "13", "14", "18", "19", "21", "24", "27", "38", "39", "40", "42", "51", "55", "58", "71", "31", "72", "3", "4", "6", "7", "8", "11", "13", "16", "17", "18", "22", "23", "24", "39", "44", "47", "54", "55", "29", "31", 0], "position": ["R", "D", "D", "R", "L", "C", "C", "D", "C", "D", "C", "C", "R", "C", "D", "C", "D", "L", "G", "G", "D", "D", "D", "D", "C", "C", "L", "R", "L", "C", "R", "C", "C", "L", "D", "L", "R", "D", "G", "G", 0], "name": ["SKILLE, JACK", "NIKITIN, NIKITA", "JOHNSON, JACK", "ATKINSON, CAM", "COMEAU, BLAKE", "UMBERGER, RJ", "JOHANSEN, RYAN", "WISNIEWSKI, JAMES", "MACKENZIE, DEREK", "MURRAY, RYAN", "JENNER, BOONE", "CHAPUT, MICHAEL", "BOLL, JARED", "ANISIMOV, ARTEM", "TYUTIN, FEDOR", "LETESTU, MARK", "SAVARD, DAVID", "FOLIGNO, NICK", "MCELHINNEY, CURTIS", "BOBROVSKY, SERGEI", "SMID, LADISLAV", "RUSSELL, KRIS", "WIDEMAN, DENNIS", "BRODIE, TJ", "COLBORNE, JOE", "BACKLUND, MIKAEL", "CAMMALLERI, MIKE", "MCGRATTAN, BRIAN", "BOUMA, LANCE", "STAJAN, MATT", "STEMPNIAK, LEE", "MONAHAN, SEAN", "HUDLER, JIRI", "GALIARDI, TJ", "BUTLER, CHRIS", "BAERTSCHI, SVEN", "JONES, DAVID", "O'BRIEN, SHANE", "BERRA, RETO", "RAMO, KARRI", "TEAM PENALTY"], "G": [0, "1", 0, 0, 0, 0, 0, 0, 0, 0, 0, 0, 0, 0, 0, 0, 0, "1", 0, 0, 0, 0, 0, 0, "1", 0, 0, 0, 0, 0, 0, 0, 0, 0, 0, 0, 0, 0, 0, 0, 0], "A": [0, "1", 0, "1", 0, "1", 0, 0, 0, 0, 0, 0, 0, 0, 0, 0, "1", 0, 0, 0, 0, "1", 0, 0, 0, 0, 0, 0, 0, 0, 0, 0, 0, 0, 0, 0, "1", 0, 0, 0, 0], "P": [0, "2", 0, "1", 0, "1", 0, 0, 0, 0, 0, 0, 0, 0, 0, 0, "1", "1", 0, 0, 0, "1", 0, 0, "1", 0, 0, 0, 0, 0, 0, 0, 0, 0, 0, 0, "1", 0, 0, 0, 0], "+/-": [0, "+1", 0, "+1", "-1", "+1", "+1", 0, "-1", 0, 0, 0, 0, "+1", 0, "-1", "+1", "+1", 0, 0, "-1", 0, 0, "-1", "+1", "-1", "-1", 0, 0, "-1", "-1", 0, "-1", "+1", 0, 0, "+1", 0, 0, 0, 0], "PN": [0, 0, 0, 0, 0, 0, 0, 0, 0, 0, 0, 0, 0, 0, 0, 0, 0, 0, 0, 0, 0, 0, "1", 0, 0, 0, 0, 0, 0, 0, 0, 0, 0, 0, "1", 0, 0, 0, 0, 0, "1"], "PIM": [0, 0, 0, 0, 0, 0, 0, 0, 0, 0, 0, 0, 0, 0, 0, 0, 0, 0, 0, 0, 0, 0, "2", 0, 0, 0, 0, 0, 0, 0, 0, 0, 0, 0, "2", 0, 0, 0, 0, 0, "2"], "TOT": ["07:19", "15:06", "23:22", "20:46", "17:00", "18:26", "19:28", "23:24", "12:30", "24:08", "19:37", "06:36", "06:13", "20:07", "24:27", "15:49", "14:23", "20:59", 0, "62:25", "19:42", "22:32", "24:26", "23:09", "12:06", "11:41", "18:27", "07:55", "11:54", "21:23", "17:45", "16:58", "19:23", "14:09", "23:51", "14:28", "12:32", "11:19", "62:25", 0, 0], "SHF": ["11", "20", "24", "27", "23", "25", "26", "27", "20", "26", "26", "11", "11", "28", "24", "23", "19", "26", 0, 0, "30", "29", "35", "31", "21", "20", "25", "14", "21", "29", "27", "23", "23", "21", "33", "17", "19", "17", 0, 0, 0], "AVG TOI/SH": ["00:39", "00:45", "00:58", "00:46", "00:44", "00:44", "00:44", "00:52", "00:37", "00:55", "00:45", "00:36", "00:33", "00:43", "01:01", "00:41", "00:45", "00:48", 0, 0, "00:39", "00:46", "00:41", "00:44", "00:34", "00:35", "00:44", "00:33", "00:34", "00:44", "00:39", "00:44", "00:50", "00:40", "00:43", "00:51", "00:39", "00:39", 0, 0, 0], "PP": ["00:00", "00:00", "03:12", "02:34", "00:00", "03:26", "03:26", "02:48", "00:00", "02:48", "02:34", "00:00", "00:00", "02:34", "03:12", "00:00", "00:00", "03:26", 0, "06:00", "00:00", "00:00", "00:00", "00:00", "00:00", "00:00", "00:00", "00:00", "00:00", "00:00", "00:00", "00:00", "00:00", "00:00", "00:00", "00:00", "00:00", "00:00", "00:00", 0, 0], "SH": ["00:00", "00:00", "00:00", "00:00", "00:00", "00:00", "00:00", "00:00", "00:00", "00:00", "00:00", "00:00", "00:00", "00:00", "00:00", "00:00", "00:00", "00:00", 0, "00:00", "03:30", "01:59", "01:15", "02:19", "00:13", "02:24", "00:00", "00:00", "02:22", "02:48", "01:41", "00:06", "00:06", "02:20", "02:57", "00:00", "00:00", "00:00", "06:00", 0, 0], "EV": ["07:19", "15:06", "20:10", "18:12", "17:00", "15:00", "16:02", "20:36", "12:30", "21:20", "17:03", "06:36", "06:13", "17:33", "21:15", "15:49", "14:23", "17:33", 0, "56:25", "16:12", "20:33", "23:11", "20:50", "11:53", "09:17", "18:27", "07:55", "09:32", "18:35", "16:04", "16:52", "19:17", "11:49", "20:54", "14:28", "12:32", "11:19", "56:25", 0, 0], "S": [0, "1", "1", "1", "3", "2", "3", "1", 0, 0, "2", 0, 0, "2", 0, 0, 0, "2", 0, 0, 0, 0, "1", "2", "1", 0, "5", "2", "4", "1", "2", 0, 0, "1", "2", "2", "1", 0, 0, 0, 0], "A/B": [0, "2", "2", "2", "3", 0, "3", "1", "1", 0, "2", "1", 0, 0, 0, "2", "1", "1", 0, 0, 0, 0, "3", "1", "1", 0, "1", 0, 0, 0, "1", 0, "1", "2", "2", 0, 0, 0, 0, 0, 0], "MS": [0, 0, "1", "2", "1", 0, "1", 0, 0, 0, 0, 0, 0, 0, "3", "1", 0, 0, 0, 0, 0, 0, 0, "1", "1", "1", "4", 0, 0, 0, 0, 0, "1", 0, 0, 0, 0, "2", 0, 0, 0], "HT": ["4", "1", "1", "2", "3", "5", "1", 0, "7", "1", "3", "2", "1", "1", "2", "1", "3", "3", 0, 0, "3", "2", "2", "1", "2", "1", "1", "2", "2", "3", "1", "2", "1", "2", "1", 0, "8", "1", 0, 0, 0], "GV": [0, "1", "1", "2", "1", "2", "1", "1", "1", "3", "2", 0, 0, "1", "3", 0, 0, "2", 0, "4", 0, 0, 0, "3", "2", "1", "3", 0, "1", "1", "1", "1", "1", 0, 0, "1", "1", "1", "2", 0, 0], "TK": [0, "1", 0, "1", 0, 0, "2", 0, 0, 0, 0, "1", 0, "3", 0, 0, 0, 0, 0, 0, 0, 0, 0, "1", 0, 0, 0, 0, "1", 0, 0, "1", 0, 0, 0, "1", 0, 0, 0, 0, 0], "BS": [0, "1", "1", "1", "1", 0, 0, 0, 0, "2", 0, 0, "1", "1", "3", 0, "1", 0, 0, 0, "3", "3", "4", 0, 0, "1", 0, 0, "1", 0, 0, "1", 0, "1", "3", "2", 0, "2", 0, 0, 0], "FW": [0, 0, 0, 0, 0, "1", "9", 0, "3", 0, 0, "2", 0, "7", 0, "3", 0, 0, 0, 0, 0, 0, 0, 0, "6", "4", "0", 0, "0", "11", 0, "4", 0, 0, 0, 0, "2", 0, 0, 0, 0], "FL": [0, 0, 0, 0, 0, "1", "7", 0, "4", 0, 0, "3", 0, "9", 0, "3", 0, 0, 0, 0, 0, 0, 0, 0, "3", "2", "1", 0, "1", "10", 0, "7", 0, 0, 0, 0, "1", 0, 0, 0, 0], "F%": [0, 0, 0, 0, 0, "50", "56", 0, "43", 0, 0, "40", 0, "44", 0, "50", 0, 0, 0, 0, 0, 0, 0, 0, "67", "67", "0", 0, "0", "52", 0, "36", 0, 0, 0, 0, "67", 0, 0, 0, 0], "team": ["COLUMBUS BLUE JACKETS ", "COLUMBUS BLUE JACKETS ", "COLUMBUS BLUE JACKETS ", "COLUMBUS BLUE JACKETS ", "COLUMBUS BLUE JACKETS ", "COLUMBUS BLUE JACKETS ", "COLUMBUS BLUE JACKETS ", "COLUMBUS BLUE JACKETS ", "COLUMBUS BLUE JACKETS ", "COLUMBUS BLUE JACKETS ", "COLUMBUS BLUE JACKETS ", "COLUMBUS BLUE JACKETS ", "COLUMBUS BLUE JACKETS ", "COLUMBUS BLUE JACKETS ", "COLUMBUS BLUE JACKETS ", "COLUMBUS BLUE JACKETS ", "COLUMBUS BLUE JACKETS ", "COLUMBUS BLUE JACKETS ", "COLUMBUS BLUE JACKETS ", "COLUMBUS BLUE JACKETS ", "CALGARY FLAMES ", "CALGARY FLAMES ", "CALGARY FLAMES ", "CALGARY FLAMES ", "CALGARY FLAMES ", "CALGARY FLAMES ", "CALGARY FLAMES ", "CALGARY FLAMES ", "CALGARY FLAMES ", "CALGARY FLAMES ", "CALGARY FLAMES ", "CALGARY FLAMES ", "CALGARY FLAMES ", "CALGARY FLAMES ", "CALGARY FLAMES ", "CALGARY FLAMES ", "CALGARY FLAMES ", "CALGARY FLAMES ", "CALGARY FLAMES ", "CALGARY FLAMES ", "CALGARY FLAMES "], "GA": [0, 0, 0, 0, 0, 0, 0, 0, 0, 0, 0, 0, 0, 0, 0, 0, 0, 0, 0.0, "1", 0, 0, 0, 0, 0, 0, 0, 0, 0, 0, 0, 0, 0, 0, 0, 0, 0, 0, "2", 0, 0], "SA": [0, 0, 0, 0, 0, 0, 0, 0, 0, 0, 0, 0, 0, 0, 0, 0, 0, 0, 0.0, "24", 0, 0, 0, 0, 0, 0, 0, 0, 0, 0, 0, 0, 0, 0, 0, 0, 0, 0, "18", 0, 0]}}