{"game_info": {"date": "2014-04-13", "visitor": "BOSTON BRUINS ", "home": "NEW JERSEY DEVILS ", "game_id": 1221, "status": "final"}, "player_stats": {"number": ["6", "11", "18", "21", "22", "27", "34", "38", "41", "43", "47", "52", "55", "57", "61", "63", "76", "86", "30", "40", "2", "5", "6", "7", "8", "9", "10", "11", "12", "15", "17", "18", "19", "20", "23", "26", "34", "68", "30", "35"], "position": ["D", "C", "R", "L", "L", "D", "C", "R", "D", "D", "D", "C", "D", "L", "L", "C", "C", "D", "G", "G", "D", "D", "D", "D", "C", "R", "D", "R", "C", "R", "R", "R", "C", "C", "C", "L", "D", "R", "G", "G"], "name": ["POTTER, COREY", "CAMPBELL, GREGORY", "SMITH, REILLY", "ERIKSSON, LOUI", "THORNTON, SHAWN", "HAMILTON, DOUGIE", "SODERBERG, CARL", "CARON, JORDAN", "MESZAROS, ANDREJ", "BARTKOWSKI, MATT", "KRUG, TOREY", "LINDBLAD, MATT", "BOYCHUK, JOHNNY", "FLOREK, JUSTIN", "CUNNINGHAM, CRAIG", "MARCHAND, BRAD", "KHOKHLACHEV, ALEXANDER", "MILLER, KEVAN", "JOHNSON, CHAD", "RASK, TUUKKA", "ZIDLICKY, MAREK", "LARSSON, ADAM", "GREENE, ANDY", "FAYNE, MARK", "ZUBRUS, DAINIUS", "SISLO, MIKE", "HARROLD, PETER", "GIONTA, STEPHEN", "BRUNNER, DAMIEN", "RUUTU, TUOMO", "RYDER, MICHAEL", "BERNIER, STEVE", "ZAJAC, TRAVIS", "CARTER, RYAN", "SESTITO, TIM", "ELIAS, PATRIK", "MERRILL, JON", "JAGR, JAROMIR", "BRODEUR, MARTIN", "SCHNEIDER, CORY"], "G": [0, 0, 0, "1", 0, 0, 0, 0, 0, 0, 0, 0, 0, 0, 0, "1", 0, 0, 0, 0, "2", 0, 0, 0, 0, 0, 0, 0, 0, 0, 0, 0, "1", 0, 0, 0, 0, 0, 0, 0], "A": [0, 0, 0, "1", 0, 0, "2", 0, 0, 0, 0, 0, 0, 0, 0, "1", 0, 0, 0, 0, 0, 0, 0, 0, 0, 0, 0, 0, "1", 0, 0, 0, "1", 0, 0, "1", "1", "2", 0, 0], "P": [0, 0, 0, "2", 0, 0, "2", 0, 0, 0, 0, 0, 0, 0, 0, "2", 0, 0, 0, 0, "2", 0, 0, 0, 0, 0, 0, 0, "1", 0, 0, 0, "2", 0, 0, "1", "1", "2", 0, 0], "+/-": ["-1", "-1", 0, "-2", 0, 0, "-1", 0, 0, "-1", "-1", 0, "-1", "-1", 0, 0, 0, 0, 0, 0, "+1", 0, "+1", 0, 0, 0, 0, 0, 0, 0, "+1", 0, "+2", 0, 0, "+1", "+2", "+1", 0, 0], "PN": [0, "1", 0, 0, 0, "1", 0, 0, 0, 0, 0, 0, 0, 0, 0, 0, "1", 0, 0, 0, 0, 0, 0, 0, 0, 0, "1", 0, "1", 0, "1", 0, 0, 0, 0, 0, 0, 0, 0, 0], "PIM": [0, "2", 0, 0, 0, "2", 0, 0, 0, 0, 0, 0, 0, 0, 0, 0, "2", 0, 0, 0, 0, 0, 0, 0, 0, 0, "2", 0, "2", 0, "2", 0, 0, 0, 0, 0, 0, 0, 0, 0], "TOT": ["12:41", "14:48", "16:09", "17:15", "14:50", "18:05", "18:28", "10:28", "20:42", "18:49", "19:51", "15:06", "20:05", "15:57", "10:42", "17:56", "15:14", "18:43", "59:48", 0, "21:06", "22:15", "23:18", "13:20", "18:40", "13:20", "18:27", "13:57", "15:08", "15:31", "14:05", "13:13", "15:36", "14:14", "10:32", "17:19", "20:14", "16:06", "59:56", 0], "SHF": ["17", "19", "22", "23", "17", "25", "23", "14", "28", "24", "24", "19", "23", "22", "16", "24", "22", "25", 0, 0, "27", "23", "25", "16", "20", "16", "24", "18", "19", "19", "19", "17", "20", "18", "16", "21", "29", "20", 0, 0], "AVG TOI/SH": ["00:44", "00:46", "00:44", "00:45", "00:52", "00:43", "00:48", "00:44", "00:44", "00:47", "00:49", "00:47", "00:52", "00:43", "00:40", "00:44", "00:41", "00:44", 0, 0, "00:46", "00:58", "00:55", "00:50", "00:56", "00:50", "00:46", "00:46", "00:47", "00:49", "00:44", "00:46", "00:46", "00:47", "00:39", "00:49", "00:41", "00:48", 0, 0], "PP": ["00:00", "00:00", "01:13", "01:13", "00:00", "01:13", "01:13", "00:00", "00:30", "00:00", "00:30", "00:00", "00:00", "00:30", "00:30", "01:13", "00:30", "00:00", "01:43", 0, "01:20", "00:09", "00:54", "00:00", "00:39", "00:00", "00:09", "00:00", "01:20", "00:39", "01:03", "00:00", "01:20", "00:00", "00:00", "01:44", "00:54", "01:44", "02:23", 0], "SH": ["00:00", "00:55", "00:00", "00:55", "00:00", "00:00", "00:00", "00:00", "00:44", "01:07", "00:21", "00:34", "01:18", "00:53", "00:35", "00:54", "00:00", "01:16", "02:23", 0, "00:54", "00:00", "00:49", "00:35", "01:29", "00:00", "00:00", "00:54", "00:00", "00:35", "00:00", "00:00", "00:14", "00:00", "00:00", "00:14", "01:08", "00:00", "01:43", 0], "EV": ["12:41", "13:53", "14:56", "15:07", "14:50", "16:52", "17:15", "10:28", "19:28", "17:42", "19:00", "14:32", "18:47", "14:34", "09:37", "15:49", "14:44", "17:27", "55:42", 0, "18:52", "22:06", "21:35", "12:45", "16:32", "13:20", "18:18", "13:03", "13:48", "14:17", "13:02", "13:13", "14:02", "14:14", "10:32", "15:21", "18:12", "14:22", "55:50", 0], "S": [0, 0, "3", "1", "1", 0, "1", "1", "1", "2", 0, 0, "1", "3", 0, "1", "2", "1", 0, 0, "4", 0, 0, "1", "1", "4", 0, 0, "5", "2", "3", "1", "3", "2", "1", "1", 0, "3", 0, 0], "A/B": [0, 0, 0, 0, 0, 0, 0, "1", 0, "2", 0, 0, 0, 0, 0, 0, 0, "1", 0, 0, 0, 0, 0, "1", 0, 0, 0, 0, "3", "1", 0, 0, "1", "1", 0, "1", "1", 0, 0, 0], "MS": ["1", 0, 0, 0, "1", "1", 0, 0, 0, 0, 0, 0, "2", 0, 0, "1", 0, 0, 0, 0, 0, 0, 0, 0, "1", "1", 0, "1", 0, "1", 0, 0, 0, 0, 0, 0, 0, "1", 0, 0], "HT": ["2", "2", "1", 0, "1", "3", "1", 0, "1", 0, 0, 0, 0, "1", "1", 0, "1", "1", 0, 0, 0, "2", "3", 0, "1", 0, "1", "2", 0, 0, 0, "1", 0, 0, 0, 0, 0, 0, 0, 0], "GV": [0, 0, 0, 0, 0, 0, "1", 0, "1", "1", 0, 0, 0, 0, 0, "1", 0, "2", 0, 0, "1", 0, "3", 0, "1", 0, "2", 0, 0, 0, 0, "1", "1", 0, 0, 0, "3", 0, 0, 0], "TK": [0, "1", "1", 0, 0, 0, "2", 0, 0, 0, 0, "1", 0, "2", 0, "1", "1", "1", 0, 0, 0, "1", 0, "1", 0, "1", 0, 0, 0, "1", "1", 0, "1", 0, 0, "1", 0, "2", 0, 0], "BS": [0, "1", 0, 0, "1", 0, 0, 0, 0, 0, "1", 0, "2", 0, 0, "1", 0, "3", 0, 0, "3", 0, 0, 0, 0, 0, 0, 0, 0, 0, 0, 0, 0, 0, "1", 0, 0, 0, 0, 0], "FW": [0, "2", 0, 0, 0, 0, "6", 0, 0, 0, 0, "1", 0, 0, "3", 0, "8", 0, 0, 0, 0, 0, 0, 0, "3", 0, 0, "9", 0, 0, 0, 0, "9", "2", "5", "1", 0, 0, 0, 0], "FL": [0, "6", 0, 0, 0, 0, "10", 0, 0, 0, 0, "0", 0, 0, "4", 0, "9", 0, 0, 0, 0, 0, 0, 0, "6", 0, 0, "6", 0, 0, 0, 0, "7", "0", "0", "1", 0, 0, 0, 0], "F%": [0, "25", 0, 0, 0, 0, "38", 0, 0, 0, 0, "100", 0, 0, "43", 0, "47", 0, 0, 0, 0, 0, 0, 0, "33", 0, 0, "60", 0, 0, 0, 0, "56", "100", "100", "50", 0, 0, 0, 0], "team": ["BOSTON BRUINS ", "BOSTON BRUINS ", "BOSTON BRUINS ", "BOSTON BRUINS ", "BOSTON BRUINS ", "BOSTON BRUINS ", "BOSTON BRUINS ", "BOSTON BRUINS ", "BOSTON BRUINS ", "BOSTON BRUINS ", "BOSTON BRUINS ", "BOSTON BRUINS ", "BOSTON BRUINS ", "BOSTON BRUINS ", "BOSTON BRUINS ", "BOSTON BRUINS ", "BOSTON BRUINS ", "BOSTON BRUINS ", "BOSTON BRUINS ", "BOSTON BRUINS ", "NEW JERSEY DEVILS ", "NEW JERSEY DEVILS ", "NEW JERSEY DEVILS ", "NEW JERSEY DEVILS ", "NEW JERSEY DEVILS ", "NEW JERSEY DEVILS ", "NEW JERSEY DEVILS ", "NEW JERSEY DEVILS ", "NEW JERSEY DEVILS ", "NEW JERSEY DEVILS ", "NEW JERSEY DEVILS ", "NEW JERSEY DEVILS ", "NEW JERSEY DEVILS ", "NEW JERSEY DEVILS ", "NEW JERSEY DEVILS ", "NEW JERSEY DEVILS ", "NEW JERSEY DEVILS ", "NEW JERSEY DEVILS ", "NEW JERSEY DEVILS ", "NEW JERSEY DEVILS "], "GA": [0, 0, 0, 0, 0, 0, 0, 0, 0, 0, 0, 0, 0, 0, 0, 0, 0, 0, "3", 0, 0, 0, 0, 0, 0, 0, 0, 0, 0, 0, 0, 0, 0, 0, 0, 0, 0, 0, "2", 0], "SA": [0, 0, 0, 0, 0, 0, 0, 0, 0, 0, 0, 0, 0, 0, 0, 0, 0, 0, "31", 0, 0, 0, 0, 0, 0, 0, 0, 0, 0, 0, 0, 0, 0, 0, 0, 0, 0, 0, "18", 0]}}