{"game_info": {"date": "2014-03-11", "visitor": "WASHINGTON CAPITALS ", "home": "PITTSBURGH PENGUINS ", "game_id": 981, "status": "final"}, "player_stats": {"number": ["8", "16", "17", "19", "20", "25", "27", "38", "42", "43", "48", "52", "58", "74", "81", "83", "90", "92", "41", "70", 0, "2", "3", "4", "14", "15", "16", "17", "18", "22", "27", "36", "41", "44", "47", "49", "57", "71", "87", "29", "37"], "position": ["L", "R", "R", "C", "R", "L", "D", "D", "R", "R", "C", "D", "D", "D", "D", "C", "C", "C", "G", "G", 0, "D", "D", "D", "L", "L", "C", "L", "L", "R", "R", "L", "D", "D", "D", "C", "C", "C", "C", "G", "G"], "name": ["OVECHKIN, ALEX", "FEHR, ERIC", "PENNER, DUSTIN", "BACKSTROM, NICKLAS", "BROUWER, TROY", "CHIMERA, JASON", "ALZNER, KARL", "HILLEN, JACK", "WARD, JOEL", "WILSON, TOM", "WELLMAN, CASEY", "GREEN, MIKE", "CARRICK, CONNOR", "CARLSON, JOHN", "ORLOV, DMITRY", "BEAGLE, JAY", "JOHANSSON, MARCUS", "KUZNETSOV, EVGENY", "HALAK, JAROSLAV", "HOLTBY, BRADEN", "TEAM PENALTY", "NISKANEN, MATT", "MAATTA, OLLI", "SCUDERI, ROB", "KUNITZ, CHRIS", "GLASS, TANNER", "SUTTER, BRANDON", "PYATT, TAYLOR", "NEAL, JAMES", "STEMPNIAK, LEE", "ADAMS, CRAIG", "JOKINEN, JUSSI", "BORTUZZO, ROBERT", "ORPIK, BROOKS", "DESPRES, SIMON", "GIBBONS, BRIAN", "GOC, MARCEL", "MALKIN, EVGENI", "CROSBY, SIDNEY", "FLEURY, MARC-ANDRE", "ZATKOFF, JEFF"], "G": [0, 0, 0, 0, 0, 0, 0, 0, 0, 0, 0, 0, 0, 0, 0, 0, 0, 0, 0, 0, 0, 0, 0, 0, 0, 0, 0, 0, 0, 0, 0, "1", 0, 0, 0, 0, 0, 0, "1", 0, 0], "A": [0, 0, 0, 0, 0, 0, 0, 0, 0, 0, 0, 0, 0, 0, 0, 0, 0, 0, 0, 0, 0, "1", 0, 0, 0, 0, 0, 0, 0, "1", 0, 0, 0, 0, 0, 0, 0, "1", 0, 0, 0], "P": [0, 0, 0, 0, 0, 0, 0, 0, 0, 0, 0, 0, 0, 0, 0, 0, 0, 0, 0, 0, 0, "1", 0, 0, 0, 0, 0, 0, 0, "1", 0, "1", 0, 0, 0, 0, 0, "1", "1", 0, 0], "+/-": ["-1", 0, 0, "-2", "-1", 0, 0, 0, 0, 0, 0, "-1", "-1", 0, "-2", 0, "-1", "-1", 0, 0, 0, "+1", "+1", "+1", "+1", 0, 0, 0, "+1", "+1", 0, "+1", 0, "+1", 0, 0, 0, "+1", "+1", 0, 0], "PN": [0, 0, 0, "1", 0, 0, 0, 0, 0, 0, 0, 0, 0, 0, 0, 0, 0, 0, 0, 0, "1", "1", 0, 0, 0, 0, 0, 0, 0, 0, 0, 0, 0, 0, "1", 0, 0, 0, 0, 0, 0], "PIM": [0, 0, 0, "2", 0, 0, 0, 0, 0, 0, 0, 0, 0, 0, 0, 0, 0, 0, 0, 0, "2", "2", 0, 0, 0, 0, 0, 0, 0, 0, 0, 0, 0, 0, "2", 0, 0, 0, 0, 0, 0], "TOT": ["19:33", "14:28", "11:56", "19:24", "17:22", "17:02", "18:10", "19:57", "16:57", "09:12", "09:08", "23:22", "15:43", "21:23", "17:34", "12:52", "18:42", "14:52", "58:26", 0, 0, "23:08", "20:56", "22:26", "19:44", "11:43", "14:26", "10:43", "14:53", "17:05", "12:09", "12:47", "14:26", "22:38", "14:46", "12:02", "15:13", "16:25", "20:30", "60:00", 0], "SHF": ["23", "19", "17", "24", "22", "23", "23", "25", "21", "15", "14", "26", "19", "25", "19", "21", "24", "20", 0, 0, 0, "24", "26", "24", "21", "19", "21", "15", "18", "20", "19", "20", "20", "28", "21", "17", "21", "18", "23", 0, 0], "AVG TOI/SH": ["00:51", "00:45", "00:42", "00:48", "00:47", "00:44", "00:47", "00:47", "00:48", "00:36", "00:39", "00:53", "00:49", "00:51", "00:55", "00:36", "00:46", "00:44", 0, 0, 0, "00:57", "00:48", "00:56", "00:56", "00:37", "00:41", "00:42", "00:49", "00:51", "00:38", "00:38", "00:43", "00:48", "00:42", "00:42", "00:43", "00:54", "00:53", 0, 0], "PP": ["03:08", "00:00", "00:31", "01:11", "01:11", "01:39", "00:00", "00:00", "01:57", "00:00", "00:00", "01:02", "00:00", "02:06", "00:00", "00:00", "01:53", "01:02", "03:08", 0, 0, "02:28", "01:04", "00:00", "02:09", "00:00", "00:00", "00:40", "01:54", "00:45", "00:00", "00:49", "00:00", "00:10", "00:50", "00:00", "00:00", "02:28", "02:23", "03:08", 0], "SH": ["00:00", "00:00", "00:00", "01:11", "01:45", "00:30", "02:12", "00:56", "00:34", "00:00", "00:00", "00:07", "00:49", "02:12", "00:00", "01:23", "00:53", "00:00", "03:08", 0, 0, "00:28", "00:51", "02:06", "00:00", "00:57", "01:43", "00:00", "00:00", "00:00", "01:42", "00:00", "00:51", "02:00", "00:00", "00:00", "01:49", "00:00", "00:05", "03:08", 0], "EV": ["16:25", "14:28", "11:25", "17:02", "14:26", "14:53", "15:58", "19:01", "14:26", "09:12", "09:08", "22:13", "14:54", "17:05", "17:34", "11:29", "15:56", "13:50", "52:10", 0, 0, "20:12", "19:01", "20:20", "17:35", "10:46", "12:43", "10:03", "12:59", "16:20", "10:27", "11:58", "13:35", "20:28", "13:56", "12:02", "13:24", "13:57", "18:02", "53:44", 0], "S": ["2", 0, "1", 0, "3", "6", "2", "5", 0, "1", "2", "1", "1", "1", 0, "2", "2", "3", 0, 0, 0, "4", "1", "1", "2", "1", "2", "1", "5", "3", "2", "2", 0, "2", "1", 0, "1", "3", "3", 0, 0], "A/B": ["3", 0, 0, "2", 0, 0, "2", 0, 0, 0, 0, "2", 0, "1", 0, "1", 0, 0, 0, 0, 0, "1", "2", 0, "1", 0, 0, 0, "1", "1", 0, "1", 0, 0, 0, 0, 0, "1", 0, 0, 0], "MS": ["5", "1", 0, "2", 0, 0, "1", "1", "1", 0, 0, "2", "1", 0, "1", 0, 0, "1", 0, 0, 0, "1", "2", 0, 0, 0, 0, "1", "1", "1", 0, 0, "1", "1", 0, 0, 0, 0, "1", 0, 0], "HT": [0, 0, 0, "3", "6", "2", 0, 0, "2", "4", "1", "2", 0, 0, 0, 0, "1", "1", 0, 0, 0, 0, 0, 0, "2", "2", 0, "1", "1", "3", "6", 0, "2", "7", "2", 0, "2", 0, "1", 0, 0], "GV": ["1", 0, 0, 0, 0, 0, 0, 0, 0, 0, 0, 0, 0, 0, "1", 0, 0, 0, 0, 0, 0, 0, 0, "1", "1", 0, 0, 0, "1", "1", 0, 0, 0, 0, 0, 0, 0, 0, 0, 0, 0], "TK": [0, 0, 0, 0, 0, 0, 0, 0, 0, 0, 0, 0, 0, 0, 0, 0, 0, 0, 0, 0, 0, 0, 0, 0, "1", 0, 0, "1", 0, "1", 0, 0, 0, 0, "1", 0, 0, "1", 0, 0, 0], "BS": [0, 0, 0, "1", 0, "1", "1", "1", 0, 0, 0, "1", 0, "2", 0, 0, "1", 0, 0, 0, 0, "1", "1", "4", 0, 0, "1", 0, 0, 0, 0, 0, "2", "2", 0, 0, 0, 0, 0, 0, 0], "FW": [0, "2", 0, "6", "0", "0", 0, 0, "0", 0, "2", 0, 0, 0, 0, "3", "2", 0, 0, 0, 0, 0, 0, 0, 0, 0, "1", "1", 0, 0, 0, "2", 0, 0, 0, 0, "8", "5", "15", 0, 0], "FL": [0, "9", 0, "6", "1", "1", 0, 0, "3", 0, "1", 0, 0, 0, 0, "7", "4", 0, 0, 0, 0, 0, 0, 0, 0, 0, "2", "0", 0, 0, 0, "0", 0, 0, 0, 0, "2", "3", "8", 0, 0], "F%": [0, "18", 0, "50", "0", "0", 0, 0, "0", 0, "67", 0, 0, 0, 0, "30", "33", 0, 0, 0, 0, 0, 0, 0, 0, 0, "33", "100", 0, 0, 0, "100", 0, 0, 0, 0, "80", "63", "65", 0, 0], "team": ["WASHINGTON CAPITALS ", "WASHINGTON CAPITALS ", "WASHINGTON CAPITALS ", "WASHINGTON CAPITALS ", "WASHINGTON CAPITALS ", "WASHINGTON CAPITALS ", "WASHINGTON CAPITALS ", "WASHINGTON CAPITALS ", "WASHINGTON CAPITALS ", "WASHINGTON CAPITALS ", "WASHINGTON CAPITALS ", "WASHINGTON CAPITALS ", "WASHINGTON CAPITALS ", "WASHINGTON CAPITALS ", "WASHINGTON CAPITALS ", "WASHINGTON CAPITALS ", "WASHINGTON CAPITALS ", "WASHINGTON CAPITALS ", "WASHINGTON CAPITALS ", "WASHINGTON CAPITALS ", "WASHINGTON CAPITALS ", "PITTSBURGH PENGUINS ", "PITTSBURGH PENGUINS ", "PITTSBURGH PENGUINS ", "PITTSBURGH PENGUINS ", "PITTSBURGH PENGUINS ", "PITTSBURGH PENGUINS ", "PITTSBURGH PENGUINS ", "PITTSBURGH PENGUINS ", "PITTSBURGH PENGUINS ", "PITTSBURGH PENGUINS ", "PITTSBURGH PENGUINS ", "PITTSBURGH PENGUINS ", "PITTSBURGH PENGUINS ", "PITTSBURGH PENGUINS ", "PITTSBURGH PENGUINS ", "PITTSBURGH PENGUINS ", "PITTSBURGH PENGUINS ", "PITTSBURGH PENGUINS ", "PITTSBURGH PENGUINS ", "PITTSBURGH PENGUINS "], "GA": [0, 0, 0, 0, 0, 0, 0, 0, 0, 0, 0, 0, 0, 0, 0, 0, 0, 0, "2", 0, 0, 0, 0, 0, 0, 0, 0, 0, 0, 0, 0, 0, 0, 0, 0, 0, 0, 0, 0, "0", 0], "SA": [0, 0, 0, 0, 0, 0, 0, 0, 0, 0, 0, 0, 0, 0, 0, 0, 0, 0, "34", 0, 0, 0, 0, 0, 0, 0, 0, 0, 0, 0, 0, 0, 0, 0, 0, 0, 0, 0, 0, "32", 0]}}