{"game_info": {"date": "2013-12-10", "visitor": "LOS ANGELES KINGS ", "home": "MONTREAL CANADIENS ", "game_id": 461, "status": "final"}, "player_stats": {"number": ["6", "8", "10", "11", "13", "14", "17", "23", "24", "26", "27", "28", "33", "44", "71", "73", "74", "77", "31", "54", "8", "11", "14", "21", "26", "27", "32", "48", "49", "51", "53", "55", "61", "67", "74", "76", "79", "81", "30", "31"], "position": ["D", "D", "C", "C", "L", "R", "L", "L", "C", "D", "D", "C", "D", "D", "C", "C", "L", "C", "G", "G", "L", "R", "C", "R", "D", "C", "L", "C", "L", "C", "C", "D", "D", "L", "D", "D", "D", "C", "G", "G"], "name": ["MUZZIN, JAKE", "DOUGHTY, DREW", "RICHARDS, MIKE", "KOPITAR, ANZE", "CLIFFORD, KYLE", "WILLIAMS, JUSTIN", "CARCILLO, DANIEL", "BROWN, DUSTIN", "FRASER, COLIN", "VOYNOV, SLAVA", "MARTINEZ, ALEC", "STOLL, JARRET", "MITCHELL, WILLIE", "REGEHR, ROBYN", "NOLAN, JORDAN", "TOFFOLI, TYLER", "KING, DWIGHT", "CARTER, JEFF", "JONES, MARTIN", "SCRIVENS, BEN", "PRUST, BRANDON", "GALLAGHER, BRENDAN", "PLEKANEC, TOMAS", "GIONTA, BRIAN", "GORGES, JOSH", "GALCHENYUK, ALEX", "MOEN, TRAVIS", "BRIERE, DANIEL", "BOURNIVAL, MICHAEL", "DESHARNAIS, DAVID", "WHITE, RYAN", "BOUILLON, FRANCIS", "DIAZ, RAPHAEL", "PACIORETTY, MAX", "EMELIN, ALEXEI", "SUBBAN, P.K.", "MARKOV, ANDREI", "ELLER, LARS", "BUDAJ, PETER", "PRICE, CAREY"], "G": ["1", 0, 0, "1", 0, "1", 0, 0, 0, 0, "1", 0, 0, 0, "1", "1", 0, 0, 0, 0, 0, 0, 0, 0, 0, 0, 0, 0, 0, 0, 0, 0, 0, 0, 0, 0, 0, 0, 0, 0], "A": [0, 0, "2", "1", "2", 0, 0, 0, 0, "1", "1", "2", "1", 0, 0, "1", 0, 0, 0, 0, 0, 0, 0, 0, 0, 0, 0, 0, 0, 0, 0, 0, 0, 0, 0, 0, 0, 0, 0, 0], "P": ["1", 0, "2", "2", "2", "1", 0, 0, 0, "1", "2", "2", "1", 0, "1", "2", 0, 0, 0, 0, 0, 0, 0, 0, 0, 0, 0, 0, 0, 0, 0, 0, 0, 0, 0, 0, 0, 0, 0, 0], "+/-": ["+1", "+2", "+3", "+2", "+2", "+1", "+1", "+1", 0, 0, "+3", "+1", "+4", 0, "+1", "+2", 0, "+1", 0, 0, "-2", "-2", "-1", "-1", "-1", 0, 0, "-2", "-1", "-2", 0, "-1", 0, "-2", "-3", "-2", "-3", "-2", 0, 0], "PN": [0, "1", 0, 0, "1", "1", 0, 0, 0, 0, 0, 0, 0, "1", "1", 0, 0, 0, 0, 0, 0, 0, 0, 0, 0, "1", "1", 0, "1", 0, 0, 0, 0, 0, 0, 0, 0, 0, 0, 0], "PIM": [0, "2", 0, 0, "2", "2", 0, 0, 0, 0, 0, 0, 0, "2", "2", 0, 0, 0, 0, 0, 0, 0, 0, 0, 0, "2", "2", 0, "2", 0, 0, 0, 0, 0, 0, 0, 0, 0, 0, 0], "TOT": ["18:50", "24:25", "16:53", "18:57", "11:08", "14:45", "10:40", "16:01", "10:41", "20:50", "15:44", "15:49", "21:04", "17:39", "10:34", "13:45", "15:28", "16:47", "60:00", 0, "11:44", "16:10", "17:27", "19:00", "18:23", "19:03", "12:46", "11:37", "07:16", "17:24", "11:48", "17:57", "17:56", "16:58", "19:06", "22:58", "23:40", "14:20", "34:32", "25:25"], "SHF": ["27", "29", "21", "23", "15", "20", "14", "20", "14", "27", "21", "22", "27", "27", "14", "17", "19", "20", 0, 0, "15", "20", "23", "21", "25", "23", "18", "15", "11", "20", "16", "20", "21", "21", "23", "22", "24", "20", 0, 0], "AVG TOI/SH": ["00:41", "00:50", "00:48", "00:49", "00:44", "00:44", "00:45", "00:48", "00:45", "00:46", "00:44", "00:43", "00:46", "00:39", "00:45", "00:48", "00:48", "00:50", 0, 0, "00:46", "00:48", "00:45", "00:54", "00:44", "00:49", "00:42", "00:46", "00:39", "00:52", "00:44", "00:53", "00:51", "00:48", "00:49", "01:02", "00:59", "00:43", 0, 0], "PP": ["00:45", "01:44", "01:44", "01:44", "00:00", "00:46", "00:00", "00:46", "00:00", "00:46", "00:00", "00:46", "00:00", "00:01", "00:00", "01:44", "00:00", "01:44", "02:30", 0, "00:10", "02:58", "02:06", "02:06", "00:02", "03:27", "00:32", "02:56", "00:00", "03:17", "00:00", "02:07", "01:50", "03:51", "00:02", "06:08", "05:51", "02:37", "02:00", "06:00"], "SH": ["00:53", "02:58", "02:22", "03:22", "00:00", "00:31", "00:00", "02:07", "00:00", "04:04", "00:58", "02:54", "04:50", "02:17", "00:00", "00:32", "02:50", "01:22", "08:00", 0, "00:53", "00:00", "00:55", "00:19", "01:29", "00:00", "00:49", "00:00", "00:00", "00:00", "01:06", "00:01", "01:29", "00:29", "01:00", "00:01", "01:00", "00:29", "00:30", "02:00"], "EV": ["17:12", "19:43", "12:47", "13:51", "11:08", "13:28", "10:40", "13:08", "10:41", "16:00", "14:46", "12:09", "16:14", "15:21", "10:34", "11:29", "12:38", "13:41", "49:30", 0, "10:41", "13:12", "14:26", "16:35", "16:52", "15:36", "11:25", "08:41", "07:16", "14:07", "10:42", "15:49", "14:37", "12:38", "18:04", "16:49", "16:49", "11:14", "32:02", "17:25"], "S": ["7", "1", "1", "3", "2", "2", "2", "2", 0, 0, "1", "1", "2", 0, "2", "2", "1", "1", 0, 0, 0, "3", "4", "1", 0, "7", "2", "2", 0, "1", "1", 0, "1", "1", 0, "1", "3", "4", 0, 0], "A/B": ["1", "3", "1", 0, 0, 0, "1", "1", 0, "1", "3", "1", "2", "1", 0, "1", "1", "2", 0, 0, 0, "2", "3", 0, 0, 0, "1", 0, 0, "1", 0, "2", 0, "2", 0, "4", "1", 0, 0, 0], "MS": ["1", "1", "1", "4", 0, "3", 0, "1", 0, 0, 0, 0, "1", 0, 0, 0, "1", 0, 0, 0, 0, "1", "2", "2", 0, "1", "1", 0, 0, "1", 0, "1", 0, "1", "3", "2", 0, "1", 0, 0], "HT": ["2", "2", 0, 0, "3", 0, "2", "1", "2", "3", "1", "1", "2", "1", "2", 0, 0, "2", 0, 0, "1", "1", "3", "2", "1", "1", "2", "1", "1", 0, "4", 0, "1", "2", "6", "4", 0, "2", 0, 0], "GV": [0, 0, 0, 0, 0, 0, "1", 0, 0, "1", 0, 0, 0, 0, 0, 0, 0, 0, 0, 0, 0, 0, 0, "1", "1", "1", 0, 0, 0, 0, 0, "2", 0, 0, 0, "1", "1", "1", 0, "3"], "TK": [0, 0, "1", "1", 0, 0, 0, 0, "1", 0, 0, "1", 0, 0, 0, 0, 0, 0, 0, 0, 0, 0, 0, 0, 0, "2", 0, 0, 0, 0, 0, 0, 0, 0, 0, "1", "1", 0, 0, 0], "BS": ["1", "1", "1", 0, "1", "1", 0, 0, "3", "1", "2", "1", "1", "2", 0, 0, 0, "1", 0, 0, 0, 0, "1", 0, "2", "1", "3", 0, "2", 0, "1", "1", "3", 0, 0, "2", "2", "1", 0, 0], "FW": [0, 0, "5", "11", 0, 0, 0, 0, "6", 0, 0, "7", 0, 0, 0, 0, 0, "2", 0, 0, "0", "2", "3", "0", 0, 0, 0, "0", 0, "8", "3", 0, 0, 0, 0, 0, 0, "9", 0, 0], "FL": [0, 0, "6", "3", 0, 0, 0, 0, "6", 0, 0, "8", 0, 0, 0, 0, 0, "2", 0, 0, "1", "2", "8", "1", 0, 0, 0, "1", 0, "10", "3", 0, 0, 0, 0, 0, 0, "5", 0, 0], "F%": [0, 0, "45", "79", 0, 0, 0, 0, "50", 0, 0, "47", 0, 0, 0, 0, 0, "50", 0, 0, "0", "50", "27", "0", 0, 0, 0, "0", 0, "44", "50", 0, 0, 0, 0, 0, 0, "64", 0, 0], "team": ["LOS ANGELES KINGS ", "LOS ANGELES KINGS ", "LOS ANGELES KINGS ", "LOS ANGELES KINGS ", "LOS ANGELES KINGS ", "LOS ANGELES KINGS ", "LOS ANGELES KINGS ", "LOS ANGELES KINGS ", "LOS ANGELES KINGS ", "LOS ANGELES KINGS ", "LOS ANGELES KINGS ", "LOS ANGELES KINGS ", "LOS ANGELES KINGS ", "LOS ANGELES KINGS ", "LOS ANGELES KINGS ", "LOS ANGELES KINGS ", "LOS ANGELES KINGS ", "LOS ANGELES KINGS ", "LOS ANGELES KINGS ", "LOS ANGELES KINGS ", "MONTREAL CANADIENS ", "MONTREAL CANADIENS ", "MONTREAL CANADIENS ", "MONTREAL CANADIENS ", "MONTREAL CANADIENS ", "MONTREAL CANADIENS ", "MONTREAL CANADIENS ", "MONTREAL CANADIENS ", "MONTREAL CANADIENS ", "MONTREAL CANADIENS ", "MONTREAL CANADIENS ", "MONTREAL CANADIENS ", "MONTREAL CANADIENS ", "MONTREAL CANADIENS ", "MONTREAL CANADIENS ", "MONTREAL CANADIENS ", "MONTREAL CANADIENS ", "MONTREAL CANADIENS ", "MONTREAL CANADIENS ", "MONTREAL CANADIENS "], "GA": [0, 0, 0, 0, 0, 0, 0, 0, 0, 0, 0, 0, 0, 0, 0, 0, 0, 0, "0", 0, 0, 0, 0, 0, 0, 0, 0, 0, 0, 0, 0, 0, 0, 0, 0, 0, 0, 0, "2", "4"], "SA": [0, 0, 0, 0, 0, 0, 0, 0, 0, 0, 0, 0, 0, 0, 0, 0, 0, 0, "31", 0, 0, 0, 0, 0, 0, 0, 0, 0, 0, 0, 0, 0, 0, 0, 0, 0, 0, 0, "14", "16"]}}