{"game_info": {"date": "2014-03-25", "visitor": "SAN JOSE SHARKS ", "home": "EDMONTON OILERS ", "game_id": 1088, "status": "final"}, "player_stats": {"number": ["5", "7", "8", "9", "10", "12", "15", "18", "19", "22", "27", "37", "44", "57", "61", "81", "83", "88", "31", "32", "2", "4", "5", "14", "19", "20", "21", "23", "27", "28", "51", "57", "68", "84", "85", "89", "93", "94", "1", "30"], "position": ["D", "D", "C", "R", "C", "C", "C", "R", "C", "D", "D", "R", "D", "C", "D", "C", "L", "R", "G", "G", "D", "L", "D", "C", "D", "L", "D", "C", "C", "L", "C", "L", "C", "D", "D", "C", "C", "L", "G", "G"], "name": ["DEMERS, JASON", "STUART, BRAD", "PAVELSKI, JOE", "HAVLAT, MARTY", "DESJARDINS, ANDREW", "MARLEAU, PATRICK", "SHEPPARD, JAMES", "BROWN, MIKE", "THORNTON, JOE", "BOYLE, DAN", "HANNAN, SCOTT", "BURISH, ADAM", "VLASIC, MARC-EDOUARD", "WINGELS, TOMMY", "BRAUN, JUSTIN", "KENNEDY, TYLER", "NIETO, MATT", "BURNS, BRENT", "NIEMI, ANTTI", "STALOCK, ALEX", "PETRY, JEFF", "HALL, TAYLOR", "FRASER, MARK", "EBERLE, JORDAN", "SCHULTZ, JUSTIN", "GAZDIC, LUKE", "FERENCE, ANDREW", "HENDRICKS, MATT", "GORDON, BOYD", "JONES, RYAN", "LANDER, ANTON", "PERRON, DAVID", "PITLICK, TYLER", "KLEFBOM, OSCAR", "MARINCIN, MARTIN", "GAGNER, SAM", "NUGENT-HOPKINS, RYAN", "SMYTH, RYAN", "BROSSOIT, LAURENT", "SCRIVENS, BEN"], "G": [0, 0, "3", "1", 0, "1", 0, 0, 0, 0, 0, 0, 0, 0, 0, 0, 0, 0, 0, 0, 0, "1", 0, 0, 0, 0, 0, 0, 0, 0, 0, "1", 0, 0, 0, 0, 0, 0, 0, 0], "A": ["1", "1", "1", 0, 0, "1", 0, 0, "2", "1", 0, 0, 0, 0, 0, 0, 0, "2", 0, 0, "1", "1", 0, "1", 0, 0, "1", 0, 0, 0, 0, 0, 0, 0, 0, 0, 0, 0, 0, 0], "P": ["1", "1", "4", "1", 0, "2", 0, 0, "2", "1", 0, 0, 0, 0, 0, 0, 0, "2", 0, 0, "1", "2", 0, "1", 0, 0, "1", 0, 0, 0, 0, "1", 0, 0, 0, 0, 0, 0, 0, 0], "+/-": ["-1", 0, "+1", "+1", 0, "-2", "+1", 0, "+1", 0, 0, 0, 0, "+1", "+1", "-2", "-2", "+1", 0, 0, 0, "+1", "-1", "+1", "+1", 0, "+1", "-1", 0, 0, 0, "-1", 0, "-1", 0, "-1", "+1", 0, 0, 0], "PN": [0, "1", 0, 0, 0, 0, 0, 0, 0, 0, 0, 0, 0, 0, 0, 0, "1", 0, 0, 0, 0, "1", 0, 0, 0, 0, "1", 0, 0, 0, 0, 0, 0, 0, 0, 0, 0, "1", 0, 0], "PIM": [0, "2", 0, 0, 0, 0, 0, 0, 0, 0, 0, 0, 0, 0, 0, 0, "2", 0, 0, 0, 0, "2", 0, 0, 0, 0, "2", 0, 0, 0, 0, 0, 0, 0, 0, 0, 0, "2", 0, 0], "TOT": ["21:55", "18:23", "17:49", "14:54", "13:46", "17:46", "15:48", "11:14", "18:38", "19:48", "18:12", "09:08", "20:55", "14:38", "18:17", "14:31", "13:30", "17:56", "60:00", 0, "22:37", "20:07", "16:43", "16:31", "21:27", "07:44", "20:30", "16:31", "15:53", "06:45", "16:41", "20:04", "10:06", "15:17", "20:24", "19:37", "17:15", "12:56", 0, "60:00"], "SHF": ["24", "25", "24", "20", "17", "22", "21", "15", "22", "21", "19", "11", "24", "21", "24", "19", "20", "22", 0, 0, "23", "25", "17", "21", "25", "11", "23", "21", "22", "9", "21", "25", "15", "18", "24", "25", "21", "17", 0, 0], "AVG TOI/SH": ["00:54", "00:44", "00:44", "00:44", "00:48", "00:48", "00:45", "00:44", "00:50", "00:56", "00:57", "00:49", "00:52", "00:41", "00:45", "00:45", "00:40", "00:48", 0, 0, "00:59", "00:48", "00:59", "00:47", "00:51", "00:42", "00:53", "00:47", "00:43", "00:45", "00:47", "00:48", "00:40", "00:50", "00:51", "00:47", "00:49", "00:45", 0, 0], "PP": ["00:00", "00:00", "02:52", "00:00", "00:00", "02:52", "00:00", "00:00", "02:52", "02:52", "00:00", "00:00", "00:00", "00:00", "00:00", "00:00", "00:00", "02:52", "02:52", 0, "00:52", "02:00", "00:00", "00:44", "02:00", "00:00", "00:00", "00:00", "00:00", "00:52", "00:44", "02:08", "00:00", "00:00", "00:00", "02:08", "00:52", "02:00", 0, "02:52"], "SH": ["01:46", "00:20", "01:14", "00:00", "01:06", "01:14", "00:32", "00:00", "00:00", "00:00", "00:46", "00:46", "01:46", "00:32", "01:06", "00:20", "00:00", "00:00", "02:52", 0, "01:23", "00:00", "01:29", "00:00", "00:00", "00:00", "01:23", "02:35", "02:35", "00:00", "00:17", "00:00", "00:00", "00:00", "01:29", "00:00", "00:17", "00:00", 0, "02:52"], "EV": ["20:09", "18:03", "13:43", "14:54", "12:40", "13:40", "15:16", "11:14", "15:46", "16:56", "17:26", "08:22", "19:09", "14:06", "17:11", "14:11", "13:30", "15:04", "54:16", 0, "20:22", "18:07", "15:14", "15:47", "19:27", "07:44", "19:07", "13:56", "13:18", "05:53", "15:40", "17:56", "10:06", "15:17", "18:55", "17:29", "16:06", "10:56", 0, "54:16"], "S": ["1", "2", "4", "2", "1", "3", "2", "1", "1", "1", "1", "1", "2", "2", "2", "2", "2", "4", 0, 0, "1", "3", 0, "1", "3", 0, "1", "1", "1", "1", "1", "6", "1", "1", 0, "4", "3", "2", 0, 0], "A/B": ["2", "3", "2", 0, 0, "2", 0, 0, 0, 0, "1", 0, "1", "1", "1", "1", "2", "1", 0, 0, "2", "2", 0, "5", 0, 0, "2", 0, "1", "3", 0, "1", "2", "1", "1", "1", "1", 0, 0, 0], "MS": ["1", 0, "1", 0, "2", 0, 0, 0, 0, "1", 0, 0, "2", "2", "1", "1", 0, "1", 0, 0, 0, 0, 0, 0, 0, 0, "2", "2", "1", 0, "2", 0, 0, 0, 0, "1", 0, 0, 0, 0], "HT": ["2", "3", "1", 0, "3", 0, "1", "1", 0, "2", "1", "1", "1", "12", 0, 0, 0, "1", 0, 0, "1", "1", "3", "1", "1", "2", 0, "5", "1", 0, "1", "1", "3", 0, 0, 0, 0, "1", 0, 0], "GV": ["3", "1", "1", 0, 0, 0, 0, "1", 0, 0, 0, 0, "1", 0, "1", 0, "2", "1", "1", 0, "1", "1", "1", "1", 0, 0, 0, "1", 0, 0, 0, "1", 0, "1", 0, 0, "1", 0, 0, "1"], "TK": ["2", 0, 0, 0, 0, 0, "1", 0, 0, 0, 0, 0, 0, "1", 0, "1", 0, 0, 0, 0, 0, "3", "1", 0, "2", 0, 0, 0, 0, "1", 0, 0, "1", 0, 0, 0, "1", 0, 0, 0], "BS": [0, "4", 0, 0, 0, 0, 0, "1", "2", "2", "4", "1", "3", 0, "4", 0, "1", 0, 0, 0, 0, "3", "3", "1", "3", 0, 0, 0, 0, "1", 0, 0, "1", "2", 0, "1", "2", 0, 0, 0], "FW": [0, 0, "9", 0, "4", "6", "2", 0, "10", 0, 0, "1", 0, 0, 0, 0, 0, 0, 0, 0, 0, 0, 0, 0, 0, 0, 0, 0, "9", 0, 0, "0", 0, 0, 0, "11", "4", "3", 0, 0], "FL": [0, 0, "8", 0, "4", "5", "3", 0, "7", 0, 0, "0", 0, 0, 0, 0, 0, 0, 0, 0, 0, 0, 0, 0, 0, 0, 0, 0, "12", 0, 0, "1", 0, 0, 0, "7", "7", "5", 0, 0], "F%": [0, 0, "53", 0, "50", "55", "40", 0, "59", 0, 0, "100", 0, 0, 0, 0, 0, 0, 0, 0, 0, 0, 0, 0, 0, 0, 0, 0, "43", 0, 0, "0", 0, 0, 0, "61", "36", "38", 0, 0], "team": ["SAN JOSE SHARKS ", "SAN JOSE SHARKS ", "SAN JOSE SHARKS ", "SAN JOSE SHARKS ", "SAN JOSE SHARKS ", "SAN JOSE SHARKS ", "SAN JOSE SHARKS ", "SAN JOSE SHARKS ", "SAN JOSE SHARKS ", "SAN JOSE SHARKS ", "SAN JOSE SHARKS ", "SAN JOSE SHARKS ", "SAN JOSE SHARKS ", "SAN JOSE SHARKS ", "SAN JOSE SHARKS ", "SAN JOSE SHARKS ", "SAN JOSE SHARKS ", "SAN JOSE SHARKS ", "SAN JOSE SHARKS ", "SAN JOSE SHARKS ", "EDMONTON OILERS ", "EDMONTON OILERS ", "EDMONTON OILERS ", "EDMONTON OILERS ", "EDMONTON OILERS ", "EDMONTON OILERS ", "EDMONTON OILERS ", "EDMONTON OILERS ", "EDMONTON OILERS ", "EDMONTON OILERS ", "EDMONTON OILERS ", "EDMONTON OILERS ", "EDMONTON OILERS ", "EDMONTON OILERS ", "EDMONTON OILERS ", "EDMONTON OILERS ", "EDMONTON OILERS ", "EDMONTON OILERS ", "EDMONTON OILERS ", "EDMONTON OILERS "], "GA": [0, 0, 0, 0, 0, 0, 0, 0, 0, 0, 0, 0, 0, 0, 0, 0, 0, 0, "2", 0, 0, 0, 0, 0, 0, 0, 0, 0, 0, 0, 0, 0, 0, 0, 0, 0, 0, 0, 0, "5"], "SA": [0, 0, 0, 0, 0, 0, 0, 0, 0, 0, 0, 0, 0, 0, 0, 0, 0, 0, "30", 0, 0, 0, 0, 0, 0, 0, 0, 0, 0, 0, 0, 0, 0, 0, 0, 0, 0, 0, 0, "34"]}}