{"game_info": {"date": "2013-10-28", "visitor": "PITTSBURGH PENGUINS ", "home": "CAROLINA HURRICANES ", "game_id": 172, "status": "final"}, "player_stats": {"number": ["2", "3", "7", "9", "12", "14", "15", "16", "22", "27", "36", "41", "44", "46", "58", "59", "71", "87", "29", "37", "4", "6", "7", "8", "11", "12", "14", "15", "16", "19", "20", "21", "27", "28", "39", "42", "44", "65", "35", "70"], "position": ["D", "D", "D", "L", "R", "L", "L", "C", "R", "R", "L", "D", "D", "C", "D", "C", "C", "C", "G", "G", "D", "D", "D", "R", "C", "C", "C", "R", "C", "C", "C", "L", "D", "R", "R", "L", "D", "D", "G", "G"], "name": ["NISKANEN, MATT", "MAATTA, OLLI", "MARTIN, PAUL", "DUPUIS, PASCAL", "KOBASEW, CHUCK", "KUNITZ, CHRIS", "GLASS, TANNER", "SUTTER, BRANDON", "D'AGOSTINI, MATT", "ADAMS, CRAIG", "JOKINEN, JUSSI", "BORTUZZO, ROBERT", "ORPIK, BROOKS", "VITALE, JOE", "LETANG, KRIS", "MEGNA, JAYSON", "MALKIN, EVGENI", "CROSBY, SIDNEY", "FLEURY, MARC-ANDRE", "ZATKOFF, JEFF", "SEKERA, ANDREJ", "GLEASON, TIM", "MURPHY, RYAN", "WESTGARTH, KEVIN", "STAAL, JORDAN", "STAAL, ERIC", "GERBE, NATHAN", "RUUTU, TUOMO", "LINDHOLM, ELIAS", "TLUSTY, JIRI", "NASH, RILEY", "BOWMAN, DRAYSON", "FAULK, JUSTIN", "SEMIN, ALEXANDER", "DWYER, PATRICK", "SUTTER, BRETT", "HARRISON, JAY", "HAINSEY, RON", "PETERS, JUSTIN", "MURPHY, MIKE"], "G": [0, 0, 0, 0, 0, "1", "1", 0, 0, 0, 0, 0, 0, 0, 0, "1", 0, 0, 0, 0, 0, 0, 0, 0, 0, 0, "1", 0, 0, 0, 0, 0, 0, 0, 0, 0, 0, 0, 0, 0], "A": [0, 0, 0, 0, 0, 0, 0, 0, 0, 0, 0, 0, "3", 0, 0, "1", 0, "2", 0, 0, 0, 0, 0, 0, 0, 0, 0, 0, "1", 0, 0, 0, 0, "1", 0, 0, 0, 0, 0, 0], "P": [0, 0, 0, 0, 0, "1", "1", 0, 0, 0, 0, 0, "3", 0, 0, "2", 0, "2", 0, 0, 0, 0, 0, 0, 0, 0, "1", 0, "1", 0, 0, 0, 0, "1", 0, 0, 0, 0, 0, 0], "+/-": [0, "+1", "+2", "+1", 0, "+2", "+1", 0, 0, 0, 0, 0, "+3", 0, 0, "+2", 0, "+3", 0, 0, "-3", 0, 0, "-1", "-1", "-1", "-1", "-1", "-1", 0, 0, "-1", "-3", "-1", "-1", 0, 0, 0, 0, 0], "PN": [0, 0, 0, 0, 0, "1", 0, "1", "2", "1", 0, 0, 0, "2", 0, 0, 0, 0, 0, 0, 0, "1", 0, 0, 0, 0, "1", "1", 0, 0, 0, 0, 0, 0, 0, "2", 0, 0, 0, 0], "PIM": [0, 0, 0, 0, 0, "2", 0, "2", "4", "2", 0, 0, 0, "7", 0, 0, 0, 0, 0, 0, 0, "2", 0, 0, 0, 0, "2", "2", 0, 0, 0, 0, 0, 0, 0, "7", 0, 0, 0, 0], "TOT": ["19:53", "14:35", "25:17", "20:45", "02:33", "18:28", "14:44", "13:43", "09:38", "16:20", "11:58", "11:56", "23:41", "10:17", "24:07", "10:58", "18:22", "23:05", "59:52", 0, "22:31", "14:08", "21:53", "04:28", "21:13", "22:03", "22:29", "13:54", "17:30", "15:13", "12:25", "09:27", "22:05", "21:43", "15:33", "06:14", "14:22", "18:12", "58:33", 0], "SHF": ["24", "19", "24", "24", "3", "22", "19", "20", "15", "23", "18", "18", "22", "14", "26", "16", "19", "27", 0, 0, "29", "23", "22", "6", "28", "24", "25", "20", "23", "21", "21", "12", "31", "25", "21", "8", "17", "23", 0, 0], "AVG TOI/SH": ["00:49", "00:46", "01:03", "00:51", "00:51", "00:50", "00:46", "00:41", "00:38", "00:42", "00:39", "00:39", "01:04", "00:44", "00:55", "00:41", "00:58", "00:51", 0, 0, "00:46", "00:36", "00:59", "00:44", "00:45", "00:55", "00:53", "00:41", "00:45", "00:43", "00:35", "00:47", "00:42", "00:52", "00:44", "00:46", "00:50", "00:47", 0, 0], "PP": ["02:20", "01:40", "02:26", "00:00", "00:00", "02:08", "00:00", "01:36", "01:41", "00:00", "02:18", "00:00", "00:20", "00:00", "02:16", "00:00", "02:55", "02:55", "04:31", 0, "02:35", "00:00", "05:27", "00:00", "03:11", "05:36", "05:23", "02:25", "04:37", "02:05", "00:00", "00:00", "01:45", "05:43", "00:00", "00:00", "00:00", "00:13", "07:44", 0], "SH": ["00:03", "00:03", "05:42", "03:43", "00:00", "00:03", "02:18", "02:04", "00:00", "03:58", "00:00", "01:32", "04:47", "00:31", "02:58", "00:00", "00:03", "02:56", "07:48", 0, "02:32", "00:49", "00:00", "00:00", "01:55", "01:23", "01:55", "00:00", "00:08", "00:08", "01:05", "00:00", "02:26", "01:06", "01:22", "00:00", "01:10", "02:05", "04:31", 0], "EV": ["17:30", "12:52", "17:09", "17:02", "02:33", "16:17", "12:26", "10:03", "07:57", "12:22", "09:40", "10:24", "18:34", "09:46", "18:53", "10:58", "15:24", "17:14", "47:33", 0, "17:24", "13:19", "16:26", "04:28", "16:07", "15:04", "15:11", "11:29", "12:45", "13:00", "11:20", "09:27", "17:54", "14:54", "14:11", "06:14", "13:12", "15:54", "46:18", 0], "S": ["1", "1", 0, 0, "1", "6", "1", "3", "2", "1", "2", 0, "1", "1", "2", "4", "2", "1", 0, 0, "2", 0, "1", 0, "1", "2", "5", 0, 0, "2", 0, 0, 0, "3", "2", "1", 0, "2", 0, 0], "A/B": [0, 0, 0, "1", 0, "1", 0, 0, 0, 0, 0, "1", "2", "1", 0, 0, "1", "2", 0, 0, "1", "1", "4", 0, 0, "1", 0, 0, "1", 0, 0, 0, "1", "3", 0, 0, "2", 0, 0, 0], "MS": ["2", 0, "1", "1", 0, 0, 0, "1", 0, 0, "1", 0, "1", "3", "1", 0, "1", 0, 0, 0, "2", 0, 0, "1", "1", "2", 0, 0, "1", "2", 0, "1", "2", "2", "1", 0, 0, 0, 0, 0], "HT": [0, 0, 0, 0, 0, 0, "3", "1", "1", "6", 0, "1", "2", 0, "3", "1", "1", "1", 0, 0, 0, "6", 0, 0, 0, 0, 0, "1", 0, "2", "1", "1", "1", 0, "3", "3", "3", "1", 0, 0], "GV": [0, 0, 0, "1", "1", "1", 0, 0, 0, 0, 0, 0, 0, 0, "1", 0, 0, 0, 0, 0, 0, "1", "2", 0, "1", "1", 0, 0, 0, "1", 0, 0, 0, 0, "1", 0, 0, 0, 0, 0], "TK": [0, 0, "1", "1", 0, 0, 0, 0, 0, 0, "1", 0, 0, 0, "1", 0, 0, "1", 0, 0, "2", 0, 0, 0, "1", 0, "1", 0, 0, "1", "2", 0, 0, "1", "1", 0, "2", 0, 0, 0], "BS": ["1", "1", "2", 0, 0, "1", 0, "1", 0, "2", 0, 0, "2", 0, "1", "1", "1", "1", 0, 0, "1", 0, "1", 0, 0, 0, 0, "1", "2", 0, 0, 0, "1", 0, "2", "1", 0, 0, 0, 0], "FW": [0, 0, 0, 0, 0, 0, 0, "11", 0, 0, 0, 0, 0, "2", 0, 0, "3", "16", 0, 0, 0, 0, 0, 0, "7", "10", 0, 0, "3", 0, "3", 0, 0, 0, 0, "2", 0, 0, 0, 0], "FL": [0, 0, 0, 0, 0, 0, 0, "6", 0, 0, 0, 0, 0, "4", 0, 0, "4", "11", 0, 0, 0, 0, 0, 0, "10", "8", 0, 0, "7", 0, "6", 0, 0, 0, 0, "1", 0, 0, 0, 0], "F%": [0, 0, 0, 0, 0, 0, 0, "65", 0, 0, 0, 0, 0, "33", 0, 0, "43", "59", 0, 0, 0, 0, 0, 0, "41", "56", 0, 0, "30", 0, "33", 0, 0, 0, 0, "67", 0, 0, 0, 0], "team": ["PITTSBURGH PENGUINS ", "PITTSBURGH PENGUINS ", "PITTSBURGH PENGUINS ", "PITTSBURGH PENGUINS ", "PITTSBURGH PENGUINS ", "PITTSBURGH PENGUINS ", "PITTSBURGH PENGUINS ", "PITTSBURGH PENGUINS ", "PITTSBURGH PENGUINS ", "PITTSBURGH PENGUINS ", "PITTSBURGH PENGUINS ", "PITTSBURGH PENGUINS ", "PITTSBURGH PENGUINS ", "PITTSBURGH PENGUINS ", "PITTSBURGH PENGUINS ", "PITTSBURGH PENGUINS ", "PITTSBURGH PENGUINS ", "PITTSBURGH PENGUINS ", "PITTSBURGH PENGUINS ", "PITTSBURGH PENGUINS ", "CAROLINA HURRICANES ", "CAROLINA HURRICANES ", "CAROLINA HURRICANES ", "CAROLINA HURRICANES ", "CAROLINA HURRICANES ", "CAROLINA HURRICANES ", "CAROLINA HURRICANES ", "CAROLINA HURRICANES ", "CAROLINA HURRICANES ", "CAROLINA HURRICANES ", "CAROLINA HURRICANES ", "CAROLINA HURRICANES ", "CAROLINA HURRICANES ", "CAROLINA HURRICANES ", "CAROLINA HURRICANES ", "CAROLINA HURRICANES ", "CAROLINA HURRICANES ", "CAROLINA HURRICANES ", "CAROLINA HURRICANES ", "CAROLINA HURRICANES "], "GA": [0, 0, 0, 0, 0, 0, 0, 0, 0, 0, 0, 0, 0, 0, 0, 0, 0, 0, "1", 0, 0, 0, 0, 0, 0, 0, 0, 0, 0, 0, 0, 0, 0, 0, 0, 0, 0, 0, "3", 0], "SA": [0, 0, 0, 0, 0, 0, 0, 0, 0, 0, 0, 0, 0, 0, 0, 0, 0, 0, "21", 0, 0, 0, 0, 0, 0, 0, 0, 0, 0, 0, 0, 0, 0, 0, 0, 0, 0, 0, "29", 0]}}