{"game_info": {"date": "2014-01-18", "visitor": "CALGARY FLAMES ", "home": "VANCOUVER CANUCKS ", "game_id": 735, "status": "final"}, "player_stats": {"number": ["3", "5", "6", "7", "8", "11", "15", "16", "17", "18", "19", "22", "23", "24", "32", "39", "44", "55", "29", "31", "2", "3", "5", "6", "7", "8", "9", "14", "15", "17", "20", "22", "23", "29", "32", "33", "36", "54", "1", "31"], "position": ["D", "D", "D", "D", "C", "C", "R", "R", "L", "C", "C", "R", "C", "C", "C", "L", "D", "D", "G", "G", "D", "D", "D", "D", "L", "D", "R", "L", "R", "C", "L", "L", "D", "L", "R", "C", "R", "L", "G", "G"], "name": ["SMID, LADISLAV", "GIORDANO, MARK", "WIDEMAN, DENNIS", "BRODIE, TJ", "COLBORNE, JOE", "BACKLUND, MIKAEL", "WESTGARTH, KEVIN", "MCGRATTAN, BRIAN", "BOUMA, LANCE", "STAJAN, MATT", "JONES, BLAIR", "STEMPNIAK, LEE", "MONAHAN, SEAN", "HUDLER, JIRI", "BYRON, PAUL", "GALIARDI, TJ", "BUTLER, CHRIS", "O'BRIEN, SHANE", "BERRA, RETO", "RAMO, KARRI", "HAMHUIS, DAN", "BIEKSA, KEVIN", "GARRISON, JASON", "WEBER, YANNICK", "BOOTH, DAVID", "TANEV, CHRISTOPHER", "KASSIAN, ZACK", "BURROWS, ALEXANDRE", "RICHARDSON, BRAD", "KESLER, RYAN", "HIGGINS, CHRIS", "SEDIN, DANIEL", "EDLER, ALEXANDER", "SESTITO, TOM", "WEISE, DALE", "SEDIN, HENRIK", "HANSEN, JANNIK", "LAIN, KELLAN", "LUONGO, ROBERTO", "LACK, EDDIE"], "G": [0, "1", 0, 0, 0, 0, 0, 0, 0, "1", 0, 0, 0, 0, 0, 0, 0, 0, 0, 0, 0, 0, 0, "1", 0, 0, 0, 0, 0, "1", 0, 0, 0, 0, 0, 0, 0, 0, 0, 0], "A": [0, 0, 0, 0, 0, 0, 0, 0, "1", 0, 0, "1", 0, 0, 0, 0, 0, 0, 0, 0, 0, 0, 0, 0, 0, 0, "1", 0, 0, "1", "1", 0, "1", 0, 0, 0, 0, 0, 0, 0], "P": [0, "1", 0, 0, 0, 0, 0, 0, "1", "1", 0, "1", 0, 0, 0, 0, 0, 0, 0, 0, 0, 0, 0, "1", 0, 0, "1", 0, 0, "2", "1", 0, "1", 0, 0, 0, 0, 0, 0, 0], "+/-": [0, "-1", 0, 0, 0, 0, 0, 0, "+1", 0, 0, 0, 0, "-1", 0, 0, 0, "+1", 0, 0, 0, 0, 0, 0, "-1", 0, 0, 0, "-1", "+1", "+1", 0, 0, 0, 0, 0, 0, 0, 0, 0], "PN": ["2", "4", 0, 0, 0, 0, "3", "2", "1", "1", "2", "1", 0, 0, 0, 0, "2", "1", 0, 0, 0, "2", "2", "1", 0, 0, "4", "2", "2", "1", 0, 0, 0, "2", "2", 0, 0, "2", 0, 0], "PIM": ["15", "8", 0, 0, 0, 0, "17", "15", "2", "2", "15", "2", 0, 0, 0, 0, "15", "10", 0, 0, 0, "15", "15", "2", 0, 0, "16", "4", "4", "2", 0, 0, 0, "15", "15", 0, 0, "15", 0, 0], "TOT": ["00:02", "33:32", "38:05", "35:42", "17:52", "27:07", "00:02", "02:48", "15:15", "21:28", "00:02", "24:23", "18:18", "26:05", "15:52", "13:55", "00:02", "21:26", 0, "65:00", "36:12", "00:02", "00:02", "28:22", "13:33", "33:02", "14:28", "20:46", "21:51", "26:30", "20:38", "28:55", "29:22", "08:16", "00:02", "12:11", "16:00", "00:02", "64:41", 0], "SHF": ["1", "42", "39", "37", "24", "32", "1", "5", "25", "31", "1", "33", "29", "30", "28", "23", "1", "32", 0, 0, "40", "1", "1", "36", "21", "40", "16", "30", "27", "31", "25", "31", "36", "12", "1", "11", "24", "1", 0, 0], "AVG TOI/SH": ["00:02", "00:47", "00:58", "00:57", "00:44", "00:50", "00:02", "00:33", "00:36", "00:41", "00:02", "00:44", "00:37", "00:52", "00:34", "00:36", "00:02", "00:40", 0, 0, "00:54", "00:02", "00:02", "00:47", "00:38", "00:49", "00:54", "00:41", "00:48", "00:51", "00:49", "00:55", "00:48", "00:41", "00:02", "01:06", "00:40", "00:02", 0, 0], "PP": ["00:00", "04:49", "05:07", "01:18", "02:29", "03:53", "00:00", "00:00", "00:00", "01:04", "00:00", "02:33", "02:12", "04:38", "01:27", "00:00", "00:00", "00:00", 0, "06:05", "02:13", "00:00", "00:00", "01:51", "00:00", "00:13", "00:21", "03:30", "00:13", "03:51", "00:13", "03:51", "01:51", "00:00", "00:00", "02:00", "00:13", "00:00", "04:04", 0], "SH": ["00:00", "01:36", "02:02", "03:23", "00:10", "01:29", "00:00", "00:00", "03:01", "02:25", "00:00", "00:53", "00:10", "00:00", "00:00", "00:00", "00:00", "01:07", 0, "04:04", "05:03", "00:00", "00:00", "01:02", "00:00", "04:22", "00:00", "02:07", "02:06", "01:40", "01:35", "01:45", "01:43", "00:00", "00:00", "00:00", "02:02", "00:00", "06:05", 0], "EV": ["00:02", "27:07", "30:56", "31:01", "15:13", "21:45", "00:02", "02:48", "12:14", "17:59", "00:02", "20:57", "15:56", "21:27", "14:25", "13:55", "00:02", "20:19", 0, "54:51", "28:56", "00:02", "00:02", "25:29", "13:33", "28:27", "14:07", "15:09", "19:32", "20:59", "18:50", "23:19", "25:48", "08:16", "00:02", "10:11", "13:45", "00:02", "54:32", 0], "S": [0, "3", "3", "5", 0, "3", 0, 0, "2", "3", 0, "8", "1", 0, 0, "3", 0, "2", 0, 0, "1", 0, 0, "6", 0, "4", "3", "2", "1", "4", "1", "3", "3", 0, 0, "2", "3", 0, 0, 0], "A/B": [0, 0, "3", "3", "1", "2", 0, 0, "1", "1", 0, "2", 0, 0, "1", 0, 0, "1", 0, 0, "5", 0, 0, "2", "2", "1", "1", 0, "2", 0, "1", "1", "1", 0, 0, 0, 0, 0, 0, 0], "MS": [0, "3", "3", 0, "1", 0, 0, 0, "1", 0, 0, "1", 0, 0, 0, "1", 0, "2", 0, 0, "1", 0, 0, 0, "1", 0, "1", "2", "1", 0, 0, "1", "1", 0, 0, 0, "2", 0, 0, 0], "HT": [0, 0, "1", "1", "1", 0, 0, 0, "2", "1", 0, "4", 0, 0, "2", "1", 0, 0, 0, 0, 0, 0, 0, "2", "5", 0, "1", "3", 0, "3", "2", 0, "2", 0, 0, 0, "2", 0, 0, 0], "GV": [0, 0, "2", "1", 0, 0, 0, 0, "1", 0, 0, "1", 0, 0, 0, 0, 0, 0, 0, 0, "2", 0, 0, "1", 0, 0, "1", "1", 0, 0, 0, "2", "1", 0, 0, "1", 0, 0, 0, 0], "TK": [0, 0, 0, 0, "2", "1", 0, "1", 0, "1", 0, "2", "1", "1", 0, 0, 0, 0, 0, 0, "1", 0, 0, 0, 0, 0, 0, 0, 0, 0, 0, "1", 0, 0, 0, 0, "1", 0, 0, 0], "BS": [0, "1", "4", "1", "1", "1", 0, 0, "2", 0, 0, "1", 0, "1", 0, "2", 0, "2", 0, 0, "3", 0, 0, "2", "2", "2", "1", "1", "1", 0, "1", 0, "2", 0, 0, 0, 0, 0, 0, 0], "FW": [0, 0, 0, 0, 0, "15", "0", 0, 0, "8", 0, "1", "4", 0, 0, "0", 0, 0, 0, 0, 0, "1", 0, 0, "0", 0, "1", "1", "9", "11", "1", "1", 0, 0, 0, 0, "0", 0, 0, 0], "FL": [0, 0, 0, 0, 0, "11", "1", 0, 0, "9", 0, "0", "3", 0, 0, "1", 0, 0, 0, 0, 0, "0", 0, 0, "1", 0, "0", "0", "9", "14", "1", "2", 0, 0, 0, 0, "1", 0, 0, 0], "F%": [0, 0, 0, 0, 0, "58", "0", 0, 0, "47", 0, "100", "57", 0, 0, "0", 0, 0, 0, 0, 0, "100", 0, 0, "0", 0, "100", "100", "50", "44", "50", "33", 0, 0, 0, 0, "0", 0, 0, 0], "team": ["CALGARY FLAMES ", "CALGARY FLAMES ", "CALGARY FLAMES ", "CALGARY FLAMES ", "CALGARY FLAMES ", "CALGARY FLAMES ", "CALGARY FLAMES ", "CALGARY FLAMES ", "CALGARY FLAMES ", "CALGARY FLAMES ", "CALGARY FLAMES ", "CALGARY FLAMES ", "CALGARY FLAMES ", "CALGARY FLAMES ", "CALGARY FLAMES ", "CALGARY FLAMES ", "CALGARY FLAMES ", "CALGARY FLAMES ", "CALGARY FLAMES ", "CALGARY FLAMES ", "VANCOUVER CANUCKS ", "VANCOUVER CANUCKS ", "VANCOUVER CANUCKS ", "VANCOUVER CANUCKS ", "VANCOUVER CANUCKS ", "VANCOUVER CANUCKS ", "VANCOUVER CANUCKS ", "VANCOUVER CANUCKS ", "VANCOUVER CANUCKS ", "VANCOUVER CANUCKS ", "VANCOUVER CANUCKS ", "VANCOUVER CANUCKS ", "VANCOUVER CANUCKS ", "VANCOUVER CANUCKS ", "VANCOUVER CANUCKS ", "VANCOUVER CANUCKS ", "VANCOUVER CANUCKS ", "VANCOUVER CANUCKS ", "VANCOUVER CANUCKS ", "VANCOUVER CANUCKS "], "GA": [0, 0, 0, 0, 0, 0, 0, 0, 0, 0, 0, 0, 0, 0, 0, 0, 0, 0, 0.0, "2", 0, 0, 0, 0, 0, 0, 0, 0, 0, 0, 0, 0, 0, 0, 0, 0, 0, 0, "2", 0], "SA": [0, 0, 0, 0, 0, 0, 0, 0, 0, 0, 0, 0, 0, 0, 0, 0, 0, 0, 0.0, "33", 0, 0, 0, 0, 0, 0, 0, 0, 0, 0, 0, 0, 0, 0, 0, 0, 0, 0, "33", 0]}}