{"game_info": {"date": "2013-12-15", "visitor": "LOS ANGELES KINGS ", "home": "CHICAGO BLACKHAWKS ", "game_id": 503, "status": "final"}, "player_stats": {"number": ["2", "6", "8", "10", "11", "13", "14", "17", "22", "23", "26", "27", "28", "44", "71", "73", "74", "77", "31", "54", "2", "4", "7", "8", "10", "16", "17", "19", "20", "23", "26", "27", "28", "32", "52", "65", "81", "88", "31", "40"], "position": ["D", "D", "D", "C", "C", "L", "R", "L", "C", "L", "D", "D", "C", "D", "C", "C", "L", "C", "G", "G", "D", "D", "D", "D", "R", "C", "D", "C", "L", "R", "C", "D", "R", "D", "L", "C", "R", "R", "G", "G"], "name": ["GREENE, MATT", "MUZZIN, JAKE", "DOUGHTY, DREW", "RICHARDS, MIKE", "KOPITAR, ANZE", "CLIFFORD, KYLE", "WILLIAMS, JUSTIN", "CARCILLO, DANIEL", "LEWIS, TREVOR", "BROWN, DUSTIN", "VOYNOV, SLAVA", "MARTINEZ, ALEC", "STOLL, JARRET", "REGEHR, ROBYN", "NOLAN, JORDAN", "TOFFOLI, TYLER", "KING, DWIGHT", "CARTER, JEFF", "JONES, MARTIN", "SCRIVENS, BEN", "KEITH, DUNCAN", "HJALMARSSON, NIKLAS", "SEABROOK, BRENT", "LEDDY, NICK", "SHARP, PATRICK", "KRUGER, MARCUS", "BROOKBANK, SHELDON", "TOEWS, JONATHAN", "SAAD, BRANDON", "VERSTEEG, KRIS", "HANDZUS, MICHAL", "ODUYA, JOHNNY", "SMITH, BEN", "ROZSIVAL, MICHAL", "BOLLIG, BRANDON", "SHAW, ANDREW", "HOSSA, MARIAN", "KANE, PATRICK", "RAANTA, ANTTI", "SIMPSON, KENT"], "G": [0, 0, 0, 0, 0, 0, 0, 0, 0, 0, 0, "1", 0, 0, 0, 0, 0, 0, 0, 0, 0, 0, 0, 0, "1", 0, 0, 0, 0, "1", 0, 0, 0, 0, 0, 0, "1", 0, 0, 0], "A": ["1", 0, 0, 0, 0, 0, 0, 0, 0, 0, 0, 0, 0, 0, "1", 0, 0, 0, 0, 0, "1", "1", "1", 0, 0, 0, 0, "2", 0, 0, 0, 0, 0, 0, 0, 0, 0, "1", 0, 0], "P": ["1", 0, 0, 0, 0, 0, 0, 0, 0, 0, 0, "1", 0, 0, "1", 0, 0, 0, 0, 0, "1", "1", "1", 0, "1", 0, 0, "2", 0, "1", 0, 0, 0, 0, 0, 0, "1", "1", 0, 0], "+/-": ["+1", "-1", 0, "-1", "-1", 0, 0, "+1", "+1", 0, "-2", "+1", 0, "-1", "+1", 0, "-2", "-2", 0, 0, "+1", 0, "+2", "-1", "-1", 0, 0, 0, 0, "+1", "+1", 0, 0, 0, 0, 0, 0, "+1", 0, 0], "PN": [0, 0, 0, 0, 0, "1", 0, 0, 0, 0, 0, "1", "1", 0, 0, 0, 0, 0, 0, 0, 0, 0, 0, 0, 0, "1", 0, 0, 0, 0, 0, "1", 0, 0, 0, "1", 0, 0, 0, 0], "PIM": [0, 0, 0, 0, 0, "2", 0, 0, 0, 0, 0, "2", "2", 0, 0, 0, 0, 0, 0, 0, 0, 0, 0, 0, 0, "2", 0, 0, 0, 0, 0, "2", 0, 0, 0, "2", 0, 0, 0, 0], "TOT": ["13:01", "20:35", "24:42", "15:31", "20:08", "10:21", "15:26", "11:53", "13:27", "15:14", "22:12", "16:14", "16:04", "20:11", "12:09", "12:16", "18:22", "18:51", 0, "59:10", "20:42", "21:04", "19:25", "18:24", "15:34", "12:33", "10:59", "18:07", "17:53", "13:19", "15:19", "20:09", "12:54", "18:05", "09:33", "16:39", "16:38", "16:47", "60:00", 0], "SHF": ["20", "31", "31", "19", "23", "15", "22", "15", "16", "22", "30", "22", "23", "28", "17", "16", "22", "24", 0, 0, "29", "27", "26", "20", "22", "24", "15", "24", "20", "18", "23", "25", "21", "19", "17", "18", "22", "21", 0, 0], "AVG TOI/SH": ["00:39", "00:39", "00:47", "00:49", "00:52", "00:41", "00:42", "00:47", "00:50", "00:41", "00:44", "00:44", "00:41", "00:43", "00:42", "00:46", "00:50", "00:47", 0, 0, "00:42", "00:46", "00:44", "00:55", "00:42", "00:31", "00:43", "00:45", "00:53", "00:44", "00:39", "00:48", "00:36", "00:57", "00:33", "00:55", "00:45", "00:47", 0, 0], "PP": ["00:00", "00:36", "03:46", "03:25", "03:26", "00:00", "02:14", "00:14", "00:36", "01:54", "02:10", "01:33", "01:54", "00:22", "00:22", "01:27", "02:21", "03:20", 0, "05:56", "02:08", "00:00", "02:10", "01:57", "02:03", "00:12", "00:00", "02:16", "01:45", "01:45", "00:00", "00:08", "00:20", "00:00", "00:12", "02:16", "01:45", "02:08", "04:13", 0], "SH": ["00:23", "01:48", "02:01", "01:18", "02:08", "00:00", "00:00", "00:00", "01:00", "00:00", "01:49", "00:00", "01:42", "02:25", "00:00", "00:00", "01:55", "00:23", 0, "04:13", "03:16", "03:34", "02:25", "00:00", "00:00", "01:40", "00:00", "01:45", "01:03", "00:00", "03:19", "01:45", "01:55", "00:59", "00:20", "00:00", "01:43", "00:00", "05:56", 0], "EV": ["12:38", "18:11", "18:55", "10:48", "14:34", "10:21", "13:12", "11:39", "11:51", "13:20", "18:13", "14:41", "12:28", "17:24", "11:47", "10:49", "14:06", "15:08", 0, "49:01", "15:18", "17:30", "14:50", "16:27", "13:31", "10:41", "10:59", "14:06", "15:05", "11:34", "12:00", "18:16", "10:39", "17:06", "09:01", "14:23", "13:10", "14:39", "49:51", 0], "S": [0, 0, 0, "2", "3", "2", "2", "1", "1", "3", 0, "1", "1", 0, 0, "1", "1", "4", 0, 0, "1", 0, "3", "2", "5", "3", "2", "5", "2", "3", 0, "2", "1", 0, 0, "1", "5", "5", 0, 0], "A/B": [0, "3", "1", 0, "1", 0, "1", "1", "1", 0, "1", 0, 0, 0, "1", 0, 0, "1", 0, 0, "1", 0, 0, "1", "2", 0, 0, 0, 0, "1", 0, 0, 0, 0, 0, "1", "1", 0, 0, 0], "MS": [0, 0, "2", 0, "1", 0, "1", 0, 0, 0, "1", 0, 0, 0, 0, 0, 0, "1", 0, 0, "1", 0, 0, 0, "2", 0, 0, "1", "1", "1", 0, 0, 0, 0, "1", "1", "1", 0, 0, 0], "HT": ["2", "5", "1", 0, "1", "3", "1", "3", "1", "2", 0, 0, "3", "6", 0, "1", "1", 0, 0, 0, 0, 0, "4", 0, 0, 0, "2", 0, 0, 0, "2", "1", 0, "3", "1", "4", 0, 0, 0, 0], "GV": [0, 0, "1", 0, 0, 0, "1", 0, 0, 0, 0, 0, 0, "1", 0, 0, 0, 0, 0, 0, 0, "4", 0, 0, "1", "1", 0, 0, 0, 0, 0, 0, 0, 0, 0, "1", 0, 0, "1", 0], "TK": [0, 0, 0, 0, "1", "1", "1", 0, 0, 0, "2", 0, 0, 0, 0, 0, "1", 0, 0, 0, 0, 0, 0, 0, "1", "1", 0, "5", "1", "1", 0, 0, "1", 0, "1", "1", "1", "1", 0, 0], "BS": [0, "1", "3", 0, 0, 0, 0, 0, "1", 0, 0, "1", 0, "1", 0, 0, 0, 0, 0, 0, "2", "2", 0, 0, 0, 0, 0, 0, 0, "1", "2", "1", "1", 0, "1", "1", 0, 0, 0, 0], "FW": [0, 0, 0, "9", "5", 0, "0", 0, "5", 0, 0, 0, "11", 0, 0, 0, 0, "1", 0, 0, 0, 0, 0, 0, "1", "4", 0, "10", "0", "0", "6", 0, "0", 0, 0, "3", 0, 0, 0, 0], "FL": [0, 0, 0, "3", "6", 0, "1", 0, "4", 0, 0, 0, "5", 0, 0, 0, 0, "5", 0, 0, 0, 0, 0, 0, "1", "3", 0, "3", "4", "1", "9", 0, "5", 0, 0, "5", 0, 0, 0, 0], "F%": [0, 0, 0, "75", "45", 0, "0", 0, "56", 0, 0, 0, "69", 0, 0, 0, 0, "17", 0, 0, 0, 0, 0, 0, "50", "57", 0, "77", "0", "0", "40", 0, "0", 0, 0, "38", 0, 0, 0, 0], "team": ["LOS ANGELES KINGS ", "LOS ANGELES KINGS ", "LOS ANGELES KINGS ", "LOS ANGELES KINGS ", "LOS ANGELES KINGS ", "LOS ANGELES KINGS ", "LOS ANGELES KINGS ", "LOS ANGELES KINGS ", "LOS ANGELES KINGS ", "LOS ANGELES KINGS ", "LOS ANGELES KINGS ", "LOS ANGELES KINGS ", "LOS ANGELES KINGS ", "LOS ANGELES KINGS ", "LOS ANGELES KINGS ", "LOS ANGELES KINGS ", "LOS ANGELES KINGS ", "LOS ANGELES KINGS ", "LOS ANGELES KINGS ", "LOS ANGELES KINGS ", "CHICAGO BLACKHAWKS ", "CHICAGO BLACKHAWKS ", "CHICAGO BLACKHAWKS ", "CHICAGO BLACKHAWKS ", "CHICAGO BLACKHAWKS ", "CHICAGO BLACKHAWKS ", "CHICAGO BLACKHAWKS ", "CHICAGO BLACKHAWKS ", "CHICAGO BLACKHAWKS ", "CHICAGO BLACKHAWKS ", "CHICAGO BLACKHAWKS ", "CHICAGO BLACKHAWKS ", "CHICAGO BLACKHAWKS ", "CHICAGO BLACKHAWKS ", "CHICAGO BLACKHAWKS ", "CHICAGO BLACKHAWKS ", "CHICAGO BLACKHAWKS ", "CHICAGO BLACKHAWKS ", "CHICAGO BLACKHAWKS ", "CHICAGO BLACKHAWKS "], "GA": [0, 0, 0, 0, 0, 0, 0, 0, 0, 0, 0, 0, 0, 0, 0, 0, 0, 0, 0.0, "3", 0, 0, 0, 0, 0, 0, 0, 0, 0, 0, 0, 0, 0, 0, 0, 0, 0, 0, "1", 0], "SA": [0, 0, 0, 0, 0, 0, 0, 0, 0, 0, 0, 0, 0, 0, 0, 0, 0, 0, 0.0, "40", 0, 0, 0, 0, 0, 0, 0, 0, 0, 0, 0, 0, 0, 0, 0, 0, 0, 0, "22", 0]}}