{"game_info": {"date": "2014-03-25", "visitor": "OTTAWA SENATORS ", "home": "FLORIDA PANTHERS ", "game_id": 1084, "status": "final"}, "player_stats": {"number": ["2", "3", "5", "7", "9", "14", "15", "16", "19", "22", "25", "28", "46", "61", "62", "65", "68", "83", "40", "41", "4", "7", "12", "14", "17", "19", "20", "21", "23", "24", "27", "42", "47", "51", "55", "67", "73", "77", "1", "39"], "position": ["D", "D", "D", "C", "L", "C", "C", "L", "C", "R", "R", "L", "D", "R", "D", "D", "C", "R", "G", "G", "D", "D", "R", "L", "C", "R", "L", "R", "C", "R", "C", "C", "D", "D", "D", "C", "C", "D", "G", "G"], "name": ["COWEN, JARED", "METHOT, MARC", "CECI, CODY", "TURRIS, KYLE", "MICHALEK, MILAN", "GREENING, COLIN", "SMITH, ZACK", "MACARTHUR, CLARKE", "SPEZZA, JASON", "CONDRA, ERIK", "NEIL, CHRIS", "KASSIAN, MATT", "WIERCIOCH, PATRICK", "STONE, MARK", "GRYBA, ERIC", "KARLSSON, ERIK", "HOFFMAN, MIKE", "HEMSKY, ALES", "LEHNER, ROBIN", "ANDERSON, CRAIG", "OLSEN, DYLAN", "KULIKOV, DMITRY", "HAYES, JIMMY", "FLEISCHMANN, TOMAS", "WINCHESTER, JESSE", "UPSHALL, SCOTTIE", "BERGENHEIM, SEAN", "BARCH, KRYS", "GOMEZ, SCOTT", "BOYES, BRAD", "BJUGSTAD, NICK", "HOWDEN, QUINTON", "ROBAK, COLBY", "CAMPBELL, BRIAN", "JOVANOVSKI, ED", "TROCHECK, VINCENT", "PIRRI, BRANDON", "GILBERT, TOM", "LUONGO, ROBERTO", "ELLIS, DAN"], "G": [0, 0, 0, 0, 0, 0, 0, "1", 0, 0, 0, 0, 0, "1", 0, 0, 0, 0, 0, 0, 0, 0, 0, 0, 0, 0, "1", 0, 0, 0, 0, 0, 0, 0, 0, "1", 0, 0, 0, 0], "A": [0, 0, 0, "2", 0, 0, 0, 0, 0, 0, 0, 0, "1", 0, 0, "1", 0, 0, 0, 0, 0, 0, 0, "1", 0, "1", 0, 0, 0, 0, "1", 0, 0, "1", 0, 0, 0, 0, 0, 0], "P": [0, 0, 0, "2", 0, 0, 0, "1", 0, 0, 0, 0, "1", "1", 0, "1", 0, 0, 0, 0, 0, 0, 0, "1", 0, "1", "1", 0, 0, 0, "1", 0, 0, "1", 0, "1", 0, 0, 0, 0], "+/-": [0, 0, "-1", "+1", "-1", "-1", "-1", "+1", "-1", 0, "-1", 0, "-1", "+1", 0, 0, 0, "-1", 0, 0, "+2", 0, "-1", "+1", 0, "+1", "+1", "-1", "-1", "+1", "+1", 0, "+1", "+1", "-1", "+1", 0, "-1", 0, 0], "PN": [0, 0, 0, 0, "1", 0, 0, 0, 0, 0, 0, "1", "1", 0, 0, 0, 0, 0, 0, 0, 0, "1", 0, 0, 0, "1", 0, "1", 0, 0, 0, 0, 0, 0, 0, 0, 0, 0, 0, 0], "PIM": [0, 0, 0, 0, "2", 0, 0, 0, 0, 0, 0, "5", "2", 0, 0, 0, 0, 0, 0, 0, 0, "2", 0, 0, 0, "2", 0, "5", 0, 0, 0, 0, 0, 0, 0, 0, 0, 0, 0, 0], "TOT": ["22:33", "25:55", "16:41", "21:39", "19:22", "10:34", "18:06", "20:52", "21:07", "09:49", "12:33", "04:16", "15:23", "18:32", "21:22", "26:57", "11:15", "19:04", "65:00", 0, "15:51", "26:40", "10:20", "17:59", "13:54", "16:37", "19:50", "04:22", "12:07", "19:59", "20:55", "14:48", "17:20", "28:03", "20:19", "21:42", "15:41", "20:56", "64:57", 0], "SHF": ["30", "33", "22", "30", "27", "16", "28", "28", "28", "17", "19", "8", "23", "26", "29", "32", "16", "27", 0, 0, "27", "33", "16", "27", "21", "23", "25", "8", "22", "25", "27", "21", "28", "36", "27", "29", "21", "27", 0, 0], "AVG TOI/SH": ["00:45", "00:47", "00:45", "00:43", "00:43", "00:39", "00:38", "00:44", "00:45", "00:34", "00:39", "00:32", "00:40", "00:42", "00:44", "00:50", "00:42", "00:42", 0, 0, "00:35", "00:48", "00:38", "00:39", "00:39", "00:43", "00:47", "00:32", "00:33", "00:47", "00:46", "00:42", "00:37", "00:46", "00:45", "00:44", "00:44", "00:46", 0, 0], "PP": ["00:00", "00:00", "01:16", "01:16", "01:24", "00:00", "00:00", "01:16", "01:24", "00:00", "00:00", "00:00", "01:16", "01:16", "00:00", "01:24", "01:24", "01:24", "02:40", 0, "00:00", "01:45", "01:07", "00:53", "00:00", "00:00", "01:53", "00:00", "00:17", "00:53", "01:53", "00:00", "00:00", "02:28", "01:00", "02:07", "01:50", "01:54", "04:00", 0], "SH": ["02:54", "01:06", "01:01", "00:46", "00:00", "00:00", "02:27", "00:37", "00:00", "01:42", "00:00", "00:00", "00:00", "00:28", "02:59", "00:00", "00:00", "00:00", "04:00", 0, "00:15", "00:25", "00:00", "01:34", "00:45", "00:00", "00:00", "00:00", "00:00", "00:21", "00:00", "00:29", "00:30", "02:00", "01:49", "02:11", "00:00", "00:21", "02:40", 0], "EV": ["19:39", "24:49", "14:24", "19:37", "17:58", "10:34", "15:39", "18:59", "19:43", "08:07", "12:33", "04:16", "14:07", "16:48", "18:23", "25:33", "09:51", "17:40", "58:20", 0, "15:36", "24:30", "09:13", "15:32", "13:09", "16:37", "17:57", "04:22", "11:50", "18:45", "19:02", "14:19", "16:50", "23:35", "17:30", "17:24", "13:51", "18:41", "58:17", 0], "S": ["1", "3", "4", "4", "3", "1", 0, "3", "4", "2", "2", 0, "2", "2", "2", "1", "4", "1", 0, 0, "2", "1", "1", "2", "4", "2", "6", 0, "1", "1", "8", "1", "1", "1", "3", "4", "2", "1", 0, 0], "A/B": [0, 0, 0, 0, 0, 0, "1", "1", "2", 0, 0, 0, "1", 0, "1", "2", 0, "1", 0, 0, "2", 0, 0, 0, "1", "1", 0, 0, 0, "1", "2", "1", 0, 0, 0, "2", 0, 0, 0, 0], "MS": ["1", 0, 0, "2", 0, "1", "1", "1", "3", "1", 0, 0, "1", "4", 0, "1", 0, "1", 0, 0, 0, "1", 0, "1", 0, 0, "4", 0, 0, "2", "2", "1", 0, "1", 0, "2", "2", "3", 0, 0], "HT": ["4", "4", "3", 0, "3", "4", 0, "1", 0, 0, "1", "3", "4", "1", "3", "2", 0, 0, 0, 0, "3", "3", "2", "1", 0, 0, 0, "1", 0, "1", "1", "4", 0, 0, "1", "1", "1", "1", 0, 0], "GV": [0, 0, 0, 0, 0, 0, 0, 0, 0, 0, 0, 0, 0, 0, 0, "2", 0, 0, 0, 0, 0, 0, 0, "1", 0, 0, 0, 0, 0, 0, 0, 0, 0, 0, 0, 0, 0, 0, 0, 0], "TK": [0, 0, 0, "1", 0, 0, 0, 0, "1", 0, 0, 0, 0, 0, 0, "1", 0, 0, 0, 0, 0, "1", "1", 0, 0, "1", 0, 0, 0, 0, 0, 0, 0, 0, "1", "3", "1", 0, 0, 0], "BS": ["2", "2", 0, "2", 0, 0, 0, 0, 0, 0, "1", "1", 0, 0, "1", "1", 0, 0, 0, 0, "2", "2", 0, 0, 0, "1", "1", 0, 0, 0, 0, 0, 0, "2", "1", 0, 0, 0, 0, 0], "FW": [0, 0, 0, "12", 0, 0, "14", 0, "9", 0, 0, 0, 0, 0, 0, 0, "1", 0, 0, 0, 0, 0, 0, 0, "0", 0, 0, 0, "5", 0, "12", "0", 0, 0, 0, "5", "3", 0, 0, 0], "FL": [0, 0, 0, "7", 0, 0, "8", 0, "7", 0, 0, 0, 0, 0, 0, 0, "3", 0, 0, 0, 0, 0, 0, 0, "4", 0, 0, 0, "5", 0, "7", "1", 0, 0, 0, "14", "5", 0, 0, 0], "F%": [0, 0, 0, "63", 0, 0, "64", 0, "56", 0, 0, 0, 0, 0, 0, 0, "25", 0, 0, 0, 0, 0, 0, 0, "0", 0, 0, 0, "50", 0, "63", "0", 0, 0, 0, "26", "38", 0, 0, 0], "team": ["OTTAWA SENATORS ", "OTTAWA SENATORS ", "OTTAWA SENATORS ", "OTTAWA SENATORS ", "OTTAWA SENATORS ", "OTTAWA SENATORS ", "OTTAWA SENATORS ", "OTTAWA SENATORS ", "OTTAWA SENATORS ", "OTTAWA SENATORS ", "OTTAWA SENATORS ", "OTTAWA SENATORS ", "OTTAWA SENATORS ", "OTTAWA SENATORS ", "OTTAWA SENATORS ", "OTTAWA SENATORS ", "OTTAWA SENATORS ", "OTTAWA SENATORS ", "OTTAWA SENATORS ", "OTTAWA SENATORS ", "FLORIDA PANTHERS ", "FLORIDA PANTHERS ", "FLORIDA PANTHERS ", "FLORIDA PANTHERS ", "FLORIDA PANTHERS ", "FLORIDA PANTHERS ", "FLORIDA PANTHERS ", "FLORIDA PANTHERS ", "FLORIDA PANTHERS ", "FLORIDA PANTHERS ", "FLORIDA PANTHERS ", "FLORIDA PANTHERS ", "FLORIDA PANTHERS ", "FLORIDA PANTHERS ", "FLORIDA PANTHERS ", "FLORIDA PANTHERS ", "FLORIDA PANTHERS ", "FLORIDA PANTHERS ", "FLORIDA PANTHERS ", "FLORIDA PANTHERS "], "GA": [0, 0, 0, 0, 0, 0, 0, 0, 0, 0, 0, 0, 0, 0, 0, 0, 0, 0, "2", 0, 0, 0, 0, 0, 0, 0, 0, 0, 0, 0, 0, 0, 0, 0, 0, 0, 0, 0, "2", 0], "SA": [0, 0, 0, 0, 0, 0, 0, 0, 0, 0, 0, 0, 0, 0, 0, 0, 0, 0, "41", 0, 0, 0, 0, 0, 0, 0, 0, 0, 0, 0, 0, 0, 0, 0, 0, 0, 0, 0, "39", 0]}}