{"game_info": {"date": "2013-12-31", "visitor": "SAN JOSE SHARKS ", "home": "ANAHEIM DUCKS ", "game_id": 607, "status": "final"}, "player_stats": {"number": ["5", "7", "8", "10", "12", "15", "18", "19", "22", "38", "39", "44", "52", "61", "75", "81", "83", "88", "31", "32", "4", "6", "7", "8", "10", "11", "13", "15", "21", "22", "23", "33", "34", "39", "45", "47", "55", "62", "1", "31"], "position": ["D", "D", "C", "C", "C", "C", "R", "C", "D", "C", "C", "D", "D", "D", "C", "C", "L", "R", "G", "G", "D", "D", "C", "R", "R", "C", "C", "C", "C", "C", "D", "R", "C", "L", "D", "D", "D", "L", "G", "G"], "name": ["DEMERS, JASON", "STUART, BRAD", "PAVELSKI, JOE", "DESJARDINS, ANDREW", "MARLEAU, PATRICK", "SHEPPARD, JAMES", "BROWN, MIKE", "THORNTON, JOE", "BOYLE, DAN", "KEARNS, BRACKEN", "COUTURE, LOGAN", "VLASIC, MARC-EDOUARD", "IRWIN, MATT", "BRAUN, JUSTIN", "HAMILTON, FREDDIE", "KENNEDY, TYLER", "NIETO, MATT", "BURNS, BRENT", "NIEMI, ANTTI", "STALOCK, ALEX", "FOWLER, CAM", "LOVEJOY, BEN", "COGLIANO, ANDREW", "SELANNE, TEEMU", "PERRY, COREY", "KOIVU, SAKU", "BONINO, NICK", "GETZLAF, RYAN", "PALMIERI, KYLE", "PERREAULT, MATHIEU", "BEAUCHEMIN, FRANCOIS", "SILFVERBERG, JAKOB", "WINNIK, DANIEL", "BELESKEY, MATT", "VATANEN, SAMI", "LINDHOLM, HAMPUS", "ALLEN, BRYAN", "MAROON, PATRICK", "HILLER, JONAS", "ANDERSEN, FREDERIK"], "G": [0, 0, 0, 0, 0, 0, 0, 0, "1", "1", "1", 0, 0, 0, 0, 0, 0, 0, 0, 0, 0, 0, "1", 0, 0, 0, "1", "1", "1", 0, "1", 0, 0, "1", 0, 0, 0, 0, 0, 0], "A": [0, 0, "1", 0, "1", 0, 0, "1", 0, 0, 0, "1", "1", 0, 0, 0, "1", 0, 0, 0, "2", 0, 0, 0, "1", "1", "1", "2", 0, 0, 0, "1", 0, "1", 0, 0, 0, 0, 0, 0], "P": [0, 0, "1", 0, "1", 0, 0, "1", "1", "1", "1", "1", "1", 0, 0, 0, "1", 0, 0, 0, "2", 0, "1", 0, "1", "1", "2", "3", "1", 0, "1", "1", 0, "2", 0, 0, 0, 0, 0, 0], "+/-": ["-2", 0, "-2", "-1", "-1", "-1", "-1", "-2", "-2", "-1", 0, "-2", "-1", 0, "-2", "-3", 0, 0, 0, 0, "+2", "+2", 0, "+1", "+1", 0, "+2", "+2", "+2", 0, "+2", "+2", 0, "+2", 0, 0, "+2", 0, 0, 0], "PN": [0, 0, 0, 0, 0, "1", "1", "1", 0, 0, 0, 0, "1", 0, 0, 0, "1", 0, 0, 0, 0, 0, 0, 0, "1", 0, 0, 0, 0, 0, "1", 0, "1", "3", 0, 0, 0, "1", 0, 0], "PIM": [0, 0, 0, 0, 0, "2", "5", "2", 0, 0, 0, 0, "2", 0, 0, 0, "2", 0, 0, 0, 0, 0, 0, 0, "2", 0, 0, 0, 0, 0, "2", 0, "2", "6", 0, 0, 0, "5", 0, 0], "TOT": ["16:33", "21:15", "19:20", "12:16", "18:24", "15:54", "10:42", "18:39", "22:58", "10:54", "17:59", "15:48", "18:07", "20:35", "10:27", "11:47", "15:56", "15:36", "41:06", "18:46", "22:25", "16:28", "13:01", "13:43", "17:41", "13:13", "16:07", "19:41", "11:10", "12:53", "23:25", "16:51", "13:28", "11:52", "17:32", "18:49", "18:55", "12:10", "60:00", 0], "SHF": ["25", "22", "28", "15", "25", "19", "15", "30", "26", "19", "27", "22", "25", "23", "14", "14", "26", "26", 0, 0, "31", "26", "21", "14", "23", "20", "21", "27", "16", "14", "28", "23", "20", "16", "23", "22", "27", "13", 0, 0], "AVG TOI/SH": ["00:39", "00:57", "00:41", "00:49", "00:44", "00:50", "00:42", "00:37", "00:53", "00:34", "00:39", "00:43", "00:43", "00:53", "00:44", "00:50", "00:36", "00:36", 0, 0, "00:43", "00:38", "00:37", "00:58", "00:46", "00:39", "00:46", "00:43", "00:41", "00:55", "00:50", "00:43", "00:40", "00:44", "00:45", "00:51", "00:42", "00:56", 0, 0], "PP": ["01:09", "00:00", "04:59", "00:00", "05:04", "00:00", "00:00", "05:04", "05:25", "01:54", "05:04", "00:05", "01:54", "00:24", "00:00", "00:00", "01:54", "01:54", "02:50", "04:08", "02:37", "00:00", "00:00", "00:43", "02:37", "00:00", "02:37", "02:37", "00:00", "00:43", "00:41", "02:25", "00:00", "00:43", "00:13", "00:30", "00:13", "00:00", "03:20", 0], "SH": ["00:56", "02:30", "01:26", "00:20", "01:26", "00:02", "00:22", "00:08", "00:00", "00:00", "01:24", "00:50", "00:00", "02:24", "00:00", "00:00", "01:23", "00:08", "02:58", "00:22", "02:25", "01:08", "01:27", "00:00", "00:38", "01:47", "01:50", "03:29", "00:00", "00:00", "05:50", "02:10", "02:35", "00:00", "00:00", "00:25", "04:08", "00:00", "06:58", 0], "EV": ["14:28", "18:45", "12:55", "11:56", "11:54", "15:52", "10:20", "13:27", "17:33", "09:00", "11:31", "14:53", "16:13", "17:47", "10:27", "11:47", "12:39", "13:34", "35:18", "14:16", "17:23", "15:20", "11:34", "13:00", "14:26", "11:26", "11:40", "13:35", "11:10", "12:10", "16:54", "12:16", "10:53", "11:09", "17:19", "17:54", "14:34", "12:10", "49:42", 0], "S": [0, "1", "2", "1", "6", "3", "1", "3", "2", "3", "3", 0, "1", "2", "1", "2", "2", "3", 0, 0, 0, "1", "2", "1", "4", "1", "1", "6", "1", "2", "4", "4", "2", "2", "1", 0, "2", "4", 0, 0], "A/B": [0, "1", "1", 0, "2", 0, 0, "1", "1", "1", 0, "1", "4", "1", "1", 0, "1", 0, 0, 0, "2", "3", 0, 0, "1", 0, 0, "1", "3", 0, 0, 0, 0, "1", 0, 0, 0, 0, 0, 0], "MS": [0, "2", "1", 0, "2", 0, "1", 0, 0, 0, "2", "3", 0, "2", 0, 0, 0, "1", 0, 0, "1", 0, "1", 0, 0, 0, 0, 0, "1", 0, 0, 0, 0, "1", 0, 0, 0, 0, 0, 0], "HT": ["1", 0, 0, "1", 0, 0, 0, 0, "1", "2", 0, "1", "1", "1", "3", 0, 0, "1", 0, 0, "2", 0, 0, 0, "2", "2", 0, "2", "3", "3", "1", 0, 0, "2", "4", "2", "2", "2", 0, 0], "GV": [0, 0, 0, 0, 0, 0, 0, "1", 0, 0, 0, 0, "1", 0, 0, "1", 0, 0, 0, 0, "1", 0, "1", 0, 0, "1", "2", 0, 0, 0, "1", 0, 0, "1", 0, "1", 0, 0, 0, 0], "TK": [0, 0, 0, 0, 0, 0, 0, 0, 0, 0, 0, 0, 0, 0, 0, 0, 0, 0, 0, 0, 0, 0, 0, 0, 0, 0, "1", 0, 0, 0, 0, 0, 0, 0, 0, 0, 0, 0, 0, 0], "BS": ["2", "1", "2", 0, 0, 0, 0, 0, "1", 0, 0, 0, "2", "3", 0, 0, 0, 0, 0, 0, 0, "2", "1", 0, 0, 0, 0, "3", "2", 0, "1", "1", "1", 0, 0, "3", "1", 0, 0, 0], "FW": [0, 0, "5", "8", "1", "0", 0, "7", 0, "1", "7", 0, 0, 0, "1", "0", "0", "0", 0, 0, 0, 0, 0, "1", 0, "8", "5", "6", "2", "7", 0, "0", "1", 0, 0, 0, 0, "2", 0, 0], "FL": [0, 0, "2", "6", "0", "1", 0, "6", 0, "3", "8", 0, 0, 0, "2", "2", "1", "1", 0, 0, 0, 0, 0, "0", 0, "5", "7", "13", "0", "4", 0, "1", "0", 0, 0, 0, 0, "0", 0, 0], "F%": [0, 0, "71", "57", "100", "0", 0, "54", 0, "25", "47", 0, 0, 0, "33", "0", "0", "0", 0, 0, 0, 0, 0, "100", 0, "62", "42", "32", "100", "64", 0, "0", "100", 0, 0, 0, 0, "100", 0, 0], "team": ["SAN JOSE SHARKS ", "SAN JOSE SHARKS ", "SAN JOSE SHARKS ", "SAN JOSE SHARKS ", "SAN JOSE SHARKS ", "SAN JOSE SHARKS ", "SAN JOSE SHARKS ", "SAN JOSE SHARKS ", "SAN JOSE SHARKS ", "SAN JOSE SHARKS ", "SAN JOSE SHARKS ", "SAN JOSE SHARKS ", "SAN JOSE SHARKS ", "SAN JOSE SHARKS ", "SAN JOSE SHARKS ", "SAN JOSE SHARKS ", "SAN JOSE SHARKS ", "SAN JOSE SHARKS ", "SAN JOSE SHARKS ", "SAN JOSE SHARKS ", "ANAHEIM DUCKS ", "ANAHEIM DUCKS ", "ANAHEIM DUCKS ", "ANAHEIM DUCKS ", "ANAHEIM DUCKS ", "ANAHEIM DUCKS ", "ANAHEIM DUCKS ", "ANAHEIM DUCKS ", "ANAHEIM DUCKS ", "ANAHEIM DUCKS ", "ANAHEIM DUCKS ", "ANAHEIM DUCKS ", "ANAHEIM DUCKS ", "ANAHEIM DUCKS ", "ANAHEIM DUCKS ", "ANAHEIM DUCKS ", "ANAHEIM DUCKS ", "ANAHEIM DUCKS ", "ANAHEIM DUCKS ", "ANAHEIM DUCKS "], "GA": [0, 0, 0, 0, 0, 0, 0, 0, 0, 0, 0, 0, 0, 0, 0, 0, 0, 0, "5", "1", 0, 0, 0, 0, 0, 0, 0, 0, 0, 0, 0, 0, 0, 0, 0, 0, 0, 0, "3", 0], "SA": [0, 0, 0, 0, 0, 0, 0, 0, 0, 0, 0, 0, 0, 0, 0, 0, 0, 0, "34", "4", 0, 0, 0, 0, 0, 0, 0, 0, 0, 0, 0, 0, 0, 0, 0, 0, 0, 0, "36", 0]}}