{"game_info": {"date": "2013-11-16", "visitor": "CHICAGO BLACKHAWKS ", "home": "NASHVILLE PREDATORS ", "game_id": 299, "status": "final"}, "player_stats": {"number": ["2", "4", "7", "8", "10", "16", "17", "19", "20", "23", "27", "28", "29", "32", "37", "52", "65", "88", "39", "50", "3", "4", "6", "7", "8", "11", "12", "13", "15", "16", "25", "26", "27", "28", "33", "57", "59", "64", "30", "39"], "position": ["D", "D", "D", "D", "R", "C", "D", "C", "L", "R", "D", "R", "L", "D", "C", "L", "C", "R", "G", "G", "D", "D", "D", "C", "D", "C", "C", "C", "C", "L", "L", "C", "R", "C", "C", "L", "D", "D", "G", "G"], "name": ["KEITH, DUNCAN", "HJALMARSSON, NIKLAS", "SEABROOK, BRENT", "LEDDY, NICK", "SHARP, PATRICK", "KRUGER, MARCUS", "BROOKBANK, SHELDON", "TOEWS, JONATHAN", "SAAD, BRANDON", "VERSTEEG, KRIS", "ODUYA, JOHNNY", "SMITH, BEN", "BICKELL, BRYAN", "ROZSIVAL, MICHAL", "PIRRI, BRANDON", "BOLLIG, BRANDON", "SHAW, ANDREW", "KANE, PATRICK", "KHABIBULIN, NIKOLAI", "CRAWFORD, COREY", "JONES, SETH", "ELLIS, RYAN", "WEBER, SHEA", "CULLEN, MATT", "KLEIN, KEVIN", "LEGWAND, DAVID", "FISHER, MIKE", "SPALING, NICK", "SMITH, CRAIG", "CLUNE, RICH", "STALBERG, VIKTOR", "HENDRICKS, MATT", "HORNQVIST, PATRIC", "GAUSTAD, PAUL", "WILSON, COLIN", "BOURQUE, GABRIEL", "JOSI, ROMAN", "BARTLEY, VICTOR", "HUTTON, CARTER", "MAZANEC, MAREK"], "G": [0, 0, 0, 0, 0, 0, 0, 0, 0, 0, 0, 0, 0, 0, "1", 0, 0, "1", 0, 0, 0, 0, "1", "1", 0, 0, "1", "1", "1", 0, "1", 0, "1", 0, 0, 0, 0, 0, 0, 0], "A": ["1", 0, "1", 0, 0, 0, 0, 0, 0, "1", 0, 0, 0, 0, 0, "1", 0, 0, 0, 0, "1", "1", "1", "1", 0, "2", 0, 0, "2", 0, 0, 0, "1", 0, 0, "1", "2", 0, 0, 0], "P": ["1", 0, "1", 0, 0, 0, 0, 0, 0, "1", 0, 0, 0, 0, "1", "1", 0, "1", 0, 0, "1", "1", "2", "2", 0, "2", "1", "1", "3", 0, "1", 0, "2", 0, 0, "1", "2", 0, 0, 0], "+/-": ["-1", "-1", 0, "-2", "-1", "-3", "-1", "-1", 0, "-1", 0, "-3", "-2", "-2", "+2", "+1", "-1", "+1", 0, 0, 0, "+4", 0, "+1", "-1", 0, 0, "+1", "+2", 0, "+1", 0, "+1", 0, "+1", "+2", 0, "+3", 0, 0], "PN": [0, 0, 0, 0, 0, 0, "2", 0, 0, "1", 0, 0, "1", 0, "1", "1", 0, 0, 0, 0, 0, 0, "1", 0, 0, "1", 0, 0, "1", "1", 0, 0, 0, 0, 0, 0, 0, "1", 0, 0], "PIM": [0, 0, 0, 0, 0, 0, "7", 0, 0, "2", 0, 0, "2", 0, "2", "2", 0, 0, 0, 0, 0, 0, "2", 0, 0, "2", 0, 0, "2", "5", 0, 0, 0, 0, 0, 0, 0, "2", 0, 0], "TOT": ["22:17", "17:04", "19:13", "21:08", "16:47", "12:51", "06:59", "19:29", "16:39", "14:00", "16:46", "09:23", "13:50", "18:55", "17:22", "09:49", "19:30", "20:48", "15:23", "44:27", "19:57", "15:25", "23:28", "15:01", "20:20", "17:36", "17:43", "16:29", "14:25", "07:22", "11:27", "14:10", "15:24", "14:15", "12:51", "14:33", "24:45", "16:49", 0, "60:00"], "SHF": ["29", "26", "30", "25", "20", "24", "9", "24", "26", "22", "25", "13", "21", "24", "28", "16", "24", "25", 0, 0, "26", "19", "26", "21", "25", "23", "26", "24", "20", "12", "18", "21", "23", "21", "20", "23", "25", "22", 0, 0], "AVG TOI/SH": ["00:46", "00:39", "00:38", "00:50", "00:50", "00:32", "00:46", "00:48", "00:38", "00:38", "00:40", "00:43", "00:39", "00:47", "00:37", "00:36", "00:48", "00:49", 0, 0, "00:46", "00:48", "00:54", "00:42", "00:48", "00:45", "00:40", "00:41", "00:43", "00:36", "00:38", "00:40", "00:40", "00:40", "00:38", "00:37", "00:59", "00:45", 0, 0], "PP": ["04:26", "00:00", "02:59", "02:59", "04:26", "00:00", "00:03", "04:44", "02:41", "02:38", "00:00", "00:00", "00:00", "00:00", "02:17", "00:00", "04:44", "05:08", "01:25", "06:00", "02:06", "01:23", "04:54", "02:07", "00:19", "04:24", "04:44", "00:14", "01:52", "00:00", "00:00", "00:00", "04:44", "00:00", "01:38", "00:05", "04:30", "00:00", 0, "06:36"], "SH": ["02:20", "04:04", "02:27", "00:05", "00:00", "03:20", "00:00", "02:30", "01:35", "00:29", "04:11", "00:23", "00:00", "00:05", "00:00", "00:50", "03:56", "00:00", "03:16", "03:20", "02:49", "00:00", "03:28", "00:48", "03:04", "00:05", "02:37", "02:38", "00:00", "00:00", "00:00", "03:28", "00:00", "04:18", "00:00", "00:56", "04:36", "00:53", 0, "07:25"], "EV": ["15:31", "13:00", "13:47", "18:04", "12:21", "09:31", "06:56", "12:15", "12:23", "10:53", "12:35", "09:00", "13:50", "18:50", "15:05", "08:59", "10:50", "15:40", "10:42", "35:07", "15:02", "14:02", "15:06", "12:06", "16:57", "13:07", "10:22", "13:37", "12:33", "07:22", "11:27", "10:42", "10:40", "09:57", "11:13", "13:32", "15:39", "15:56", 0, "45:59"], "S": ["2", "2", "4", "3", "3", "2", 0, "2", "3", "4", "1", "2", "4", "1", "3", "2", 0, "3", 0, 0, 0, "2", "3", "1", "1", "3", "3", "1", "2", 0, "2", "1", "6", "1", "1", "2", "1", 0, 0, 0], "A/B": ["3", 0, "2", 0, "2", 0, 0, "1", "2", 0, 0, 0, 0, 0, "2", 0, "1", "3", 0, 0, 0, "1", 0, 0, 0, 0, 0, 0, "1", "1", "1", 0, "1", 0, 0, 0, "2", 0, 0, 0], "MS": ["1", "1", 0, 0, "4", 0, 0, "2", 0, "1", 0, "1", "1", "1", "3", 0, "2", "2", 0, 0, 0, 0, "3", "1", 0, "1", "1", 0, 0, "1", 0, 0, 0, 0, 0, 0, 0, 0, 0, 0], "HT": [0, 0, "1", 0, "1", 0, "1", "1", 0, "1", 0, 0, "1", "1", "1", "2", "2", 0, 0, 0, "2", 0, "3", 0, "3", 0, 0, 0, 0, "2", "1", "1", "1", "4", 0, "2", "1", 0, 0, 0], "GV": ["2", "2", 0, 0, 0, "1", 0, 0, 0, "1", 0, 0, 0, "1", 0, 0, 0, 0, "1", 0, "2", "2", 0, 0, "1", "1", 0, 0, 0, 0, 0, 0, "1", 0, "1", "1", 0, 0, 0, "1"], "TK": ["1", 0, "2", 0, "1", 0, 0, 0, "1", 0, 0, 0, 0, 0, "2", 0, "1", "1", 0, 0, "1", "1", 0, "1", 0, 0, "1", "1", 0, 0, "2", 0, 0, 0, 0, "2", 0, 0, 0, 0], "BS": ["2", 0, 0, "1", 0, "1", 0, "1", 0, 0, "1", "1", 0, 0, 0, 0, 0, 0, 0, 0, "5", 0, "3", 0, "1", 0, "1", 0, "1", 0, 0, "1", 0, 0, "1", 0, "2", "1", 0, 0], "FW": [0, 0, 0, 0, 0, "7", 0, "9", 0, "1", 0, "1", 0, 0, "3", 0, "3", 0, 0, 0, 0, 0, 0, "9", 0, "12", "9", "1", 0, 0, 0, "0", 0, "12", 0, 0, 0, 0, 0, 0], "FL": [0, 0, 0, 0, 0, "5", 0, "12", 0, "0", 0, "1", 0, 0, "12", 0, "13", 0, 0, 0, 0, 0, 0, "4", 0, "10", "4", "2", 0, 0, 0, "1", 0, "3", 0, 0, 0, 0, 0, 0], "F%": [0, 0, 0, 0, 0, "58", 0, "43", 0, "100", 0, "50", 0, 0, "20", 0, "19", 0, 0, 0, 0, 0, 0, "69", 0, "55", "69", "33", 0, 0, 0, "0", 0, "80", 0, 0, 0, 0, 0, 0], "team": ["CHICAGO BLACKHAWKS ", "CHICAGO BLACKHAWKS ", "CHICAGO BLACKHAWKS ", "CHICAGO BLACKHAWKS ", "CHICAGO BLACKHAWKS ", "CHICAGO BLACKHAWKS ", "CHICAGO BLACKHAWKS ", "CHICAGO BLACKHAWKS ", "CHICAGO BLACKHAWKS ", "CHICAGO BLACKHAWKS ", "CHICAGO BLACKHAWKS ", "CHICAGO BLACKHAWKS ", "CHICAGO BLACKHAWKS ", "CHICAGO BLACKHAWKS ", "CHICAGO BLACKHAWKS ", "CHICAGO BLACKHAWKS ", "CHICAGO BLACKHAWKS ", "CHICAGO BLACKHAWKS ", "CHICAGO BLACKHAWKS ", "CHICAGO BLACKHAWKS ", "NASHVILLE PREDATORS ", "NASHVILLE PREDATORS ", "NASHVILLE PREDATORS ", "NASHVILLE PREDATORS ", "NASHVILLE PREDATORS ", "NASHVILLE PREDATORS ", "NASHVILLE PREDATORS ", "NASHVILLE PREDATORS ", "NASHVILLE PREDATORS ", "NASHVILLE PREDATORS ", "NASHVILLE PREDATORS ", "NASHVILLE PREDATORS ", "NASHVILLE PREDATORS ", "NASHVILLE PREDATORS ", "NASHVILLE PREDATORS ", "NASHVILLE PREDATORS ", "NASHVILLE PREDATORS ", "NASHVILLE PREDATORS ", "NASHVILLE PREDATORS ", "NASHVILLE PREDATORS "], "GA": [0, 0, 0, 0, 0, 0, 0, 0, 0, 0, 0, 0, 0, 0, 0, 0, 0, 0, "2", "5", 0, 0, 0, 0, 0, 0, 0, 0, 0, 0, 0, 0, 0, 0, 0, 0, 0, 0, 0, "2"], "SA": [0, 0, 0, 0, 0, 0, 0, 0, 0, 0, 0, 0, 0, 0, 0, 0, 0, 0, "8", "22", 0, 0, 0, 0, 0, 0, 0, 0, 0, 0, 0, 0, 0, 0, 0, 0, 0, 0, 0, "41"]}}