{"game_info": {"date": "2014-01-07", "visitor": "MINNESOTA WILD ", "home": "LOS ANGELES KINGS ", "game_id": 656, "status": "final"}, "player_stats": {"number": ["2", "3", "4", "6", "14", "15", "16", "17", "19", "20", "21", "22", "24", "25", "29", "39", "56", "64", "32", "35", "6", "8", "10", "11", "13", "14", "21", "22", "23", "26", "27", "28", "33", "44", "71", "73", "74", "77", "32", "54"], "position": ["D", "C", "D", "D", "R", "L", "L", "C", "L", "D", "C", "R", "L", "D", "R", "D", "L", "C", "G", "G", "D", "D", "C", "C", "L", "R", "R", "C", "L", "D", "D", "C", "D", "D", "C", "C", "L", "C", "G", "G"], "name": ["BALLARD, KEITH", "COYLE, CHARLIE", "STONER, CLAYTON", "SCANDELLA, MARCO", "FONTAINE, JUSTIN", "HEATLEY, DANY", "ZUCKER, JASON", "MITCHELL, TORREY", "VEILLEUX, STEPHANE", "SUTER, RYAN", "BRODZIAK, KYLE", "NIEDERREITER, NINO", "COOKE, MATT", "BRODIN, JONAS", "POMINVILLE, JASON", "PROSSER, NATE", "HAULA, ERIK", "GRANLUND, MIKAEL", "BACKSTROM, NIKLAS", "KUEMPER, DARCY", "MUZZIN, JAKE", "DOUGHTY, DREW", "RICHARDS, MIKE", "KOPITAR, ANZE", "CLIFFORD, KYLE", "WILLIAMS, JUSTIN", "FRATTIN, MATT", "LEWIS, TREVOR", "BROWN, DUSTIN", "VOYNOV, SLAVA", "MARTINEZ, ALEC", "STOLL, JARRET", "MITCHELL, WILLIE", "REGEHR, ROBYN", "NOLAN, JORDAN", "TOFFOLI, TYLER", "KING, DWIGHT", "CARTER, JEFF", "QUICK, JONATHAN", "SCRIVENS, BEN"], "G": [0, 0, 0, 0, 0, 0, 0, 0, 0, 0, 0, "1", 0, 0, 0, 0, 0, 0, 0, 0, 0, 0, 0, 0, 0, 0, 0, 0, 0, 0, 0, "1", 0, 0, 0, 0, 0, 0, 0, 0], "A": [0, 0, 0, 0, 0, 0, 0, 0, 0, 0, 0, 0, 0, 0, "1", 0, 0, "1", 0, 0, 0, 0, 0, 0, 0, 0, 0, 0, 0, 0, 0, 0, 0, 0, 0, 0, "1", "1", 0, 0], "P": [0, 0, 0, 0, 0, 0, 0, 0, 0, 0, 0, "1", 0, 0, "1", 0, 0, "1", 0, 0, 0, 0, 0, 0, 0, 0, 0, 0, 0, 0, 0, "1", 0, 0, 0, 0, "1", "1", 0, 0], "+/-": [0, 0, 0, 0, 0, "-1", 0, 0, 0, 0, "-1", "+1", 0, 0, 0, 0, 0, "+1", 0, 0, 0, 0, 0, "-1", 0, 0, 0, 0, 0, 0, 0, "+1", 0, 0, 0, 0, 0, 0, 0, 0], "PN": [0, 0, 0, 0, 0, 0, 0, 0, 0, 0, 0, "1", "1", 0, 0, 0, 0, 0, 0, 0, 0, 0, 0, 0, 0, "1", 0, 0, 0, 0, 0, 0, 0, 0, 0, 0, "1", 0, 0, 0], "PIM": [0, 0, 0, 0, 0, 0, 0, 0, 0, 0, 0, "2", "2", 0, 0, 0, 0, 0, 0, 0, 0, 0, 0, 0, 0, "2", 0, 0, 0, 0, 0, 0, 0, 0, 0, 0, "2", 0, 0, 0], "TOT": ["09:39", "21:42", "17:35", "25:00", "11:45", "18:03", "12:28", "14:07", "11:01", "30:12", "15:26", "17:35", "14:16", "24:59", "23:21", "19:31", "08:50", "20:44", 0, "64:46", "20:26", "25:27", "18:27", "21:59", "07:53", "18:47", "11:50", "09:00", "16:58", "26:06", "16:00", "19:46", "23:56", "18:05", "08:41", "11:06", "18:24", "23:09", "65:00", 0], "SHF": ["10", "28", "21", "34", "18", "22", "17", "20", "16", "36", "23", "24", "20", "35", "27", "24", "15", "25", 0, 0, "28", "33", "26", "27", "11", "23", "16", "13", "22", "31", "20", "25", "29", "25", "11", "15", "21", "27", 0, 0], "AVG TOI/SH": ["00:57", "00:46", "00:50", "00:44", "00:39", "00:49", "00:44", "00:42", "00:41", "00:50", "00:40", "00:43", "00:42", "00:42", "00:51", "00:48", "00:35", "00:49", 0, 0, "00:43", "00:46", "00:42", "00:48", "00:43", "00:49", "00:44", "00:41", "00:46", "00:50", "00:48", "00:47", "00:49", "00:43", "00:47", "00:44", "00:52", "00:51", 0, 0], "PP": ["00:37", "02:56", "00:00", "00:19", "00:57", "02:56", "01:00", "00:04", "00:00", "03:04", "00:04", "01:00", "00:04", "00:52", "03:04", "00:04", "00:12", "02:47", 0, "04:00", "01:27", "02:54", "02:45", "02:45", "00:00", "01:15", "00:00", "00:00", "01:15", "02:24", "01:15", "01:15", "00:00", "00:00", "00:00", "00:00", "00:00", "02:45", "04:00", 0], "SH": ["00:00", "00:39", "00:36", "01:51", "00:00", "00:00", "00:00", "01:58", "01:11", "02:09", "02:21", "00:00", "01:06", "02:09", "00:00", "01:15", "00:00", "00:45", 0, "04:00", "00:04", "01:53", "01:34", "01:30", "00:00", "00:48", "00:00", "00:52", "00:04", "02:07", "00:00", "01:23", "02:04", "01:52", "00:00", "00:00", "00:23", "01:26", "04:00", 0], "EV": ["09:02", "18:07", "16:59", "22:50", "10:48", "15:07", "11:28", "12:05", "09:50", "24:59", "13:01", "16:35", "13:06", "21:58", "20:17", "18:12", "08:38", "17:12", 0, "56:46", "18:55", "20:40", "14:08", "17:44", "07:53", "16:44", "11:50", "08:08", "15:39", "21:35", "14:45", "17:08", "21:52", "16:13", "08:41", "11:06", "18:01", "18:58", "57:00", 0], "S": [0, "1", 0, 0, 0, 0, "1", 0, 0, 0, 0, "4", 0, "2", "4", "1", "2", "2", 0, 0, "1", "2", 0, "4", 0, "5", "2", 0, "4", "3", "1", "2", "2", "1", "3", "3", "1", "6", 0, 0], "A/B": ["1", 0, 0, "3", 0, "1", 0, 0, 0, "5", 0, 0, 0, "1", "1", 0, 0, "1", 0, 0, "5", 0, 0, 0, 0, "4", 0, 0, "1", "3", "2", 0, 0, "2", 0, 0, "2", "2", 0, 0], "MS": [0, 0, "1", 0, 0, "1", "1", "1", 0, "1", 0, "1", "1", "1", "1", 0, 0, 0, 0, 0, "2", "2", "1", 0, 0, "2", "1", "2", "1", "3", 0, "1", "2", 0, 0, "1", "2", "1", 0, 0], "HT": ["2", "2", "3", 0, 0, 0, 0, "1", 0, "1", 0, "5", "2", "2", 0, "2", 0, "1", 0, 0, 0, "3", "1", 0, "7", 0, "3", "2", "5", "5", "3", "4", 0, "2", 0, 0, "2", 0, 0, 0], "GV": ["2", 0, 0, "4", 0, 0, 0, 0, 0, "1", "1", 0, 0, "2", "1", 0, 0, "1", 0, "1", "4", "1", "1", 0, 0, "2", 0, "1", 0, 0, "2", 0, 0, "1", 0, 0, "1", "4", 0, 0], "TK": [0, 0, 0, 0, 0, 0, 0, 0, 0, "1", 0, 0, 0, 0, 0, 0, 0, "1", 0, 0, 0, 0, "1", "1", 0, "1", 0, 0, 0, 0, 0, 0, 0, 0, 0, "2", 0, 0, 0, 0], "BS": [0, "1", "3", "1", "1", 0, 0, "1", "2", "1", 0, "1", "1", "3", 0, "4", "1", "1", 0, 0, 0, "3", "1", "4", 0, "1", 0, 0, 0, 0, "1", "1", "2", 0, 0, 0, 0, 0, 0, 0], "FW": [0, "7", 0, 0, 0, 0, 0, 0, 0, 0, "9", 0, 0, 0, "2", 0, "4", "8", 0, 0, 0, 0, "6", "8", "0", "0", 0, "1", 0, 0, 0, "9", 0, 0, 0, 0, 0, "5", 0, 0], "FL": [0, "9", 0, 0, 0, 0, 0, 0, 0, 0, "10", 0, 0, 0, "0", 0, "2", "8", 0, 0, 0, 0, "7", "5", "1", "1", 0, "3", 0, 0, 0, "6", 0, 0, 0, 0, 0, "7", 0, 0], "F%": [0, "44", 0, 0, 0, 0, 0, 0, 0, 0, "47", 0, 0, 0, "100", 0, "67", "50", 0, 0, 0, 0, "46", "62", "0", "0", 0, "25", 0, 0, 0, "60", 0, 0, 0, 0, 0, "42", 0, 0], "team": ["MINNESOTA WILD ", "MINNESOTA WILD ", "MINNESOTA WILD ", "MINNESOTA WILD ", "MINNESOTA WILD ", "MINNESOTA WILD ", "MINNESOTA WILD ", "MINNESOTA WILD ", "MINNESOTA WILD ", "MINNESOTA WILD ", "MINNESOTA WILD ", "MINNESOTA WILD ", "MINNESOTA WILD ", "MINNESOTA WILD ", "MINNESOTA WILD ", "MINNESOTA WILD ", "MINNESOTA WILD ", "MINNESOTA WILD ", "MINNESOTA WILD ", "MINNESOTA WILD ", "LOS ANGELES KINGS ", "LOS ANGELES KINGS ", "LOS ANGELES KINGS ", "LOS ANGELES KINGS ", "LOS ANGELES KINGS ", "LOS ANGELES KINGS ", "LOS ANGELES KINGS ", "LOS ANGELES KINGS ", "LOS ANGELES KINGS ", "LOS ANGELES KINGS ", "LOS ANGELES KINGS ", "LOS ANGELES KINGS ", "LOS ANGELES KINGS ", "LOS ANGELES KINGS ", "LOS ANGELES KINGS ", "LOS ANGELES KINGS ", "LOS ANGELES KINGS ", "LOS ANGELES KINGS ", "LOS ANGELES KINGS ", "LOS ANGELES KINGS "], "GA": [0, 0, 0, 0, 0, 0, 0, 0, 0, 0, 0, 0, 0, 0, 0, 0, 0, 0, 0.0, "1", 0, 0, 0, 0, 0, 0, 0, 0, 0, 0, 0, 0, 0, 0, 0, 0, 0, 0, "1", 0], "SA": [0, 0, 0, 0, 0, 0, 0, 0, 0, 0, 0, 0, 0, 0, 0, 0, 0, 0, 0.0, "40", 0, 0, 0, 0, 0, 0, 0, 0, 0, 0, 0, 0, 0, 0, 0, 0, 0, 0, "17", 0]}}