{"game_info": {"date": "2013-10-29", "visitor": "DALLAS STARS ", "home": "MONTREAL CANADIENS ", "game_id": 178, "status": "final"}, "player_stats": {"number": ["3", "4", "6", "10", "12", "13", "14", "17", "20", "21", "24", "28", "33", "38", "43", "55", "72", "91", "30", "32", "6", "11", "14", "17", "21", "26", "27", "45", "49", "51", "53", "55", "61", "71", "76", "79", "81", "82", "30", "31"], "position": ["D", "D", "D", "C", "R", "L", "L", "C", "C", "L", "D", "L", "D", "L", "R", "D", "L", "C", "G", "G", "D", "R", "C", "R", "R", "D", "C", "R", "L", "C", "C", "D", "D", "C", "D", "D", "C", "R", "G", "G"], "name": ["ROBIDAS, STEPHANE", "DILLON, BRENDEN", "DALEY, TREVOR", "HORCOFF, SHAWN", "CHIASSON, ALEX", "WHITNEY, RAY", "BENN, JAMIE", "PEVERLEY, RICH", "EAKIN, CODY", "ROUSSEL, ANTOINE", "BENN, JORDIE", "MACDERMID, LANE", "GOLIGOSKI, ALEX", "FIDDLER, VERNON", "NICHUSHKIN, VALERI", "GONCHAR, SERGEI", "COLE, ERIK", "SEGUIN, TYLER", "ELLIS, DAN", "LEHTONEN, KARI", "MURRAY, DOUGLAS", "GALLAGHER, BRENDAN", "PLEKANEC, TOMAS", "BOURQUE, RENE", "GIONTA, BRIAN", "GORGES, JOSH", "GALCHENYUK, ALEX", "BLUNDEN, MIKE", "BOURNIVAL, MICHAEL", "DESHARNAIS, DAVID", "WHITE, RYAN", "BOUILLON, FRANCIS", "DIAZ, RAPHAEL", "LEBLANC, LOUIS", "SUBBAN, P.K.", "MARKOV, ANDREI", "ELLER, LARS", "HOLLAND, PATRICK", "BUDAJ, PETER", "PRICE, CAREY"], "G": [0, 0, 0, 0, 0, 0, 0, 0, "1", 0, 0, 0, 0, 0, 0, 0, 0, 0, 0, 0, 0, 0, 0, "1", 0, 0, 0, 0, "1", 0, 0, 0, 0, 0, 0, 0, 0, 0, 0, 0], "A": [0, "1", 0, 0, 0, 0, 0, 0, 0, 0, 0, 0, 0, 0, 0, 0, 0, 0, 0, 0, 0, 0, "1", 0, 0, 0, 0, 0, 0, 0, 0, 0, "2", 0, 0, 0, 0, 0, 0, 0], "P": [0, "1", 0, 0, 0, 0, 0, 0, "1", 0, 0, 0, 0, 0, 0, 0, 0, 0, 0, 0, 0, 0, "1", "1", 0, 0, 0, 0, "1", 0, 0, 0, "2", 0, 0, 0, 0, 0, 0, 0], "+/-": ["-1", "-1", 0, 0, "+1", "+1", "-2", 0, "+1", 0, 0, 0, 0, 0, 0, 0, "-2", "-2", 0, 0, 0, "-1", "+1", "+1", "+1", "+2", "-1", 0, "+1", "+1", 0, 0, "+2", "+1", "-1", "-1", "-1", 0, 0, 0], "PN": [0, 0, "1", "1", 0, 0, 0, 0, 0, "1", 0, 0, "1", 0, 0, 0, 0, 0, 0, "1", "1", "1", 0, 0, 0, 0, 0, 0, 0, 0, 0, "1", 0, 0, 0, 0, 0, 0, 0, 0], "PIM": [0, 0, "2", "2", 0, 0, 0, 0, 0, "5", 0, 0, "2", 0, 0, 0, 0, 0, 0, "2", "2", "2", 0, 0, 0, 0, 0, 0, 0, 0, 0, "5", 0, 0, 0, 0, 0, 0, 0, 0], "TOT": ["19:53", "19:01", "18:54", "16:02", "19:54", "16:57", "17:02", "17:57", "19:26", "11:06", "21:19", "05:19", "22:30", "08:13", "14:51", "17:28", "12:12", "14:39", 0, "59:17", "12:00", "16:15", "18:00", "17:24", "18:41", "18:42", "14:56", "06:58", "17:09", "16:50", "10:30", "18:45", "19:55", "14:39", "25:09", "25:44", "17:23", "07:03", 0, "59:57"], "SHF": ["22", "21", "22", "18", "24", "20", "23", "20", "24", "17", "26", "8", "25", "12", "15", "20", "18", "21", 0, 0, "17", "23", "27", "20", "26", "24", "20", "8", "24", "20", "14", "25", "25", "18", "25", "25", "23", "8", 0, 0], "AVG TOI/SH": ["00:54", "00:54", "00:51", "00:53", "00:49", "00:50", "00:44", "00:53", "00:48", "00:39", "00:49", "00:39", "00:54", "00:41", "00:59", "00:52", "00:40", "00:41", 0, 0, "00:42", "00:42", "00:40", "00:52", "00:43", "00:46", "00:44", "00:52", "00:42", "00:50", "00:45", "00:45", "00:47", "00:48", "01:00", "01:01", "00:45", "00:52", 0, 0], "PP": ["00:05", "00:01", "00:00", "00:00", "01:12", "01:12", "01:13", "00:47", "00:00", "00:01", "00:43", "00:00", "01:12", "00:00", "00:47", "00:47", "00:47", "01:13", 0, "02:00", "00:00", "02:41", "02:50", "01:01", "02:50", "00:05", "02:09", "00:00", "02:50", "01:01", "00:24", "02:39", "02:03", "00:05", "03:57", "03:16", "02:09", "00:00", 0, "06:00"], "SH": ["03:11", "02:00", "02:17", "01:14", "02:04", "00:00", "00:40", "02:01", "02:29", "01:55", "02:49", "00:00", "01:43", "01:37", "00:00", "00:00", "00:00", "00:00", 0, "06:00", "00:00", "00:05", "01:15", "00:00", "01:15", "01:14", "00:00", "00:00", "00:40", "00:00", "00:40", "00:45", "01:14", "00:00", "00:01", "00:46", "00:05", "00:00", 0, "02:00"], "EV": ["16:37", "17:00", "16:37", "14:48", "16:38", "15:45", "15:09", "15:09", "16:57", "09:10", "17:47", "05:19", "19:35", "06:36", "14:04", "16:41", "11:25", "13:26", 0, "51:17", "12:00", "13:29", "13:55", "16:23", "14:36", "17:23", "12:47", "06:58", "13:39", "15:49", "09:26", "15:21", "16:38", "14:34", "21:11", "21:42", "15:09", "07:03", 0, "51:57"], "S": ["1", 0, "1", "1", "5", "1", "2", "2", "2", 0, "2", 0, 0, "2", "2", "4", "1", "1", 0, 0, 0, "1", "1", "3", "3", 0, "1", 0, "4", 0, 0, "2", "1", "1", "2", "2", "3", 0, 0, 0], "A/B": ["1", "2", "5", "2", "1", "2", "3", 0, 0, "1", "3", 0, "6", 0, "1", "1", "1", 0, 0, 0, "1", "2", "1", "1", "1", 0, "1", 0, 0, 0, "1", 0, "1", "1", "1", 0, 0, 0, 0, 0], "MS": [0, 0, "1", 0, "2", 0, 0, 0, "1", 0, "1", 0, 0, "1", "1", "1", 0, 0, 0, 0, 0, "2", "4", 0, "1", 0, "1", 0, 0, "2", 0, 0, "2", "1", "2", 0, 0, 0, 0, 0], "HT": ["3", "2", 0, "1", "1", 0, "1", "2", "2", "1", "1", 0, 0, "1", 0, "2", 0, 0, 0, 0, "6", 0, "1", "2", 0, "1", "1", "4", "1", 0, 0, "1", 0, "1", "1", 0, "3", 0, 0, 0], "GV": [0, "1", "1", 0, 0, 0, 0, 0, 0, 0, 0, 0, 0, 0, 0, 0, "1", 0, 0, 0, 0, 0, 0, "1", 0, 0, 0, 0, 0, 0, "2", 0, 0, 0, 0, "1", 0, 0, 0, "1"], "TK": [0, 0, 0, 0, 0, 0, 0, 0, 0, 0, 0, 0, 0, 0, 0, 0, "1", 0, 0, 0, 0, 0, 0, "2", "1", 0, "1", 0, 0, 0, 0, 0, 0, 0, "1", "1", "1", 0, 0, 0], "BS": ["3", "1", 0, "2", 0, 0, "1", "1", "1", 0, "2", 0, 0, 0, 0, 0, 0, 0, 0, 0, "3", "2", 0, "1", "1", "2", 0, "1", "2", "1", "1", "2", "3", "2", "2", "4", "1", "1", 0, 0], "FW": [0, 0, 0, "3", "0", 0, "6", "4", "5", 0, 0, 0, 0, "5", 0, 0, 0, "10", 0, 0, 0, 0, "12", 0, "0", 0, 0, 0, 0, "9", "6", 0, 0, 0, 0, 0, "7", 0, 0, 0], "FL": [0, 0, 0, "5", "1", 0, "3", "5", "10", 0, 0, 0, 0, "3", 0, 0, 0, "7", 0, 0, 0, 0, "13", 0, "1", 0, 0, 0, 0, "10", "4", 0, 0, 0, 0, 0, "5", 0, 0, 0], "F%": [0, 0, 0, "38", "0", 0, "67", "44", "33", 0, 0, 0, 0, "63", 0, 0, 0, "59", 0, 0, 0, 0, "48", 0, "0", 0, 0, 0, 0, "47", "60", 0, 0, 0, 0, 0, "58", 0, 0, 0], "team": ["DALLAS STARS ", "DALLAS STARS ", "DALLAS STARS ", "DALLAS STARS ", "DALLAS STARS ", "DALLAS STARS ", "DALLAS STARS ", "DALLAS STARS ", "DALLAS STARS ", "DALLAS STARS ", "DALLAS STARS ", "DALLAS STARS ", "DALLAS STARS ", "DALLAS STARS ", "DALLAS STARS ", "DALLAS STARS ", "DALLAS STARS ", "DALLAS STARS ", "DALLAS STARS ", "DALLAS STARS ", "MONTREAL CANADIENS ", "MONTREAL CANADIENS ", "MONTREAL CANADIENS ", "MONTREAL CANADIENS ", "MONTREAL CANADIENS ", "MONTREAL CANADIENS ", "MONTREAL CANADIENS ", "MONTREAL CANADIENS ", "MONTREAL CANADIENS ", "MONTREAL CANADIENS ", "MONTREAL CANADIENS ", "MONTREAL CANADIENS ", "MONTREAL CANADIENS ", "MONTREAL CANADIENS ", "MONTREAL CANADIENS ", "MONTREAL CANADIENS ", "MONTREAL CANADIENS ", "MONTREAL CANADIENS ", "MONTREAL CANADIENS ", "MONTREAL CANADIENS "], "GA": [0, 0, 0, 0, 0, 0, 0, 0, 0, 0, 0, 0, 0, 0, 0, 0, 0, 0, 0.0, "2", 0, 0, 0, 0, 0, 0, 0, 0, 0, 0, 0, 0, 0, 0, 0, 0, 0, 0, 0, "1"], "SA": [0, 0, 0, 0, 0, 0, 0, 0, 0, 0, 0, 0, 0, 0, 0, 0, 0, 0, 0.0, "24", 0, 0, 0, 0, 0, 0, 0, 0, 0, 0, 0, 0, 0, 0, 0, 0, 0, 0, 0, "27"]}}