{"game_info": {"date": "2013-12-04", "visitor": "PHILADELPHIA FLYERS ", "home": "DETROIT RED WINGS ", "game_id": 420, "status": "final"}, "player_stats": {"number": ["5", "8", "9", "10", "12", "14", "17", "18", "19", "22", "24", "28", "32", "36", "37", "41", "44", "93", "29", "35", 0, "2", "4", "8", "11", "14", "18", "20", "21", "23", "25", "27", "37", "43", "52", "55", "71", "90", "93", "35", "50"], "position": ["D", "D", "R", "C", "L", "C", "R", "R", "L", "D", "R", "R", "D", "C", "L", "D", "D", "R", "G", "G", 0, "D", "D", "L", "R", "C", "C", "L", "C", "D", "C", "D", "R", "C", "D", "D", "R", "C", "C", "G", "G"], "name": ["COBURN, BRAYDON", "GROSSMANN, NICKLAS", "DOWNIE, STEVE", "SCHENN, BRAYDEN", "RAFFL, MICHAEL", "COUTURIER, SEAN", "SIMMONDS, WAYNE", "HALL, ADAM", "HARTNELL, SCOTT", "SCHENN, LUKE", "READ, MATT", "GIROUX, CLAUDE", "STREIT, MARK", "RINALDO, ZAC", "ROSEHILL, JAY", "MESZAROS, ANDREJ", "TIMONEN, KIMMO", "VORACEK, JAKUB", "EMERY, RAY", "MASON, STEVE", "TEAM PENALTY", "SMITH, BRENDAN", "KINDL, JAKUB", "ABDELKADER, JUSTIN", "ALFREDSSON, DANIEL", "NYQUIST, GUSTAV", "ANDERSSON, JOAKIM", "MILLER, DREW", "TATAR, TOMAS", "LASHOFF, BRIAN", "EMMERTON, CORY", "QUINCEY, KYLE", "SAMUELSSON, MIKAEL", "HELM, DARREN", "ERICSSON, JONATHAN", "KRONWALL, NIKLAS", "CLEARY, DANIEL", "WEISS, STEPHEN", "FRANZEN, JOHAN", "HOWARD, JIMMY", "GUSTAVSSON, JONAS"], "G": [0, 0, "1", 0, 0, "2", 0, 0, "1", 0, "1", "1", 0, 0, 0, 0, 0, 0, 0, 0, 0, 0, 0, 0, 0, 0, 0, 0, "2", 0, 0, 0, 0, 0, 0, 0, 0, 0, "1", 0, 0], "A": [0, 0, "1", 0, "1", "2", 0, 0, "2", 0, "2", "1", "1", 0, 0, 0, "1", 0, 0, 0, 0, 0, 0, 0, "1", "1", "1", "1", 0, 0, 0, 0, "1", 0, 0, 0, 0, "1", 0, 0, 0], "P": [0, 0, "2", 0, "1", "4", 0, 0, "3", 0, "3", "2", "1", 0, 0, 0, "1", 0, 0, 0, 0, 0, 0, 0, "1", "1", "1", "1", "2", 0, 0, 0, "1", 0, 0, 0, 0, "1", "1", 0, 0], "+/-": [0, 0, "+1", "-1", 0, "+3", "-1", 0, 0, 0, "+2", 0, "+1", 0, 0, 0, "+1", "-1", 0, 0, 0, "+1", "-2", 0, "-1", 0, "-1", "-1", 0, "-1", 0, "+1", 0, "-1", 0, "-1", "-2", "+1", "+1", 0, 0], "PN": ["1", 0, "2", 0, 0, "1", 0, 0, "1", "1", 0, 0, 0, "3", 0, 0, 0, 0, 0, 0, "1", 0, "1", "1", 0, 0, 0, 0, 0, 0, 0, "1", 0, 0, 0, 0, 0, "1", 0, 0, 0], "PIM": ["2", 0, "4", 0, 0, "2", 0, 0, "2", "2", 0, 0, 0, "6", 0, 0, 0, 0, 0, 0, "2", 0, "2", "2", 0, 0, 0, 0, 0, 0, 0, "2", 0, 0, 0, 0, 0, "2", 0, 0, 0], "TOT": ["22:38", "23:41", "14:36", "13:44", "14:09", "20:57", "14:30", "10:28", "17:14", "14:34", "21:01", "19:31", "19:49", "05:52", "03:31", "13:07", "22:39", "15:09", 0, "59:41", 0, "14:22", "19:07", "18:55", "19:52", "18:36", "12:54", "12:43", "16:14", "15:02", "08:25", "18:23", "12:53", "17:21", "18:51", "23:34", "13:41", "15:27", "20:51", "58:54", 0], "SHF": ["28", "32", "23", "19", "22", "30", "19", "14", "22", "24", "29", "23", "26", "11", "6", "21", "32", "20", 0, 0, 0, "23", "28", "27", "27", "27", "21", "19", "23", "22", "11", "28", "16", "26", "25", "29", "19", "23", "27", 0, 0], "AVG TOI/SH": ["00:48", "00:44", "00:38", "00:43", "00:38", "00:41", "00:45", "00:44", "00:47", "00:36", "00:43", "00:50", "00:45", "00:32", "00:35", "00:37", "00:42", "00:45", 0, 0, 0, "00:37", "00:40", "00:42", "00:44", "00:41", "00:36", "00:40", "00:42", "00:41", "00:45", "00:39", "00:48", "00:40", "00:45", "00:48", "00:43", "00:40", "00:46", 0, 0], "PP": ["00:00", "00:00", "00:46", "00:46", "00:00", "00:46", "03:09", "00:00", "03:09", "00:00", "00:46", "03:09", "01:10", "00:00", "00:00", "00:00", "02:45", "03:09", 0, "03:55", 0, "00:00", "04:34", "03:24", "07:19", "05:56", "00:37", "00:00", "06:09", "00:00", "00:00", "00:20", "05:22", "03:46", "00:53", "07:40", "02:37", "05:02", "06:41", "12:04", 0], "SH": ["07:38", "03:38", "00:00", "00:00", "02:46", "05:59", "00:00", "06:08", "00:19", "02:05", "05:37", "01:50", "01:45", "00:08", "00:00", "00:17", "09:01", "00:00", 0, "12:04", 0, "00:49", "00:00", "01:22", "00:00", "00:00", "02:33", "02:33", "00:00", "02:22", "00:00", "01:33", "00:00", "01:22", "01:33", "01:33", "00:00", "00:00", "00:00", "03:55", 0], "EV": ["15:00", "20:03", "13:50", "12:58", "11:23", "14:12", "11:21", "04:20", "13:46", "12:29", "14:38", "14:32", "16:54", "05:44", "03:31", "12:50", "10:53", "12:00", 0, "43:42", 0, "13:33", "14:33", "14:09", "12:33", "12:40", "09:44", "10:10", "10:05", "12:40", "08:25", "16:30", "07:31", "12:13", "16:25", "14:21", "11:04", "10:25", "14:10", "42:55", 0], "S": ["1", "1", "3", "4", "2", "3", "1", 0, "4", 0, "3", "4", "1", 0, "1", "1", "4", "1", 0, 0, 0, "1", "1", "1", "1", "1", "2", "3", "6", "1", "1", "3", "4", "1", "1", 0, "2", "2", "4", 0, 0], "A/B": [0, 0, 0, "1", "1", 0, 0, 0, "1", "1", "2", "1", "1", "1", 0, 0, "2", "1", 0, 0, 0, 0, "1", 0, 0, 0, 0, 0, 0, 0, 0, 0, "1", 0, 0, "2", 0, 0, "1", 0, 0], "MS": ["3", 0, 0, 0, 0, 0, "1", 0, "1", 0, "1", "2", "1", 0, 0, 0, "1", 0, 0, 0, 0, 0, 0, 0, 0, 0, 0, 0, 0, 0, 0, "1", "1", "3", 0, "1", 0, 0, "1", 0, 0], "HT": [0, "1", 0, "4", "2", 0, 0, "2", "3", "2", 0, "2", "1", "1", "2", "2", "1", 0, 0, 0, 0, 0, 0, "4", 0, 0, "2", "2", "4", 0, "1", 0, "1", "2", "2", 0, 0, 0, 0, 0, 0], "GV": [0, "2", "1", 0, 0, "1", "1", 0, "1", 0, 0, "2", "1", 0, 0, 0, 0, "1", 0, 0, 0, 0, "1", "2", "1", "1", 0, 0, 0, 0, 0, "2", 0, "1", 0, "1", 0, 0, "2", "1", 0], "TK": [0, 0, "1", "1", 0, "1", 0, 0, 0, "1", 0, 0, 0, 0, 0, 0, 0, 0, 0, 0, 0, 0, 0, 0, "1", 0, "1", 0, "1", 0, 0, "1", 0, "1", 0, 0, "1", 0, 0, 0, 0], "BS": [0, "1", 0, 0, 0, 0, 0, "2", 0, "1", 0, "1", 0, 0, 0, 0, 0, 0, 0, 0, 0, "1", 0, "1", 0, 0, "1", "1", 0, "3", "1", 0, 0, 0, "3", "1", 0, 0, 0, 0, 0], "FW": [0, 0, 0, "2", 0, "11", 0, "3", 0, 0, 0, "16", 0, 0, 0, 0, 0, 0, 0, 0, 0, 0, 0, 0, 0, 0, "16", 0, 0, 0, "5", 0, 0, "7", 0, 0, 0, "2", "10", 0, 0], "FL": [0, 0, 0, "13", 0, "10", 0, "8", 0, 0, 0, "9", 0, 0, 0, 0, 0, 0, 0, 0, 0, 0, 0, 0, 0, 0, "1", 0, 0, 0, "3", 0, 0, "13", 0, 0, 0, "2", "13", 0, 0], "F%": [0, 0, 0, "13", 0, "52", 0, "27", 0, 0, 0, "64", 0, 0, 0, 0, 0, 0, 0, 0, 0, 0, 0, 0, 0, 0, "94", 0, 0, 0, "63", 0, 0, "35", 0, 0, 0, "50", "43", 0, 0], "team": ["PHILADELPHIA FLYERS ", "PHILADELPHIA FLYERS ", "PHILADELPHIA FLYERS ", "PHILADELPHIA FLYERS ", "PHILADELPHIA FLYERS ", "PHILADELPHIA FLYERS ", "PHILADELPHIA FLYERS ", "PHILADELPHIA FLYERS ", "PHILADELPHIA FLYERS ", "PHILADELPHIA FLYERS ", "PHILADELPHIA FLYERS ", "PHILADELPHIA FLYERS ", "PHILADELPHIA FLYERS ", "PHILADELPHIA FLYERS ", "PHILADELPHIA FLYERS ", "PHILADELPHIA FLYERS ", "PHILADELPHIA FLYERS ", "PHILADELPHIA FLYERS ", "PHILADELPHIA FLYERS ", "PHILADELPHIA FLYERS ", "PHILADELPHIA FLYERS ", "DETROIT RED WINGS ", "DETROIT RED WINGS ", "DETROIT RED WINGS ", "DETROIT RED WINGS ", "DETROIT RED WINGS ", "DETROIT RED WINGS ", "DETROIT RED WINGS ", "DETROIT RED WINGS ", "DETROIT RED WINGS ", "DETROIT RED WINGS ", "DETROIT RED WINGS ", "DETROIT RED WINGS ", "DETROIT RED WINGS ", "DETROIT RED WINGS ", "DETROIT RED WINGS ", "DETROIT RED WINGS ", "DETROIT RED WINGS ", "DETROIT RED WINGS ", "DETROIT RED WINGS ", "DETROIT RED WINGS "], "GA": [0, 0, 0, 0, 0, 0, 0, 0, 0, 0, 0, 0, 0, 0, 0, 0, 0, 0, 0.0, "3", 0, 0, 0, 0, 0, 0, 0, 0, 0, 0, 0, 0, 0, 0, 0, 0, 0, 0, 0, "5", 0], "SA": [0, 0, 0, 0, 0, 0, 0, 0, 0, 0, 0, 0, 0, 0, 0, 0, 0, 0, 0.0, "35", 0, 0, 0, 0, 0, 0, 0, 0, 0, 0, 0, 0, 0, 0, 0, 0, 0, 0, 0, "33", 0]}}