{"game_info": {"date": "2013-10-04", "visitor": "DETROIT RED WINGS ", "home": "CAROLINA HURRICANES ", "game_id": 17, "status": "final"}, "player_stats": {"number": ["2", "4", "8", "11", "13", "18", "20", "25", "27", "37", "40", "44", "52", "55", "65", "71", "90", "93", "34", "35", "4", "7", "11", "12", "14", "16", "18", "19", "20", "21", "27", "28", "39", "42", "44", "53", "65", "73", "30", "31"], "position": ["D", "D", "L", "R", "C", "C", "L", "C", "D", "R", "L", "R", "D", "D", "D", "R", "C", "C", "G", "G", "D", "D", "C", "C", "C", "C", "R", "C", "C", "L", "D", "R", "R", "L", "D", "C", "D", "D", "G", "G"], "name": ["SMITH, BRENDAN", "KINDL, JAKUB", "ABDELKADER, JUSTIN", "ALFREDSSON, DANIEL", "DATSYUK, PAVEL", "ANDERSSON, JOAKIM", "MILLER, DREW", "EMMERTON, CORY", "QUINCEY, KYLE", "SAMUELSSON, MIKAEL", "ZETTERBERG, HENRIK", "BERTUZZI, TODD", "ERICSSON, JONATHAN", "KRONWALL, NIKLAS", "DEKEYSER, DANNY", "CLEARY, DANIEL", "WEISS, STEPHEN", "FRANZEN, JOHAN", "MRAZEK, PETR", "HOWARD, JIMMY", "SEKERA, ANDREJ", "MURPHY, RYAN", "STAAL, JORDAN", "STAAL, ERIC", "GERBE, NATHAN", "LINDHOLM, ELIAS", "DVORAK, RADEK", "TLUSTY, JIRI", "NASH, RILEY", "BOWMAN, DRAYSON", "FAULK, JUSTIN", "SEMIN, ALEXANDER", "DWYER, PATRICK", "SUTTER, BRETT", "HARRISON, JAY", "SKINNER, JEFF", "HAINSEY, RON", "BELLEMORE, BRETT", "WARD, CAM", "KHUDOBIN, ANTON"], "G": [0, 0, "1", 0, 0, 0, 0, 0, 0, 0, "1", 0, 0, 0, 0, 0, "1", 0, 0, 0, 0, 0, 0, 0, "1", 0, "1", 0, 0, 0, 0, 0, 0, 0, 0, 0, 0, 0, 0, 0], "A": [0, 0, 0, "1", 0, 0, 0, 0, 0, 0, "1", 0, "1", "1", 0, 0, 0, "2", 0, 0, 0, 0, 0, 0, 0, 0, 0, 0, 0, 0, "2", 0, 0, 0, "1", "1", 0, 0, 0, 0], "P": [0, 0, "1", "1", 0, 0, 0, 0, 0, 0, "2", 0, "1", "1", 0, 0, "1", "2", 0, 0, 0, 0, 0, 0, "1", 0, "1", 0, 0, 0, "2", 0, 0, 0, "1", "1", 0, 0, 0, 0], "+/-": ["-1", 0, "+1", "+1", "+1", "-1", 0, 0, "-1", 0, "+2", "-1", "+1", "+3", "+1", "-1", "+3", "+2", 0, 0, "-2", 0, "-1", "-3", 0, 0, "+1", "-1", "+1", 0, "-1", "-2", "-1", 0, "+1", "+1", "-1", "-1", 0, 0], "PN": ["1", 0, 0, "1", 0, 0, 0, 0, 0, 0, 0, 0, "1", 0, 0, 0, 0, 0, 0, 0, 0, 0, 0, "1", 0, 0, 0, 0, 0, 0, "1", 0, 0, 0, 0, "1", 0, 0, 0, 0], "PIM": ["2", 0, 0, "2", 0, 0, 0, 0, 0, 0, 0, 0, "2", 0, 0, 0, 0, 0, 0, 0, 0, 0, 0, "2", 0, 0, 0, 0, 0, 0, "2", 0, 0, 0, 0, "2", 0, 0, 0, 0], "TOT": ["18:23", "20:08", "15:21", "18:52", "22:07", "15:19", "10:56", "08:34", "18:12", "09:38", "21:07", "12:43", "21:13", "22:21", "20:13", "15:13", "19:03", "18:54", 0, "62:05", "21:43", "17:00", "21:03", "20:32", "20:16", "09:16", "12:30", "15:45", "14:49", "09:06", "23:12", "19:25", "19:18", "07:04", "17:18", "13:35", "23:21", "21:39", "63:13", 0], "SHF": ["25", "26", "20", "21", "25", "22", "14", "12", "25", "11", "25", "21", "30", "30", "29", "21", "26", "23", 0, 0, "24", "19", "28", "25", "26", "12", "21", "21", "22", "12", "25", "23", "23", "12", "21", "22", "28", "28", 0, 0], "AVG TOI/SH": ["00:44", "00:46", "00:46", "00:53", "00:53", "00:41", "00:46", "00:42", "00:43", "00:52", "00:50", "00:36", "00:42", "00:44", "00:41", "00:43", "00:43", "00:49", 0, 0, "00:54", "00:53", "00:45", "00:49", "00:46", "00:46", "00:35", "00:45", "00:40", "00:45", "00:55", "00:50", "00:50", "00:35", "00:49", "00:37", "00:50", "00:46", 0, 0], "PP": ["00:00", "03:22", "00:18", "02:28", "02:43", "00:18", "00:18", "00:00", "00:00", "02:36", "03:05", "02:43", "00:35", "02:48", "00:18", "02:36", "02:53", "02:59", 0, "06:00", "00:13", "03:14", "02:02", "03:03", "02:37", "03:16", "00:13", "02:40", "00:32", "00:13", "02:29", "03:27", "00:00", "00:00", "02:27", "02:09", "00:00", "00:00", "05:43", 0], "SH": ["01:04", "00:00", "00:00", "00:00", "01:57", "03:15", "01:56", "01:43", "02:49", "00:00", "00:45", "00:00", "01:50", "02:46", "02:57", "00:00", "01:11", "00:39", 0, "05:43", "02:39", "00:14", "01:59", "00:34", "02:10", "00:00", "01:05", "00:07", "02:28", "00:00", "01:58", "00:39", "01:59", "00:52", "01:06", "00:07", "03:07", "02:56", "06:00", 0], "EV": ["17:19", "16:46", "15:03", "16:24", "17:27", "11:46", "08:42", "06:51", "15:23", "07:02", "17:17", "10:00", "18:48", "16:47", "16:58", "12:37", "14:59", "15:16", 0, "50:22", "18:51", "13:32", "17:02", "16:55", "15:29", "06:00", "11:12", "12:58", "11:49", "08:53", "18:45", "15:19", "17:19", "06:12", "13:45", "11:19", "20:14", "18:43", "51:30", 0], "S": ["1", "2", "4", "5", "4", "1", 0, "2", "1", 0, "10", "1", 0, "1", "1", 0, "2", "3", 0, 0, "3", 0, "1", "2", "5", 0, "2", "1", "3", 0, "1", 0, "2", "1", "1", "2", "1", 0, 0, 0], "A/B": ["2", "3", "1", "3", "2", "1", "1", 0, 0, 0, "4", 0, "2", "1", "1", 0, "1", "1", 0, 0, "2", 0, 0, 0, "4", "1", 0, 0, 0, "1", "1", "4", 0, 0, "1", 0, 0, "1", 0, 0], "MS": [0, 0, 0, 0, "2", 0, "2", 0, "1", "1", "2", 0, "1", "2", "2", 0, "1", "1", 0, 0, 0, "1", "1", "1", 0, 0, 0, "1", "1", "2", "1", "2", "2", "1", 0, "1", 0, "1", 0, 0], "HT": ["2", 0, "7", "1", "2", 0, "1", "1", "1", 0, 0, "1", "2", 0, 0, 0, 0, "2", 0, 0, "1", 0, "2", "1", "1", 0, 0, "1", "1", 0, "2", 0, "2", "2", "3", 0, "3", "7", 0, 0], "GV": ["1", 0, 0, 0, 0, "1", 0, "1", 0, "1", 0, "1", 0, 0, "3", "1", "1", 0, 0, 0, "1", 0, 0, "1", 0, 0, 0, 0, 0, 0, 0, "1", "1", 0, 0, "1", 0, 0, "1", 0], "TK": [0, 0, "1", "1", "1", 0, 0, 0, "1", 0, 0, 0, "1", "1", 0, 0, 0, "2", 0, 0, "3", "1", "1", "2", "1", 0, "1", "1", 0, "1", 0, 0, 0, 0, 0, "1", 0, 0, 0, 0], "BS": ["1", "3", "1", 0, "1", 0, 0, 0, "1", 0, "1", 0, "2", "2", "2", 0, "1", 0, 0, 0, "6", "3", "1", 0, 0, "1", 0, "1", "1", 0, "4", 0, "2", 0, "2", 0, "1", "1", 0, 0], "FW": [0, 0, 0, 0, "10", "4", 0, "5", 0, "0", 0, 0, 0, 0, 0, 0, "4", 0, 0, 0, 0, 0, "7", "6", 0, "4", 0, 0, "5", 0, 0, 0, "0", "2", 0, 0, 0, 0, 0, 0], "FL": [0, 0, 0, 0, "7", "7", 0, "1", 0, "1", 0, 0, 0, 0, 0, 0, "8", 0, 0, 0, 0, 0, "10", "4", 0, "5", 0, 0, "3", 0, 0, 0, "1", "0", 0, 0, 0, 0, 0, 0], "F%": [0, 0, 0, 0, "59", "36", 0, "83", 0, "0", 0, 0, 0, 0, 0, 0, "33", 0, 0, 0, 0, 0, "41", "60", 0, "44", 0, 0, "63", 0, 0, 0, "0", "100", 0, 0, 0, 0, 0, 0], "team": ["DETROIT RED WINGS ", "DETROIT RED WINGS ", "DETROIT RED WINGS ", "DETROIT RED WINGS ", "DETROIT RED WINGS ", "DETROIT RED WINGS ", "DETROIT RED WINGS ", "DETROIT RED WINGS ", "DETROIT RED WINGS ", "DETROIT RED WINGS ", "DETROIT RED WINGS ", "DETROIT RED WINGS ", "DETROIT RED WINGS ", "DETROIT RED WINGS ", "DETROIT RED WINGS ", "DETROIT RED WINGS ", "DETROIT RED WINGS ", "DETROIT RED WINGS ", "DETROIT RED WINGS ", "DETROIT RED WINGS ", "CAROLINA HURRICANES ", "CAROLINA HURRICANES ", "CAROLINA HURRICANES ", "CAROLINA HURRICANES ", "CAROLINA HURRICANES ", "CAROLINA HURRICANES ", "CAROLINA HURRICANES ", "CAROLINA HURRICANES ", "CAROLINA HURRICANES ", "CAROLINA HURRICANES ", "CAROLINA HURRICANES ", "CAROLINA HURRICANES ", "CAROLINA HURRICANES ", "CAROLINA HURRICANES ", "CAROLINA HURRICANES ", "CAROLINA HURRICANES ", "CAROLINA HURRICANES ", "CAROLINA HURRICANES ", "CAROLINA HURRICANES ", "CAROLINA HURRICANES "], "GA": [0, 0, 0, 0, 0, 0, 0, 0, 0, 0, 0, 0, 0, 0, 0, 0, 0, 0, 0.0, "2", 0, 0, 0, 0, 0, 0, 0, 0, 0, 0, 0, 0, 0, 0, 0, 0, 0, 0, "3", 0], "SA": [0, 0, 0, 0, 0, 0, 0, 0, 0, 0, 0, 0, 0, 0, 0, 0, 0, 0, 0.0, "25", 0, 0, 0, 0, 0, 0, 0, 0, 0, 0, 0, 0, 0, 0, 0, 0, 0, 0, "38", 0]}}