{"game_info": {"date": "2013-12-18", "visitor": "PITTSBURGH PENGUINS ", "home": "NEW YORK RANGERS ", "game_id": 522, "status": "final"}, "player_stats": {"number": ["2", "3", "8", "9", "12", "14", "16", "23", "27", "36", "38", "39", "41", "46", "47", "49", "55", "87", "29", "37", "4", "5", "6", "15", "16", "17", "19", "20", "21", "22", "27", "28", "36", "44", "45", "61", "62", "67", "30", "33"], "position": ["D", "D", "D", "L", "R", "L", "C", "R", "R", "L", "C", "L", "D", "C", "D", "C", "D", "C", "G", "G", "D", "D", "D", "R", "C", "D", "C", "C", "C", "C", "D", "C", "C", "D", "R", "L", "L", "L", "G", "G"], "name": ["NISKANEN, MATT", "MAATTA, OLLI", "DUMOULIN, BRIAN", "DUPUIS, PASCAL", "KOBASEW, CHUCK", "KUNITZ, CHRIS", "SUTTER, BRANDON", "CONNER, CHRIS", "ADAMS, CRAIG", "JOKINEN, JUSSI", "SILL, ZACH", "ZOLNIERCZYK, HARRY", "BORTUZZO, ROBERT", "VITALE, JOE", "DESPRES, SIMON", "GIBBONS, BRIAN", "SAMUELSSON, PHILIP", "CROSBY, SIDNEY", "FLEURY, MARC-ANDRE", "ZATKOFF, JEFF", "DEL ZOTTO, MICHAEL", "GIRARDI, DAN", "STRALMAN, ANTON", "DORSETT, DEREK", "BRASSARD, DERICK", "MOORE, JOHN", "RICHARDS, BRAD", "KREIDER, CHRIS", "STEPAN, DEREK", "BOYLE, BRIAN", "MCDONAGH, RYAN", "MOORE, DOMINIC", "ZUCCARELLO, MATS", "FALK, JUSTIN", "ASHAM, ARRON", "NASH, RICK", "HAGELIN, CARL", "POULIOT, BENOIT", "LUNDQVIST, HENRIK", "TALBOT, CAM"], "G": [0, 0, 0, "1", 0, "1", "1", 0, 0, 0, 0, 0, 0, 0, 0, 0, 0, 0, 0, 0, 0, 0, 0, 0, "1", 0, 0, 0, 0, 0, 0, 0, "1", 0, 0, 0, "1", 0, 0, 0], "A": ["1", "1", 0, 0, 0, "1", 0, 0, 0, "1", 0, 0, 0, 0, 0, 0, 0, "2", 0, 0, 0, 0, 0, 0, 0, "2", "1", 0, 0, 0, 0, 0, "1", "1", 0, 0, 0, "1", 0, 0], "P": ["1", "1", 0, "1", 0, "2", "1", 0, 0, "1", 0, 0, 0, 0, 0, 0, 0, "2", 0, 0, 0, 0, 0, 0, "1", "2", "1", 0, 0, 0, 0, 0, "2", "1", 0, 0, "1", "1", 0, 0], "+/-": [0, "+1", "-1", "-1", 0, "+1", "+1", 0, "-1", 0, "-1", 0, "+1", 0, "-1", 0, 0, "+1", 0, 0, "-1", "-1", "+1", 0, "+1", "+2", 0, 0, "-1", 0, "-1", 0, "+1", 0, 0, "-1", 0, 0, 0, 0], "PN": ["1", 0, 0, "1", 0, "1", 0, 0, 0, 0, 0, "2", 0, 0, "1", 0, 0, 0, 0, 0, "1", 0, 0, "1", 0, 0, 0, 0, 0, 0, "1", 0, 0, "1", 0, 0, 0, 0, 0, 0], "PIM": ["2", 0, 0, "2", 0, "2", 0, 0, 0, 0, 0, "4", 0, 0, "2", 0, 0, 0, 0, 0, "2", 0, 0, "2", 0, 0, 0, 0, 0, 0, "2", 0, 0, "2", 0, 0, 0, 0, 0, 0], "TOT": ["29:44", "28:06", "19:49", "16:03", "10:31", "19:58", "20:06", "13:27", "16:13", "14:09", "12:50", "09:37", "22:29", "14:27", "14:59", "11:10", "13:05", "22:20", "65:00", 0, "15:43", "24:22", "20:36", "11:14", "18:29", "20:50", "23:14", "17:37", "23:06", "08:17", "28:52", "12:48", "18:35", "12:56", "04:19", "22:14", "15:43", "13:42", "65:00", 0], "SHF": ["34", "33", "30", "27", "17", "25", "24", "15", "18", "19", "20", "17", "33", "20", "24", "18", "18", "26", 0, 0, "25", "32", "28", "16", "24", "24", "24", "20", "26", "13", "29", "22", "24", "15", "6", "26", "22", "21", 0, 0], "AVG TOI/SH": ["00:52", "00:51", "00:39", "00:35", "00:37", "00:47", "00:50", "00:53", "00:54", "00:44", "00:38", "00:33", "00:40", "00:43", "00:37", "00:37", "00:43", "00:51", 0, 0, "00:37", "00:45", "00:44", "00:42", "00:46", "00:52", "00:58", "00:52", "00:53", "00:38", "00:59", "00:34", "00:46", "00:51", "00:43", "00:51", "00:42", "00:39", 0, 0], "PP": ["02:33", "00:50", "02:33", "00:33", "00:00", "02:50", "00:22", "00:00", "00:00", "02:50", "00:11", "00:00", "00:00", "00:00", "00:50", "00:00", "00:00", "03:23", "03:23", 0, "00:09", "00:18", "00:00", "00:00", "02:24", "01:04", "06:39", "02:47", "04:33", "00:00", "05:44", "00:00", "02:32", "00:00", "00:00", "04:25", "00:00", "02:10", "06:57", 0], "SH": ["02:35", "03:35", "00:58", "01:18", "00:00", "00:00", "04:45", "00:00", "05:14", "00:00", "01:52", "00:00", "03:57", "00:11", "01:05", "00:00", "00:18", "00:00", "06:57", 0, "01:57", "02:23", "01:00", "01:35", "00:00", "00:00", "00:00", "00:00", "00:00", "01:40", "01:00", "01:43", "00:00", "00:26", "00:00", "00:00", "01:48", "00:00", "03:23", 0], "EV": ["24:36", "23:41", "16:18", "14:12", "10:31", "17:08", "14:59", "13:27", "10:59", "11:19", "10:47", "09:37", "18:32", "14:16", "13:04", "11:10", "12:47", "18:57", "54:40", 0, "13:37", "21:41", "19:36", "09:39", "16:05", "19:46", "16:35", "14:50", "18:33", "06:37", "22:08", "11:05", "16:03", "12:30", "04:19", "17:49", "13:55", "11:32", "54:40", 0], "S": ["3", "4", 0, "5", 0, "7", "2", 0, 0, "4", 0, 0, 0, 0, "1", 0, "2", "4", 0, 0, "2", 0, "1", "2", "2", "3", "1", "1", "7", "1", "5", "1", "1", 0, 0, "4", "1", 0, 0, 0], "A/B": ["3", "2", 0, 0, "2", "1", 0, 0, "1", 0, 0, "1", "1", 0, 0, 0, 0, 0, 0, 0, 0, "1", "1", "1", "4", "1", "1", 0, "3", 0, "2", 0, "1", "1", 0, "3", 0, "1", 0, 0], "MS": [0, "3", "1", "1", "1", 0, 0, 0, 0, 0, "1", 0, "2", 0, 0, 0, 0, "1", 0, 0, "1", "1", 0, "1", 0, "1", "4", "1", "1", 0, "1", 0, "1", 0, 0, 0, 0, "4", 0, 0], "HT": ["5", 0, 0, "1", 0, "2", 0, "1", "3", "1", "3", "1", "3", "1", "1", 0, "3", 0, 0, 0, "3", "3", "1", "7", "2", "2", "1", "2", 0, 0, "2", "1", 0, "1", "1", "1", "1", "2", 0, 0], "GV": [0, "1", "1", "1", 0, "1", "1", 0, 0, "1", 0, "1", "1", "1", "1", "1", "1", "2", 0, 0, 0, "2", "1", "1", "2", "2", "1", 0, "2", 0, "2", 0, 0, 0, 0, "3", "1", 0, 0, 0], "TK": [0, 0, "1", 0, 0, "1", "1", "1", 0, 0, 0, "1", 0, 0, 0, 0, "1", 0, 0, 0, 0, 0, "1", "1", "1", 0, 0, 0, "3", 0, "1", 0, "1", 0, 0, "1", "2", 0, 0, 0], "BS": ["1", "3", "2", 0, "1", "2", "1", 0, "2", "1", 0, 0, "2", 0, "1", "1", "2", "1", 0, 0, 0, "1", "1", "1", "2", "1", 0, 0, 0, 0, "2", 0, 0, "2", 0, "1", 0, 0, 0, 0], "FW": [0, 0, 0, 0, 0, 0, "5", 0, "1", "6", "1", 0, 0, "4", 0, 0, 0, "18", 0, 0, 0, 0, 0, 0, "6", 0, "1", "1", "11", "9", 0, "7", 0, 0, 0, 0, 0, "1", 0, 0], "FL": [0, 0, 0, 0, 0, 0, "10", 0, "0", "9", "4", 0, 0, "1", 0, 0, 0, "12", 0, 0, 0, 0, 0, 0, "4", 0, "3", "0", "20", "3", 0, "3", 0, 0, 0, 0, 0, "2", 0, 0], "F%": [0, 0, 0, 0, 0, 0, "33", 0, "100", "40", "20", 0, 0, "80", 0, 0, 0, "60", 0, 0, 0, 0, 0, 0, "60", 0, "25", "100", "35", "75", 0, "70", 0, 0, 0, 0, 0, "33", 0, 0], "team": ["PITTSBURGH PENGUINS ", "PITTSBURGH PENGUINS ", "PITTSBURGH PENGUINS ", "PITTSBURGH PENGUINS ", "PITTSBURGH PENGUINS ", "PITTSBURGH PENGUINS ", "PITTSBURGH PENGUINS ", "PITTSBURGH PENGUINS ", "PITTSBURGH PENGUINS ", "PITTSBURGH PENGUINS ", "PITTSBURGH PENGUINS ", "PITTSBURGH PENGUINS ", "PITTSBURGH PENGUINS ", "PITTSBURGH PENGUINS ", "PITTSBURGH PENGUINS ", "PITTSBURGH PENGUINS ", "PITTSBURGH PENGUINS ", "PITTSBURGH PENGUINS ", "PITTSBURGH PENGUINS ", "PITTSBURGH PENGUINS ", "NEW YORK RANGERS ", "NEW YORK RANGERS ", "NEW YORK RANGERS ", "NEW YORK RANGERS ", "NEW YORK RANGERS ", "NEW YORK RANGERS ", "NEW YORK RANGERS ", "NEW YORK RANGERS ", "NEW YORK RANGERS ", "NEW YORK RANGERS ", "NEW YORK RANGERS ", "NEW YORK RANGERS ", "NEW YORK RANGERS ", "NEW YORK RANGERS ", "NEW YORK RANGERS ", "NEW YORK RANGERS ", "NEW YORK RANGERS ", "NEW YORK RANGERS ", "NEW YORK RANGERS ", "NEW YORK RANGERS "], "GA": [0, 0, 0, 0, 0, 0, 0, 0, 0, 0, 0, 0, 0, 0, 0, 0, 0, 0, "3", 0, 0, 0, 0, 0, 0, 0, 0, 0, 0, 0, 0, 0, 0, 0, 0, 0, 0, 0, "3", 0], "SA": [0, 0, 0, 0, 0, 0, 0, 0, 0, 0, 0, 0, 0, 0, 0, 0, 0, 0, "32", 0, 0, 0, 0, 0, 0, 0, 0, 0, 0, 0, 0, 0, 0, 0, 0, 0, 0, 0, "32", 0]}}