{"game_info": {"date": "2013-11-15", "visitor": "TORONTO MAPLE LEAFS ", "home": "BUFFALO SABRES ", "game_id": 284, "status": "final"}, "player_stats": {"number": ["2", "3", "4", "11", "12", "15", "19", "21", "22", "23", "28", "36", "37", "38", "41", "51", "71", "81", "34", "45", "3", "4", "8", "9", "10", "19", "20", "21", "23", "26", "28", "32", "55", "57", "63", "65", "78", "82", "1", "30"], "position": ["D", "D", "D", "C", "L", "D", "R", "L", "R", "C", "R", "D", "R", "L", "L", "D", "R", "C", "G", "G", "D", "D", "C", "C", "D", "C", "D", "R", "L", "L", "C", "L", "D", "D", "C", "C", "R", "L", "G", "G"], "name": ["FRASER, MARK", "PHANEUF, DION", "FRANSON, CODY", "MCCLEMENT, JAY", "RAYMOND, MASON", "RANGER, PAUL", "LUPUL, JOFFREY", "VAN RIEMSDYK, JAMES", "SMITHSON, JERRED", "SMITH, TREVOR", "ORR, COLTON", "GUNNARSSON, CARL", "ASHTON, CARTER", "MCLAREN, FRAZER", "KULEMIN, NIKOLAI", "GARDINER, JAKE", "CLARKSON, DAVID", "KESSEL, PHIL", "REIMER, JAMES", "BERNIER, JONATHAN", "PYSYK, MARK", "MCBAIN, JAMIE", "MCCORMICK, CODY", "OTT, STEVE", "EHRHOFF, CHRISTIAN", "HODGSON, CODY", "TALLINDER, HENRIK", "STAFFORD, DREW", "LEINO, VILLE", "MOULSON, MATT", "GIRGENSONS, ZEMGUS", "SCOTT, JOHN", "RISTOLAINEN, RASMUS", "MYERS, TYLER", "ENNIS, TYLER", "FLYNN, BRIAN", "TROPP, COREY", "FOLIGNO, MARCUS", "ENROTH, JHONAS", "MILLER, RYAN"], "G": [0, 0, 0, 0, 0, 0, 0, 0, 0, "1", 0, 0, 0, 0, 0, 0, 0, 0, 0, 0, 0, 0, 0, "1", "1", 0, 0, 0, 0, 0, 0, 0, 0, 0, 0, 0, 0, "1", 0, 0], "A": [0, 0, 0, 0, "1", 0, 0, 0, 0, 0, 0, 0, 0, 0, 0, 0, "1", 0, 0, 0, "2", 0, 0, "1", 0, 0, 0, "1", 0, 0, 0, 0, 0, "1", 0, 0, 0, 0, 0, 0], "P": [0, 0, 0, 0, "1", 0, 0, 0, 0, "1", 0, 0, 0, 0, 0, 0, "1", 0, 0, 0, "2", 0, 0, "2", "1", 0, 0, "1", 0, 0, 0, 0, 0, "1", 0, 0, 0, "1", 0, 0], "+/-": ["-1", 0, "-1", "-1", "+1", "-1", "-1", "-1", "-1", "+1", 0, "+1", 0, 0, "-1", 0, 0, "-1", 0, 0, "+1", 0, 0, "+2", "+1", "-1", 0, 0, "+1", "-1", 0, 0, 0, 0, "+1", 0, 0, "+1", 0, 0], "PN": ["1", 0, 0, 0, 0, "1", 0, 0, 0, 0, 0, 0, 0, 0, 0, 0, 0, "1", 0, 0, 0, 0, 0, 0, 0, 0, "1", "1", 0, 0, 0, 0, 0, 0, 0, 0, 0, "1", 0, 0], "PIM": ["2", 0, 0, 0, 0, "2", 0, 0, 0, 0, 0, 0, 0, 0, 0, 0, 0, "2", 0, 0, 0, 0, 0, 0, 0, 0, "2", "2", 0, 0, 0, 0, 0, 0, 0, 0, 0, "2", 0, 0], "TOT": ["16:02", "22:26", "23:26", "16:34", "18:41", "18:21", "19:40", "21:52", "12:55", "16:50", "05:42", "18:07", "05:10", "04:56", "13:48", "21:44", "17:42", "21:12", 0, "59:11", "20:37", "18:44", "09:30", "19:37", "24:05", "17:07", "19:22", "18:23", "18:08", "16:54", "12:50", "07:31", "17:12", "20:05", "17:49", "14:31", "08:42", "12:53", 0, "60:00"], "SHF": ["26", "29", "31", "24", "24", "30", "25", "29", "28", "22", "10", "28", "10", "10", "21", "29", "24", "24", 0, 0, "27", "20", "14", "25", "28", "23", "25", "25", "20", "22", "19", "11", "20", "26", "19", "21", "14", "18", 0, 0], "AVG TOI/SH": ["00:37", "00:46", "00:45", "00:41", "00:46", "00:36", "00:47", "00:45", "00:27", "00:45", "00:34", "00:38", "00:31", "00:29", "00:39", "00:44", "00:44", "00:53", 0, 0, "00:45", "00:56", "00:40", "00:47", "00:51", "00:44", "00:46", "00:44", "00:54", "00:46", "00:40", "00:41", "00:51", "00:46", "00:56", "00:41", "00:37", "00:42", 0, 0], "PP": ["00:00", "04:00", "04:00", "00:00", "02:00", "00:00", "04:00", "03:43", "00:17", "02:00", "00:00", "02:00", "00:00", "00:00", "00:00", "02:00", "02:00", "04:00", 0, "06:00", "01:49", "03:36", "00:08", "02:01", "03:52", "03:32", "00:00", "02:01", "02:01", "03:32", "00:00", "00:08", "00:00", "02:05", "03:32", "00:00", "00:08", "00:00", 0, "05:41"], "SH": ["01:13", "03:39", "01:52", "03:35", "01:01", "01:18", "00:00", "01:22", "02:04", "00:00", "00:00", "03:20", "00:25", "00:00", "02:55", "00:00", "00:00", "00:00", 0, "05:41", "03:28", "00:09", "01:33", "03:24", "03:28", "00:02", "02:02", "01:47", "00:00", "00:00", "01:25", "00:00", "00:30", "02:23", "00:00", "02:28", "01:12", "00:09", 0, "06:00"], "EV": ["14:49", "14:47", "17:34", "12:59", "15:40", "17:03", "15:40", "16:47", "10:34", "14:50", "05:42", "12:47", "04:45", "04:56", "10:53", "19:44", "15:42", "17:12", 0, "47:30", "15:20", "14:59", "07:49", "14:12", "16:45", "13:33", "17:20", "14:35", "16:07", "13:22", "11:25", "07:23", "16:42", "15:37", "14:17", "12:03", "07:22", "12:44", 0, "48:19"], "S": [0, "4", 0, "1", "1", "2", "5", "5", 0, "2", 0, "1", "2", 0, 0, "3", "3", "4", 0, 0, "3", "2", "2", "3", "2", "1", "1", "4", "1", 0, 0, 0, 0, "2", "4", 0, 0, "2", 0, 0], "A/B": [0, "4", "1", "2", "2", 0, "1", "2", 0, 0, 0, 0, 0, 0, "1", "1", "2", 0, 0, 0, 0, 0, "2", 0, 0, "1", 0, "1", 0, 0, 0, 0, 0, 0, 0, 0, 0, 0, 0, 0], "MS": [0, "1", 0, "1", "2", "1", 0, "2", "1", 0, 0, 0, 0, 0, "2", 0, 0, 0, 0, 0, "1", 0, 0, 0, 0, 0, 0, 0, 0, 0, "1", 0, 0, "1", 0, 0, "1", 0, 0, 0], "HT": ["3", 0, "2", 0, 0, 0, "1", 0, "2", "3", "2", "2", "1", 0, "1", 0, "2", 0, 0, 0, "1", 0, "1", "1", "2", 0, 0, "2", 0, 0, 0, "3", "3", "4", 0, "1", "2", "5", 0, 0], "GV": [0, "1", 0, 0, 0, 0, 0, 0, 0, 0, 0, 0, 0, 0, 0, 0, 0, 0, 0, 0, 0, "1", 0, 0, "1", 0, "2", "2", 0, 0, 0, 0, 0, "1", "1", 0, 0, 0, 0, 0], "TK": [0, 0, 0, 0, 0, 0, 0, "1", 0, 0, 0, 0, 0, 0, 0, "1", 0, 0, 0, 0, 0, 0, 0, 0, 0, "1", "1", 0, 0, 0, "1", 0, 0, 0, 0, 0, 0, 0, 0, 0], "BS": [0, "1", 0, 0, 0, 0, 0, 0, 0, 0, "1", "1", 0, 0, 0, 0, 0, "1", 0, 0, "2", "2", 0, "1", "1", "1", "1", 0, 0, 0, "1", "1", "2", "2", 0, "1", "1", 0, 0, 0], "FW": [0, 0, 0, "6", 0, 0, "3", "3", "11", "4", 0, 0, "3", 0, 0, 0, 0, 0, 0, 0, 0, 0, "4", "3", 0, "17", 0, 0, "6", 0, "4", 0, 0, 0, "0", "1", 0, 0, 0, 0], "FL": [0, 0, 0, "6", 0, 0, "3", "6", "12", "8", 0, 0, "0", 0, 0, 0, 0, 0, 0, 0, 0, 0, "3", "2", 0, "13", 0, 0, "4", 0, "6", 0, 0, 0, "1", "1", 0, 0, 0, 0], "F%": [0, 0, 0, "50", 0, 0, "50", "33", "48", "33", 0, 0, "100", 0, 0, 0, 0, 0, 0, 0, 0, 0, "57", "60", 0, "57", 0, 0, "60", 0, "40", 0, 0, 0, "0", "50", 0, 0, 0, 0], "team": ["TORONTO MAPLE LEAFS ", "TORONTO MAPLE LEAFS ", "TORONTO MAPLE LEAFS ", "TORONTO MAPLE LEAFS ", "TORONTO MAPLE LEAFS ", "TORONTO MAPLE LEAFS ", "TORONTO MAPLE LEAFS ", "TORONTO MAPLE LEAFS ", "TORONTO MAPLE LEAFS ", "TORONTO MAPLE LEAFS ", "TORONTO MAPLE LEAFS ", "TORONTO MAPLE LEAFS ", "TORONTO MAPLE LEAFS ", "TORONTO MAPLE LEAFS ", "TORONTO MAPLE LEAFS ", "TORONTO MAPLE LEAFS ", "TORONTO MAPLE LEAFS ", "TORONTO MAPLE LEAFS ", "TORONTO MAPLE LEAFS ", "TORONTO MAPLE LEAFS ", "BUFFALO SABRES ", "BUFFALO SABRES ", "BUFFALO SABRES ", "BUFFALO SABRES ", "BUFFALO SABRES ", "BUFFALO SABRES ", "BUFFALO SABRES ", "BUFFALO SABRES ", "BUFFALO SABRES ", "BUFFALO SABRES ", "BUFFALO SABRES ", "BUFFALO SABRES ", "BUFFALO SABRES ", "BUFFALO SABRES ", "BUFFALO SABRES ", "BUFFALO SABRES ", "BUFFALO SABRES ", "BUFFALO SABRES ", "BUFFALO SABRES ", "BUFFALO SABRES "], "GA": [0, 0, 0, 0, 0, 0, 0, 0, 0, 0, 0, 0, 0, 0, 0, 0, 0, 0, 0.0, "2", 0, 0, 0, 0, 0, 0, 0, 0, 0, 0, 0, 0, 0, 0, 0, 0, 0, 0, 0, "1"], "SA": [0, 0, 0, 0, 0, 0, 0, 0, 0, 0, 0, 0, 0, 0, 0, 0, 0, 0, 0.0, "26", 0, 0, 0, 0, 0, 0, 0, 0, 0, 0, 0, 0, 0, 0, 0, 0, 0, 0, 0, "33"]}}