{"game_info": {"date": "2013-11-14", "visitor": "DALLAS STARS ", "home": "CALGARY FLAMES ", "game_id": 282, "status": "final"}, "player_stats": {"number": ["3", "4", "6", "10", "12", "14", "16", "17", "20", "21", "24", "33", "38", "39", "43", "55", "72", "91", "30", "32", "3", "4", "6", "7", "8", "11", "13", "15", "16", "18", "22", "23", "24", "39", "44", "47", "54", "55", "29", "31"], "position": ["D", "D", "D", "C", "R", "L", "C", "C", "C", "L", "D", "D", "L", "C", "R", "D", "L", "C", "G", "G", "D", "D", "D", "D", "C", "C", "L", "R", "R", "C", "R", "C", "C", "L", "D", "L", "R", "D", "G", "G"], "name": ["ROBIDAS, STEPHANE", "DILLON, BRENDEN", "DALEY, TREVOR", "HORCOFF, SHAWN", "CHIASSON, ALEX", "BENN, JAMIE", "GARBUTT, RYAN", "PEVERLEY, RICH", "EAKIN, CODY", "ROUSSEL, ANTOINE", "BENN, JORDIE", "GOLIGOSKI, ALEX", "FIDDLER, VERNON", "MORIN, TRAVIS", "NICHUSHKIN, VALERI", "GONCHAR, SERGEI", "COLE, ERIK", "SEGUIN, TYLER", "ELLIS, DAN", "LEHTONEN, KARI", "SMID, LADISLAV", "RUSSELL, KRIS", "WIDEMAN, DENNIS", "BRODIE, TJ", "COLBORNE, JOE", "BACKLUND, MIKAEL", "CAMMALLERI, MIKE", "JACKMAN, TIM", "MCGRATTAN, BRIAN", "STAJAN, MATT", "STEMPNIAK, LEE", "MONAHAN, SEAN", "HUDLER, JIRI", "GALIARDI, TJ", "BUTLER, CHRIS", "BAERTSCHI, SVEN", "JONES, DAVID", "O'BRIEN, SHANE", "BERRA, RETO", "RAMO, KARRI"], "G": ["1", 0, 0, 0, 0, "1", "1", 0, 0, 0, 0, 0, 0, 0, 0, 0, 0, "4", 0, 0, 0, 0, 0, 0, 0, 0, 0, 0, 0, "2", 0, 0, 0, 0, 0, 0, "1", 0, 0, 0], "A": [0, "1", 0, 0, 0, "5", 0, 0, 0, "1", 0, "3", 0, 0, "2", "1", 0, "1", 0, 0, 0, "1", "1", 0, 0, 0, 0, 0, 0, 0, 0, 0, 0, "1", 0, "1", "1", 0, 0, 0], "P": ["1", "1", 0, 0, 0, "6", "1", 0, 0, "1", 0, "3", 0, 0, "2", "1", 0, "5", 0, 0, 0, "1", "1", 0, 0, 0, 0, 0, 0, "2", 0, 0, 0, "1", 0, "1", "2", 0, 0, 0], "+/-": ["+1", "+1", "+3", 0, 0, "+3", 0, "-1", 0, "+1", "-1", "+4", "+1", 0, "+4", "+1", 0, "+3", 0, 0, "-1", "+1", "-1", "-3", "-2", 0, "-2", 0, 0, "-1", "-3", "-1", "-1", "-1", "-4", "-1", "-1", 0, 0, 0], "PN": [0, "1", "1", 0, "1", 0, 0, 0, 0, "2", 0, 0, 0, 0, 0, 0, 0, 0, 0, 0, 0, 0, "1", 0, 0, 0, "1", 0, 0, 0, "1", 0, 0, 0, 0, "1", 0, "1", 0, 0], "PIM": [0, "5", "2", 0, "2", 0, 0, 0, 0, "7", 0, 0, 0, 0, 0, 0, 0, 0, 0, 0, 0, 0, "2", 0, 0, 0, "2", 0, 0, 0, "5", 0, 0, 0, 0, "4", 0, "5", 0, 0], "TOT": ["16:09", "16:46", "22:13", "15:40", "16:27", "15:14", "13:16", "16:00", "17:02", "13:08", "20:10", "20:35", "15:44", "12:31", "14:23", "22:46", "14:13", "14:39", 0, "60:00", "19:51", "22:52", "23:40", "19:07", "17:17", "10:50", "15:26", "09:54", "10:37", "15:46", "16:49", "16:07", "16:14", "14:06", "18:56", "18:33", "13:16", "14:43", "28:32", "31:28"], "SHF": ["26", "24", "28", "21", "22", "23", "17", "22", "22", "17", "25", "29", "23", "18", "21", "24", "18", "21", 0, 0, "27", "27", "28", "28", "24", "15", "22", "12", "12", "25", "25", "23", "22", "24", "26", "24", "21", "20", 0, 0], "AVG TOI/SH": ["00:37", "00:41", "00:47", "00:44", "00:44", "00:39", "00:46", "00:43", "00:46", "00:46", "00:48", "00:42", "00:41", "00:41", "00:41", "00:56", "00:47", "00:41", 0, 0, "00:44", "00:50", "00:50", "00:40", "00:43", "00:43", "00:42", "00:49", "00:53", "00:37", "00:40", "00:42", "00:44", "00:35", "00:43", "00:46", "00:37", "00:44", 0, 0], "PP": ["00:00", "00:00", "01:56", "01:28", "02:19", "02:15", "00:00", "02:13", "01:08", "00:40", "02:38", "01:01", "01:22", "00:37", "01:15", "02:59", "00:28", "02:31", 0, "04:58", "00:09", "02:55", "01:54", "01:10", "00:59", "00:00", "01:01", "00:00", "00:00", "00:00", "00:20", "02:05", "01:54", "00:00", "00:00", "02:03", "00:50", "00:00", "02:00", "01:04"], "SH": ["02:05", "02:04", "00:41", "00:40", "00:09", "00:00", "01:26", "00:05", "00:49", "01:24", "00:18", "00:50", "01:35", "00:00", "00:00", "00:10", "00:00", "00:00", 0, "03:04", "02:29", "00:06", "02:09", "02:07", "00:45", "01:19", "00:00", "00:00", "00:00", "02:54", "01:59", "00:27", "00:00", "02:32", "03:05", "00:00", "00:00", "00:00", "00:00", "04:58"], "EV": ["14:04", "14:42", "19:36", "13:32", "13:59", "12:59", "11:50", "13:42", "15:05", "11:04", "17:14", "18:44", "12:47", "11:54", "13:08", "19:37", "13:45", "12:08", 0, "51:58", "17:13", "19:51", "19:37", "15:50", "15:33", "09:31", "14:25", "09:54", "10:37", "12:52", "14:30", "13:35", "14:20", "11:34", "15:51", "16:30", "12:26", "14:43", "26:32", "25:26"], "S": ["3", "1", "1", "1", "1", "3", "4", "2", "1", "1", 0, 0, 0, "2", "3", "1", "2", "6", 0, 0, 0, "2", "1", 0, 0, "2", "1", "1", "1", "6", "5", "1", "2", "1", 0, "1", "2", "2", 0, 0], "A/B": ["2", "1", "1", 0, "1", "1", 0, "2", "1", "2", "1", "1", "1", 0, 0, "1", "2", "2", 0, 0, 0, 0, 0, 0, 0, 0, "4", "1", "2", 0, 0, "1", "2", "1", "2", 0, "1", 0, 0, 0], "MS": [0, 0, 0, 0, "2", "3", "1", "1", 0, "1", 0, "1", "1", 0, "2", "1", 0, "2", 0, 0, "1", 0, "1", "1", "1", 0, "2", "2", "2", 0, 0, "1", "2", "1", 0, "2", "1", 0, 0, 0], "HT": ["5", 0, 0, 0, 0, "4", 0, 0, 0, 0, "3", "1", 0, 0, "1", "3", "1", 0, 0, 0, "5", 0, "2", "1", "4", "5", "1", "1", "1", "1", "1", "2", "2", "2", 0, "1", "1", "1", 0, 0], "GV": [0, "1", 0, 0, 0, "1", 0, 0, "2", "1", "1", 0, 0, 0, "1", 0, 0, 0, 0, "1", "3", 0, "1", "1", "2", 0, 0, "2", 0, "1", 0, "1", "1", 0, "1", 0, 0, 0, 0, 0], "TK": [0, 0, 0, "1", "1", 0, 0, 0, 0, 0, 0, "1", 0, 0, 0, 0, 0, "1", 0, 0, "1", "2", 0, 0, "1", 0, 0, 0, 0, 0, "1", 0, "1", 0, "1", "1", 0, 0, 0, 0], "BS": ["1", "3", 0, "1", 0, 0, 0, 0, 0, 0, "4", "2", "1", 0, "2", 0, 0, 0, 0, 0, "5", "5", "5", 0, "1", "2", 0, 0, 0, "1", 0, 0, 0, 0, 0, 0, 0, 0, 0, 0], "FW": [0, 0, 0, "1", "0", "2", 0, "4", "5", 0, 0, 0, "7", "7", 0, 0, 0, "3", 0, 0, 0, 0, 0, 0, "6", "4", 0, 0, 0, "13", 0, "7", 0, "1", 0, 0, 0, 0, 0, 0], "FL": [0, 0, 0, "0", "1", "5", 0, "2", "7", 0, 0, 0, "5", "6", 0, 0, 0, "5", 0, 0, 0, 0, 0, 0, "13", "4", 0, 0, 0, "5", 0, "7", 0, "0", 0, 0, 0, 0, 0, 0], "F%": [0, 0, 0, "100", "0", "29", 0, "67", "42", 0, 0, 0, "58", "54", 0, 0, 0, "38", 0, 0, 0, 0, 0, 0, "32", "50", 0, 0, 0, "72", 0, "50", 0, "100", 0, 0, 0, 0, 0, 0], "team": ["DALLAS STARS ", "DALLAS STARS ", "DALLAS STARS ", "DALLAS STARS ", "DALLAS STARS ", "DALLAS STARS ", "DALLAS STARS ", "DALLAS STARS ", "DALLAS STARS ", "DALLAS STARS ", "DALLAS STARS ", "DALLAS STARS ", "DALLAS STARS ", "DALLAS STARS ", "DALLAS STARS ", "DALLAS STARS ", "DALLAS STARS ", "DALLAS STARS ", "DALLAS STARS ", "DALLAS STARS ", "CALGARY FLAMES ", "CALGARY FLAMES ", "CALGARY FLAMES ", "CALGARY FLAMES ", "CALGARY FLAMES ", "CALGARY FLAMES ", "CALGARY FLAMES ", "CALGARY FLAMES ", "CALGARY FLAMES ", "CALGARY FLAMES ", "CALGARY FLAMES ", "CALGARY FLAMES ", "CALGARY FLAMES ", "CALGARY FLAMES ", "CALGARY FLAMES ", "CALGARY FLAMES ", "CALGARY FLAMES ", "CALGARY FLAMES ", "CALGARY FLAMES ", "CALGARY FLAMES "], "GA": [0, 0, 0, 0, 0, 0, 0, 0, 0, 0, 0, 0, 0, 0, 0, 0, 0, 0, 0.0, "3", 0, 0, 0, 0, 0, 0, 0, 0, 0, 0, 0, 0, 0, 0, 0, 0, 0, 0, "4", "3"], "SA": [0, 0, 0, 0, 0, 0, 0, 0, 0, 0, 0, 0, 0, 0, 0, 0, 0, 0, 0.0, "28", 0, 0, 0, 0, 0, 0, 0, 0, 0, 0, 0, 0, 0, 0, 0, 0, 0, 0, "17", "15"]}}