{"game_info": {"date": "2014-03-11", "visitor": "DETROIT RED WINGS ", "home": "COLUMBUS BLUE JACKETS ", "game_id": 979, "status": "final"}, "player_stats": {"number": ["2", "8", "11", "14", "15", "17", "20", "21", "23", "25", "26", "27", "41", "44", "52", "55", "65", "93", "34", "35", "6", "7", "8", "11", "14", "15", "17", "18", "19", "21", "24", "26", "38", "42", "47", "55", "58", "71", "31", "72"], "position": ["D", "L", "R", "C", "C", "C", "L", "C", "D", "C", "R", "D", "C", "R", "D", "D", "D", "C", "G", "G", "D", "D", "R", "L", "L", "D", "C", "C", "C", "D", "C", "R", "C", "C", "D", "C", "D", "L", "G", "G"], "name": ["SMITH, BRENDAN", "ABDELKADER, JUSTIN", "ALFREDSSON, DANIEL", "NYQUIST, GUSTAV", "SHEAHAN, RILEY", "LEGWAND, DAVID", "MILLER, DREW", "TATAR, TOMAS", "LASHOFF, BRIAN", "EMMERTON, CORY", "JURCO, TOMAS", "QUINCEY, KYLE", "GLENDENING, LUKE", "BERTUZZI, TODD", "ERICSSON, JONATHAN", "KRONWALL, NIKLAS", "DEKEYSER, DANNY", "FRANZEN, JOHAN", "MRAZEK, PETR", "HOWARD, JIMMY", "NIKITIN, NIKITA", "JOHNSON, JACK", "HORTON, NATHAN", "CALVERT, MATT", "COMEAU, BLAKE", "SCHULTZ, NICK", "DUBINSKY, BRANDON", "UMBERGER, RJ", "JOHANSEN, RYAN", "WISNIEWSKI, JAMES", "MACKENZIE, DEREK", "TROPP, COREY", "JENNER, BOONE", "ANISIMOV, ARTEM", "PROUT, DALTON", "LETESTU, MARK", "SAVARD, DAVID", "FOLIGNO, NICK", "MCELHINNEY, CURTIS", "BOBROVSKY, SERGEI"], "G": [0, 0, 0, 0, 0, 0, 0, 0, 0, 0, 0, 0, 0, 0, 0, 0, "1", 0, 0, 0, 0, 0, 0, 0, 0, 0, "1", 0, 0, 0, "1", 0, "1", 0, 0, 0, 0, "1", 0, 0], "A": [0, 0, 0, 0, 0, "1", 0, 0, 0, 0, 0, 0, 0, 0, 0, 0, 0, 0, 0, 0, 0, 0, "2", "1", "1", "1", 0, 0, 0, 0, 0, 0, 0, 0, 0, "1", 0, 0, 0, 0], "P": [0, 0, 0, 0, 0, "1", 0, 0, 0, 0, 0, 0, 0, 0, 0, 0, "1", 0, 0, 0, 0, 0, "2", "1", "1", "1", "1", 0, 0, 0, "1", 0, "1", 0, 0, "1", 0, "1", 0, 0], "+/-": [0, "-1", "-1", 0, "-2", 0, "-1", "-1", "-1", "-1", "-1", "+1", "-1", 0, "-4", "-2", 0, 0, 0, 0, "+2", 0, "+1", 0, "+1", "+1", 0, 0, "+1", "+2", "+1", 0, "+1", 0, "+1", "+2", 0, "+2", 0, 0], "PN": ["1", 0, 0, 0, 0, 0, 0, "1", 0, 0, 0, "1", 0, 0, 0, 0, 0, "1", 0, 0, 0, "1", 0, 0, "2", 0, 0, 0, 0, "1", 0, "1", 0, 0, 0, 0, 0, 0, 0, 0], "PIM": ["2", 0, 0, 0, 0, 0, 0, "2", 0, 0, 0, "2", 0, 0, 0, 0, 0, "2", 0, 0, 0, "2", 0, 0, "4", 0, 0, 0, 0, "2", 0, "2", 0, 0, 0, 0, 0, 0, 0, 0], "TOT": ["12:56", "16:40", "14:53", "18:16", "16:45", "18:08", "12:03", "16:18", "13:24", "08:34", "09:51", "19:47", "16:19", "14:55", "20:27", "24:34", "21:16", "18:58", "59:56", 0, "20:34", "25:13", "15:38", "16:15", "10:45", "11:56", "17:54", "14:12", "17:28", "22:45", "12:26", "10:14", "12:06", "15:56", "16:17", "14:59", "22:15", "15:07", 0, "60:00"], "SHF": ["22", "21", "20", "25", "22", "26", "14", "23", "19", "11", "13", "24", "21", "19", "28", "31", "24", "25", 0, 0, "21", "26", "19", "21", "15", "14", "22", "18", "22", "23", "17", "15", "18", "19", "17", "22", "24", "17", 0, 0], "AVG TOI/SH": ["00:35", "00:47", "00:44", "00:43", "00:45", "00:41", "00:51", "00:42", "00:42", "00:46", "00:45", "00:49", "00:46", "00:47", "00:43", "00:47", "00:53", "00:45", 0, 0, "00:58", "00:58", "00:49", "00:46", "00:43", "00:51", "00:48", "00:47", "00:47", "00:59", "00:43", "00:40", "00:40", "00:50", "00:57", "00:40", "00:55", "00:53", 0, 0], "PP": ["00:00", "01:07", "04:00", "04:26", "03:29", "03:41", "00:00", "03:43", "00:00", "00:00", "02:13", "00:00", "00:01", "04:30", "00:20", "04:06", "03:54", "04:30", "08:00", 0, "00:51", "04:41", "02:45", "02:28", "00:00", "00:00", "03:00", "00:28", "03:15", "05:09", "00:00", "00:00", "00:00", "03:00", "00:00", "01:04", "00:15", "03:04", 0, "06:00"], "SH": ["00:00", "02:05", "00:00", "00:00", "00:00", "00:21", "03:46", "00:00", "02:14", "01:53", "00:00", "01:35", "03:46", "00:00", "03:39", "03:39", "00:53", "00:09", "06:00", 0, "00:59", "03:31", "00:13", "01:56", "00:16", "00:52", "03:19", "01:51", "02:22", "02:42", "01:45", "00:00", "00:00", "01:45", "03:59", "02:33", "03:57", "00:00", 0, "08:00"], "EV": ["12:56", "13:28", "10:53", "13:50", "13:16", "14:06", "08:17", "12:35", "11:10", "06:41", "07:38", "18:12", "12:32", "10:25", "16:28", "16:49", "16:29", "14:19", "45:56", 0, "18:44", "17:01", "12:40", "11:51", "10:29", "11:04", "11:35", "11:53", "11:51", "14:54", "10:41", "10:14", "12:06", "11:11", "12:18", "11:22", "18:03", "12:03", 0, "46:00"], "S": ["3", "1", "2", "2", "6", "4", "1", "1", 0, "2", "3", 0, "1", "5", "2", 0, "4", "3", 0, 0, "1", "5", "1", "1", "5", "2", "1", "4", "3", "3", "3", "1", "1", "4", 0, "1", 0, "1", 0, 0], "A/B": ["1", 0, "2", "1", 0, 0, 0, "3", 0, 0, "1", 0, "1", 0, "1", "1", 0, "1", 0, 0, "1", 0, "1", "3", 0, 0, "2", "1", 0, "1", "1", "1", 0, "1", "1", 0, 0, 0, 0, 0], "MS": [0, "2", "1", "2", 0, 0, 0, 0, 0, 0, "1", 0, 0, "1", 0, "1", 0, 0, 0, 0, 0, 0, 0, 0, 0, 0, 0, 0, "1", 0, "1", 0, 0, "2", "1", 0, 0, 0, 0, 0], "HT": [0, "2", "1", 0, "1", "2", "1", 0, "1", 0, 0, 0, "2", 0, "2", "1", "2", "2", 0, 0, "2", "1", "2", "1", "4", "1", "3", 0, "1", 0, "1", "3", "4", "1", 0, 0, "3", "2", 0, 0], "GV": ["1", 0, 0, 0, 0, 0, 0, 0, 0, 0, 0, 0, 0, 0, "1", 0, 0, 0, 0, 0, 0, 0, "2", "1", 0, 0, "1", 0, "1", "1", 0, 0, "1", 0, 0, 0, 0, "1", 0, 0], "TK": [0, 0, 0, 0, "1", 0, 0, "1", 0, 0, 0, 0, 0, "1", 0, 0, "1", 0, 0, 0, 0, 0, "1", 0, "1", 0, 0, 0, 0, 0, 0, "1", "2", "1", 0, "1", 0, 0, 0, 0], "BS": ["1", 0, "1", 0, 0, 0, 0, 0, "6", 0, 0, 0, 0, 0, "1", "2", "1", "1", 0, 0, "3", "2", 0, 0, 0, "2", "1", 0, "1", 0, "1", 0, 0, "1", "1", 0, 0, 0, 0, 0], "FW": [0, 0, 0, 0, "10", "8", 0, 0, 0, "6", 0, 0, "5", 0, 0, 0, 0, "0", 0, 0, 0, 0, 0, 0, 0, 0, "6", 0, "7", 0, "3", 0, 0, "7", 0, "6", 0, 0, 0, 0], "FL": [0, 0, 0, 0, "6", "4", 0, 0, 0, "2", 0, 0, "14", 0, 0, 0, 0, "3", 0, 0, 0, 0, 0, 0, 0, 0, "9", 0, "8", 0, "3", 0, 0, "6", 0, "3", 0, 0, 0, 0], "F%": [0, 0, 0, 0, "63", "67", 0, 0, 0, "75", 0, 0, "26", 0, 0, 0, 0, "0", 0, 0, 0, 0, 0, 0, 0, 0, "40", 0, "47", 0, "50", 0, 0, "54", 0, "67", 0, 0, 0, 0], "team": ["DETROIT RED WINGS ", "DETROIT RED WINGS ", "DETROIT RED WINGS ", "DETROIT RED WINGS ", "DETROIT RED WINGS ", "DETROIT RED WINGS ", "DETROIT RED WINGS ", "DETROIT RED WINGS ", "DETROIT RED WINGS ", "DETROIT RED WINGS ", "DETROIT RED WINGS ", "DETROIT RED WINGS ", "DETROIT RED WINGS ", "DETROIT RED WINGS ", "DETROIT RED WINGS ", "DETROIT RED WINGS ", "DETROIT RED WINGS ", "DETROIT RED WINGS ", "DETROIT RED WINGS ", "DETROIT RED WINGS ", "COLUMBUS BLUE JACKETS ", "COLUMBUS BLUE JACKETS ", "COLUMBUS BLUE JACKETS ", "COLUMBUS BLUE JACKETS ", "COLUMBUS BLUE JACKETS ", "COLUMBUS BLUE JACKETS ", "COLUMBUS BLUE JACKETS ", "COLUMBUS BLUE JACKETS ", "COLUMBUS BLUE JACKETS ", "COLUMBUS BLUE JACKETS ", "COLUMBUS BLUE JACKETS ", "COLUMBUS BLUE JACKETS ", "COLUMBUS BLUE JACKETS ", "COLUMBUS BLUE JACKETS ", "COLUMBUS BLUE JACKETS ", "COLUMBUS BLUE JACKETS ", "COLUMBUS BLUE JACKETS ", "COLUMBUS BLUE JACKETS ", "COLUMBUS BLUE JACKETS ", "COLUMBUS BLUE JACKETS "], "GA": [0, 0, 0, 0, 0, 0, 0, 0, 0, 0, 0, 0, 0, 0, 0, 0, 0, 0, "4", 0, 0, 0, 0, 0, 0, 0, 0, 0, 0, 0, 0, 0, 0, 0, 0, 0, 0, 0, 0, "1"], "SA": [0, 0, 0, 0, 0, 0, 0, 0, 0, 0, 0, 0, 0, 0, 0, 0, 0, 0, "37", 0, 0, 0, 0, 0, 0, 0, 0, 0, 0, 0, 0, 0, 0, 0, 0, 0, 0, 0, 0, "40"]}}