{"game_info": {"date": "2013-12-14", "visitor": "BOSTON BRUINS ", "home": "VANCOUVER CANUCKS ", "game_id": 498, "status": "final"}, "player_stats": {"number": ["11", "12", "17", "18", "25", "32", "33", "34", "37", "38", "43", "44", "46", "47", "51", "55", "63", "86", "30", "40", "2", "3", "5", "6", "7", "8", "9", "13", "15", "17", "18", "20", "21", "22", "25", "32", "33", "36", "1", "31"], "position": ["C", "R", "L", "R", "R", "R", "D", "C", "C", "R", "D", "D", "C", "D", "C", "D", "C", "D", "G", "G", "D", "D", "D", "D", "L", "D", "R", "C", "R", "C", "D", "L", "C", "L", "C", "R", "C", "R", "G", "G"], "name": ["CAMPBELL, GREGORY", "IGINLA, JAROME", "LUCIC, MILAN", "SMITH, REILLY", "FRASER, MATT", "JOHNSON, NICK", "CHARA, ZDENO", "SODERBERG, CARL", "BERGERON, PATRICE", "CARON, JORDAN", "BARTKOWSKI, MATT", "SEIDENBERG, DENNIS", "KREJCI, DAVID", "KRUG, TOREY", "SPOONER, RYAN", "BOYCHUK, JOHNNY", "MARCHAND, BRAD", "MILLER, KEVAN", "JOHNSON, CHAD", "RASK, TUUKKA", "HAMHUIS, DAN", "BIEKSA, KEVIN", "GARRISON, JASON", "WEBER, YANNICK", "BOOTH, DAVID", "TANEV, CHRISTOPHER", "KASSIAN, ZACK", "WELSH, JEREMY", "RICHARDSON, BRAD", "KESLER, RYAN", "STANTON, RYAN", "HIGGINS, CHRIS", "DALPE, ZAC", "SEDIN, DANIEL", "SANTORELLI, MIKE", "WEISE, DALE", "SEDIN, HENRIK", "HANSEN, JANNIK", "LUONGO, ROBERTO", "LACK, EDDIE"], "G": [0, 0, 0, "2", 0, 0, 0, 0, 0, 0, 0, 0, 0, 0, 0, 0, 0, 0, 0, 0, 0, 0, 0, "1", "1", "1", 0, 0, 0, 0, 0, "1", 0, 0, 0, 0, "1", "1", 0, 0], "A": [0, 0, 0, 0, 0, 0, 0, 0, 0, 0, 0, "1", 0, 0, 0, "1", 0, 0, 0, 0, 0, "1", 0, 0, 0, 0, 0, 0, "2", "1", 0, 0, 0, "2", "2", 0, "1", 0, 0, 0], "P": [0, 0, 0, "2", 0, 0, 0, 0, 0, 0, 0, "1", 0, 0, 0, "1", 0, 0, 0, 0, 0, "1", 0, "1", "1", "1", 0, 0, "2", "1", 0, "1", 0, "2", "2", 0, "2", "1", 0, 0], "+/-": ["-1", "-1", "-2", "+1", "-1", "-1", "-1", "-2", "+1", "-1", 0, "-2", "-2", "-3", "-2", "+2", "+1", "-1", 0, 0, "+2", 0, "+2", "+1", "+1", "+2", "+1", "-1", "+2", "+2", "-1", "+1", "-1", "+1", "+2", "-1", 0, "+1", 0, 0], "PN": [0, "3", 0, 0, 0, 0, 0, 0, 0, 0, 0, 0, "1", 0, 0, 0, 0, 0, 0, 0, "1", 0, 0, 0, "1", 0, 0, 0, "1", "1", "1", 0, 0, 0, 0, 0, 0, 0, 0, 0], "PIM": [0, "9", 0, 0, 0, 0, 0, 0, 0, 0, 0, 0, "2", 0, 0, 0, 0, 0, 0, 0, "2", 0, 0, 0, "2", 0, 0, 0, "2", "5", "2", 0, 0, 0, 0, 0, 0, 0, 0, 0], "TOT": ["13:45", "13:43", "19:22", "14:47", "10:41", "12:33", "22:10", "14:38", "17:17", "12:11", "17:03", "22:10", "18:07", "17:21", "16:52", "21:35", "16:42", "16:29", "18:21", "41:34", "21:01", "23:48", "22:22", "14:49", "15:13", "20:05", "14:40", "08:59", "17:00", "18:21", "18:05", "18:52", "09:53", "14:43", "17:15", "08:50", "15:58", "14:06", "60:00", 0], "SHF": ["23", "16", "22", "20", "18", "20", "28", "18", "24", "19", "23", "29", "23", "24", "18", "27", "23", "23", 0, 0, "26", "29", "26", "20", "22", "28", "21", "14", "22", "23", "26", "24", "14", "22", "23", "14", "21", "20", 0, 0], "AVG TOI/SH": ["00:35", "00:51", "00:52", "00:44", "00:35", "00:37", "00:47", "00:48", "00:43", "00:38", "00:44", "00:45", "00:47", "00:43", "00:56", "00:47", "00:43", "00:43", 0, 0, "00:48", "00:49", "00:51", "00:44", "00:41", "00:43", "00:41", "00:38", "00:46", "00:47", "00:41", "00:47", "00:42", "00:40", "00:45", "00:37", "00:45", "00:42", 0, 0], "PP": ["00:11", "00:55", "03:27", "02:06", "00:00", "00:11", "03:28", "02:22", "03:08", "00:11", "00:03", "01:36", "02:53", "03:25", "03:30", "00:13", "02:18", "00:03", "04:00", "02:00", "01:30", "01:09", "01:55", "00:30", "00:00", "00:00", "00:45", "00:00", "00:00", "01:54", "00:14", "00:45", "00:00", "01:54", "00:45", "00:00", "01:54", "00:00", "02:39", 0], "SH": ["01:06", "00:00", "00:00", "00:00", "00:00", "00:00", "01:47", "00:00", "01:43", "00:56", "00:00", "00:52", "00:00", "00:15", "00:00", "01:47", "01:33", "00:37", "00:39", "02:00", "01:30", "03:42", "03:52", "00:03", "00:00", "02:13", "00:05", "00:00", "00:58", "02:17", "00:40", "02:41", "00:03", "01:26", "01:33", "00:00", "02:07", "00:50", "06:00", 0], "EV": ["12:28", "12:48", "15:55", "12:41", "10:41", "12:22", "16:55", "12:16", "12:26", "11:04", "17:00", "19:42", "15:14", "13:41", "13:22", "19:35", "12:51", "15:49", "13:42", "37:34", "18:01", "18:57", "16:35", "14:16", "15:13", "17:52", "13:50", "08:59", "16:02", "14:10", "17:11", "15:26", "09:50", "11:23", "14:57", "08:50", "11:57", "13:16", "51:21", 0], "S": ["3", "3", "1", "4", "2", 0, "4", 0, "7", "1", "3", "2", "1", "4", "2", "2", "2", 0, 0, 0, "4", "2", "2", "3", "3", "1", "1", "2", 0, 0, 0, "1", "2", 0, "5", "2", "1", "1", 0, 0], "A/B": [0, "1", "1", "1", "1", 0, "2", "3", 0, 0, "1", "2", 0, "2", "1", 0, "3", "1", 0, 0, 0, "2", "1", 0, 0, "1", "1", 0, "2", 0, 0, "1", 0, "2", "1", 0, "3", "1", 0, 0], "MS": [0, "1", 0, "2", 0, 0, "1", "3", "1", "1", "1", "1", 0, "1", 0, 0, 0, 0, 0, 0, 0, 0, "1", 0, 0, 0, 0, 0, "1", 0, "1", 0, 0, "1", "1", 0, 0, 0, 0, 0], "HT": ["1", "2", "3", "1", "1", "1", "4", 0, 0, 0, 0, "1", "1", "1", 0, 0, 0, "3", 0, 0, 0, 0, 0, 0, "1", 0, "2", "1", 0, "1", 0, "1", "1", "1", "1", "1", 0, "3", 0, 0], "GV": [0, 0, "1", 0, 0, "1", 0, 0, 0, 0, 0, 0, "1", 0, 0, "1", 0, 0, 0, 0, "1", "1", 0, "1", "1", 0, 0, 0, "1", "1", 0, 0, 0, 0, 0, 0, "1", 0, 0, 0], "TK": [0, "1", 0, "1", 0, "1", 0, 0, "1", 0, "1", "1", "2", 0, 0, 0, "1", 0, 0, 0, "1", "1", 0, 0, 0, 0, "1", 0, 0, 0, 0, 0, 0, "1", "1", 0, 0, 0, 0, 0], "BS": ["1", 0, 0, 0, 0, 0, "5", "2", "1", 0, 0, 0, "1", "3", 0, "2", 0, 0, 0, 0, "3", "5", "1", "2", 0, 0, 0, 0, 0, "1", "3", "1", "1", 0, "1", "1", 0, 0, 0, 0], "FW": ["10", 0, "1", 0, 0, 0, 0, "1", "12", 0, 0, 0, "6", 0, "3", 0, 0, 0, 0, 0, 0, 0, 0, 0, 0, 0, 0, "2", "13", "6", 0, 0, "2", "1", "2", 0, "9", "1", 0, 0], "FL": ["8", 0, "2", 0, 0, 0, 0, "1", "9", 0, 0, 0, "11", 0, "5", 0, 0, 0, 0, 0, 0, 0, 0, 0, 0, 0, 0, "1", "11", "11", 0, 0, "4", "0", "0", 0, "6", "0", 0, 0], "F%": ["56", 0, "33", 0, 0, 0, 0, "50", "57", 0, 0, 0, "35", 0, "38", 0, 0, 0, 0, 0, 0, 0, 0, 0, 0, 0, 0, "67", "54", "35", 0, 0, "33", "100", "100", 0, "60", "100", 0, 0], "team": ["BOSTON BRUINS ", "BOSTON BRUINS ", "BOSTON BRUINS ", "BOSTON BRUINS ", "BOSTON BRUINS ", "BOSTON BRUINS ", "BOSTON BRUINS ", "BOSTON BRUINS ", "BOSTON BRUINS ", "BOSTON BRUINS ", "BOSTON BRUINS ", "BOSTON BRUINS ", "BOSTON BRUINS ", "BOSTON BRUINS ", "BOSTON BRUINS ", "BOSTON BRUINS ", "BOSTON BRUINS ", "BOSTON BRUINS ", "BOSTON BRUINS ", "BOSTON BRUINS ", "VANCOUVER CANUCKS ", "VANCOUVER CANUCKS ", "VANCOUVER CANUCKS ", "VANCOUVER CANUCKS ", "VANCOUVER CANUCKS ", "VANCOUVER CANUCKS ", "VANCOUVER CANUCKS ", "VANCOUVER CANUCKS ", "VANCOUVER CANUCKS ", "VANCOUVER CANUCKS ", "VANCOUVER CANUCKS ", "VANCOUVER CANUCKS ", "VANCOUVER CANUCKS ", "VANCOUVER CANUCKS ", "VANCOUVER CANUCKS ", "VANCOUVER CANUCKS ", "VANCOUVER CANUCKS ", "VANCOUVER CANUCKS ", "VANCOUVER CANUCKS ", "VANCOUVER CANUCKS "], "GA": [0, 0, 0, 0, 0, 0, 0, 0, 0, 0, 0, 0, 0, 0, 0, 0, 0, 0, "2", "4", 0, 0, 0, 0, 0, 0, 0, 0, 0, 0, 0, 0, 0, 0, 0, 0, 0, 0, "2", 0], "SA": [0, 0, 0, 0, 0, 0, 0, 0, 0, 0, 0, 0, 0, 0, 0, 0, 0, 0, "7", "23", 0, 0, 0, 0, 0, 0, 0, 0, 0, 0, 0, 0, 0, 0, 0, 0, 0, 0, "41", 0]}}