{"game_info": {"date": "2014-03-29", "visitor": "BOSTON BRUINS ", "home": "WASHINGTON CAPITALS ", "game_id": 1108, "status": "final"}, "player_stats": {"number": ["11", "12", "17", "18", "20", "21", "22", "23", "27", "33", "34", "37", "41", "46", "47", "55", "63", "86", "30", "40", "4", "8", "16", "17", "19", "20", "25", "27", "42", "43", "52", "56", "67", "74", "81", "83", "90", "92", "41", "70"], "position": ["C", "R", "L", "R", "L", "L", "L", "C", "D", "D", "C", "C", "D", "C", "D", "D", "C", "D", "G", "G", "D", "L", "R", "R", "C", "R", "L", "D", "R", "R", "D", "D", "C", "D", "D", "C", "C", "C", "G", "G"], "name": ["CAMPBELL, GREGORY", "IGINLA, JAROME", "LUCIC, MILAN", "SMITH, REILLY", "PAILLE, DANIEL", "ERIKSSON, LOUI", "THORNTON, SHAWN", "KELLY, CHRIS", "HAMILTON, DOUGIE", "CHARA, ZDENO", "SODERBERG, CARL", "BERGERON, PATRICE", "MESZAROS, ANDREJ", "KREJCI, DAVID", "KRUG, TOREY", "BOYCHUK, JOHNNY", "MARCHAND, BRAD", "MILLER, KEVAN", "JOHNSON, CHAD", "RASK, TUUKKA", "ERSKINE, JOHN", "OVECHKIN, ALEX", "FEHR, ERIC", "PENNER, DUSTIN", "BACKSTROM, NICKLAS", "BROUWER, TROY", "CHIMERA, JASON", "ALZNER, KARL", "WARD, JOEL", "WILSON, TOM", "GREEN, MIKE", "WEY, PATRICK", "BROWN, CHRIS", "CARLSON, JOHN", "ORLOV, DMITRY", "BEAGLE, JAY", "JOHANSSON, MARCUS", "KUZNETSOV, EVGENY", "HALAK, JAROSLAV", "HOLTBY, BRADEN"], "G": [0, "2", 0, 0, 0, 0, 0, 0, 0, 0, "1", "1", 0, 0, 0, 0, 0, 0, 0, 0, 0, 0, 0, 0, 0, 0, "1", 0, 0, 0, 0, 0, 0, 0, 0, 0, 0, "1", 0, 0], "A": [0, 0, "1", 0, 0, "1", 0, 0, "1", 0, "2", "1", 0, "2", 0, 0, 0, 0, 0, 0, "1", 0, 0, 0, 0, "1", 0, 0, "1", 0, "1", 0, 0, 0, 0, 0, 0, 0, 0, 0], "P": [0, "2", "1", 0, 0, "1", 0, 0, "1", 0, "3", "2", 0, "2", 0, 0, 0, 0, 0, 0, "1", 0, 0, 0, 0, "1", "1", 0, "1", 0, "1", 0, 0, 0, 0, 0, 0, "1", 0, 0], "+/-": ["+1", "+2", "+1", "-1", 0, "-1", 0, "-1", "-1", 0, 0, "-1", 0, "+1", 0, "+1", "-1", 0, 0, 0, 0, "-1", 0, 0, "+1", "+1", 0, "-1", "+1", "-1", "+1", "-1", 0, 0, "+1", "-1", "-1", "+1", 0, 0], "PN": [0, 0, 0, 0, 0, 0, 0, 0, 0, 0, "1", "1", "1", 0, 0, 0, 0, 0, 0, 0, "1", "1", "1", 0, 0, 0, "1", 0, 0, 0, 0, 0, 0, 0, 0, 0, 0, 0, 0, 0], "PIM": [0, 0, 0, 0, 0, 0, 0, 0, 0, 0, "2", "2", "2", 0, 0, 0, 0, 0, 0, 0, "2", "2", "2", 0, 0, 0, "2", 0, 0, 0, 0, 0, 0, 0, 0, 0, 0, 0, 0, 0], "TOT": ["11:47", "15:59", "16:09", "15:09", "08:55", "17:55", "08:03", "16:40", "16:50", "23:42", "15:37", "16:30", "21:09", "16:56", "17:10", "23:18", "15:34", "16:37", "60:00", 0, "13:51", "20:37", "14:29", "12:28", "17:48", "18:20", "15:29", "18:24", "16:10", "10:55", "22:52", "13:48", "09:11", "24:15", "20:55", "13:38", "16:30", "14:45", 0, "59:10"], "SHF": ["16", "18", "19", "21", "12", "24", "10", "23", "21", "29", "20", "24", "29", "18", "18", "28", "21", "19", 0, 0, "17", "21", "18", "14", "24", "24", "21", "20", "21", "14", "24", "17", "10", "23", "23", "19", "22", "21", 0, 0], "AVG TOI/SH": ["00:44", "00:53", "00:51", "00:43", "00:44", "00:44", "00:48", "00:43", "00:48", "00:49", "00:46", "00:41", "00:43", "00:56", "00:57", "00:49", "00:44", "00:52", 0, 0, "00:48", "00:58", "00:48", "00:53", "00:44", "00:45", "00:44", "00:55", "00:46", "00:46", "00:57", "00:48", "00:55", "01:03", "00:54", "00:43", "00:45", "00:42", 0, 0], "PP": ["00:00", "03:02", "03:02", "01:35", "00:00", "03:23", "00:00", "00:00", "03:43", "03:02", "03:23", "03:23", "01:48", "03:02", "02:42", "00:00", "00:00", "00:00", "06:25", 0, "00:00", "05:51", "00:09", "02:21", "03:36", "03:36", "00:50", "00:09", "02:15", "00:09", "02:07", "00:00", "00:00", "03:53", "00:00", "00:00", "03:12", "01:52", 0, "06:00"], "SH": ["01:31", "00:09", "00:00", "00:00", "01:12", "02:30", "00:00", "02:35", "00:51", "03:31", "00:00", "02:09", "01:38", "00:09", "00:00", "03:22", "01:45", "02:38", "06:00", 0, "01:50", "00:00", "00:53", "00:00", "03:20", "03:24", "01:45", "03:35", "02:18", "00:00", "00:00", "02:32", "00:00", "03:53", "01:00", "00:27", "00:43", "00:00", 0, "06:25"], "EV": ["10:16", "12:48", "13:07", "13:34", "07:43", "12:02", "08:03", "14:05", "12:16", "17:09", "12:14", "10:58", "17:43", "13:45", "14:28", "19:56", "13:49", "13:59", "47:35", 0, "12:01", "14:46", "13:27", "10:07", "10:52", "11:20", "12:54", "14:40", "11:37", "10:46", "20:45", "11:16", "09:11", "16:29", "19:55", "13:11", "12:35", "12:53", 0, "46:45"], "S": [0, "4", "5", "2", "1", 0, "1", "1", "2", "2", "2", "5", 0, "4", "4", "1", "1", "1", 0, 0, 0, "5", 0, "1", "3", "4", "2", "2", "1", "1", "4", 0, "1", "1", "2", 0, "3", "3", 0, 0], "A/B": [0, "3", "1", 0, 0, "1", "2", "2", "1", "2", "2", "1", "1", 0, "1", "1", 0, 0, 0, 0, "2", "3", "3", 0, 0, 0, "1", "1", 0, "1", "3", 0, "1", "3", 0, 0, 0, 0, 0, 0], "MS": [0, "3", "2", 0, 0, 0, "2", 0, 0, 0, 0, "1", 0, "2", "1", 0, "1", 0, 0, 0, "1", "4", "1", 0, 0, "3", 0, "1", "1", 0, "1", 0, 0, 0, 0, "2", 0, 0, 0, 0], "HT": ["1", "2", "4", "2", "2", 0, 0, "1", 0, "2", 0, 0, "2", 0, "1", "1", 0, "1", 0, 0, "2", "3", "1", 0, "1", "2", "3", "3", "1", "4", 0, "2", "4", "1", "2", "1", "2", "1", 0, 0], "GV": [0, 0, "1", "1", 0, 0, 0, 0, "2", "3", 0, "2", "2", 0, 0, "1", "1", 0, 0, 0, 0, 0, 0, 0, 0, 0, "1", "1", 0, 0, 0, "1", 0, "1", 0, 0, 0, "1", 0, 0], "TK": [0, 0, 0, 0, "1", "2", 0, 0, "1", 0, "1", 0, "1", 0, "1", 0, 0, 0, 0, 0, 0, "2", "3", "1", "1", "1", "1", 0, 0, 0, 0, "1", 0, "3", "2", "1", 0, 0, 0, 0], "BS": ["1", "1", "1", 0, 0, 0, 0, "1", 0, "1", "1", "1", "2", "1", 0, "4", "1", "3", 0, 0, "3", 0, 0, "1", 0, "1", 0, "2", "2", "1", "3", 0, 0, "3", "1", "1", 0, 0, 0, 0], "FW": ["7", 0, "1", 0, 0, 0, 0, "4", 0, 0, "6", "13", 0, "4", 0, 0, 0, 0, 0, 0, 0, 0, "11", 0, "9", "4", 0, 0, "0", 0, 0, 0, "3", 0, 0, "1", "2", "0", 0, 0], "FL": ["4", 0, "1", 0, 0, 0, 0, "4", 0, 0, "3", "12", 0, "6", 0, 0, 0, 0, 0, 0, 0, 0, "4", 0, "7", "6", 0, 0, "2", 0, 0, 0, "5", 0, 0, "8", "0", "3", 0, 0], "F%": ["64", 0, "50", 0, 0, 0, 0, "50", 0, 0, "67", "52", 0, "40", 0, 0, 0, 0, 0, 0, 0, 0, "73", 0, "56", "40", 0, 0, "0", 0, 0, 0, "38", 0, 0, "11", "100", "0", 0, 0], "team": ["BOSTON BRUINS ", "BOSTON BRUINS ", "BOSTON BRUINS ", "BOSTON BRUINS ", "BOSTON BRUINS ", "BOSTON BRUINS ", "BOSTON BRUINS ", "BOSTON BRUINS ", "BOSTON BRUINS ", "BOSTON BRUINS ", "BOSTON BRUINS ", "BOSTON BRUINS ", "BOSTON BRUINS ", "BOSTON BRUINS ", "BOSTON BRUINS ", "BOSTON BRUINS ", "BOSTON BRUINS ", "BOSTON BRUINS ", "BOSTON BRUINS ", "BOSTON BRUINS ", "WASHINGTON CAPITALS ", "WASHINGTON CAPITALS ", "WASHINGTON CAPITALS ", "WASHINGTON CAPITALS ", "WASHINGTON CAPITALS ", "WASHINGTON CAPITALS ", "WASHINGTON CAPITALS ", "WASHINGTON CAPITALS ", "WASHINGTON CAPITALS ", "WASHINGTON CAPITALS ", "WASHINGTON CAPITALS ", "WASHINGTON CAPITALS ", "WASHINGTON CAPITALS ", "WASHINGTON CAPITALS ", "WASHINGTON CAPITALS ", "WASHINGTON CAPITALS ", "WASHINGTON CAPITALS ", "WASHINGTON CAPITALS ", "WASHINGTON CAPITALS ", "WASHINGTON CAPITALS "], "GA": [0, 0, 0, 0, 0, 0, 0, 0, 0, 0, 0, 0, 0, 0, 0, 0, 0, 0, "2", 0, 0, 0, 0, 0, 0, 0, 0, 0, 0, 0, 0, 0, 0, 0, 0, 0, 0, 0, 0, "4"], "SA": [0, 0, 0, 0, 0, 0, 0, 0, 0, 0, 0, 0, 0, 0, 0, 0, 0, 0, "33", 0, 0, 0, 0, 0, 0, 0, 0, 0, 0, 0, 0, 0, 0, 0, 0, 0, 0, 0, 0, "36"]}}