{"game_info": {"date": "2014-04-08", "visitor": "DETROIT RED WINGS ", "home": "BUFFALO SABRES ", "game_id": 1180, "status": "final"}, "player_stats": {"number": ["2", "4", "8", "11", "13", "14", "15", "17", "20", "21", "23", "26", "27", "41", "43", "55", "65", "93", "35", "50", "3", "4", "6", "10", "17", "19", "22", "27", "28", "29", "37", "44", "55", "63", "65", "80", "82", "88", "31", "35"], "position": ["D", "D", "L", "R", "C", "C", "C", "C", "L", "C", "D", "R", "D", "C", "C", "D", "D", "C", "G", "G", "D", "D", "D", "D", "C", "C", "L", "R", "C", "D", "L", "L", "D", "C", "C", "R", "L", "C", "G", "G"], "name": ["SMITH, BRENDAN", "KINDL, JAKUB", "ABDELKADER, JUSTIN", "ALFREDSSON, DANIEL", "DATSYUK, PAVEL", "NYQUIST, GUSTAV", "SHEAHAN, RILEY", "LEGWAND, DAVID", "MILLER, DREW", "TATAR, TOMAS", "LASHOFF, BRIAN", "JURCO, TOMAS", "QUINCEY, KYLE", "GLENDENING, LUKE", "HELM, DARREN", "KRONWALL, NIKLAS", "DEKEYSER, DANNY", "FRANZEN, JOHAN", "HOWARD, JIMMY", "GUSTAVSSON, JONAS", "PYSYK, MARK", "MCBAIN, JAMIE", "WEBER, MIKE", "EHRHOFF, CHRISTIAN", "MITCHELL, TORREY", "HODGSON, CODY", "LARSSON, JOHAN", "D'AGOSTINI, MATT", "GIRGENSONS, ZEMGUS", "MCCABE, JAKE", "ELLIS, MATT", "DESLAURIERS, NICOLAS", "RISTOLAINEN, RASMUS", "ENNIS, TYLER", "FLYNN, BRIAN", "STEWART, CHRIS", "FOLIGNO, MARCUS", "CONACHER, CORY", "HACKETT, MATT", "MAKAROV, ANDREY"], "G": ["1", 0, 0, 0, "1", 0, 0, "1", 0, 0, 0, 0, 0, 0, "1", 0, 0, 0, 0, 0, 0, 0, 0, 0, 0, 0, 0, 0, "2", 0, 0, 0, 0, 0, 0, 0, 0, 0, 0, 0], "A": [0, 0, 0, "1", 0, 0, 0, 0, "1", 0, 0, 0, "1", 0, 0, 0, 0, "1", 0, 0, "1", 0, "1", 0, 0, "2", 0, 0, 0, 0, 0, 0, 0, 0, 0, 0, 0, 0, 0, 0], "P": ["1", 0, 0, "1", "1", 0, 0, "1", "1", 0, 0, 0, "1", 0, "1", 0, 0, "1", 0, 0, "1", 0, "1", 0, 0, "2", 0, 0, "2", 0, 0, 0, 0, 0, 0, 0, 0, 0, 0, 0], "+/-": ["+2", 0, 0, "+1", "+2", 0, 0, 0, "+1", 0, 0, "-1", 0, "+2", 0, "+2", 0, "+1", 0, 0, 0, 0, "+1", "-1", "+1", "-1", 0, "-1", 0, "-2", 0, 0, "-2", "-2", 0, "-2", "-1", "-1", 0, 0], "PN": [0, 0, "1", 0, 0, 0, 0, 0, 0, 0, 0, 0, 0, 0, "1", 0, "1", 0, 0, 0, "1", 0, "2", 0, 0, 0, 0, 0, 0, 0, 0, 0, 0, 0, "1", "1", 0, 0, 0, 0], "PIM": [0, 0, "2", 0, 0, 0, 0, 0, 0, 0, 0, 0, 0, 0, "2", 0, "2", 0, 0, 0, "2", 0, "4", 0, 0, 0, 0, 0, 0, 0, 0, 0, 0, 0, "2", "2", 0, 0, 0, 0], "TOT": ["18:41", "14:18", "14:51", "12:49", "20:18", "18:59", "13:39", "15:18", "14:03", "13:30", "13:30", "12:57", "20:45", "14:26", "14:24", "22:56", "19:12", "19:29", "59:55", 0, "16:44", "22:24", "19:23", "24:44", "16:19", "12:47", "15:53", "14:25", "18:11", "13:59", "09:46", "13:39", "21:41", "17:35", "09:44", "17:09", "17:34", "09:03", "59:00", 0], "SHF": ["26", "17", "21", "21", "26", "20", "19", "19", "20", "18", "20", "21", "30", "21", "23", "33", "32", "24", 0, 0, "24", "26", "25", "27", "25", "19", "21", "18", "26", "20", "16", "17", "27", "21", "17", "20", "23", "14", 0, 0], "AVG TOI/SH": ["00:43", "00:50", "00:42", "00:36", "00:46", "00:56", "00:43", "00:48", "00:42", "00:45", "00:40", "00:37", "00:41", "00:41", "00:37", "00:41", "00:36", "00:48", 0, 0, "00:41", "00:51", "00:46", "00:54", "00:39", "00:40", "00:45", "00:48", "00:41", "00:41", "00:36", "00:48", "00:48", "00:50", "00:34", "00:51", "00:45", "00:38", 0, 0], "PP": ["00:20", "00:00", "00:00", "03:48", "06:12", "07:13", "02:55", "06:33", "00:00", "02:35", "00:00", "02:47", "00:32", "00:08", "00:12", "06:38", "03:02", "07:05", "10:00", 0, "00:00", "01:02", "00:02", "03:07", "00:02", "03:07", "00:00", "01:00", "01:02", "00:00", "00:00", "01:00", "03:07", "02:56", "00:00", "03:07", "00:02", "01:11", "04:09", 0], "SH": ["00:00", "00:00", "00:59", "00:00", "01:30", "00:00", "00:00", "00:00", "02:14", "00:00", "02:15", "00:00", "02:23", "02:06", "00:11", "01:46", "00:57", "00:24", "04:09", 0, "02:43", "03:03", "02:16", "05:01", "05:11", "00:00", "02:09", "00:00", "04:21", "02:27", "03:39", "00:00", "04:30", "00:00", "02:34", "00:00", "02:06", "00:00", "10:00", 0], "EV": ["18:21", "14:18", "13:52", "09:01", "12:36", "11:46", "10:44", "08:45", "11:49", "10:55", "11:15", "10:10", "17:50", "12:12", "14:01", "14:32", "15:13", "12:00", "45:46", 0, "14:01", "18:19", "17:05", "16:36", "11:06", "09:40", "13:44", "13:25", "12:48", "11:32", "06:07", "12:39", "14:04", "14:39", "07:10", "14:02", "15:26", "07:52", "44:51", 0], "S": ["2", "1", "2", "1", "5", "3", "3", "4", "1", "3", 0, "3", 0, "2", "4", "1", 0, "2", 0, 0, "1", "1", "1", "3", "2", "2", "1", "3", "4", 0, "1", "2", "2", "2", 0, 0, "2", 0, 0, 0], "A/B": ["1", "1", "1", 0, "2", "1", 0, "1", 0, 0, 0, "1", "2", 0, "1", "2", "1", "2", 0, 0, 0, "2", "1", 0, "1", "1", 0, 0, "2", 0, 0, "1", 0, "1", 0, 0, "1", 0, 0, 0], "MS": ["1", 0, 0, 0, "1", "1", 0, 0, "1", 0, 0, 0, 0, 0, "2", "2", "1", "5", 0, 0, 0, 0, "1", "1", 0, 0, 0, "1", 0, 0, 0, 0, 0, 0, 0, "2", 0, 0, 0, 0], "HT": [0, 0, 0, 0, 0, 0, "1", 0, "1", 0, 0, 0, 0, "3", 0, "2", 0, 0, 0, 0, "1", 0, "1", "1", "1", "2", "1", "1", "2", "1", 0, "2", "1", 0, "1", "1", "2", 0, 0, 0], "GV": [0, 0, 0, 0, 0, 0, 0, 0, 0, 0, 0, "1", 0, "1", 0, 0, 0, "1", 0, 0, "1", "1", 0, 0, 0, 0, 0, 0, 0, 0, 0, 0, 0, "1", 0, "1", "1", 0, "2", 0], "TK": [0, 0, 0, 0, 0, 0, 0, 0, 0, 0, 0, 0, 0, "1", 0, 0, 0, 0, 0, 0, 0, 0, "1", "1", 0, 0, 0, 0, 0, 0, 0, 0, 0, 0, 0, 0, "1", 0, 0, 0], "BS": [0, 0, "2", 0, 0, "1", "1", 0, 0, 0, "2", 0, "3", 0, 0, 0, "1", 0, 0, 0, "1", "2", "3", 0, 0, 0, 0, "1", "1", 0, "1", "2", 0, "2", 0, "1", "2", 0, 0, 0], "FW": [0, 0, 0, "1", "14", 0, "5", 0, 0, "1", 0, 0, 0, "7", "10", 0, 0, 0, 0, 0, 0, 0, 0, 0, 0, "5", "3", "0", "4", 0, "0", 0, 0, "3", "1", "1", "0", 0, 0, 0], "FL": [0, 0, 0, "0", "6", 0, "4", 0, 0, "0", 0, 0, 0, "7", "0", 0, 0, 0, 0, 0, 0, 0, 0, 0, 0, "8", "6", "2", "7", 0, "2", 0, 0, "8", "1", "3", "1", 0, 0, 0], "F%": [0, 0, 0, "100", "70", 0, "56", 0, 0, "100", 0, 0, 0, "50", "100", 0, 0, 0, 0, 0, 0, 0, 0, 0, 0, "38", "33", "0", "36", 0, "0", 0, 0, "27", "50", "25", "0", 0, 0, 0], "team": ["DETROIT RED WINGS ", "DETROIT RED WINGS ", "DETROIT RED WINGS ", "DETROIT RED WINGS ", "DETROIT RED WINGS ", "DETROIT RED WINGS ", "DETROIT RED WINGS ", "DETROIT RED WINGS ", "DETROIT RED WINGS ", "DETROIT RED WINGS ", "DETROIT RED WINGS ", "DETROIT RED WINGS ", "DETROIT RED WINGS ", "DETROIT RED WINGS ", "DETROIT RED WINGS ", "DETROIT RED WINGS ", "DETROIT RED WINGS ", "DETROIT RED WINGS ", "DETROIT RED WINGS ", "DETROIT RED WINGS ", "BUFFALO SABRES ", "BUFFALO SABRES ", "BUFFALO SABRES ", "BUFFALO SABRES ", "BUFFALO SABRES ", "BUFFALO SABRES ", "BUFFALO SABRES ", "BUFFALO SABRES ", "BUFFALO SABRES ", "BUFFALO SABRES ", "BUFFALO SABRES ", "BUFFALO SABRES ", "BUFFALO SABRES ", "BUFFALO SABRES ", "BUFFALO SABRES ", "BUFFALO SABRES ", "BUFFALO SABRES ", "BUFFALO SABRES ", "BUFFALO SABRES ", "BUFFALO SABRES "], "GA": [0, 0, 0, 0, 0, 0, 0, 0, 0, 0, 0, 0, 0, 0, 0, 0, 0, 0, "2", 0, 0, 0, 0, 0, 0, 0, 0, 0, 0, 0, 0, 0, 0, 0, 0, 0, 0, 0, "3", 0], "SA": [0, 0, 0, 0, 0, 0, 0, 0, 0, 0, 0, 0, 0, 0, 0, 0, 0, 0, "27", 0, 0, 0, 0, 0, 0, 0, 0, 0, 0, 0, 0, 0, 0, 0, 0, 0, 0, 0, "36", 0]}}