{"game_info": {"date": "2013-11-21", "visitor": "CAROLINA HURRICANES ", "home": "DETROIT RED WINGS ", "game_id": 329, "status": "final"}, "player_stats": {"number": ["4", "6", "7", "11", "12", "14", "15", "18", "19", "20", "21", "22", "27", "39", "53", "58", "65", "73", "30", "35", "2", "4", "8", "13", "14", "18", "20", "21", "23", "27", "37", "40", "43", "44", "52", "55", "71", "93", "35", "50"], "position": ["D", "D", "D", "C", "C", "C", "R", "R", "C", "C", "L", "C", "D", "R", "C", "L", "D", "D", "G", "G", "D", "D", "L", "C", "C", "C", "L", "C", "D", "D", "R", "L", "C", "R", "D", "D", "R", "C", "G", "G"], "name": ["SEKERA, ANDREJ", "GLEASON, TIM", "MURPHY, RYAN", "STAAL, JORDAN", "STAAL, ERIC", "GERBE, NATHAN", "RUUTU, TUOMO", "DVORAK, RADEK", "TLUSTY, JIRI", "NASH, RILEY", "BOWMAN, DRAYSON", "MALHOTRA, MANNY", "FAULK, JUSTIN", "DWYER, PATRICK", "SKINNER, JEFF", "TERRY, CHRIS", "HAINSEY, RON", "BELLEMORE, BRETT", "WARD, CAM", "PETERS, JUSTIN", "SMITH, BRENDAN", "KINDL, JAKUB", "ABDELKADER, JUSTIN", "DATSYUK, PAVEL", "NYQUIST, GUSTAV", "ANDERSSON, JOAKIM", "MILLER, DREW", "TATAR, TOMAS", "LASHOFF, BRIAN", "QUINCEY, KYLE", "SAMUELSSON, MIKAEL", "ZETTERBERG, HENRIK", "HELM, DARREN", "BERTUZZI, TODD", "ERICSSON, JONATHAN", "KRONWALL, NIKLAS", "CLEARY, DANIEL", "FRANZEN, JOHAN", "HOWARD, JIMMY", "GUSTAVSSON, JONAS"], "G": ["2", 0, 0, 0, 0, 0, 0, 0, 0, 0, 0, 0, 0, 0, 0, 0, 0, "1", 0, 0, 0, 0, 0, 0, "2", 0, 0, 0, 0, 0, 0, 0, "1", 0, 0, "1", 0, 0, 0, 0], "A": [0, 0, 0, "1", "1", 0, 0, "1", 0, 0, "1", 0, 0, 0, 0, 0, 0, 0, 0, 0, 0, 0, "1", 0, 0, 0, 0, 0, 0, 0, 0, "3", 0, 0, "1", 0, 0, "1", 0, 0], "P": ["2", 0, 0, "1", "1", 0, 0, "1", 0, 0, "1", 0, 0, 0, 0, 0, 0, "1", 0, 0, 0, 0, "1", 0, "2", 0, 0, 0, 0, 0, 0, "3", "1", 0, "1", "1", 0, "1", 0, 0], "+/-": ["+1", "-1", "-1", "+1", "-1", "+1", 0, "+1", "-3", "-1", "+1", "+1", "-1", 0, 0, "-1", 0, "+2", 0, 0, "-2", 0, 0, "-3", "+2", 0, "+1", "-3", 0, 0, 0, "+2", "+1", "-2", "+2", 0, 0, "+2", 0, 0], "PN": [0, "1", 0, 0, "1", 0, 0, 0, 0, "1", 0, 0, 0, 0, "1", 0, 0, 0, 0, 0, 0, 0, 0, 0, 0, 0, 0, 0, 0, "1", 0, 0, 0, 0, "1", "1", 0, "1", 0, 0], "PIM": [0, "2", 0, 0, "2", 0, 0, 0, 0, "2", 0, 0, 0, 0, "2", 0, 0, 0, 0, 0, 0, 0, 0, 0, 0, 0, 0, 0, 0, "2", 0, 0, 0, 0, "2", "2", 0, "2", 0, 0], "TOT": ["20:51", "16:32", "20:35", "20:05", "18:49", "19:49", "15:59", "11:29", "09:48", "08:03", "10:53", "14:05", "21:16", "17:52", "17:56", "09:11", "21:18", "18:30", 0, "59:44", "19:52", "20:58", "13:51", "19:21", "15:27", "11:42", "12:23", "15:25", "05:35", "24:21", "10:35", "17:55", "15:52", "14:53", "20:32", "24:33", "12:57", "16:16", 0, "59:32"], "SHF": ["27", "21", "23", "24", "23", "23", "23", "17", "14", "12", "16", "22", "27", "19", "22", "12", "25", "25", 0, 0, "25", "25", "15", "22", "22", "15", "16", "17", "7", "28", "13", "23", "21", "19", "26", "31", "18", "21", 0, 0], "AVG TOI/SH": ["00:46", "00:47", "00:53", "00:50", "00:49", "00:51", "00:41", "00:40", "00:42", "00:40", "00:40", "00:38", "00:47", "00:56", "00:48", "00:45", "00:51", "00:44", 0, 0, "00:47", "00:50", "00:55", "00:52", "00:42", "00:46", "00:46", "00:54", "00:47", "00:52", "00:48", "00:46", "00:45", "00:47", "00:47", "00:47", "00:43", "00:46", 0, 0], "PP": ["02:18", "00:00", "04:38", "02:04", "04:14", "03:38", "02:53", "00:10", "00:12", "00:00", "00:00", "00:00", "02:15", "00:00", "04:01", "02:40", "02:26", "00:01", 0, "06:18", "00:00", "02:38", "00:15", "03:44", "01:40", "00:00", "00:00", "02:38", "00:00", "00:16", "01:09", "02:46", "01:40", "03:13", "00:31", "03:44", "00:00", "02:46", 0, "05:24"], "SH": ["02:50", "00:15", "00:31", "02:17", "01:04", "01:24", "00:00", "00:19", "00:00", "00:28", "00:18", "02:37", "02:29", "00:49", "00:03", "00:00", "02:19", "02:24", 0, "05:08", "02:07", "01:17", "00:00", "01:35", "00:02", "02:19", "02:40", "00:00", "00:44", "02:25", "00:00", "01:11", "02:01", "00:00", "02:27", "02:58", "01:48", "00:02", 0, "06:18"], "EV": ["15:43", "16:17", "15:26", "15:44", "13:31", "14:47", "13:06", "11:00", "09:36", "07:35", "10:35", "11:28", "16:32", "17:03", "13:52", "06:31", "16:33", "16:05", 0, "48:18", "17:45", "17:03", "13:36", "14:02", "13:45", "09:23", "09:43", "12:47", "04:51", "21:40", "09:26", "13:58", "12:11", "11:40", "17:34", "17:51", "11:09", "13:28", 0, "47:50"], "S": ["4", "3", "1", "1", "1", "1", "1", "2", "2", 0, 0, 0, "2", "1", "2", "2", "2", "2", 0, 0, "1", "6", "3", "2", "2", "3", "2", "1", 0, "3", "2", "5", "2", "2", "3", "6", "2", "2", 0, 0], "A/B": [0, "1", 0, 0, 0, 0, 0, 0, "1", 0, 0, 0, "1", "1", "1", "1", "1", "1", 0, 0, "1", "1", 0, 0, 0, 0, 0, 0, 0, "2", 0, "3", "1", "1", 0, "1", "1", 0, 0, 0], "MS": ["1", 0, "1", "1", 0, 0, "1", 0, "1", 0, "1", 0, 0, "2", "2", 0, 0, 0, 0, 0, 0, 0, "1", "2", 0, 0, 0, "1", 0, "1", 0, "1", "3", 0, 0, 0, 0, 0, 0, 0], "HT": ["1", "1", "1", "1", 0, "1", "1", "1", "2", 0, 0, "2", "1", "1", "1", "2", "1", "2", 0, 0, "2", "1", "2", 0, 0, 0, "3", "2", 0, 0, 0, 0, "2", "2", "1", 0, "1", "1", 0, 0], "GV": [0, 0, "1", 0, "1", 0, 0, "1", 0, 0, 0, "1", "2", 0, 0, 0, "1", 0, 0, "1", "1", "1", 0, "1", 0, 0, "1", "1", 0, 0, 0, "1", 0, 0, "2", 0, 0, "2", 0, "1"], "TK": ["1", 0, 0, 0, 0, 0, "1", 0, 0, 0, 0, 0, 0, "2", "1", 0, 0, 0, 0, 0, "1", 0, "1", "5", "1", 0, 0, 0, 0, "1", 0, 0, "1", 0, 0, "1", 0, 0, 0, 0], "BS": [0, "1", 0, 0, "1", 0, 0, "1", 0, 0, 0, "4", "1", "1", 0, 0, 0, "2", 0, 0, "2", 0, 0, 0, 0, "1", 0, "1", 0, "1", 0, 0, 0, 0, "2", "1", 0, 0, 0, 0], "FW": [0, 0, 0, "9", "9", 0, "1", 0, 0, "2", "2", "6", 0, 0, 0, 0, 0, 0, 0, 0, 0, 0, "1", "7", 0, "3", "0", "0", 0, 0, 0, "7", "5", 0, 0, 0, 0, "0", 0, 0], "FL": [0, 0, 0, "5", "10", 0, "0", 0, 0, "3", "1", "4", 0, 0, 0, 0, 0, 0, 0, 0, 0, 0, "0", "7", 0, "5", "1", "1", 0, 0, 0, "7", "7", 0, 0, 0, 0, "1", 0, 0], "F%": [0, 0, 0, "64", "47", 0, "100", 0, 0, "40", "67", "60", 0, 0, 0, 0, 0, 0, 0, 0, 0, 0, "100", "50", 0, "38", "0", "0", 0, 0, 0, "50", "42", 0, 0, 0, 0, "0", 0, 0], "team": ["CAROLINA HURRICANES ", "CAROLINA HURRICANES ", "CAROLINA HURRICANES ", "CAROLINA HURRICANES ", "CAROLINA HURRICANES ", "CAROLINA HURRICANES ", "CAROLINA HURRICANES ", "CAROLINA HURRICANES ", "CAROLINA HURRICANES ", "CAROLINA HURRICANES ", "CAROLINA HURRICANES ", "CAROLINA HURRICANES ", "CAROLINA HURRICANES ", "CAROLINA HURRICANES ", "CAROLINA HURRICANES ", "CAROLINA HURRICANES ", "CAROLINA HURRICANES ", "CAROLINA HURRICANES ", "CAROLINA HURRICANES ", "CAROLINA HURRICANES ", "DETROIT RED WINGS ", "DETROIT RED WINGS ", "DETROIT RED WINGS ", "DETROIT RED WINGS ", "DETROIT RED WINGS ", "DETROIT RED WINGS ", "DETROIT RED WINGS ", "DETROIT RED WINGS ", "DETROIT RED WINGS ", "DETROIT RED WINGS ", "DETROIT RED WINGS ", "DETROIT RED WINGS ", "DETROIT RED WINGS ", "DETROIT RED WINGS ", "DETROIT RED WINGS ", "DETROIT RED WINGS ", "DETROIT RED WINGS ", "DETROIT RED WINGS ", "DETROIT RED WINGS ", "DETROIT RED WINGS "], "GA": [0, 0, 0, 0, 0, 0, 0, 0, 0, 0, 0, 0, 0, 0, 0, 0, 0, 0, 0.0, "4", 0, 0, 0, 0, 0, 0, 0, 0, 0, 0, 0, 0, 0, 0, 0, 0, 0, 0, 0, "3"], "SA": [0, 0, 0, 0, 0, 0, 0, 0, 0, 0, 0, 0, 0, 0, 0, 0, 0, 0, 0.0, "47", 0, 0, 0, 0, 0, 0, 0, 0, 0, 0, 0, 0, 0, 0, 0, 0, 0, 0, 0, "27"]}}