{"game_info": {"date": "2014-04-10", "visitor": "PHOENIX COYOTES ", "home": "NASHVILLE PREDATORS ", "game_id": 1200, "status": "final"}, "player_stats": {"number": ["3", "4", "10", "14", "17", "18", "19", "20", "23", "24", "26", "28", "36", "38", "50", "53", "63", "89", "1", "40", "3", "4", "6", "7", "12", "13", "15", "16", "19", "24", "25", "27", "28", "33", "42", "57", "59", "64", "30", "35"], "position": ["D", "D", "R", "C", "R", "R", "R", "D", "D", "C", "D", "L", "C", "C", "C", "D", "C", "L", "G", "G", "D", "D", "D", "C", "C", "C", "C", "L", "C", "L", "L", "R", "C", "C", "D", "L", "D", "D", "G", "G"], "name": ["YANDLE, KEITH", "MICHALEK, ZBYNEK", "ERAT, MARTIN", "HALPERN, JEFF", "VRBATA, RADIM", "MOSS, DAVID", "DOAN, SHANE", "SUMMERS, CHRIS", "EKMAN-LARSSON, OLIVER", "CHIPCHURA, KYLE", "STONE, MICHAEL", "KORPIKOSKI, LAURI", "KLINKHAMMER, ROB", "MCMILLAN, BRANDON", "VERMETTE, ANTOINE", "MORRIS, DEREK", "RIBEIRO, MIKE", "BOEDKER, MIKKEL", "GREISS, THOMAS", "VISENTIN, MARK", "JONES, SETH", "ELLIS, RYAN", "WEBER, SHEA", "CULLEN, MATT", "FISHER, MIKE", "SPALING, NICK", "SMITH, CRAIG", "CLUNE, RICH", "JARNKROK, CALLE", "NYSTROM, ERIC", "STALBERG, VIKTOR", "HORNQVIST, PATRIC", "GAUSTAD, PAUL", "WILSON, COLIN", "EKHOLM, MATTIAS", "BOURQUE, GABRIEL", "JOSI, ROMAN", "BARTLEY, VICTOR", "HUTTON, CARTER", "RINNE, PEKKA"], "G": [0, 0, 0, 0, 0, 0, 0, 0, 0, 0, 0, 0, 0, 0, 0, 0, 0, 0, 0, 0, 0, 0, 0, 0, 0, 0, "1", 0, 0, 0, 0, "1", 0, 0, 0, 0, 0, 0, 0, 0], "A": [0, 0, 0, 0, 0, 0, 0, 0, 0, 0, 0, 0, 0, 0, 0, 0, 0, 0, 0, 0, "1", "1", 0, "1", "1", 0, 0, 0, 0, 0, 0, 0, 0, 0, 0, 0, 0, 0, 0, 0], "P": [0, 0, 0, 0, 0, 0, 0, 0, 0, 0, 0, 0, 0, 0, 0, 0, 0, 0, 0, 0, "1", "1", 0, "1", "1", 0, "1", 0, 0, 0, 0, "1", 0, 0, 0, 0, 0, 0, 0, 0], "+/-": [0, 0, 0, 0, "-1", 0, "-1", 0, "-1", 0, "-1", 0, 0, 0, 0, 0, "-1", 0, 0, 0, 0, 0, "+1", "+1", "+1", 0, 0, 0, 0, 0, 0, "+1", 0, 0, 0, 0, "+1", 0, 0, 0], "PN": [0, 0, 0, "1", 0, 0, 0, 0, 0, 0, 0, 0, "1", 0, 0, 0, 0, 0, 0, 0, 0, 0, 0, 0, 0, "1", 0, 0, 0, 0, 0, 0, 0, 0, "1", 0, 0, 0, 0, 0], "PIM": [0, 0, 0, "2", 0, 0, 0, 0, 0, 0, 0, 0, "2", 0, 0, 0, 0, 0, 0, 0, 0, 0, 0, 0, 0, "2", 0, 0, 0, 0, 0, 0, 0, 0, "2", 0, 0, 0, 0, 0], "TOT": ["27:30", "16:27", "14:26", "08:10", "17:10", "10:39", "20:27", "11:31", "26:20", "12:25", "20:39", "17:47", "07:13", "09:00", "20:23", "17:33", "20:19", "19:23", "58:49", 0, "14:06", "20:58", "26:27", "19:13", "22:18", "10:10", "16:55", "08:42", "14:12", "13:23", "07:20", "19:02", "17:01", "10:11", "20:10", "17:30", "26:17", "12:09", 0, "59:56"], "SHF": ["28", "27", "20", "16", "22", "18", "26", "18", "34", "18", "27", "23", "11", "15", "30", "23", "23", "26", 0, 0, "22", "30", "29", "24", "27", "18", "26", "13", "25", "17", "13", "23", "28", "15", "31", "26", "30", "20", 0, 0], "AVG TOI/SH": ["00:58", "00:36", "00:43", "00:30", "00:46", "00:35", "00:47", "00:38", "00:46", "00:41", "00:45", "00:46", "00:39", "00:36", "00:40", "00:45", "00:53", "00:44", 0, 0, "00:38", "00:41", "00:54", "00:48", "00:49", "00:33", "00:39", "00:40", "00:34", "00:47", "00:33", "00:49", "00:36", "00:40", "00:39", "00:40", "00:52", "00:36", 0, 0], "PP": ["03:30", "00:00", "00:00", "00:00", "02:01", "00:00", "01:59", "00:00", "03:38", "00:00", "00:52", "01:43", "00:00", "00:00", "02:11", "00:00", "01:49", "02:17", "04:00", 0, "00:54", "00:49", "03:00", "02:33", "02:33", "00:27", "01:16", "00:00", "01:16", "00:00", "00:00", "02:33", "00:00", "00:49", "00:00", "00:00", "02:55", "00:00", 0, "03:49"], "SH": ["00:00", "02:33", "00:00", "00:56", "00:00", "01:14", "00:00", "01:26", "02:23", "00:00", "01:16", "01:57", "00:00", "01:18", "02:13", "00:00", "00:00", "00:00", "03:49", 0, "00:16", "00:00", "02:54", "00:29", "01:16", "00:06", "00:00", "00:26", "00:06", "02:30", "00:00", "00:00", "02:09", "00:00", "00:50", "00:58", "02:54", "01:06", 0, "04:00"], "EV": ["24:00", "13:54", "14:26", "07:14", "15:09", "09:25", "18:28", "10:05", "20:19", "12:25", "18:31", "14:07", "07:13", "07:42", "15:59", "17:33", "18:30", "17:06", "51:00", 0, "12:56", "20:09", "20:33", "16:11", "18:29", "09:37", "15:39", "08:16", "12:50", "10:53", "07:20", "16:29", "14:52", "09:22", "19:20", "16:32", "20:28", "11:03", 0, "52:07"], "S": ["3", "2", 0, "1", "3", 0, "1", "1", "4", "1", "3", "1", 0, "1", "1", 0, "1", "6", 0, 0, "2", "1", 0, "1", "1", 0, "5", "1", "4", 0, 0, "4", "1", 0, 0, "3", 0, 0, 0, 0], "A/B": ["8", 0, 0, 0, 0, "2", "1", 0, "2", 0, "1", 0, 0, 0, "1", "1", 0, 0, 0, 0, "1", 0, 0, 0, 0, 0, 0, 0, 0, "2", 0, 0, 0, 0, "1", 0, 0, 0, 0, 0], "MS": ["4", 0, 0, 0, "3", "1", 0, 0, "1", 0, "1", "2", 0, "1", 0, "1", "1", "1", 0, 0, "2", 0, 0, 0, "2", 0, "4", 0, 0, 0, 0, 0, 0, 0, 0, "3", 0, 0, 0, 0], "HT": [0, 0, "1", 0, "1", "1", "3", "1", "1", "1", "3", "2", 0, "1", "1", 0, "1", 0, 0, 0, 0, "1", "2", 0, "3", 0, 0, "3", 0, "1", "1", 0, "2", 0, 0, "1", 0, "4", 0, 0], "GV": ["1", 0, "1", 0, "1", 0, "1", "1", "1", 0, 0, 0, 0, 0, 0, 0, 0, 0, 0, 0, 0, "1", 0, 0, "1", 0, "2", "1", "1", "1", 0, 0, 0, 0, 0, 0, "2", 0, 0, 0], "TK": [0, "1", "1", 0, "1", 0, "2", 0, "1", "2", 0, 0, 0, 0, "2", 0, 0, "1", 0, 0, 0, 0, "1", 0, 0, 0, "2", "1", 0, "1", 0, 0, 0, "1", 0, "1", 0, 0, 0, 0], "BS": [0, 0, 0, 0, 0, 0, 0, 0, "1", "1", 0, 0, 0, 0, "1", "1", 0, 0, 0, 0, "2", "4", "2", "1", 0, 0, 0, 0, 0, "1", 0, 0, "2", "1", 0, 0, 0, "3", 0, 0], "FW": [0, 0, 0, "4", 0, 0, 0, 0, 0, "3", 0, 0, 0, "0", "15", 0, "8", 0, 0, 0, 0, 0, 0, "2", "7", 0, 0, 0, "9", 0, 0, 0, "15", "3", 0, 0, 0, 0, 0, 0], "FL": [0, 0, 0, "3", 0, 0, 0, 0, 0, "5", 0, 0, 0, "1", "16", 0, "11", 0, 0, 0, 0, 0, 0, "2", "6", 0, 0, 0, "6", 0, 0, 0, "9", "7", 0, 0, 0, 0, 0, 0], "F%": [0, 0, 0, "57", 0, 0, 0, 0, 0, "38", 0, 0, 0, "0", "48", 0, "42", 0, 0, 0, 0, 0, 0, "50", "54", 0, 0, 0, "60", 0, 0, 0, "63", "30", 0, 0, 0, 0, 0, 0], "team": ["PHOENIX COYOTES ", "PHOENIX COYOTES ", "PHOENIX COYOTES ", "PHOENIX COYOTES ", "PHOENIX COYOTES ", "PHOENIX COYOTES ", "PHOENIX COYOTES ", "PHOENIX COYOTES ", "PHOENIX COYOTES ", "PHOENIX COYOTES ", "PHOENIX COYOTES ", "PHOENIX COYOTES ", "PHOENIX COYOTES ", "PHOENIX COYOTES ", "PHOENIX COYOTES ", "PHOENIX COYOTES ", "PHOENIX COYOTES ", "PHOENIX COYOTES ", "PHOENIX COYOTES ", "PHOENIX COYOTES ", "NASHVILLE PREDATORS ", "NASHVILLE PREDATORS ", "NASHVILLE PREDATORS ", "NASHVILLE PREDATORS ", "NASHVILLE PREDATORS ", "NASHVILLE PREDATORS ", "NASHVILLE PREDATORS ", "NASHVILLE PREDATORS ", "NASHVILLE PREDATORS ", "NASHVILLE PREDATORS ", "NASHVILLE PREDATORS ", "NASHVILLE PREDATORS ", "NASHVILLE PREDATORS ", "NASHVILLE PREDATORS ", "NASHVILLE PREDATORS ", "NASHVILLE PREDATORS ", "NASHVILLE PREDATORS ", "NASHVILLE PREDATORS ", "NASHVILLE PREDATORS ", "NASHVILLE PREDATORS "], "GA": [0, 0, 0, 0, 0, 0, 0, 0, 0, 0, 0, 0, 0, 0, 0, 0, 0, 0, "2", 0, 0, 0, 0, 0, 0, 0, 0, 0, 0, 0, 0, 0, 0, 0, 0, 0, 0, 0, 0, "0"], "SA": [0, 0, 0, 0, 0, 0, 0, 0, 0, 0, 0, 0, 0, 0, 0, 0, 0, 0, "23", 0, 0, 0, 0, 0, 0, 0, 0, 0, 0, 0, 0, 0, 0, 0, 0, 0, 0, 0, 0, "29"]}}