{"game_info": {"date": "2014-01-10", "visitor": "TORONTO MAPLE LEAFS ", "home": "WASHINGTON CAPITALS ", "game_id": 670, "status": "final"}, "player_stats": {"number": ["3", "4", "8", "11", "12", "19", "21", "28", "29", "36", "37", "41", "42", "43", "44", "51", "71", "81", "34", "45", "4", "8", "16", "19", "20", "21", "24", "25", "27", "42", "43", "52", "58", "74", "81", "83", "84", "90", "30", "70"], "position": ["D", "D", "D", "C", "L", "R", "L", "R", "R", "D", "R", "L", "C", "C", "D", "D", "R", "C", "G", "G", "D", "L", "R", "C", "R", "C", "L", "L", "D", "R", "R", "D", "D", "D", "D", "C", "C", "C", "G", "G"], "name": ["PHANEUF, DION", "FRANSON, CODY", "GLEASON, TIM", "MCCLEMENT, JAY", "RAYMOND, MASON", "LUPUL, JOFFREY", "VAN RIEMSDYK, JAMES", "ORR, COLTON", "D'AMIGO, JERRY", "GUNNARSSON, CARL", "ASHTON, CARTER", "KULEMIN, NIKOLAI", "BOZAK, TYLER", "KADRI, NAZEM", "RIELLY, MORGAN", "GARDINER, JAKE", "CLARKSON, DAVID", "KESSEL, PHIL", "REIMER, JAMES", "BERNIER, JONATHAN", "ERSKINE, JOHN", "OVECHKIN, ALEX", "FEHR, ERIC", "BACKSTROM, NICKLAS", "BROUWER, TROY", "LAICH, BROOKS", "VOLPATTI, AARON", "CHIMERA, JASON", "ALZNER, KARL", "WARD, JOEL", "WILSON, TOM", "GREEN, MIKE", "CARRICK, CONNOR", "CARLSON, JOHN", "ORLOV, DMITRY", "BEAGLE, JAY", "GRABOVSKI, MIKHAIL", "JOHANSSON, MARCUS", "NEUVIRTH, MICHAL", "HOLTBY, BRADEN"], "G": [0, 0, 0, 0, 0, 0, "1", 0, 0, 0, 0, 0, 0, 0, 0, 0, 0, "1", 0, 0, 0, "1", 0, "1", 0, 0, 0, 0, 0, "1", 0, 0, 0, 0, 0, 0, 0, 0, 0, 0], "A": [0, 0, 0, 0, 0, 0, "1", 0, 0, "1", 0, 0, "1", 0, 0, 0, 0, "1", 0, 0, 0, "1", 0, 0, 0, 0, 0, 0, 0, 0, 0, "1", 0, 0, 0, 0, "1", "1", 0, 0], "P": [0, 0, 0, 0, 0, 0, "2", 0, 0, "1", 0, 0, "1", 0, 0, 0, 0, "2", 0, 0, 0, "2", 0, "1", 0, 0, 0, 0, 0, "1", 0, "1", 0, 0, 0, 0, "1", "1", 0, 0], "+/-": ["-1", "-1", "-1", "-2", 0, 0, 0, 0, 0, "-1", 0, "-1", "-1", 0, 0, 0, "-2", 0, 0, 0, 0, "+1", 0, 0, "+1", "+1", 0, 0, "-1", "+1", 0, "+3", 0, "-1", "+2", 0, "+2", "+1", 0, 0], "PN": ["1", 0, 0, 0, 0, 0, 0, "1", 0, "1", "1", "2", 0, 0, 0, 0, "1", 0, 0, 0, "3", 0, 0, 0, 0, 0, "1", 0, 0, 0, "1", 0, 0, 0, 0, 0, "1", 0, 0, 0], "PIM": ["2", 0, 0, 0, 0, 0, 0, "5", 0, "2", "5", "4", 0, 0, 0, 0, "2", 0, 0, 0, "9", 0, 0, 0, 0, 0, "2", 0, 0, 0, "5", 0, 0, 0, 0, 0, "2", 0, 0, 0], "TOT": ["23:57", "22:36", "19:00", "18:15", "17:37", "15:45", "21:11", "03:05", "05:47", "19:46", "03:15", "15:12", "22:13", "16:46", "15:13", "19:33", "13:52", "20:11", 0, "58:46", "13:37", "21:22", "16:03", "19:51", "21:42", "21:20", "07:23", "14:16", "20:09", "14:37", "05:36", "22:04", "13:37", "24:32", "17:48", "08:38", "17:53", "13:46", "59:58", 0], "SHF": ["31", "31", "28", "22", "18", "18", "29", "5", "9", "33", "6", "24", "29", "19", "21", "23", "21", "25", 0, 0, "16", "19", "23", "25", "27", "27", "11", "21", "27", "22", "8", "24", "17", "30", "21", "14", "22", "19", 0, 0], "AVG TOI/SH": ["00:46", "00:43", "00:40", "00:49", "00:58", "00:52", "00:43", "00:37", "00:38", "00:35", "00:32", "00:38", "00:45", "00:52", "00:43", "00:51", "00:39", "00:48", 0, 0, "00:51", "01:07", "00:41", "00:47", "00:48", "00:47", "00:40", "00:40", "00:44", "00:39", "00:42", "00:55", "00:48", "00:49", "00:50", "00:37", "00:48", "00:43", 0, 0], "PP": ["01:31", "02:11", "00:14", "00:15", "03:19", "02:39", "02:14", "00:00", "00:00", "00:29", "00:00", "00:15", "02:14", "03:19", "03:08", "04:03", "00:55", "02:14", 0, "05:48", "00:00", "06:50", "01:00", "04:58", "04:51", "03:47", "00:00", "00:10", "00:00", "03:09", "00:00", "03:17", "00:00", "04:53", "00:00", "00:10", "02:52", "04:03", "08:00", 0], "SH": ["04:23", "03:08", "04:15", "05:55", "00:28", "00:00", "01:53", "00:00", "02:48", "03:20", "00:00", "02:40", "02:16", "00:00", "00:00", "00:54", "00:00", "00:00", 0, "08:00", "00:48", "00:00", "01:24", "01:32", "02:47", "02:21", "00:00", "01:55", "03:43", "01:37", "00:00", "01:30", "00:00", "04:18", "01:17", "00:00", "00:00", "00:00", "05:48", 0], "EV": ["18:03", "17:17", "14:31", "12:05", "13:50", "13:06", "17:04", "03:05", "02:59", "15:57", "03:15", "12:17", "17:43", "13:27", "12:05", "14:36", "12:57", "17:57", 0, "44:58", "12:49", "14:32", "13:39", "13:21", "14:04", "15:12", "07:23", "12:11", "16:26", "09:51", "05:36", "17:17", "13:37", "15:21", "16:31", "08:28", "15:01", "09:43", "46:10", 0], "S": ["1", "4", "1", "2", "1", "5", "5", 0, "1", 0, 0, "1", "3", "1", "1", "1", "4", "3", 0, 0, "2", "5", "3", "3", "2", "1", 0, "1", "3", "4", "1", "2", "1", "4", "1", "1", "1", 0, 0, 0], "A/B": ["1", "3", 0, "3", 0, "1", 0, 0, 0, 0, 0, "2", "1", "2", 0, "1", 0, "2", 0, 0, 0, "4", 0, "2", "1", "2", "1", 0, "1", 0, 0, "4", "2", 0, 0, "1", 0, "2", 0, 0], "MS": [0, "1", 0, 0, "1", "1", "2", 0, 0, "2", 0, "1", "1", 0, "2", "1", 0, "4", 0, 0, "1", "2", 0, "2", "1", "1", "1", 0, "1", 0, 0, "2", "1", 0, 0, 0, 0, "1", 0, 0], "HT": ["3", "4", "3", 0, 0, "1", "4", "1", "1", "2", "2", "1", "1", "3", 0, "1", "2", 0, 0, 0, "3", "5", 0, 0, "1", 0, "3", "2", 0, "1", "1", 0, "3", 0, "1", 0, "1", 0, 0, 0], "GV": ["1", 0, 0, "1", 0, 0, "1", 0, 0, 0, "1", 0, "1", 0, "2", 0, 0, "1", 0, "1", "1", 0, 0, 0, 0, 0, 0, 0, 0, 0, 0, 0, 0, "1", "1", 0, 0, "2", "1", 0], "TK": ["1", 0, 0, 0, "1", "2", "1", 0, 0, 0, 0, 0, "1", 0, 0, "1", "1", 0, 0, 0, 0, "1", 0, "1", 0, 0, "1", "1", 0, "1", 0, 0, 0, 0, "2", 0, 0, "1", 0, 0], "BS": ["1", "4", "2", "1", 0, "1", "2", 0, 0, "6", "1", 0, 0, 0, "1", 0, 0, "1", 0, 0, "1", 0, 0, 0, "1", "1", "1", "1", "4", "1", 0, "2", 0, "1", "3", 0, 0, 0, 0, 0], "FW": [0, 0, 0, "11", 0, "0", 0, 0, "0", 0, "2", "1", "18", "7", 0, 0, 0, "0", 0, 0, 0, 0, 0, "14", "1", "2", 0, 0, 0, "1", 0, 0, 0, 0, 0, "6", "8", "2", 0, 0], "FL": [0, 0, 0, "8", 0, "2", 0, 0, "1", 0, "1", "0", "13", "8", 0, 0, 0, "1", 0, 0, 0, 0, 0, "14", "0", "6", 0, 0, 0, "3", 0, 0, 0, 0, 0, "4", "8", "4", 0, 0], "F%": [0, 0, 0, "58", 0, "0", 0, 0, "0", 0, "67", "100", "58", "47", 0, 0, 0, "0", 0, 0, 0, 0, 0, "50", "100", "25", 0, 0, 0, "25", 0, 0, 0, 0, 0, "60", "50", "33", 0, 0], "team": ["TORONTO MAPLE LEAFS ", "TORONTO MAPLE LEAFS ", "TORONTO MAPLE LEAFS ", "TORONTO MAPLE LEAFS ", "TORONTO MAPLE LEAFS ", "TORONTO MAPLE LEAFS ", "TORONTO MAPLE LEAFS ", "TORONTO MAPLE LEAFS ", "TORONTO MAPLE LEAFS ", "TORONTO MAPLE LEAFS ", "TORONTO MAPLE LEAFS ", "TORONTO MAPLE LEAFS ", "TORONTO MAPLE LEAFS ", "TORONTO MAPLE LEAFS ", "TORONTO MAPLE LEAFS ", "TORONTO MAPLE LEAFS ", "TORONTO MAPLE LEAFS ", "TORONTO MAPLE LEAFS ", "TORONTO MAPLE LEAFS ", "TORONTO MAPLE LEAFS ", "WASHINGTON CAPITALS ", "WASHINGTON CAPITALS ", "WASHINGTON CAPITALS ", "WASHINGTON CAPITALS ", "WASHINGTON CAPITALS ", "WASHINGTON CAPITALS ", "WASHINGTON CAPITALS ", "WASHINGTON CAPITALS ", "WASHINGTON CAPITALS ", "WASHINGTON CAPITALS ", "WASHINGTON CAPITALS ", "WASHINGTON CAPITALS ", "WASHINGTON CAPITALS ", "WASHINGTON CAPITALS ", "WASHINGTON CAPITALS ", "WASHINGTON CAPITALS ", "WASHINGTON CAPITALS ", "WASHINGTON CAPITALS ", "WASHINGTON CAPITALS ", "WASHINGTON CAPITALS "], "GA": [0, 0, 0, 0, 0, 0, 0, 0, 0, 0, 0, 0, 0, 0, 0, 0, 0, 0, 0.0, "3", 0, 0, 0, 0, 0, 0, 0, 0, 0, 0, 0, 0, 0, 0, 0, 0, 0, 0, "2", 0], "SA": [0, 0, 0, 0, 0, 0, 0, 0, 0, 0, 0, 0, 0, 0, 0, 0, 0, 0, 0.0, "35", 0, 0, 0, 0, 0, 0, 0, 0, 0, 0, 0, 0, 0, 0, 0, 0, 0, 0, "34", 0]}}