{"game_info": {"date": "2013-12-14", "visitor": "TAMPA BAY LIGHTNING ", "home": "NEW JERSEY DEVILS ", "game_id": 492, "status": "final"}, "player_stats": {"number": ["2", "6", "7", "9", "16", "17", "18", "19", "23", "25", "26", "42", "44", "51", "55", "56", "62", "76", "30", "39", "2", "6", "7", "8", "12", "14", "15", "16", "17", "18", "19", "22", "23", "25", "26", "28", "34", "68", "30", "35"], "position": ["D", "D", "D", "C", "R", "C", "L", "R", "R", "D", "R", "C", "C", "C", "D", "R", "D", "L", "G", "G", "D", "D", "D", "C", "C", "C", "C", "C", "R", "R", "C", "D", "C", "R", "L", "D", "D", "R", "G", "G"], "name": ["BREWER, ERIC", "SALO, SAMI", "GUDAS, RADKO", "JOHNSON, TYLER", "PURCELL, TEDDY", "KILLORN, ALEX", "PALAT, ONDREJ", "CROMBEEN, B.J.", "BROWN, J.T.", "CARLE, MATTHEW", "ST. LOUIS, MARTIN", "TYRELL, DANA", "THOMPSON, NATE", "FILPPULA, VALTTERI", "TAORMINA, MATT", "KUCHEROV, NIKITA", "SUSTR, ANDREJ", "LABRIE, PIERRE-CEDRIC", "BISHOP, BEN", "LINDBACK, ANDERS", "ZIDLICKY, MAREK", "GREENE, ANDY", "FAYNE, MARK", "ZUBRUS, DAINIUS", "BRUNNER, DAMIEN", "HENRIQUE, ADAM", "BOUCHER, REID", "JOSEFSON, JACOB", "RYDER, MICHAEL", "BERNIER, STEVE", "ZAJAC, TRAVIS", "GELINAS, ERIC", "SESTITO, TIM", "JANSSEN, CAM", "ELIAS, PATRIK", "VOLCHENKOV, ANTON", "MERRILL, JON", "JAGR, JAROMIR", "BRODEUR, MARTIN", "SCHNEIDER, CORY"], "G": [0, 0, 0, 0, 0, 0, 0, 0, 0, 0, 0, 0, 0, 0, 0, 0, 0, 0, 0, 0, 0, 0, 0, "2", "1", 0, 0, 0, 0, 0, 0, 0, 0, 0, 0, 0, 0, 0, 0, 0], "A": [0, 0, 0, 0, 0, 0, 0, 0, 0, 0, 0, 0, 0, 0, 0, 0, 0, 0, 0, 0, "1", 0, "1", 0, 0, 0, 0, 0, 0, 0, 0, "1", 0, 0, 0, 0, 0, "2", 0, 0], "P": [0, 0, 0, 0, 0, 0, 0, 0, 0, 0, 0, 0, 0, 0, 0, 0, 0, 0, 0, 0, "1", 0, "1", "2", "1", 0, 0, 0, 0, 0, 0, "1", 0, 0, 0, 0, 0, "2", 0, 0], "+/-": ["-2", "-1", "-1", "-1", "-1", "-1", "-1", 0, "-1", "-1", "-1", 0, "-1", "-1", 0, "-1", "-1", 0, 0, 0, "+1", "+2", "+2", "+2", "+1", 0, 0, 0, 0, "+1", "+3", "+1", 0, 0, 0, 0, 0, "+2", 0, 0], "PN": [0, 0, 0, 0, 0, 0, 0, 0, 0, "1", 0, "1", 0, 0, 0, 0, 0, 0, 0, 0, 0, 0, 0, "1", "1", 0, 0, 0, 0, 0, 0, 0, 0, 0, "1", 0, 0, 0, 0, 0], "PIM": [0, 0, 0, 0, 0, 0, 0, 0, 0, "2", 0, "2", 0, 0, 0, 0, 0, 0, 0, 0, 0, 0, 0, "2", "2", 0, 0, 0, 0, 0, 0, 0, 0, 0, "2", 0, 0, 0, 0, 0], "TOT": ["19:04", "17:19", "25:14", "19:33", "20:47", "19:49", "19:10", "06:54", "11:50", "24:18", "22:03", "07:19", "13:00", "22:27", "16:47", "12:30", "17:27", "05:37", 0, "54:52", "21:32", "25:27", "18:28", "19:05", "14:32", "17:01", "12:28", "07:22", "14:25", "15:01", "21:58", "15:00", "10:28", "02:35", "20:08", "22:32", "17:01", "18:57", "60:00", 0], "SHF": ["22", "26", "24", "25", "23", "22", "23", "9", "20", "30", "27", "10", "22", "22", "20", "22", "20", "7", 0, 0, "24", "29", "27", "23", "20", "22", "16", "14", "17", "21", "26", "21", "16", "6", "25", "26", "24", "18", 0, 0], "AVG TOI/SH": ["00:52", "00:39", "01:03", "00:46", "00:54", "00:54", "00:50", "00:46", "00:35", "00:48", "00:49", "00:43", "00:35", "01:01", "00:50", "00:34", "00:52", "00:48", 0, 0, "00:53", "00:52", "00:41", "00:49", "00:43", "00:46", "00:46", "00:31", "00:50", "00:42", "00:50", "00:42", "00:39", "00:25", "00:48", "00:52", "00:42", "01:03", 0, 0], "PP": ["00:04", "03:11", "02:35", "02:10", "03:46", "02:33", "02:10", "00:00", "00:04", "02:21", "03:23", "00:00", "00:04", "03:46", "03:35", "00:04", "00:14", "00:00", 0, "06:00", "02:32", "02:43", "00:00", "00:00", "01:37", "01:37", "00:00", "00:00", "01:37", "00:00", "02:23", "01:28", "00:00", "00:00", "02:23", "00:00", "01:17", "02:23", "04:00", 0], "SH": ["02:34", "01:48", "02:00", "00:52", "00:00", "00:12", "01:53", "00:47", "00:31", "00:49", "01:18", "00:37", "01:38", "00:12", "00:37", "00:00", "00:12", "00:00", 0, "04:00", "00:07", "04:56", "00:58", "02:20", "00:00", "02:22", "00:00", "01:07", "00:00", "00:07", "03:02", "00:00", "01:28", "00:00", "01:34", "05:52", "00:07", "00:00", "06:00", 0], "EV": ["16:26", "12:20", "20:39", "16:31", "17:01", "17:04", "15:07", "06:07", "11:15", "21:08", "17:22", "06:42", "11:18", "18:29", "12:35", "12:26", "17:01", "05:37", 0, "44:52", "18:53", "17:48", "17:30", "16:45", "12:55", "13:02", "12:28", "06:15", "12:48", "14:54", "16:33", "13:32", "09:00", "02:35", "16:11", "16:40", "15:37", "16:34", "50:00", 0], "S": ["1", "3", "4", "1", "2", 0, "2", 0, "4", "4", "3", 0, "4", "2", 0, "3", 0, 0, 0, 0, "1", 0, 0, "2", "2", "1", 0, 0, "5", 0, "1", "1", 0, 0, "1", "1", "1", "3", 0, 0], "A/B": ["2", 0, "2", "1", "1", 0, 0, 0, 0, 0, "1", 0, 0, 0, 0, 0, "1", 0, 0, 0, 0, 0, "1", 0, 0, "1", "1", 0, "1", 0, 0, "1", "2", 0, 0, "1", 0, "1", 0, 0], "MS": ["1", "1", "3", "1", "1", "1", 0, 0, 0, 0, 0, 0, 0, "1", 0, "2", "1", 0, 0, 0, 0, 0, 0, "1", 0, 0, "1", 0, 0, "1", "1", "4", 0, 0, 0, 0, 0, "2", 0, 0], "HT": ["1", 0, "1", 0, "2", 0, 0, "1", "1", 0, 0, "1", 0, 0, 0, 0, 0, 0, 0, 0, "2", "2", 0, 0, "1", 0, "1", 0, 0, 0, 0, 0, 0, "1", "1", "2", 0, 0, 0, 0], "GV": ["1", "1", 0, 0, 0, 0, 0, 0, 0, 0, 0, 0, 0, 0, "1", 0, "1", 0, 0, 0, "1", 0, 0, "1", 0, 0, 0, "1", 0, 0, 0, 0, 0, 0, "1", 0, 0, 0, 0, 0], "TK": [0, 0, 0, "1", 0, 0, 0, 0, 0, "1", 0, 0, 0, 0, 0, 0, 0, 0, 0, 0, 0, 0, 0, 0, 0, "1", "1", 0, "1", 0, "1", 0, 0, 0, "1", 0, 0, "1", 0, 0], "BS": [0, 0, "1", "2", 0, 0, "1", 0, 0, "2", 0, "1", "1", 0, 0, 0, "1", 0, 0, 0, "2", "1", "1", 0, 0, 0, 0, 0, 0, 0, 0, 0, "1", 0, 0, "3", 0, 0, 0, 0], "FW": [0, 0, 0, "5", "0", "1", 0, "0", "1", 0, "1", "0", "4", "7", 0, 0, 0, 0, 0, 0, 0, 0, 0, "4", 0, "4", "0", "2", 0, 0, "11", 0, 0, 0, "6", 0, 0, 0, 0, 0], "FL": [0, 0, 0, "11", "2", "0", 0, "1", "1", 0, "1", "2", "1", "8", 0, 0, 0, 0, 0, 0, 0, 0, 0, "2", 0, "5", "1", "1", 0, 0, "4", 0, 0, 0, "6", 0, 0, 0, 0, 0], "F%": [0, 0, 0, "31", "0", "100", 0, "0", "50", 0, "50", "0", "80", "47", 0, 0, 0, 0, 0, 0, 0, 0, 0, "67", 0, "44", "0", "67", 0, 0, "73", 0, 0, 0, "50", 0, 0, 0, 0, 0], "team": ["TAMPA BAY LIGHTNING ", "TAMPA BAY LIGHTNING ", "TAMPA BAY LIGHTNING ", "TAMPA BAY LIGHTNING ", "TAMPA BAY LIGHTNING ", "TAMPA BAY LIGHTNING ", "TAMPA BAY LIGHTNING ", "TAMPA BAY LIGHTNING ", "TAMPA BAY LIGHTNING ", "TAMPA BAY LIGHTNING ", "TAMPA BAY LIGHTNING ", "TAMPA BAY LIGHTNING ", "TAMPA BAY LIGHTNING ", "TAMPA BAY LIGHTNING ", "TAMPA BAY LIGHTNING ", "TAMPA BAY LIGHTNING ", "TAMPA BAY LIGHTNING ", "TAMPA BAY LIGHTNING ", "TAMPA BAY LIGHTNING ", "TAMPA BAY LIGHTNING ", "NEW JERSEY DEVILS ", "NEW JERSEY DEVILS ", "NEW JERSEY DEVILS ", "NEW JERSEY DEVILS ", "NEW JERSEY DEVILS ", "NEW JERSEY DEVILS ", "NEW JERSEY DEVILS ", "NEW JERSEY DEVILS ", "NEW JERSEY DEVILS ", "NEW JERSEY DEVILS ", "NEW JERSEY DEVILS ", "NEW JERSEY DEVILS ", "NEW JERSEY DEVILS ", "NEW JERSEY DEVILS ", "NEW JERSEY DEVILS ", "NEW JERSEY DEVILS ", "NEW JERSEY DEVILS ", "NEW JERSEY DEVILS ", "NEW JERSEY DEVILS ", "NEW JERSEY DEVILS "], "GA": [0, 0, 0, 0, 0, 0, 0, 0, 0, 0, 0, 0, 0, 0, 0, 0, 0, 0, 0.0, "3", 0, 0, 0, 0, 0, 0, 0, 0, 0, 0, 0, 0, 0, 0, 0, 0, 0, 0, "0", 0], "SA": [0, 0, 0, 0, 0, 0, 0, 0, 0, 0, 0, 0, 0, 0, 0, 0, 0, 0, 0.0, "19", 0, 0, 0, 0, 0, 0, 0, 0, 0, 0, 0, 0, 0, 0, 0, 0, 0, 0, "33", 0]}}