{"game_info": {"date": "2013-11-10", "visitor": "NASHVILLE PREDATORS ", "home": "NEW JERSEY DEVILS ", "game_id": 256, "status": "final"}, "player_stats": {"number": ["3", "4", "6", "7", "8", "11", "13", "15", "16", "24", "25", "26", "27", "28", "33", "42", "57", "59", "30", "39", "2", "5", "6", "8", "9", "10", "12", "14", "16", "17", "18", "19", "20", "21", "22", "25", "28", "68", "30", "35"], "position": ["D", "D", "D", "C", "D", "C", "C", "C", "L", "L", "L", "C", "R", "C", "C", "D", "L", "D", "G", "G", "D", "D", "D", "C", "L", "D", "C", "C", "C", "R", "R", "C", "C", "C", "D", "R", "D", "R", "G", "G"], "name": ["JONES, SETH", "ELLIS, RYAN", "WEBER, SHEA", "CULLEN, MATT", "KLEIN, KEVIN", "LEGWAND, DAVID", "SPALING, NICK", "SMITH, CRAIG", "CLUNE, RICH", "NYSTROM, ERIC", "STALBERG, VIKTOR", "HENDRICKS, MATT", "HORNQVIST, PATRIC", "GAUSTAD, PAUL", "WILSON, COLIN", "EKHOLM, MATTIAS", "BOURQUE, GABRIEL", "JOSI, ROMAN", "HUTTON, CARTER", "MAZANEC, MAREK", "ZIDLICKY, MAREK", "LARSSON, ADAM", "GREENE, ANDY", "ZUBRUS, DAINIUS", "TEDENBY, MATTIAS", "HARROLD, PETER", "BRUNNER, DAMIEN", "HENRIQUE, ADAM", "JOSEFSON, JACOB", "RYDER, MICHAEL", "BERNIER, STEVE", "ZAJAC, TRAVIS", "CARTER, RYAN", "LOKTIONOV, ANDREI", "GELINAS, ERIC", "JANSSEN, CAM", "VOLCHENKOV, ANTON", "JAGR, JAROMIR", "BRODEUR, MARTIN", "SCHNEIDER, CORY"], "G": [0, 0, 0, 0, 0, 0, 0, 0, 0, 0, 0, 0, 0, 0, 0, 0, 0, 0, 0, 0, "1", 0, 0, 0, "1", 0, 0, 0, 0, 0, 0, "1", 0, 0, 0, "1", 0, "1", 0, 0], "A": [0, 0, 0, 0, 0, 0, 0, 0, 0, 0, 0, 0, 0, 0, 0, 0, 0, 0, 0, 0, "1", 0, "1", "1", 0, "1", 0, "1", 0, 0, "1", 0, "1", "1", "1", 0, 0, "1", 0, 0], "P": [0, 0, 0, 0, 0, 0, 0, 0, 0, 0, 0, 0, 0, 0, 0, 0, 0, 0, 0, 0, "2", 0, "1", "1", "1", "1", 0, "1", 0, 0, "1", "1", "1", "1", "1", "1", 0, "2", 0, 0], "+/-": ["-2", "-1", "-2", "-1", "-1", "-2", 0, "-1", "-1", "-1", 0, "-1", "-1", "-2", 0, "-2", "-2", 0, 0, 0, "+2", 0, "+1", "+2", "+1", "+2", 0, 0, "+1", 0, "+1", "+2", "+1", "+1", "+1", "+1", "+2", "+2", 0, 0], "PN": ["1", 0, 0, 0, 0, 0, "1", 0, "1", 0, 0, 0, 0, "1", 0, 0, 0, 0, 0, 0, "1", 0, 0, 0, "1", 0, "2", 0, 0, 0, 0, 0, "2", 0, 0, 0, 0, 0, 0, 0], "PIM": ["2", 0, 0, 0, 0, 0, "2", 0, "2", 0, 0, 0, 0, "2", 0, 0, 0, 0, 0, 0, "2", 0, 0, 0, "2", 0, "4", 0, 0, 0, 0, 0, "4", 0, 0, 0, 0, 0, 0, 0], "TOT": ["24:43", "13:23", "25:42", "14:26", "19:22", "18:01", "14:38", "13:07", "09:54", "15:07", "13:19", "12:37", "18:51", "13:46", "16:16", "13:27", "14:44", "22:36", "59:56", 0, "18:45", "17:07", "25:10", "20:36", "13:21", "20:19", "11:24", "17:23", "11:59", "13:45", "13:52", "18:57", "11:02", "15:05", "19:44", "06:11", "18:58", "14:31", "59:51", 0], "SHF": ["30", "18", "32", "18", "28", "21", "25", "16", "16", "26", "21", "19", "21", "19", "24", "20", "19", "30", 0, 0, "28", "18", "27", "27", "19", "28", "19", "26", "20", "20", "19", "26", "19", "23", "22", "10", "22", "19", 0, 0], "AVG TOI/SH": ["00:49", "00:44", "00:48", "00:48", "00:41", "00:51", "00:35", "00:49", "00:37", "00:34", "00:38", "00:39", "00:53", "00:43", "00:40", "00:40", "00:46", "00:45", 0, 0, "00:40", "00:57", "00:55", "00:45", "00:42", "00:43", "00:36", "00:40", "00:35", "00:41", "00:43", "00:43", "00:34", "00:39", "00:53", "00:37", "00:51", "00:45", 0, 0], "PP": ["06:20", "04:18", "06:34", "04:53", "00:11", "06:36", "01:07", "04:35", "00:03", "00:20", "02:00", "00:00", "06:34", "00:11", "05:12", "00:23", "05:16", "05:27", "12:00", 0, "02:59", "00:00", "03:12", "00:21", "00:15", "03:06", "02:21", "02:49", "00:00", "02:54", "03:03", "02:41", "00:00", "00:50", "02:53", "00:00", "00:00", "03:01", "06:05", 0], "SH": ["02:40", "00:00", "03:36", "00:33", "02:31", "00:15", "02:10", "00:00", "00:00", "02:40", "00:21", "02:44", "00:15", "02:15", "00:00", "00:54", "00:57", "02:29", "06:05", 0, "03:25", "00:31", "08:23", "06:17", "00:16", "02:46", "00:00", "04:04", "04:24", "00:00", "00:00", "04:31", "02:27", "02:01", "00:00", "00:00", "08:55", "00:00", "12:00", 0], "EV": ["15:43", "09:05", "15:32", "09:00", "16:40", "11:10", "11:21", "08:32", "09:51", "12:07", "10:58", "09:53", "12:02", "11:20", "11:04", "12:10", "08:31", "14:40", "41:51", 0, "12:21", "16:36", "13:35", "13:58", "12:50", "14:27", "09:03", "10:30", "07:35", "10:51", "10:49", "11:45", "08:35", "12:14", "16:51", "06:11", "10:03", "11:30", "41:46", 0], "S": [0, "1", 0, "1", "1", "1", 0, "2", 0, 0, "2", 0, "4", "1", 0, 0, "2", 0, 0, 0, "2", 0, 0, "1", "1", "3", "1", "2", 0, "1", "2", "2", "1", 0, "1", "2", "2", "2", 0, 0], "A/B": [0, 0, 0, 0, 0, 0, 0, 0, 0, 0, "1", 0, 0, 0, 0, 0, 0, "2", 0, 0, 0, "1", 0, "1", 0, "1", 0, "2", 0, "1", 0, 0, "1", "2", 0, 0, 0, 0, 0, 0], "MS": [0, "1", "1", 0, 0, 0, 0, "1", 0, 0, 0, "1", 0, 0, 0, 0, 0, 0, 0, 0, 0, 0, "2", 0, 0, 0, 0, 0, 0, 0, 0, 0, "1", "1", 0, 0, 0, 0, 0, 0], "HT": ["2", 0, 0, "1", 0, 0, "1", "3", "3", "3", "1", "3", 0, "1", 0, "1", "1", 0, 0, 0, "1", "2", "2", "1", 0, 0, 0, "1", 0, "1", 0, 0, "2", 0, 0, 0, "2", 0, 0, 0], "GV": [0, "1", 0, 0, 0, 0, 0, 0, 0, 0, 0, 0, 0, 0, 0, 0, 0, "2", 0, 0, 0, 0, "1", 0, 0, 0, 0, 0, 0, 0, 0, "1", 0, 0, 0, 0, 0, "2", 0, 0], "TK": [0, 0, 0, 0, 0, 0, 0, 0, 0, "1", 0, 0, 0, "1", 0, 0, 0, "1", 0, 0, 0, 0, "1", 0, 0, 0, 0, "2", 0, 0, "1", 0, 0, "1", 0, 0, 0, 0, 0, 0], "BS": [0, "2", 0, 0, "3", "1", 0, 0, 0, 0, 0, 0, 0, "1", "1", 0, "1", 0, 0, 0, 0, 0, "1", "1", 0, 0, 0, 0, 0, 0, 0, 0, 0, 0, 0, 0, "1", 0, 0, 0], "FW": [0, 0, 0, "4", 0, "6", "9", "0", 0, 0, 0, 0, "0", "8", 0, 0, 0, 0, 0, 0, 0, 0, 0, "2", 0, 0, 0, "9", "7", 0, "1", "9", "1", "5", 0, 0, 0, 0, 0, 0], "FL": [0, 0, 0, "6", 0, "7", "7", "1", 0, 0, 0, 0, "1", "12", 0, 0, 0, 0, 0, 0, 0, 0, 0, "2", 0, 0, 0, "8", "6", 0, "0", "10", "0", "1", 0, 0, 0, 0, 0, 0], "F%": [0, 0, 0, "40", 0, "46", "56", "0", 0, 0, 0, 0, "0", "40", 0, 0, 0, 0, 0, 0, 0, 0, 0, "50", 0, 0, 0, "53", "54", 0, "100", "47", "100", "83", 0, 0, 0, 0, 0, 0], "team": ["NASHVILLE PREDATORS ", "NASHVILLE PREDATORS ", "NASHVILLE PREDATORS ", "NASHVILLE PREDATORS ", "NASHVILLE PREDATORS ", "NASHVILLE PREDATORS ", "NASHVILLE PREDATORS ", "NASHVILLE PREDATORS ", "NASHVILLE PREDATORS ", "NASHVILLE PREDATORS ", "NASHVILLE PREDATORS ", "NASHVILLE PREDATORS ", "NASHVILLE PREDATORS ", "NASHVILLE PREDATORS ", "NASHVILLE PREDATORS ", "NASHVILLE PREDATORS ", "NASHVILLE PREDATORS ", "NASHVILLE PREDATORS ", "NASHVILLE PREDATORS ", "NASHVILLE PREDATORS ", "NEW JERSEY DEVILS ", "NEW JERSEY DEVILS ", "NEW JERSEY DEVILS ", "NEW JERSEY DEVILS ", "NEW JERSEY DEVILS ", "NEW JERSEY DEVILS ", "NEW JERSEY DEVILS ", "NEW JERSEY DEVILS ", "NEW JERSEY DEVILS ", "NEW JERSEY DEVILS ", "NEW JERSEY DEVILS ", "NEW JERSEY DEVILS ", "NEW JERSEY DEVILS ", "NEW JERSEY DEVILS ", "NEW JERSEY DEVILS ", "NEW JERSEY DEVILS ", "NEW JERSEY DEVILS ", "NEW JERSEY DEVILS ", "NEW JERSEY DEVILS ", "NEW JERSEY DEVILS "], "GA": [0, 0, 0, 0, 0, 0, 0, 0, 0, 0, 0, 0, 0, 0, 0, 0, 0, 0, "5", 0, 0, 0, 0, 0, 0, 0, 0, 0, 0, 0, 0, 0, 0, 0, 0, 0, 0, 0, "0", 0], "SA": [0, 0, 0, 0, 0, 0, 0, 0, 0, 0, 0, 0, 0, 0, 0, 0, 0, 0, "23", 0, 0, 0, 0, 0, 0, 0, 0, 0, 0, 0, 0, 0, 0, 0, 0, 0, 0, 0, "15", 0]}}