{"game_info": {"date": "2014-03-22", "visitor": "MONTREAL CANADIENS ", "home": "TORONTO MAPLE LEAFS ", "game_id": 1060, "status": "final"}, "player_stats": {"number": ["6", "11", "14", "17", "20", "21", "22", "27", "32", "43", "48", "51", "55", "67", "74", "76", "79", "81", "30", "31", "3", "4", "8", "11", "12", "19", "21", "28", "36", "40", "41", "42", "43", "44", "51", "63", "71", "81", "34", "35", 0], "position": ["D", "R", "C", "R", "L", "R", "R", "C", "L", "D", "C", "C", "D", "L", "D", "D", "D", "C", "G", "G", "D", "D", "D", "C", "L", "R", "L", "R", "D", "R", "L", "C", "C", "D", "D", "C", "R", "C", "G", "G", 0], "name": ["MURRAY, DOUGLAS", "GALLAGHER, BRENDAN", "PLEKANEC, TOMAS", "BOURQUE, RENE", "VANEK, THOMAS", "GIONTA, BRIAN", "WEISE, DALE", "GALCHENYUK, ALEX", "MOEN, TRAVIS", "WEAVER, MIKE", "BRIERE, DANIEL", "DESHARNAIS, DAVID", "BOUILLON, FRANCIS", "PACIORETTY, MAX", "EMELIN, ALEXEI", "SUBBAN, P.K.", "MARKOV, ANDREI", "ELLER, LARS", "BUDAJ, PETER", "PRICE, CAREY", "PHANEUF, DION", "FRANSON, CODY", "GLEASON, TIM", "MCCLEMENT, JAY", "RAYMOND, MASON", "LUPUL, JOFFREY", "VAN RIEMSDYK, JAMES", "ORR, COLTON", "GUNNARSSON, CARL", "BODIE, TROY", "KULEMIN, NIKOLAI", "BOZAK, TYLER", "KADRI, NAZEM", "RIELLY, MORGAN", "GARDINER, JAKE", "BOLLAND, DAVE", "CLARKSON, DAVID", "KESSEL, PHIL", "REIMER, JAMES", "MACINTYRE, DREW", "TEAM PENALTY"], "G": [0, 0, "1", "1", 0, "1", 0, 0, 0, 0, 0, 0, 0, "1", 0, 0, 0, 0, 0, 0, 0, 0, 0, 0, 0, "1", 0, 0, 0, 0, 0, "1", "1", 0, 0, 0, 0, 0, 0, 0, 0], "A": [0, 0, 0, "1", 0, "1", 0, 0, 0, "1", 0, "1", 0, 0, 0, "1", "1", 0, 0, 0, 0, 0, 0, 0, "2", "1", 0, 0, 0, 0, 0, 0, 0, 0, 0, 0, 0, "1", 0, 0, 0], "P": [0, 0, "1", "2", 0, "2", 0, 0, 0, "1", 0, "1", 0, "1", 0, "1", "1", 0, 0, 0, 0, 0, 0, 0, "2", "2", 0, 0, 0, 0, 0, "1", "1", 0, 0, 0, 0, "1", 0, 0, 0], "+/-": ["+2", "+1", "+1", "+1", 0, "+1", 0, "+1", 0, "+2", "+1", 0, "-1", 0, 0, 0, "+1", 0, 0, 0, "-1", "-1", "-1", "-1", "-1", "+1", "-1", 0, "-1", 0, "-1", 0, 0, 0, 0, "-1", "-2", 0, 0, 0, 0], "PN": [0, 0, "1", 0, 0, 0, 0, 0, 0, 0, 0, "1", 0, 0, 0, 0, 0, 0, 0, 0, 0, 0, 0, 0, 0, 0, "1", 0, 0, 0, 0, 0, 0, 0, 0, 0, 0, 0, 0, 0, "1"], "PIM": [0, 0, "2", 0, 0, 0, 0, 0, 0, 0, 0, "2", 0, 0, 0, 0, 0, 0, 0, 0, 0, 0, 0, 0, 0, 0, "2", 0, 0, 0, 0, 0, 0, 0, 0, 0, 0, 0, 0, 0, "2"], "TOT": ["10:13", "15:26", "20:59", "11:52", "16:43", "14:30", "12:25", "16:38", "13:47", "13:24", "13:20", "16:26", "25:10", "17:29", "20:52", "26:14", "24:07", "06:37", 0, "60:00", "20:44", "24:39", "18:00", "13:50", "16:41", "20:18", "21:46", "02:32", "14:42", "09:33", "18:16", "18:58", "17:15", "19:18", "22:37", "09:01", "08:54", "20:16", "58:40", 0, 0], "SHF": ["16", "20", "26", "20", "22", "24", "16", "19", "19", "20", "21", "21", "30", "23", "29", "29", "31", "11", 0, 0, "28", "29", "24", "21", "22", "21", "26", "3", "24", "14", "23", "23", "17", "24", "26", "16", "15", "22", 0, 0, 0], "AVG TOI/SH": ["00:38", "00:46", "00:48", "00:35", "00:45", "00:36", "00:46", "00:52", "00:43", "00:40", "00:38", "00:46", "00:50", "00:45", "00:43", "00:54", "00:46", "00:36", 0, 0, "00:44", "00:51", "00:45", "00:39", "00:45", "00:58", "00:50", "00:50", "00:36", "00:40", "00:47", "00:49", "01:00", "00:48", "00:52", "00:33", "00:35", "00:55", 0, 0, 0], "PP": ["00:00", "01:17", "01:33", "00:00", "02:43", "00:00", "00:00", "01:28", "00:00", "00:00", "00:16", "02:11", "00:41", "02:32", "00:50", "03:10", "03:19", "00:00", 0, "04:00", "02:21", "02:28", "00:00", "00:00", "01:35", "01:35", "02:13", "00:00", "00:00", "00:00", "00:00", "02:13", "01:35", "01:27", "01:20", "00:00", "00:00", "02:13", "03:48", 0, 0], "SH": ["01:34", "00:00", "01:23", "00:00", "00:06", "01:44", "00:41", "00:00", "02:24", "01:34", "00:00", "00:00", "00:06", "01:18", "02:08", "00:06", "02:08", "00:00", 0, "03:48", "02:41", "01:02", "01:09", "02:41", "01:19", "00:00", "00:52", "00:00", "02:51", "00:00", "02:27", "00:41", "00:00", "00:00", "00:17", "00:00", "00:00", "00:00", "04:00", 0, 0], "EV": ["08:39", "14:09", "18:03", "11:52", "13:54", "12:46", "11:44", "15:10", "11:23", "11:50", "13:04", "14:15", "24:23", "13:39", "17:54", "22:58", "18:40", "06:37", 0, "52:12", "15:42", "21:09", "16:51", "11:09", "13:47", "18:43", "18:41", "02:32", "11:51", "09:33", "15:49", "16:04", "15:40", "17:51", "21:00", "09:01", "08:54", "18:03", "50:52", 0, 0], "S": [0, "1", "1", "6", "2", "3", "2", "1", 0, "1", "1", "2", 0, "4", "3", "3", "5", "1", 0, 0, "2", "4", "1", 0, "3", "3", "5", 0, 0, "2", "1", "2", "4", "2", "2", "1", "1", "3", 0, 0, 0], "A/B": ["2", "1", 0, 0, "2", 0, "1", "1", 0, "1", "1", "1", 0, "1", 0, "1", 0, 0, 0, 0, "2", "3", "1", 0, "2", "1", "1", 0, "2", "1", 0, "1", 0, "3", "2", 0, "1", "3", 0, 0, 0], "MS": [0, "2", "1", "2", "1", "1", "2", 0, 0, 0, "1", "2", 0, "2", 0, 0, 0, 0, 0, 0, "2", "1", 0, 0, 0, "1", "1", 0, 0, "1", 0, "2", 0, "1", "1", "1", 0, "3", 0, 0, 0], "HT": ["4", 0, "1", 0, 0, 0, "3", "1", 0, "2", "1", 0, "2", 0, "3", 0, "1", 0, 0, 0, "3", "6", "4", "4", "1", "2", "2", "2", "1", 0, "3", 0, "1", "1", "3", "3", "1", 0, 0, 0, 0], "GV": ["1", 0, 0, 0, 0, "1", "3", 0, "1", 0, "1", 0, "1", 0, "1", "1", "1", 0, 0, "1", "2", "1", "1", 0, 0, 0, 0, "1", 0, 0, "2", "1", 0, "1", "3", 0, 0, 0, 0, 0, 0], "TK": [0, 0, "1", 0, 0, "1", "1", "1", 0, 0, "1", "2", "1", 0, "1", 0, "1", 0, 0, 0, 0, "1", "1", 0, "2", "1", "2", 0, "1", 0, "2", 0, "1", "1", 0, 0, 0, 0, 0, 0, 0], "BS": ["5", 0, "1", 0, 0, 0, 0, "1", "1", "4", 0, 0, "1", "2", "3", "2", "2", "1", 0, 0, "2", 0, "1", "1", 0, "2", 0, 0, "1", "1", "1", 0, 0, "1", 0, 0, "1", "1", 0, 0, 0], "FW": [0, 0, "9", 0, 0, "0", 0, 0, 0, 0, "4", "10", 0, 0, 0, 0, 0, "4", 0, 0, 0, 0, 0, "9", 0, 0, "1", 0, 0, 0, "1", "9", "3", 0, 0, "8", 0, "0", 0, 0, 0], "FL": [0, 0, "13", 0, 0, "2", 0, 0, 0, 0, "6", "8", 0, 0, 0, 0, 0, "2", 0, 0, 0, 0, 0, "8", 0, 0, "0", 0, 0, 0, "1", "9", "7", 0, 0, "1", 0, "1", 0, 0, 0], "F%": [0, 0, "41", 0, 0, "0", 0, 0, 0, 0, "40", "56", 0, 0, 0, 0, 0, "67", 0, 0, 0, 0, 0, "53", 0, 0, "100", 0, 0, 0, "50", "50", "30", 0, 0, "89", 0, "0", 0, 0, 0], "team": ["MONTREAL CANADIENS ", "MONTREAL CANADIENS ", "MONTREAL CANADIENS ", "MONTREAL CANADIENS ", "MONTREAL CANADIENS ", "MONTREAL CANADIENS ", "MONTREAL CANADIENS ", "MONTREAL CANADIENS ", "MONTREAL CANADIENS ", "MONTREAL CANADIENS ", "MONTREAL CANADIENS ", "MONTREAL CANADIENS ", "MONTREAL CANADIENS ", "MONTREAL CANADIENS ", "MONTREAL CANADIENS ", "MONTREAL CANADIENS ", "MONTREAL CANADIENS ", "MONTREAL CANADIENS ", "MONTREAL CANADIENS ", "MONTREAL CANADIENS ", "TORONTO MAPLE LEAFS ", "TORONTO MAPLE LEAFS ", "TORONTO MAPLE LEAFS ", "TORONTO MAPLE LEAFS ", "TORONTO MAPLE LEAFS ", "TORONTO MAPLE LEAFS ", "TORONTO MAPLE LEAFS ", "TORONTO MAPLE LEAFS ", "TORONTO MAPLE LEAFS ", "TORONTO MAPLE LEAFS ", "TORONTO MAPLE LEAFS ", "TORONTO MAPLE LEAFS ", "TORONTO MAPLE LEAFS ", "TORONTO MAPLE LEAFS ", "TORONTO MAPLE LEAFS ", "TORONTO MAPLE LEAFS ", "TORONTO MAPLE LEAFS ", "TORONTO MAPLE LEAFS ", "TORONTO MAPLE LEAFS ", "TORONTO MAPLE LEAFS ", "TORONTO MAPLE LEAFS "], "GA": [0, 0, 0, 0, 0, 0, 0, 0, 0, 0, 0, 0, 0, 0, 0, 0, 0, 0, 0.0, "3", 0, 0, 0, 0, 0, 0, 0, 0, 0, 0, 0, 0, 0, 0, 0, 0, 0, 0, "4", 0, 0], "SA": [0, 0, 0, 0, 0, 0, 0, 0, 0, 0, 0, 0, 0, 0, 0, 0, 0, 0, 0.0, "36", 0, 0, 0, 0, 0, 0, 0, 0, 0, 0, 0, 0, 0, 0, 0, 0, 0, 0, "36", 0, 0]}}