{"game_info": {"date": "2014-01-25", "visitor": "ST. LOUIS BLUES ", "home": "NEW YORK ISLANDERS ", "game_id": 775, "status": "final"}, "player_stats": {"number": ["5", "9", "10", "12", "17", "19", "20", "21", "22", "25", "27", "28", "40", "42", "46", "74", "75", "91", "1", "41", 0, "7", "12", "13", "14", "15", "16", "17", "21", "26", "29", "37", "40", "44", "46", "47", "51", "53", "91", "45", "60"], "position": ["D", "C", "L", "C", "C", "D", "L", "C", "D", "R", "D", "D", "C", "R", "D", "C", "R", "R", "G", "G", 0, "D", "C", "R", "D", "R", "C", "L", "R", "L", "C", "D", "R", "D", "D", "D", "C", "C", "C", "G", "G"], "name": ["JACKMAN, BARRET", "SCHWARTZ, JADEN", "MORROW, BRENDEN", "ROY, DEREK", "SOBOTKA, VLADIMIR", "BOUWMEESTER, JAY", "STEEN, ALEXANDER", "BERGLUND, PATRIK", "SHATTENKIRK, KEVIN", "STEWART, CHRIS", "PIETRANGELO, ALEX", "COLE, IAN", "LAPIERRE, MAXIM", "BACKES, DAVID", "POLAK, ROMAN", "OSHIE, T.J.", "REAVES, RYAN", "TARASENKO, VLADIMIR", "ELLIOTT, BRIAN", "HALAK, JAROSLAV", "TEAM PENALTY", "CARKNER, MATT", "BAILEY, JOSH", "MCDONALD, COLIN", "HICKEY, THOMAS", "CLUTTERBUCK, CAL", "REGIN, PETER", "MARTIN, MATT", "OKPOSO, KYLE", "VANEK, THOMAS", "NELSON, BROCK", "STRAIT, BRIAN", "GRABNER, MICHAEL", "DE HAAN, CALVIN", "DONOVAN, MATT", "MACDONALD, ANDREW", "NIELSEN, FRANS", "CIZIKAS, CASEY", "TAVARES, JOHN", "NILSSON, ANDERS", "POULIN, KEVIN"], "G": [0, 0, 0, 0, 0, 0, 0, 0, 0, 0, 0, 0, 0, 0, 0, "1", 0, "2", 0, 0, 0, 0, 0, 0, 0, 0, 0, "1", "1", "1", 0, 0, 0, 0, 0, 0, 0, 0, 0, 0, 0], "A": [0, 0, 0, 0, 0, 0, "2", 0, "1", 0, "1", 0, "1", 0, 0, 0, 0, 0, 0, 0, 0, 0, 0, "1", "1", 0, 0, 0, "1", "1", 0, 0, 0, 0, 0, 0, 0, "1", "1", 0, 0], "P": [0, 0, 0, 0, 0, 0, "2", 0, "1", 0, "1", 0, "1", 0, 0, "1", 0, "2", 0, 0, 0, 0, 0, "1", "1", 0, 0, "1", "2", "2", 0, 0, 0, 0, 0, 0, 0, "1", "1", 0, 0], "+/-": ["-1", "-3", 0, 0, "+3", "+1", "+1", "-2", 0, "-2", "+2", "-1", 0, "-1", "-1", "+1", 0, "+3", 0, 0, 0, "+2", "-1", "+1", "+2", 0, "-1", 0, "+1", "+2", "-1", "-1", 0, "-1", "-1", "-1", "-1", 0, "+1", 0, 0], "PN": [0, "2", "1", 0, 0, 0, 0, 0, "1", 0, 0, 0, 0, 0, "1", 0, "1", 0, 0, 0, "1", "1", 0, "1", 0, 0, 0, 0, "1", 0, 0, 0, 0, "1", 0, 0, 0, 0, 0, 0, 0], "PIM": [0, "4", "2", 0, 0, 0, 0, 0, "2", 0, 0, 0, 0, 0, "2", 0, "2", 0, 0, 0, "2", "2", 0, "2", 0, 0, 0, 0, "2", 0, 0, 0, 0, "2", 0, 0, 0, 0, 0, 0, 0], "TOT": ["18:56", "16:19", "10:27", "15:43", "19:44", "26:17", "22:42", "10:52", "22:15", "05:32", "30:03", "11:54", "10:19", "22:45", "18:26", "15:12", "09:30", "20:10", 0, "63:54", 0, "10:29", "16:05", "14:11", "16:46", "13:02", "13:22", "12:57", "19:27", "18:36", "12:07", "23:36", "11:47", "22:50", "20:24", "28:07", "19:32", "16:05", "22:39", 0, "64:58"], "SHF": ["29", "25", "14", "17", "25", "37", "32", "20", "27", "9", "41", "17", "18", "30", "26", "23", "13", "26", 0, 0, 0, "17", "22", "17", "24", "21", "18", "18", "24", "22", "22", "32", "19", "33", "27", "30", "24", "22", "25", 0, 0], "AVG TOI/SH": ["00:39", "00:39", "00:44", "00:55", "00:47", "00:42", "00:42", "00:32", "00:49", "00:36", "00:43", "00:42", "00:34", "00:45", "00:42", "00:39", "00:43", "00:46", 0, 0, 0, "00:37", "00:43", "00:50", "00:41", "00:37", "00:44", "00:43", "00:48", "00:50", "00:33", "00:44", "00:37", "00:41", "00:45", "00:56", "00:48", "00:43", "00:54", 0, 0], "PP": ["00:00", "01:58", "00:00", "00:00", "00:54", "00:30", "02:22", "00:40", "02:31", "00:00", "00:35", "00:00", "00:00", "01:58", "00:00", "01:58", "00:00", "00:54", 0, "02:52", 0, "00:00", "01:30", "00:09", "00:13", "01:28", "00:56", "00:09", "06:07", "05:49", "01:53", "02:24", "00:52", "01:29", "01:31", "05:14", "05:50", "00:09", "06:37", 0, "08:52"], "SH": ["02:33", "01:28", "00:00", "00:11", "02:09", "06:19", "03:15", "00:48", "00:44", "00:00", "06:17", "00:00", "01:03", "03:07", "01:48", "02:22", "00:00", "01:24", 0, "08:52", 0, "00:00", "00:38", "00:12", "00:49", "00:49", "00:38", "00:00", "00:00", "00:00", "00:00", "01:25", "01:13", "00:13", "00:36", "02:03", "00:49", "01:54", "00:09", 0, "02:52"], "EV": ["16:23", "12:53", "10:27", "15:32", "16:41", "19:28", "17:05", "09:24", "19:00", "05:32", "23:11", "11:54", "09:16", "17:40", "16:38", "10:52", "09:30", "17:52", 0, "52:10", 0, "10:29", "13:57", "13:50", "15:44", "10:45", "11:48", "12:48", "13:20", "12:47", "10:14", "19:47", "09:42", "21:08", "18:17", "20:50", "12:53", "14:02", "15:53", 0, "53:14"], "S": ["1", 0, 0, 0, "1", "2", "6", "3", "6", 0, "2", 0, 0, "2", 0, "4", "2", "6", 0, 0, 0, "2", 0, "1", "1", "3", "1", "1", "5", "5", "2", "2", "3", "2", "1", 0, "2", "2", "3", 0, 0], "A/B": [0, "1", 0, 0, "1", 0, "2", 0, "3", 0, "2", 0, 0, 0, "2", "1", 0, 0, 0, 0, 0, "1", 0, 0, 0, 0, 0, "2", "2", "2", "1", 0, 0, "1", "1", "2", "1", 0, "1", 0, 0], "MS": ["1", "2", 0, "1", "1", 0, "1", 0, 0, 0, "2", "2", 0, 0, "1", "1", 0, "3", 0, 0, 0, 0, 0, 0, 0, "1", 0, 0, "1", "1", "1", 0, "1", "1", 0, "1", 0, 0, "1", 0, 0], "HT": ["2", "1", 0, 0, "1", "1", 0, 0, "2", "1", 0, "2", "1", "1", "3", "2", "2", 0, 0, 0, 0, "1", 0, "2", "2", 0, 0, "4", "1", 0, "1", 0, "1", "1", "2", 0, 0, "1", "1", 0, 0], "GV": [0, 0, 0, 0, 0, 0, 0, 0, 0, 0, "1", 0, 0, 0, "2", 0, 0, 0, 0, "1", 0, 0, "3", 0, "1", 0, 0, 0, 0, 0, 0, "1", 0, 0, 0, 0, "2", 0, "2", 0, 0], "TK": ["2", 0, 0, 0, "1", 0, "1", 0, "1", 0, "2", 0, "1", "1", 0, 0, 0, "1", 0, 0, 0, 0, 0, "1", "2", "1", "2", 0, 0, 0, 0, 0, 0, "2", "1", 0, "1", "2", 0, 0, 0], "BS": ["3", 0, 0, "1", 0, "2", 0, 0, "1", 0, "3", "1", 0, 0, "1", "1", "1", 0, 0, 0, 0, 0, 0, 0, "1", 0, "1", "1", 0, 0, 0, "3", 0, 0, "1", "3", 0, "2", 0, 0, 0], "FW": [0, "0", "1", "1", "10", "0", "2", "3", 0, "0", 0, 0, "2", "11", 0, "1", 0, "0", 0, 0, 0, 0, "0", 0, 0, "1", 0, 0, "2", 0, "6", 0, 0, 0, 0, 0, "11", "8", "10", 0, 0], "FL": [0, "1", "0", "1", "5", "1", "5", "5", 0, "1", 0, 0, "6", "10", 0, "2", 0, "1", 0, 0, 0, 0, "1", 0, 0, "0", 0, 0, "1", 0, "5", 0, 0, 0, 0, 0, "8", "7", "9", 0, 0], "F%": [0, "0", "100", "50", "67", "0", "29", "38", 0, "0", 0, 0, "25", "52", 0, "33", 0, "0", 0, 0, 0, 0, "0", 0, 0, "100", 0, 0, "67", 0, "55", 0, 0, 0, 0, 0, "58", "53", "53", 0, 0], "team": ["ST. LOUIS BLUES ", "ST. LOUIS BLUES ", "ST. LOUIS BLUES ", "ST. LOUIS BLUES ", "ST. LOUIS BLUES ", "ST. LOUIS BLUES ", "ST. LOUIS BLUES ", "ST. LOUIS BLUES ", "ST. LOUIS BLUES ", "ST. LOUIS BLUES ", "ST. LOUIS BLUES ", "ST. LOUIS BLUES ", "ST. LOUIS BLUES ", "ST. LOUIS BLUES ", "ST. LOUIS BLUES ", "ST. LOUIS BLUES ", "ST. LOUIS BLUES ", "ST. LOUIS BLUES ", "ST. LOUIS BLUES ", "ST. LOUIS BLUES ", "ST. LOUIS BLUES ", "NEW YORK ISLANDERS ", "NEW YORK ISLANDERS ", "NEW YORK ISLANDERS ", "NEW YORK ISLANDERS ", "NEW YORK ISLANDERS ", "NEW YORK ISLANDERS ", "NEW YORK ISLANDERS ", "NEW YORK ISLANDERS ", "NEW YORK ISLANDERS ", "NEW YORK ISLANDERS ", "NEW YORK ISLANDERS ", "NEW YORK ISLANDERS ", "NEW YORK ISLANDERS ", "NEW YORK ISLANDERS ", "NEW YORK ISLANDERS ", "NEW YORK ISLANDERS ", "NEW YORK ISLANDERS ", "NEW YORK ISLANDERS ", "NEW YORK ISLANDERS ", "NEW YORK ISLANDERS "], "GA": [0, 0, 0, 0, 0, 0, 0, 0, 0, 0, 0, 0, 0, 0, 0, 0, 0, 0, 0.0, "3", 0, 0, 0, 0, 0, 0, 0, 0, 0, 0, 0, 0, 0, 0, 0, 0, 0, 0, 0, 0, "3"], "SA": [0, 0, 0, 0, 0, 0, 0, 0, 0, 0, 0, 0, 0, 0, 0, 0, 0, 0, 0.0, "36", 0, 0, 0, 0, 0, 0, 0, 0, 0, 0, 0, 0, 0, 0, 0, 0, 0, 0, 0, 0, "35"]}}