{"game_info": {"date": "2013-12-17", "visitor": "COLORADO AVALANCHE ", "home": "DALLAS STARS ", "game_id": 519, "status": "final"}, "player_stats": {"number": ["2", "4", "6", "7", "8", "9", "11", "15", "16", "24", "25", "26", "29", "55", "58", "61", "90", "92", "1", "35", "4", "10", "12", "13", "14", "16", "17", "20", "21", "22", "23", "24", "33", "36", "43", "55", "72", "91", "30", "32"], "position": ["D", "D", "D", "C", "D", "C", "L", "R", "D", "R", "C", "C", "C", "L", "L", "D", "C", "L", "G", "G", "D", "C", "R", "L", "L", "C", "C", "C", "L", "C", "D", "D", "D", "D", "R", "D", "L", "C", "G", "G"], "name": ["HOLDEN, NICK", "BARRIE, TYSON", "JOHNSON, ERIK", "MITCHELL, JOHN", "HEJDA, JAN", "DUCHENE, MATT", "MCGINN, JAMIE", "PARENTEAU, PA", "SARICH, CORY", "CLICHE, MARC-ANDRE", "TALBOT, MAXIME", "STASTNY, PAUL", "MACKINNON, NATHAN", "MCLEOD, CODY", "BORDELEAU, PATRICK", "BENOIT, ANDRE", "O'REILLY, RYAN", "LANDESKOG, GABRIEL", "VARLAMOV, SEMYON", "GIGUERE, JEAN-SEBASTIEN", "DILLON, BRENDEN", "HORCOFF, SHAWN", "CHIASSON, ALEX", "WHITNEY, RAY", "BENN, JAMIE", "GARBUTT, RYAN", "PEVERLEY, RICH", "EAKIN, CODY", "ROUSSEL, ANTOINE", "SCEVIOUR, COLTON", "CONNAUTON, KEVIN", "BENN, JORDIE", "GOLIGOSKI, ALEX", "GAUNCE, CAMERON", "NICHUSHKIN, VALERI", "GONCHAR, SERGEI", "COLE, ERIK", "SEGUIN, TYLER", "ELLIS, DAN", "LEHTONEN, KARI"], "G": [0, 0, "1", 0, 0, "1", 0, 0, 0, 0, 0, 0, 0, 0, 0, 0, 0, 0, 0, 0, 0, 0, 0, "2", 0, 0, 0, 0, 0, "1", 0, 0, 0, 0, 0, 0, 0, 0, 0, 0], "A": ["1", "1", "1", 0, 0, "1", 0, 0, 0, 0, 0, 0, 0, 0, 0, 0, 0, 0, 0, 0, 0, "1", "2", 0, 0, 0, "1", 0, 0, 0, 0, 0, 0, 0, 0, "1", 0, 0, "1", 0], "P": ["1", "1", "2", 0, 0, "2", 0, 0, 0, 0, 0, 0, 0, 0, 0, 0, 0, 0, 0, 0, 0, "1", "2", "2", 0, 0, "1", 0, 0, "1", 0, 0, 0, 0, 0, "1", 0, 0, "1", 0], "+/-": [0, 0, 0, "-2", 0, "+1", "-2", 0, "-1", 0, "-1", 0, "+1", "-1", 0, "-1", 0, 0, 0, 0, "-1", "+1", "+1", "+1", 0, 0, 0, 0, 0, "+1", 0, "+2", "-1", 0, 0, "+2", 0, 0, 0, 0], "PN": [0, "2", 0, 0, 0, 0, 0, 0, 0, "2", 0, "2", 0, 0, 0, "1", 0, 0, 0, 0, 0, "1", "2", 0, "1", "2", 0, 0, "2", 0, 0, 0, 0, 0, 0, 0, 0, 0, 0, 0], "PIM": [0, "4", 0, 0, 0, 0, 0, 0, 0, "7", 0, "4", 0, 0, 0, "2", 0, 0, 0, 0, 0, "2", "7", 0, "2", "4", 0, 0, "4", 0, 0, 0, 0, 0, 0, 0, 0, 0, 0, 0], "TOT": ["15:14", "20:45", "22:42", "16:06", "22:04", "19:10", "10:37", "20:01", "17:32", "06:49", "16:10", "19:24", "16:59", "06:49", "04:04", "20:39", "16:40", "20:30", 0, "58:35", "25:21", "10:08", "11:36", "12:15", "18:45", "15:43", "14:33", "19:38", "15:38", "11:53", "11:36", "16:37", "25:55", "12:52", "13:44", "21:14", "12:12", "18:59", "59:47", 0], "SHF": ["21", "22", "30", "19", "29", "22", "13", "24", "23", "11", "20", "22", "21", "11", "7", "27", "21", "22", 0, 0, "28", "19", "18", "17", "25", "22", "23", "26", "23", "18", "19", "21", "28", "20", "20", "23", "17", "22", 0, 0], "AVG TOI/SH": ["00:43", "00:56", "00:45", "00:50", "00:45", "00:52", "00:49", "00:50", "00:45", "00:37", "00:48", "00:52", "00:48", "00:37", "00:34", "00:45", "00:47", "00:55", 0, 0, "00:54", "00:32", "00:38", "00:43", "00:45", "00:42", "00:37", "00:45", "00:40", "00:39", "00:36", "00:47", "00:55", "00:38", "00:41", "00:55", "00:43", "00:51", 0, 0], "PP": ["01:46", "07:54", "04:35", "00:42", "00:00", "03:50", "00:42", "05:02", "00:00", "00:00", "00:42", "05:02", "03:50", "00:00", "00:00", "04:59", "03:24", "05:22", 0, "09:34", "00:05", "00:00", "04:21", "04:49", "03:50", "00:00", "02:06", "02:35", "00:00", "01:36", "00:00", "00:00", "01:32", "00:00", "00:00", "04:53", "02:04", "04:14", "06:25", 0], "SH": ["02:01", "00:08", "01:02", "02:37", "04:20", "00:14", "00:00", "00:00", "02:46", "03:26", "03:34", "00:00", "00:00", "01:52", "00:00", "02:41", "00:14", "00:00", 0, "06:25", "05:31", "03:07", "01:58", "00:00", "00:54", "02:30", "02:58", "03:28", "03:17", "00:46", "00:14", "03:30", "05:36", "03:49", "00:05", "00:28", "00:00", "00:05", "09:34", 0], "EV": ["11:27", "12:43", "17:05", "12:47", "17:44", "15:06", "09:55", "14:59", "14:46", "03:23", "11:54", "14:22", "13:09", "04:57", "04:04", "12:59", "13:02", "15:08", 0, "42:36", "19:45", "07:01", "05:17", "07:26", "14:01", "13:13", "09:29", "13:35", "12:21", "09:31", "11:22", "13:07", "18:47", "09:03", "13:39", "15:53", "10:08", "14:40", "43:48", 0], "S": ["1", "2", "4", "1", 0, "4", 0, "2", "2", "1", 0, "2", 0, 0, 0, "3", "2", "3", 0, 0, 0, "1", "1", "3", "1", "2", "3", "1", "2", "2", 0, 0, "1", 0, "3", "2", "2", "4", 0, 0], "A/B": ["1", "1", "2", 0, 0, "3", "1", 0, 0, 0, "1", "4", 0, 0, 0, "1", "2", 0, 0, 0, 0, 0, "1", "2", "2", "1", 0, 0, "1", 0, "2", "2", 0, 0, "3", "3", "1", 0, 0, 0], "MS": ["3", 0, 0, 0, 0, "1", "1", 0, "1", 0, 0, "2", 0, 0, 0, 0, "1", 0, 0, 0, "3", 0, "1", 0, "1", 0, "1", 0, 0, "2", 0, "1", 0, 0, "1", "1", "1", "3", 0, 0], "HT": ["3", "2", "1", 0, "3", "1", "1", 0, 0, 0, "2", 0, 0, 0, "7", 0, 0, 0, 0, 0, "5", "1", 0, "1", "1", "2", 0, "1", "1", "2", "1", "2", "4", "2", "2", 0, "1", "1", 0, 0], "GV": [0, 0, 0, 0, 0, "1", "1", 0, 0, 0, 0, 0, 0, 0, "1", 0, "1", "3", 0, "1", 0, 0, "1", "1", 0, "1", "1", 0, 0, "1", 0, "1", "3", "1", "2", "1", "2", "1", 0, 0], "TK": [0, 0, "1", 0, 0, "1", 0, "3", 0, 0, 0, 0, "2", 0, 0, "1", 0, "1", 0, 0, "1", "1", 0, "1", "1", "3", "1", "1", "2", "1", "1", "1", "2", 0, 0, 0, "1", "5", 0, 0], "BS": ["1", "1", "2", "1", "2", 0, "1", "1", "3", "1", "1", "1", 0, "1", 0, "2", 0, 0, 0, 0, "3", 0, 0, 0, "2", "1", "1", "1", 0, 0, 0, "2", "4", 0, 0, "2", 0, 0, 0, 0], "FW": [0, 0, 0, "6", 0, "8", 0, 0, 0, "1", "1", "13", 0, 0, 0, 0, "1", 0, 0, 0, 0, "5", "1", 0, "6", 0, "7", "8", "0", 0, 0, 0, 0, 0, 0, 0, 0, "3", 0, 0], "FL": [0, 0, 0, "6", 0, "9", 0, 0, 0, "3", "3", "9", 0, 0, 0, 0, "0", 0, 0, 0, 0, "5", "0", 0, "4", 0, "5", "10", "1", 0, 0, 0, 0, 0, 0, 0, 0, "5", 0, 0], "F%": [0, 0, 0, "50", 0, "47", 0, 0, 0, "25", "25", "59", 0, 0, 0, 0, "100", 0, 0, 0, 0, "50", "100", 0, "60", 0, "58", "44", "0", 0, 0, 0, 0, 0, 0, 0, 0, "38", 0, 0], "team": ["COLORADO AVALANCHE ", "COLORADO AVALANCHE ", "COLORADO AVALANCHE ", "COLORADO AVALANCHE ", "COLORADO AVALANCHE ", "COLORADO AVALANCHE ", "COLORADO AVALANCHE ", "COLORADO AVALANCHE ", "COLORADO AVALANCHE ", "COLORADO AVALANCHE ", "COLORADO AVALANCHE ", "COLORADO AVALANCHE ", "COLORADO AVALANCHE ", "COLORADO AVALANCHE ", "COLORADO AVALANCHE ", "COLORADO AVALANCHE ", "COLORADO AVALANCHE ", "COLORADO AVALANCHE ", "COLORADO AVALANCHE ", "COLORADO AVALANCHE ", "DALLAS STARS ", "DALLAS STARS ", "DALLAS STARS ", "DALLAS STARS ", "DALLAS STARS ", "DALLAS STARS ", "DALLAS STARS ", "DALLAS STARS ", "DALLAS STARS ", "DALLAS STARS ", "DALLAS STARS ", "DALLAS STARS ", "DALLAS STARS ", "DALLAS STARS ", "DALLAS STARS ", "DALLAS STARS ", "DALLAS STARS ", "DALLAS STARS ", "DALLAS STARS ", "DALLAS STARS "], "GA": [0, 0, 0, 0, 0, 0, 0, 0, 0, 0, 0, 0, 0, 0, 0, 0, 0, 0, 0.0, "3", 0, 0, 0, 0, 0, 0, 0, 0, 0, 0, 0, 0, 0, 0, 0, 0, 0, 0, "2", 0], "SA": [0, 0, 0, 0, 0, 0, 0, 0, 0, 0, 0, 0, 0, 0, 0, 0, 0, 0, 0.0, "28", 0, 0, 0, 0, 0, 0, 0, 0, 0, 0, 0, 0, 0, 0, 0, 0, 0, 0, "27", 0]}}