{"game_info": {"date": "2014-04-04", "visitor": "NASHVILLE PREDATORS ", "home": "ANAHEIM DUCKS ", "game_id": 1159, "status": "final"}, "player_stats": {"number": ["4", "5", "6", "7", "12", "13", "15", "16", "19", "24", "25", "27", "33", "42", "57", "59", "64", "84", "30", "35", "5", "6", "7", "8", "10", "11", "13", "15", "18", "19", "21", "22", "23", "34", "47", "55", "62", "67", "1", "31"], "position": ["D", "D", "D", "C", "C", "C", "C", "L", "C", "L", "L", "R", "C", "D", "L", "D", "D", "C", "G", "G", "D", "D", "C", "R", "R", "C", "C", "C", "R", "D", "C", "C", "D", "C", "D", "D", "L", "R", "G", "G"], "name": ["ELLIS, RYAN", "DEL ZOTTO, MICHAEL", "WEBER, SHEA", "CULLEN, MATT", "FISHER, MIKE", "SPALING, NICK", "SMITH, CRAIG", "CLUNE, RICH", "JARNKROK, CALLE", "NYSTROM, ERIC", "STALBERG, VIKTOR", "HORNQVIST, PATRIC", "WILSON, COLIN", "EKHOLM, MATTIAS", "BOURQUE, GABRIEL", "JOSI, ROMAN", "BARTLEY, VICTOR", "SISSONS, COLTON", "HUTTON, CARTER", "RINNE, PEKKA", "SBISA, LUCA", "LOVEJOY, BEN", "COGLIANO, ANDREW", "SELANNE, TEEMU", "PERRY, COREY", "KOIVU, SAKU", "BONINO, NICK", "GETZLAF, RYAN", "JACKMAN, TIM", "ROBIDAS, STEPHANE", "PALMIERI, KYLE", "PERREAULT, MATHIEU", "BEAUCHEMIN, FRANCOIS", "WINNIK, DANIEL", "LINDHOLM, HAMPUS", "ALLEN, BRYAN", "MAROON, PATRICK", "RAKELL, RICKARD", "HILLER, JONAS", "ANDERSEN, FREDERIK"], "G": [0, 0, 0, 0, "2", 0, 0, 0, 0, 0, 0, "1", "2", 0, 0, 0, 0, 0, 0, 0, 0, 0, 0, 0, 0, 0, 0, 0, 0, 0, "1", 0, 0, "1", 0, 0, 0, 0, 0, 0], "A": ["1", 0, "1", "3", "1", 0, 0, 0, 0, 0, 0, "2", 0, 0, 0, "1", 0, 0, 0, 0, 0, 0, 0, 0, 0, 0, 0, 0, 0, 0, 0, "1", 0, 0, 0, 0, "1", "1", 0, 0], "P": ["1", 0, "1", "3", "3", 0, 0, 0, 0, 0, 0, "3", "2", 0, 0, "1", 0, 0, 0, 0, 0, 0, 0, 0, 0, 0, 0, 0, 0, 0, "1", "1", 0, "1", 0, 0, "1", "1", 0, 0], "+/-": ["+1", "+1", "+2", "+2", "+3", "+1", 0, "-1", 0, "-2", "+2", "+4", "+2", "+1", 0, "+1", 0, "-2", 0, 0, 0, 0, "-1", 0, "-1", 0, "-1", "-1", "-1", "-2", "-1", "-2", "-4", 0, "-1", "+1", "-1", 0, 0, 0], "PN": [0, 0, 0, 0, 0, 0, "2", 0, 0, 0, 0, 0, 0, 0, 0, "1", 0, 0, 0, 0, 0, "1", 0, 0, 0, "1", 0, 0, "1", 0, 0, 0, "1", 0, 0, 0, 0, 0, 0, 0], "PIM": [0, 0, 0, 0, 0, 0, "4", 0, 0, 0, 0, 0, 0, 0, 0, "2", 0, 0, 0, 0, 0, "2", 0, 0, 0, "2", 0, 0, "2", 0, 0, 0, "2", 0, 0, 0, 0, 0, 0, 0], "TOT": ["20:10", "15:40", "26:52", "16:27", "20:15", "17:28", "17:04", "06:19", "14:52", "09:36", "16:23", "15:58", "19:15", "17:41", "13:15", "25:34", "14:03", "07:13", 0, "59:58", "18:55", "18:50", "15:38", "15:16", "16:35", "14:32", "16:48", "19:00", "10:35", "21:37", "13:03", "15:21", "19:35", "14:31", "17:46", "19:07", "14:53", "11:26", "37:05", "22:55"], "SHF": ["24", "20", "34", "21", "24", "19", "22", "10", "18", "12", "18", "21", "21", "20", "18", "34", "20", "11", 0, 0, "23", "26", "21", "17", "18", "19", "20", "20", "15", "27", "18", "18", "23", "19", "21", "25", "19", "16", 0, 0], "AVG TOI/SH": ["00:50", "00:47", "00:47", "00:47", "00:50", "00:55", "00:46", "00:37", "00:49", "00:48", "00:54", "00:45", "00:55", "00:53", "00:44", "00:45", "00:42", "00:39", 0, 0, "00:49", "00:43", "00:44", "00:53", "00:55", "00:45", "00:50", "00:57", "00:42", "00:48", "00:43", "00:51", "00:51", "00:45", "00:50", "00:45", "00:47", "00:42", 0, 0], "PP": ["03:25", "02:53", "03:18", "03:17", "03:17", "00:00", "03:19", "00:00", "02:54", "00:00", "00:00", "02:52", "02:19", "00:00", "00:37", "02:46", "00:00", "00:00", 0, "06:09", "00:00", "00:00", "00:02", "02:14", "04:06", "00:02", "01:49", "04:18", "00:00", "01:39", "01:19", "04:06", "01:51", "00:07", "04:06", "00:00", "04:06", "00:00", "02:00", "03:57"], "SH": ["00:43", "00:00", "03:51", "00:52", "04:01", "01:02", "00:00", "00:25", "00:00", "02:32", "00:00", "00:00", "00:00", "01:42", "01:31", "03:14", "02:24", "01:31", 0, "05:57", "01:41", "01:26", "01:48", "00:00", "00:00", "01:15", "02:26", "02:05", "00:11", "03:22", "00:00", "00:00", "02:57", "03:25", "00:00", "02:56", "00:00", "00:51", "04:11", "02:00"], "EV": ["16:02", "12:47", "19:43", "12:18", "12:57", "16:26", "13:45", "05:54", "11:58", "07:04", "16:23", "13:06", "16:56", "15:59", "11:07", "19:34", "11:39", "05:42", 0, "47:52", "17:14", "17:24", "13:48", "13:02", "12:29", "13:15", "12:33", "12:37", "10:24", "16:36", "11:44", "11:15", "14:47", "10:59", "13:40", "16:11", "10:47", "10:35", "30:54", "16:58"], "S": ["2", "2", "3", 0, "2", "2", "2", 0, 0, "1", "1", "3", "4", 0, 0, "1", 0, "1", 0, 0, 0, 0, "2", "1", "2", 0, "4", "1", 0, 0, "3", "2", "4", "3", "1", "1", "3", "2", 0, 0], "A/B": [0, "2", "1", "1", "1", "1", "1", 0, 0, 0, 0, "1", "1", 0, 0, "2", 0, 0, 0, 0, "1", "1", 0, 0, "1", 0, "1", 0, 0, "2", 0, "2", 0, 0, "2", "2", 0, "2", 0, 0], "MS": [0, "2", "1", 0, 0, "1", 0, 0, 0, 0, 0, "1", 0, 0, "1", "2", 0, 0, 0, 0, 0, 0, "1", "1", "1", "1", "1", "1", 0, 0, "2", 0, 0, 0, 0, 0, "1", 0, 0, 0], "HT": ["1", "2", "3", 0, "3", "2", "1", 0, "1", 0, "3", "2", "1", "5", "1", 0, "4", "1", 0, 0, "4", "2", 0, 0, "1", "4", 0, "2", "4", "2", "4", "1", "3", 0, 0, "4", "3", "3", 0, 0], "GV": [0, "1", 0, 0, 0, "1", 0, 0, 0, 0, "1", "1", 0, "1", 0, 0, 0, 0, 0, "1", 0, 0, 0, 0, "1", 0, 0, 0, 0, 0, 0, "1", 0, 0, "1", 0, 0, "1", 0, "1"], "TK": [0, 0, 0, 0, 0, "1", 0, 0, "1", 0, 0, 0, 0, "1", 0, 0, 0, 0, 0, 0, "2", 0, 0, 0, 0, 0, 0, 0, 0, 0, 0, 0, 0, 0, 0, 0, 0, "1", 0, 0], "BS": ["1", 0, "2", 0, "1", "1", 0, 0, "1", 0, "1", "1", 0, "2", 0, "2", "1", "1", 0, 0, "2", "2", "1", 0, 0, 0, 0, 0, 0, 0, 0, 0, "2", "1", 0, "2", "1", 0, 0, 0], "FW": [0, 0, 0, "4", "11", 0, 0, 0, "6", "0", 0, 0, "7", 0, 0, 0, 0, "3", 0, 0, 0, 0, 0, 0, 0, "9", "3", "8", 0, 0, 0, "5", 0, "1", 0, 0, 0, "1", 0, 0], "FL": [0, 0, 0, "2", "7", 0, 0, 0, "8", "1", 0, 0, "8", 0, 0, 0, 0, "1", 0, 0, 0, 0, 0, 0, 0, "8", "5", "3", 0, 0, 0, "7", 0, "0", 0, 0, 0, "8", 0, 0], "F%": [0, 0, 0, "67", "61", 0, 0, 0, "43", "0", 0, 0, "47", 0, 0, 0, 0, "75", 0, 0, 0, 0, 0, 0, 0, "53", "38", "73", 0, 0, 0, "42", 0, "100", 0, 0, 0, "11", 0, 0], "team": ["NASHVILLE PREDATORS ", "NASHVILLE PREDATORS ", "NASHVILLE PREDATORS ", "NASHVILLE PREDATORS ", "NASHVILLE PREDATORS ", "NASHVILLE PREDATORS ", "NASHVILLE PREDATORS ", "NASHVILLE PREDATORS ", "NASHVILLE PREDATORS ", "NASHVILLE PREDATORS ", "NASHVILLE PREDATORS ", "NASHVILLE PREDATORS ", "NASHVILLE PREDATORS ", "NASHVILLE PREDATORS ", "NASHVILLE PREDATORS ", "NASHVILLE PREDATORS ", "NASHVILLE PREDATORS ", "NASHVILLE PREDATORS ", "NASHVILLE PREDATORS ", "NASHVILLE PREDATORS ", "ANAHEIM DUCKS ", "ANAHEIM DUCKS ", "ANAHEIM DUCKS ", "ANAHEIM DUCKS ", "ANAHEIM DUCKS ", "ANAHEIM DUCKS ", "ANAHEIM DUCKS ", "ANAHEIM DUCKS ", "ANAHEIM DUCKS ", "ANAHEIM DUCKS ", "ANAHEIM DUCKS ", "ANAHEIM DUCKS ", "ANAHEIM DUCKS ", "ANAHEIM DUCKS ", "ANAHEIM DUCKS ", "ANAHEIM DUCKS ", "ANAHEIM DUCKS ", "ANAHEIM DUCKS ", "ANAHEIM DUCKS ", "ANAHEIM DUCKS "], "GA": [0, 0, 0, 0, 0, 0, 0, 0, 0, 0, 0, 0, 0, 0, 0, 0, 0, 0, 0.0, "2", 0, 0, 0, 0, 0, 0, 0, 0, 0, 0, 0, 0, 0, 0, 0, 0, 0, 0, "4", "1"], "SA": [0, 0, 0, 0, 0, 0, 0, 0, 0, 0, 0, 0, 0, 0, 0, 0, 0, 0, 0.0, "29", 0, 0, 0, 0, 0, 0, 0, 0, 0, 0, 0, 0, 0, 0, 0, 0, 0, 0, "17", "7"]}}