{"game_info": {"date": "2013-10-13", "visitor": "NEW JERSEY DEVILS ", "home": "WINNIPEG JETS ", "game_id": 77, "status": "final"}, "player_stats": {"number": ["2", "5", "6", "8", "10", "11", "12", "14", "17", "18", "19", "21", "24", "25", "26", "28", "29", "68", "30", "35", "4", "5", "8", "9", "12", "15", "16", "17", "18", "19", "26", "27", "33", "39", "40", "44", "55", "67", "31", "35"], "position": ["D", "D", "D", "C", "D", "R", "C", "C", "R", "R", "C", "C", "D", "L", "L", "D", "L", "R", "G", "G", "D", "D", "D", "L", "C", "R", "L", "C", "R", "C", "R", "C", "D", "D", "R", "D", "C", "R", "G", "G"], "name": ["ZIDLICKY, MAREK", "LARSSON, ADAM", "GREENE, ANDY", "ZUBRUS, DAINIUS", "HARROLD, PETER", "GIONTA, STEPHEN", "BRUNNER, DAMIEN", "HENRIQUE, ADAM", "RYDER, MICHAEL", "BERNIER, STEVE", "ZAJAC, TRAVIS", "LOKTIONOV, ANDREI", "SALVADOR, BRYCE", "OLESZ, ROSTISLAV", "ELIAS, PATRIK", "VOLCHENKOV, ANTON", "CLOWE, RYANE", "JAGR, JAROMIR", "BRODEUR, MARTIN", "SCHNEIDER, CORY", "POSTMA, PAUL", "STUART, MARK", "TROUBA, JACOB", "KANE, EVANDER", "JOKINEN, OLLI", "HALISCHUK, MATT", "LADD, ANDREW", "WRIGHT, JAMES", "LITTLE, BRYAN", "SLATER, JIM", "WHEELER, BLAKE", "TANGRADI, ERIC", "BYFUGLIEN, DUSTIN", "ENSTROM, TOBIAS", "SETOGUCHI, DEVIN", "BOGOSIAN, ZACH", "SCHEIFELE, MARK", "FROLIK, MICHAEL", "PAVELEC, ONDREJ", "MONTOYA, AL"], "G": [0, 0, 0, 0, 0, 0, 0, 0, 0, 0, 0, 0, 0, 0, 0, 0, 0, 0, 0, 0, 0, 0, 0, "2", 0, 0, "1", 0, 0, 0, 0, 0, 0, 0, 0, 0, 0, 0, 0, 0], "A": [0, 0, 0, 0, 0, 0, 0, 0, 0, 0, 0, 0, 0, 0, 0, 0, 0, 0, 0, 0, 0, "1", 0, 0, "1", 0, 0, 0, "1", "1", 0, 0, 0, 0, 0, 0, 0, "2", 0, 0], "P": [0, 0, 0, 0, 0, 0, 0, 0, 0, 0, 0, 0, 0, 0, 0, 0, 0, 0, 0, 0, 0, "1", 0, "2", "1", 0, "1", 0, "1", "1", 0, 0, 0, 0, 0, 0, 0, "2", 0, 0], "+/-": ["-1", "-1", "-2", "-2", "-1", 0, "-1", "-1", "-1", "-2", "-1", "-2", 0, 0, 0, 0, "-1", 0, 0, 0, "+1", "+1", "+2", "+2", "+1", 0, "+1", 0, "+1", "+1", 0, 0, 0, 0, "+1", "+2", 0, "+2", 0, 0], "PN": [0, 0, 0, "1", 0, "1", "1", 0, 0, 0, 0, 0, "1", 0, 0, 0, 0, 0, 0, 0, "1", 0, 0, 0, "3", 0, 0, "1", 0, 0, 0, 0, 0, 0, 0, "1", 0, 0, 0, 0], "PIM": [0, 0, 0, "2", 0, "2", "2", 0, 0, 0, 0, 0, "2", 0, 0, 0, 0, 0, 0, 0, "2", 0, 0, 0, "6", 0, 0, "2", 0, 0, 0, 0, 0, 0, 0, "2", 0, 0, 0, 0], "TOT": ["23:01", "18:22", "22:14", "14:27", "15:43", "06:28", "15:47", "19:53", "18:10", "07:07", "19:34", "14:20", "20:41", "08:39", "20:58", "14:53", "15:15", "19:44", 0, "58:44", "10:22", "15:25", "26:36", "20:45", "11:20", "09:11", "15:44", "12:04", "20:27", "13:19", "18:35", "10:33", "25:36", "21:00", "12:59", "21:31", "14:20", "10:13", 0, "60:00"], "SHF": ["28", "25", "26", "22", "25", "13", "22", "26", "23", "12", "25", "21", "24", "13", "25", "21", "20", "23", 0, 0, "15", "19", "24", "24", "17", "12", "23", "15", "27", "20", "22", "15", "27", "25", "19", "25", "17", "19", 0, 0], "AVG TOI/SH": ["00:49", "00:44", "00:51", "00:39", "00:37", "00:29", "00:43", "00:45", "00:47", "00:35", "00:46", "00:40", "00:51", "00:39", "00:50", "00:42", "00:45", "00:51", 0, 0, "00:41", "00:48", "01:06", "00:51", "00:40", "00:45", "00:41", "00:48", "00:45", "00:39", "00:50", "00:42", "00:56", "00:50", "00:41", "00:51", "00:50", "00:32", 0, 0], "PP": ["05:39", "01:24", "03:25", "00:00", "02:38", "00:00", "02:52", "02:28", "05:10", "00:00", "04:30", "00:00", "00:00", "00:00", "05:51", "00:06", "03:38", "06:19", 0, "08:48", "00:00", "00:00", "01:52", "02:54", "00:16", "00:00", "02:50", "00:00", "02:31", "00:00", "02:31", "00:16", "05:29", "03:48", "03:14", "00:51", "03:13", "00:15", 0, "06:00"], "SH": ["00:00", "00:47", "02:00", "01:14", "00:04", "01:23", "00:00", "03:39", "00:00", "00:04", "01:45", "00:11", "05:09", "01:51", "01:53", "04:00", "00:00", "00:00", 0, "06:00", "00:00", "05:11", "05:19", "02:03", "00:00", "01:45", "01:38", "03:49", "02:11", "04:52", "00:00", "00:00", "03:29", "01:03", "00:06", "02:34", "00:00", "00:00", 0, "08:48"], "EV": ["17:22", "16:11", "16:49", "13:13", "13:01", "05:05", "12:55", "13:46", "13:00", "07:03", "13:19", "14:09", "15:32", "06:48", "13:14", "10:47", "11:37", "13:25", 0, "43:56", "10:22", "10:14", "19:25", "15:48", "11:04", "07:26", "11:16", "08:15", "15:45", "08:27", "16:04", "10:17", "16:38", "16:09", "09:39", "18:06", "11:07", "09:58", 0, "45:12"], "S": ["1", 0, "2", 0, "3", "1", 0, 0, "3", "3", "3", 0, 0, "1", "3", 0, "1", "3", 0, 0, 0, "1", "3", "8", "1", 0, "5", "1", "1", "3", "3", "1", "3", "1", 0, "2", "1", "1", 0, 0], "A/B": ["1", "2", "2", 0, "2", 0, "2", 0, "2", "1", 0, "3", 0, 0, "3", 0, 0, "1", 0, 0, 0, "1", "1", "2", "1", 0, 0, 0, "1", 0, 0, "1", "2", 0, 0, 0, 0, 0, 0, 0], "MS": [0, "1", 0, "1", "1", "1", 0, 0, 0, "1", 0, "1", "2", 0, "1", 0, "2", "1", 0, 0, 0, 0, "1", "2", 0, 0, 0, 0, "1", 0, "2", 0, "4", "1", 0, "1", 0, 0, 0, 0], "HT": ["2", "1", 0, "2", "1", 0, 0, "2", "1", "1", "1", "1", "2", 0, 0, "2", "2", 0, 0, 0, "1", "2", "3", "5", 0, 0, "2", "2", "1", "3", "1", "2", "1", 0, "1", "7", 0, 0, 0, 0], "GV": ["1", "2", "1", "1", 0, 0, "1", 0, 0, 0, 0, 0, "2", 0, "1", 0, 0, 0, 0, 0, "1", 0, 0, "1", 0, 0, 0, 0, 0, 0, 0, "1", "2", 0, "1", "1", 0, 0, 0, "2"], "TK": [0, 0, "1", 0, 0, 0, "1", 0, 0, 0, 0, 0, 0, "1", 0, 0, 0, 0, 0, 0, 0, 0, 0, 0, 0, "1", 0, 0, "1", 0, 0, 0, "1", 0, 0, 0, 0, 0, 0, 0], "BS": ["1", "2", "2", 0, "1", 0, 0, 0, 0, 0, 0, 0, "2", 0, "1", 0, 0, 0, 0, 0, "3", "3", "1", 0, "1", 0, 0, 0, 0, 0, "1", "1", "3", "1", "1", "3", "1", 0, 0, 0], "FW": [0, 0, 0, "1", 0, "1", 0, "4", 0, 0, "10", "2", 0, "1", "10", 0, 0, 0, 0, 0, 0, 0, 0, 0, "5", 0, "1", "0", "11", "12", 0, 0, 0, 0, 0, 0, "4", "1", 0, 0], "FL": [0, 0, 0, "0", 0, "1", 0, "5", 0, 0, "8", "5", 0, "1", "14", 0, 0, 0, 0, 0, 0, 0, 0, 0, "6", 0, "0", "1", "8", "7", 0, 0, 0, 0, 0, 0, "7", "0", 0, 0], "F%": [0, 0, 0, "100", 0, "50", 0, "44", 0, 0, "56", "29", 0, "50", "42", 0, 0, 0, 0, 0, 0, 0, 0, 0, "45", 0, "100", "0", "58", "63", 0, 0, 0, 0, 0, 0, "36", "100", 0, 0], "team": ["NEW JERSEY DEVILS ", "NEW JERSEY DEVILS ", "NEW JERSEY DEVILS ", "NEW JERSEY DEVILS ", "NEW JERSEY DEVILS ", "NEW JERSEY DEVILS ", "NEW JERSEY DEVILS ", "NEW JERSEY DEVILS ", "NEW JERSEY DEVILS ", "NEW JERSEY DEVILS ", "NEW JERSEY DEVILS ", "NEW JERSEY DEVILS ", "NEW JERSEY DEVILS ", "NEW JERSEY DEVILS ", "NEW JERSEY DEVILS ", "NEW JERSEY DEVILS ", "NEW JERSEY DEVILS ", "NEW JERSEY DEVILS ", "NEW JERSEY DEVILS ", "NEW JERSEY DEVILS ", "WINNIPEG JETS ", "WINNIPEG JETS ", "WINNIPEG JETS ", "WINNIPEG JETS ", "WINNIPEG JETS ", "WINNIPEG JETS ", "WINNIPEG JETS ", "WINNIPEG JETS ", "WINNIPEG JETS ", "WINNIPEG JETS ", "WINNIPEG JETS ", "WINNIPEG JETS ", "WINNIPEG JETS ", "WINNIPEG JETS ", "WINNIPEG JETS ", "WINNIPEG JETS ", "WINNIPEG JETS ", "WINNIPEG JETS ", "WINNIPEG JETS ", "WINNIPEG JETS "], "GA": [0, 0, 0, 0, 0, 0, 0, 0, 0, 0, 0, 0, 0, 0, 0, 0, 0, 0, 0.0, "2", 0, 0, 0, 0, 0, 0, 0, 0, 0, 0, 0, 0, 0, 0, 0, 0, 0, 0, 0, "0"], "SA": [0, 0, 0, 0, 0, 0, 0, 0, 0, 0, 0, 0, 0, 0, 0, 0, 0, 0, 0.0, "34", 0, 0, 0, 0, 0, 0, 0, 0, 0, 0, 0, 0, 0, 0, 0, 0, 0, 0, 0, "24"]}}