{"game_info": {"date": "2013-12-28", "visitor": "DETROIT RED WINGS ", "home": "FLORIDA PANTHERS ", "game_id": 579, "status": "final"}, "player_stats": {"number": ["2", "4", "8", "11", "13", "14", "18", "20", "21", "23", "26", "27", "40", "41", "44", "55", "65", "71", "34", "50", "4", "7", "11", "12", "14", "15", "16", "18", "20", "23", "24", "27", "43", "51", "57", "72", "77", "82", "30", "34"], "position": ["D", "D", "L", "R", "C", "C", "C", "L", "C", "D", "R", "D", "L", "C", "R", "D", "D", "R", "G", "G", "D", "D", "C", "R", "L", "C", "C", "C", "L", "C", "R", "C", "D", "D", "C", "D", "D", "R", "G", "G"], "name": ["SMITH, BRENDAN", "KINDL, JAKUB", "ABDELKADER, JUSTIN", "ALFREDSSON, DANIEL", "DATSYUK, PAVEL", "NYQUIST, GUSTAV", "ANDERSSON, JOAKIM", "MILLER, DREW", "TATAR, TOMAS", "LASHOFF, BRIAN", "JURCO, TOMAS", "QUINCEY, KYLE", "ZETTERBERG, HENRIK", "GLENDENING, LUKE", "BERTUZZI, TODD", "KRONWALL, NIKLAS", "DEKEYSER, DANNY", "CLEARY, DANIEL", "MRAZEK, PETR", "GUSTAVSSON, JONAS", "OLSEN, DYLAN", "KULIKOV, DMITRY", "HUBERDEAU, JONATHAN", "HAYES, JIMMY", "FLEISCHMANN, TOMAS", "SHORE, DREW", "BARKOV, ALEKSANDER", "MATTHIAS, SHAWN", "BERGENHEIM, SEAN", "GOMEZ, SCOTT", "BOYES, BRAD", "BJUGSTAD, NICK", "WEAVER, MIKE", "CAMPBELL, BRIAN", "GOC, MARCEL", "PETROVIC, ALEX", "GILBERT, TOM", "KOPECKY, TOMAS", "CLEMMENSEN, SCOTT", "THOMAS, TIM"], "G": ["1", 0, 0, "1", 0, "1", 0, 0, 0, 0, 0, 0, "1", 0, 0, 0, 0, 0, 0, 0, 0, 0, 0, 0, 0, 0, 0, 0, "2", 0, 0, "1", 0, 0, 0, 0, 0, 0, 0, 0], "A": [0, "1", 0, 0, "2", 0, 0, 0, "1", 0, 0, "1", 0, 0, 0, "1", 0, 0, 0, 0, "1", 0, 0, 0, 0, 0, "1", 0, 0, 0, 0, 0, 0, "1", "1", 0, 0, 0, 0, 0], "P": ["1", "1", 0, "1", "2", "1", 0, 0, "1", 0, 0, "1", "1", 0, 0, "1", 0, 0, 0, 0, "1", 0, 0, 0, 0, 0, "1", 0, "2", 0, 0, "1", 0, "1", "1", 0, 0, 0, 0, 0], "+/-": ["+1", "+1", "+1", "+1", "-1", 0, 0, 0, "+1", "+1", "-2", "-1", "+1", 0, "-1", 0, "-2", 0, 0, 0, "+1", "-1", 0, "-1", "+1", "-1", "-1", 0, "+1", "-1", 0, "+1", 0, "-1", "+1", "+1", 0, 0, 0, 0], "PN": ["1", 0, 0, 0, 0, 0, 0, 0, 0, "1", 0, "2", "1", 0, "1", 0, 0, 0, 0, 0, 0, "1", 0, 0, 0, 0, 0, 0, "1", 0, 0, "1", 0, 0, 0, "1", 0, "1", 0, 0], "PIM": ["2", 0, 0, 0, 0, 0, 0, 0, 0, "2", 0, "4", "2", 0, "2", 0, 0, 0, 0, 0, 0, "2", 0, 0, 0, 0, 0, 0, "2", 0, 0, "2", 0, 0, 0, "2", 0, "2", 0, 0], "TOT": ["20:28", "15:15", "15:44", "18:00", "18:53", "10:40", "14:08", "13:17", "12:08", "10:39", "10:32", "21:46", "21:43", "12:23", "15:11", "24:58", "23:02", "10:54", 0, "59:43", "14:37", "18:04", "17:50", "06:24", "22:38", "07:47", "17:50", "14:06", "15:27", "09:30", "15:54", "17:16", "18:14", "30:32", "17:56", "13:25", "18:34", "17:09", "58:51", 0], "SHF": ["26", "24", "19", "22", "23", "16", "21", "19", "16", "19", "16", "29", "23", "18", "22", "31", "27", "16", 0, 0, "19", "24", "21", "8", "23", "11", "22", "16", "21", "13", "21", "24", "24", "29", "21", "16", "26", "22", 0, 0], "AVG TOI/SH": ["00:47", "00:38", "00:49", "00:49", "00:49", "00:40", "00:40", "00:41", "00:45", "00:33", "00:39", "00:45", "00:56", "00:41", "00:41", "00:48", "00:51", "00:40", 0, 0, "00:46", "00:45", "00:50", "00:48", "00:59", "00:42", "00:48", "00:52", "00:44", "00:43", "00:45", "00:43", "00:45", "01:03", "00:51", "00:50", "00:42", "00:46", 0, 0], "PP": ["00:07", "02:47", "00:41", "04:12", "04:47", "02:25", "00:12", "00:00", "02:21", "00:00", "01:28", "00:24", "04:51", "00:00", "04:39", "04:18", "02:48", "00:00", 0, "07:12", "00:00", "02:08", "03:39", "00:00", "06:34", "00:00", "06:31", "00:29", "05:44", "00:29", "05:44", "02:52", "00:13", "09:00", "00:29", "00:00", "01:49", "03:39", "09:52", 0], "SH": ["02:19", "00:15", "00:47", "00:16", "00:04", "00:00", "04:36", "04:34", "00:00", "03:09", "00:00", "02:42", "00:21", "04:51", "00:04", "05:32", "05:47", "04:11", 0, "09:52", "01:59", "01:57", "00:01", "00:00", "02:27", "01:29", "00:53", "02:05", "00:30", "00:00", "00:23", "00:46", "04:10", "03:46", "03:44", "02:32", "00:00", "02:06", "07:12", 0], "EV": ["18:02", "12:13", "14:16", "13:32", "14:02", "08:15", "09:20", "08:43", "09:47", "07:30", "09:04", "18:40", "16:31", "07:32", "10:28", "15:08", "14:27", "06:43", 0, "42:39", "12:38", "13:59", "14:10", "06:24", "13:37", "06:18", "10:26", "11:32", "09:13", "09:01", "09:47", "13:38", "13:51", "17:46", "13:43", "10:53", "16:45", "11:24", "41:47", 0], "S": ["1", "3", 0, "2", "2", "5", 0, "2", "3", "1", "4", "3", "3", 0, 0, "2", 0, 0, 0, 0, "1", "1", 0, "1", "2", "1", "5", "3", "2", 0, "3", "4", 0, "2", "3", "1", "2", "2", 0, 0], "A/B": [0, 0, 0, "1", 0, "1", "1", 0, 0, 0, 0, "2", "4", 0, "2", "1", 0, 0, 0, 0, "3", "2", 0, "1", "3", 0, "3", "1", "2", "1", "4", "1", 0, 0, 0, 0, "1", 0, 0, 0], "MS": [0, "1", 0, 0, 0, "1", 0, 0, 0, 0, 0, 0, 0, 0, 0, 0, 0, 0, 0, 0, 0, "2", "1", 0, "4", 0, "1", 0, "1", 0, "3", 0, 0, 0, 0, "1", 0, "2", 0, 0], "HT": ["2", "2", "3", 0, "1", 0, 0, 0, 0, "2", "1", 0, "1", 0, "4", "1", 0, "1", 0, 0, "7", "1", "1", "3", 0, 0, 0, "2", "2", 0, "1", "3", "6", "2", "4", "2", "2", "1", 0, 0], "GV": [0, 0, 0, 0, 0, 0, 0, 0, 0, 0, 0, 0, 0, 0, 0, 0, 0, 0, 0, "1", 0, "1", 0, 0, 0, "1", "1", 0, "1", 0, 0, "1", 0, 0, 0, 0, 0, "1", 0, 0], "TK": [0, 0, 0, 0, "3", "2", 0, 0, 0, 0, 0, 0, 0, 0, 0, 0, 0, 0, 0, 0, 0, 0, 0, 0, 0, 0, 0, 0, 0, "1", 0, "2", 0, 0, "2", 0, "1", 0, 0, 0], "BS": ["3", "2", 0, 0, "1", 0, "1", "1", 0, "4", 0, "1", 0, 0, "1", "3", "4", "1", 0, 0, "1", 0, 0, 0, 0, 0, 0, 0, 0, 0, "1", "1", "2", "2", "3", "1", "1", 0, 0, 0], "FW": [0, 0, "1", 0, "6", 0, "6", 0, "0", 0, 0, 0, "11", "8", 0, 0, 0, 0, 0, 0, 0, 0, 0, 0, 0, "4", "9", "1", 0, 0, 0, "7", 0, 0, "12", 0, 0, "1", 0, 0], "FL": [0, 0, "1", 0, "12", 0, "7", 0, "4", 0, 0, 0, "6", "4", 0, 0, 0, 0, 0, 0, 0, 0, 0, 0, 0, "5", "8", "0", 0, 0, 0, "8", 0, 0, "9", 0, 0, "2", 0, 0], "F%": [0, 0, "50", 0, "33", 0, "46", 0, "0", 0, 0, 0, "65", "67", 0, 0, 0, 0, 0, 0, 0, 0, 0, 0, 0, "44", "53", "100", 0, 0, 0, "47", 0, 0, "57", 0, 0, "33", 0, 0], "team": ["DETROIT RED WINGS ", "DETROIT RED WINGS ", "DETROIT RED WINGS ", "DETROIT RED WINGS ", "DETROIT RED WINGS ", "DETROIT RED WINGS ", "DETROIT RED WINGS ", "DETROIT RED WINGS ", "DETROIT RED WINGS ", "DETROIT RED WINGS ", "DETROIT RED WINGS ", "DETROIT RED WINGS ", "DETROIT RED WINGS ", "DETROIT RED WINGS ", "DETROIT RED WINGS ", "DETROIT RED WINGS ", "DETROIT RED WINGS ", "DETROIT RED WINGS ", "DETROIT RED WINGS ", "DETROIT RED WINGS ", "FLORIDA PANTHERS ", "FLORIDA PANTHERS ", "FLORIDA PANTHERS ", "FLORIDA PANTHERS ", "FLORIDA PANTHERS ", "FLORIDA PANTHERS ", "FLORIDA PANTHERS ", "FLORIDA PANTHERS ", "FLORIDA PANTHERS ", "FLORIDA PANTHERS ", "FLORIDA PANTHERS ", "FLORIDA PANTHERS ", "FLORIDA PANTHERS ", "FLORIDA PANTHERS ", "FLORIDA PANTHERS ", "FLORIDA PANTHERS ", "FLORIDA PANTHERS ", "FLORIDA PANTHERS ", "FLORIDA PANTHERS ", "FLORIDA PANTHERS "], "GA": [0, 0, 0, 0, 0, 0, 0, 0, 0, 0, 0, 0, 0, 0, 0, 0, 0, 0, 0.0, "3", 0, 0, 0, 0, 0, 0, 0, 0, 0, 0, 0, 0, 0, 0, 0, 0, 0, 0, "4", 0], "SA": [0, 0, 0, 0, 0, 0, 0, 0, 0, 0, 0, 0, 0, 0, 0, 0, 0, 0, 0.0, "33", 0, 0, 0, 0, 0, 0, 0, 0, 0, 0, 0, 0, 0, 0, 0, 0, 0, 0, "31", 0]}}