{"game_info": {"date": "2014-04-07", "visitor": "ANAHEIM DUCKS ", "home": "VANCOUVER CANUCKS ", "game_id": 1179, "status": "final"}, "player_stats": {"number": ["5", "6", "7", "8", "10", "11", "13", "15", "19", "21", "22", "23", "33", "34", "39", "47", "55", "62", "1", "36", "2", "3", "5", "6", "7", "9", "14", "15", "17", "18", "20", "22", "23", "27", "29", "33", "36", "46", "31", "35"], "position": ["D", "D", "C", "R", "R", "C", "C", "C", "D", "C", "C", "D", "R", "C", "L", "D", "D", "L", "G", "G", "D", "D", "D", "D", "L", "R", "L", "R", "C", "D", "L", "L", "D", "C", "L", "C", "R", "L", "G", "G"], "name": ["SBISA, LUCA", "LOVEJOY, BEN", "COGLIANO, ANDREW", "SELANNE, TEEMU", "PERRY, COREY", "KOIVU, SAKU", "BONINO, NICK", "GETZLAF, RYAN", "ROBIDAS, STEPHANE", "PALMIERI, KYLE", "PERREAULT, MATHIEU", "BEAUCHEMIN, FRANCOIS", "SILFVERBERG, JAKOB", "WINNIK, DANIEL", "BELESKEY, MATT", "LINDHOLM, HAMPUS", "ALLEN, BRYAN", "MAROON, PATRICK", "HILLER, JONAS", "GIBSON, JOHN", "HAMHUIS, DAN", "BIEKSA, KEVIN", "GARRISON, JASON", "WEBER, YANNICK", "BOOTH, DAVID", "KASSIAN, ZACK", "BURROWS, ALEXANDRE", "RICHARDSON, BRAD", "KESLER, RYAN", "STANTON, RYAN", "HIGGINS, CHRIS", "SEDIN, DANIEL", "EDLER, ALEXANDER", "MATTHIAS, SHAWN", "SESTITO, TOM", "SEDIN, HENRIK", "HANSEN, JANNIK", "JENSEN, NICKLAS", "LACK, EDDIE", "MARKSTROM, JACOB"], "G": [0, 0, 0, 0, 0, 0, 0, 0, 0, "1", 0, 0, 0, "1", "1", 0, 0, 0, 0, 0, 0, 0, 0, 0, 0, 0, 0, 0, 0, 0, 0, 0, 0, 0, 0, 0, 0, 0, 0, 0], "A": [0, "1", 0, 0, "1", 0, 0, "1", 0, 0, 0, 0, 0, 0, 0, 0, "1", 0, 0, 0, 0, 0, 0, 0, 0, 0, 0, 0, 0, 0, 0, 0, 0, 0, 0, 0, 0, 0, 0, 0], "P": [0, "1", 0, 0, "1", 0, 0, "1", 0, "1", 0, 0, 0, "1", "1", 0, "1", 0, 0, 0, 0, 0, 0, 0, 0, 0, 0, 0, 0, 0, 0, 0, 0, 0, 0, 0, 0, 0, 0, 0], "+/-": ["+1", "+1", 0, 0, "+1", 0, "+2", "+1", "+2", "+1", 0, "+1", 0, "+2", "+1", 0, "+1", 0, 0, 0, 0, "-2", 0, "-1", "-1", 0, 0, 0, "-2", "-1", 0, "-2", "-2", "-1", "-1", "-1", "-1", 0, 0, 0], "PN": [0, 0, 0, 0, 0, "1", "1", 0, 0, 0, "1", 0, 0, 0, "1", "1", 0, 0, 0, 0, "1", 0, 0, 0, 0, 0, 0, "2", 0, 0, 0, 0, 0, 0, 0, 0, 0, 0, 0, 0], "PIM": [0, 0, 0, 0, 0, "2", "2", 0, 0, 0, "2", 0, 0, 0, "2", "2", 0, 0, 0, 0, "2", 0, 0, 0, 0, 0, 0, "4", 0, 0, 0, 0, 0, 0, 0, 0, 0, 0, 0, 0], "TOT": ["17:08", "19:49", "14:32", "13:37", "15:50", "13:52", "14:42", "17:51", "21:54", "10:53", "13:49", "22:48", "13:58", "14:40", "14:51", "19:17", "18:08", "12:30", 0, "59:51", "19:18", "25:27", "22:05", "14:43", "13:21", "17:07", "14:04", "15:16", "18:13", "14:23", "12:50", "15:28", "24:18", "09:58", "08:14", "17:32", "15:33", "16:10", "60:00", 0], "SHF": ["22", "24", "22", "17", "18", "22", "20", "18", "28", "15", "19", "25", "20", "19", "19", "24", "22", "16", 0, 0, "26", "27", "27", "21", "16", "17", "17", "18", "20", "19", "15", "18", "26", "16", "12", "20", "19", "19", 0, 0], "AVG TOI/SH": ["00:46", "00:49", "00:39", "00:48", "00:52", "00:37", "00:44", "00:59", "00:46", "00:43", "00:43", "00:54", "00:41", "00:46", "00:46", "00:48", "00:49", "00:46", 0, 0, "00:44", "00:56", "00:49", "00:42", "00:50", "01:00", "00:49", "00:50", "00:54", "00:45", "00:51", "00:51", "00:56", "00:37", "00:41", "00:52", "00:49", "00:51", 0, 0], "PP": ["00:00", "00:00", "00:12", "00:47", "01:08", "00:12", "00:40", "01:22", "00:38", "00:00", "01:01", "01:06", "00:12", "00:00", "00:47", "00:54", "00:00", "01:01", 0, "02:00", "00:00", "03:04", "02:31", "02:56", "00:13", "02:53", "01:56", "00:13", "03:03", "00:00", "00:52", "03:03", "03:29", "00:00", "00:00", "03:03", "00:00", "02:44", "06:00", 0], "SH": ["00:38", "02:16", "01:34", "00:00", "00:42", "01:24", "02:08", "00:54", "03:44", "00:00", "00:00", "03:06", "01:47", "03:11", "00:20", "00:00", "02:16", "00:00", 0, "06:00", "01:17", "01:04", "00:56", "00:00", "00:00", "00:00", "00:12", "00:00", "00:49", "00:00", "00:31", "00:28", "00:43", "00:43", "00:00", "00:28", "00:49", "00:00", "02:00", 0], "EV": ["16:30", "17:33", "12:46", "12:50", "14:00", "12:16", "11:54", "15:35", "17:32", "10:53", "12:48", "18:36", "11:59", "11:29", "13:44", "18:23", "15:52", "11:29", 0, "51:51", "18:01", "21:19", "18:38", "11:47", "13:08", "14:14", "11:56", "15:03", "14:21", "14:23", "11:27", "11:57", "20:06", "09:15", "08:14", "14:01", "14:44", "13:26", "52:00", 0], "S": [0, 0, "3", "1", 0, "1", 0, "1", "2", "2", 0, "4", "1", "4", "2", 0, "1", "1", 0, 0, "1", "3", 0, "1", "2", 0, "1", "2", "2", 0, "1", "1", "1", 0, 0, 0, "1", "2", 0, 0], "A/B": ["1", "1", 0, "1", "1", 0, "1", "1", 0, "1", 0, "1", "1", 0, "2", 0, 0, 0, 0, 0, "3", "3", "7", "1", 0, "1", 0, "1", "1", "1", "2", 0, 0, "1", 0, 0, 0, "1", 0, 0], "MS": [0, 0, "1", 0, 0, 0, "1", "1", "1", 0, "1", 0, 0, 0, 0, 0, "1", 0, 0, 0, "1", 0, 0, "1", 0, "1", "1", "3", "5", "1", "1", "1", "2", "1", 0, "1", 0, "2", 0, 0], "HT": ["1", "2", "2", "1", 0, "1", 0, 0, "4", "2", 0, 0, 0, "2", "1", 0, 0, "1", 0, 0, 0, 0, 0, "1", "1", 0, "3", "1", "2", "3", "1", 0, "2", 0, "2", 0, "6", 0, 0, 0], "GV": [0, 0, "1", 0, 0, 0, 0, "1", 0, "1", 0, 0, 0, 0, 0, "1", 0, 0, 0, 0, "1", "2", 0, 0, 0, "2", 0, "1", 0, 0, 0, "2", "1", 0, 0, "1", 0, 0, 0, 0], "TK": [0, 0, "1", 0, 0, 0, "1", "1", 0, 0, 0, 0, "1", "2", 0, "1", 0, 0, 0, 0, "1", 0, 0, 0, "2", "1", "1", 0, "1", 0, 0, "1", "2", "1", 0, 0, 0, 0, 0, 0], "BS": ["4", "2", "1", 0, "1", 0, "2", "1", "1", "1", 0, "4", 0, 0, "1", "2", "2", 0, 0, 0, "1", "2", 0, 0, 0, 0, 0, "1", "1", "2", 0, 0, "3", "1", 0, 0, 0, 0, 0, 0], "FW": [0, 0, "1", "0", "0", "9", "7", "5", 0, 0, "1", 0, 0, "0", 0, 0, 0, 0, 0, 0, 0, 0, 0, 0, 0, "0", "0", "7", "11", 0, "1", 0, 0, "3", 0, "6", 0, 0, 0, 0], "FL": [0, 0, "0", "1", "1", "4", "8", "6", 0, 0, "7", 0, 0, "1", 0, 0, 0, 0, 0, 0, 0, 0, 0, 0, 0, "1", "1", "6", "4", 0, "0", 0, 0, "5", 0, "6", 0, 0, 0, 0], "F%": [0, 0, "100", "0", "0", "69", "47", "45", 0, 0, "13", 0, 0, "0", 0, 0, 0, 0, 0, 0, 0, 0, 0, 0, 0, "0", "0", "54", "73", 0, "100", 0, 0, "38", 0, "50", 0, 0, 0, 0], "team": ["ANAHEIM DUCKS ", "ANAHEIM DUCKS ", "ANAHEIM DUCKS ", "ANAHEIM DUCKS ", "ANAHEIM DUCKS ", "ANAHEIM DUCKS ", "ANAHEIM DUCKS ", "ANAHEIM DUCKS ", "ANAHEIM DUCKS ", "ANAHEIM DUCKS ", "ANAHEIM DUCKS ", "ANAHEIM DUCKS ", "ANAHEIM DUCKS ", "ANAHEIM DUCKS ", "ANAHEIM DUCKS ", "ANAHEIM DUCKS ", "ANAHEIM DUCKS ", "ANAHEIM DUCKS ", "ANAHEIM DUCKS ", "ANAHEIM DUCKS ", "VANCOUVER CANUCKS ", "VANCOUVER CANUCKS ", "VANCOUVER CANUCKS ", "VANCOUVER CANUCKS ", "VANCOUVER CANUCKS ", "VANCOUVER CANUCKS ", "VANCOUVER CANUCKS ", "VANCOUVER CANUCKS ", "VANCOUVER CANUCKS ", "VANCOUVER CANUCKS ", "VANCOUVER CANUCKS ", "VANCOUVER CANUCKS ", "VANCOUVER CANUCKS ", "VANCOUVER CANUCKS ", "VANCOUVER CANUCKS ", "VANCOUVER CANUCKS ", "VANCOUVER CANUCKS ", "VANCOUVER CANUCKS ", "VANCOUVER CANUCKS ", "VANCOUVER CANUCKS "], "GA": [0, 0, 0, 0, 0, 0, 0, 0, 0, 0, 0, 0, 0, 0, 0, 0, 0, 0, 0.0, "0", 0, 0, 0, 0, 0, 0, 0, 0, 0, 0, 0, 0, 0, 0, 0, 0, 0, 0, "3", 0], "SA": [0, 0, 0, 0, 0, 0, 0, 0, 0, 0, 0, 0, 0, 0, 0, 0, 0, 0, 0.0, "18", 0, 0, 0, 0, 0, 0, 0, 0, 0, 0, 0, 0, 0, 0, 0, 0, 0, 0, "23", 0]}}