{"game_info": {"date": "2013-11-01", "visitor": "COLORADO AVALANCHE ", "home": "DALLAS STARS ", "game_id": 197, "status": "final"}, "player_stats": {"number": ["2", "5", "6", "7", "8", "9", "15", "16", "24", "25", "26", "29", "40", "44", "58", "61", "90", "92", "1", "35", "3", "4", "6", "10", "12", "13", "14", "17", "20", "21", "24", "28", "33", "38", "43", "55", "72", "91", "30", "32"], "position": ["D", "D", "D", "C", "D", "C", "R", "D", "R", "C", "C", "C", "L", "D", "L", "D", "C", "L", "G", "G", "D", "D", "D", "C", "R", "L", "L", "C", "C", "L", "D", "L", "D", "L", "R", "D", "L", "C", "G", "G"], "name": ["HOLDEN, NICK", "GUENIN, NATE", "JOHNSON, ERIK", "MITCHELL, JOHN", "HEJDA, JAN", "DUCHENE, MATT", "PARENTEAU, PA", "SARICH, CORY", "CLICHE, MARC-ANDRE", "TALBOT, MAXIME", "STASTNY, PAUL", "MACKINNON, NATHAN", "TANGUAY, ALEX", "WILSON, RYAN", "BORDELEAU, PATRICK", "BENOIT, ANDRE", "O'REILLY, RYAN", "LANDESKOG, GABRIEL", "VARLAMOV, SEMYON", "GIGUERE, JEAN-SEBASTIEN", "ROBIDAS, STEPHANE", "DILLON, BRENDEN", "DALEY, TREVOR", "HORCOFF, SHAWN", "CHIASSON, ALEX", "WHITNEY, RAY", "BENN, JAMIE", "PEVERLEY, RICH", "EAKIN, CODY", "ROUSSEL, ANTOINE", "BENN, JORDIE", "MACDERMID, LANE", "GOLIGOSKI, ALEX", "FIDDLER, VERNON", "NICHUSHKIN, VALERI", "GONCHAR, SERGEI", "COLE, ERIK", "SEGUIN, TYLER", "ELLIS, DAN", "LEHTONEN, KARI"], "G": [0, 0, 0, 0, 0, 0, 0, 0, 0, 0, "2", 0, 0, 0, 0, 0, 0, "1", 0, 0, 0, 0, 0, 0, 0, 0, 0, 0, 0, 0, 0, 0, "1", 0, 0, 0, 0, "1", 0, 0], "A": [0, "1", 0, 0, "1", 0, 0, 0, 0, 0, 0, "1", "1", "1", 0, 0, 0, 0, 0, 0, 0, 0, 0, 0, 0, 0, "1", "2", 0, 0, 0, 0, 0, 0, 0, 0, 0, "1", 0, 0], "P": [0, "1", 0, 0, "1", 0, 0, 0, 0, 0, "2", "1", "1", "1", 0, 0, 0, "1", 0, 0, 0, 0, 0, 0, 0, 0, "1", "2", 0, 0, 0, 0, "1", 0, 0, 0, 0, "2", 0, 0], "+/-": [0, "+1", "-1", 0, "+1", 0, 0, "+1", 0, 0, "+1", "+1", 0, 0, 0, 0, 0, 0, 0, 0, "-1", 0, 0, 0, "-2", "-1", "+1", "+2", 0, 0, 0, 0, 0, "-1", 0, "-1", "-1", 0, 0, 0], "PN": [0, 0, 0, 0, 0, 0, 0, 0, 0, 0, 0, 0, 0, "1", 0, 0, 0, "2", 0, 0, "1", 0, 0, 0, "1", 0, 0, "1", 0, "1", 0, 0, 0, 0, 0, "1", 0, 0, 0, 0], "PIM": [0, 0, 0, 0, 0, 0, 0, 0, 0, 0, 0, 0, 0, "2", 0, 0, 0, "7", 0, 0, "2", 0, 0, 0, "5", 0, 0, "2", 0, "2", 0, 0, 0, 0, 0, "2", 0, 0, 0, 0], "TOT": ["04:39", "19:44", "22:10", "18:10", "23:59", "21:47", "21:47", "15:19", "08:01", "17:36", "17:57", "16:46", "20:29", "19:26", "04:04", "19:37", "24:10", "14:43", "63:36", 0, "20:04", "22:56", "17:42", "12:16", "16:26", "18:58", "18:44", "16:55", "19:18", "15:20", "22:25", "05:32", "27:01", "14:02", "14:52", "14:49", "10:16", "18:52", 0, "63:32"], "SHF": ["7", "27", "29", "21", "32", "25", "26", "24", "14", "23", "25", "21", "25", "28", "8", "23", "29", "21", 0, 0, "28", "28", "18", "15", "24", "23", "25", "22", "28", "23", "26", "8", "28", "22", "18", "20", "15", "25", 0, 0], "AVG TOI/SH": ["00:39", "00:43", "00:45", "00:51", "00:44", "00:52", "00:50", "00:38", "00:34", "00:45", "00:43", "00:47", "00:49", "00:41", "00:30", "00:51", "00:50", "00:42", 0, 0, "00:43", "00:49", "00:59", "00:49", "00:41", "00:49", "00:44", "00:46", "00:41", "00:40", "00:51", "00:41", "00:57", "00:38", "00:49", "00:44", "00:41", "00:45", 0, 0], "PP": ["00:00", "00:00", "02:56", "02:13", "00:00", "03:10", "03:51", "00:00", "00:00", "00:18", "02:59", "03:03", "05:29", "00:00", "00:00", "04:16", "03:51", "02:59", "07:01", 0, "00:12", "00:12", "00:00", "01:48", "00:58", "03:00", "02:50", "00:48", "00:12", "00:12", "00:48", "00:00", "02:50", "00:00", "01:10", "00:48", "01:12", "03:00", 0, "04:00"], "SH": ["00:00", "02:19", "00:00", "01:03", "02:19", "00:00", "00:00", "01:41", "02:29", "02:29", "00:28", "00:00", "00:28", "00:35", "00:00", "01:06", "01:03", "00:00", "04:00", 0, "02:52", "04:21", "03:43", "01:07", "00:51", "00:00", "00:00", "00:59", "03:00", "03:10", "00:53", "00:00", "03:01", "03:08", "00:00", "00:00", "00:00", "00:00", 0, "07:01"], "EV": ["04:39", "17:25", "19:14", "14:54", "21:40", "18:37", "17:56", "13:38", "05:32", "14:49", "14:30", "13:43", "14:32", "18:51", "04:04", "14:15", "19:16", "11:44", "52:35", 0, "17:00", "18:23", "13:59", "09:21", "14:37", "15:58", "15:54", "15:08", "16:06", "11:58", "20:44", "05:32", "21:10", "10:54", "13:42", "14:01", "09:04", "15:52", 0, "52:31"], "S": [0, 0, 0, "1", 0, "8", "1", "2", 0, "1", "3", "4", "1", 0, "1", "1", "2", "4", 0, 0, "3", "1", "1", "2", "3", "3", "2", 0, "1", "4", "1", 0, "1", "1", 0, 0, "1", "5", 0, 0], "A/B": [0, "2", "2", "1", 0, "1", 0, "1", 0, 0, "2", 0, 0, 0, 0, "4", "1", 0, 0, 0, "1", "1", 0, 0, "2", 0, "3", 0, "3", "1", "1", 0, "1", 0, "1", "4", "1", "1", 0, 0], "MS": [0, "1", "1", "1", "1", "2", "1", 0, "1", 0, "1", 0, 0, "2", 0, 0, 0, 0, 0, 0, "1", "2", "2", "1", "1", 0, "1", 0, 0, "1", "2", 0, 0, 0, 0, "2", 0, "2", 0, 0], "HT": ["1", "3", 0, "1", "3", "4", 0, "2", 0, "2", 0, 0, 0, "5", "3", 0, 0, "4", 0, 0, "2", "3", "2", "1", "1", 0, "1", "1", "1", 0, "2", "4", "1", 0, "2", 0, 0, 0, 0, 0], "GV": [0, "1", "1", "1", 0, 0, "2", 0, "1", 0, 0, 0, "1", "1", 0, 0, 0, 0, 0, 0, 0, 0, 0, 0, 0, 0, "3", 0, "2", 0, 0, 0, "1", 0, "1", 0, "1", "1", 0, 0], "TK": [0, 0, 0, 0, "1", 0, 0, 0, 0, 0, "2", 0, 0, 0, 0, 0, "1", 0, 0, 0, 0, "1", 0, 0, "3", 0, 0, 0, 0, "2", 0, 0, "2", 0, 0, 0, 0, "1", 0, 0], "BS": [0, "3", "2", "2", "2", "2", "1", 0, "3", 0, "1", 0, "1", "1", 0, "1", 0, "1", 0, 0, 0, "1", "3", 0, 0, 0, "4", "1", "1", "1", 0, 0, "1", "1", "1", 0, 0, 0, 0, 0], "FW": [0, 0, 0, "1", 0, "13", 0, 0, "5", "3", "12", "3", 0, 0, 0, 0, "1", 0, 0, 0, 0, 0, 0, "4", "0", 0, "1", "3", "8", 0, 0, 0, 0, "9", 0, 0, 0, "2", 0, 0], "FL": [0, 0, 0, "1", 0, "10", 0, 0, "3", "1", "11", "1", 0, 0, 0, 0, "0", 0, 0, 0, 0, 0, 0, "3", "1", 0, "3", "3", "13", 0, 0, 0, 0, "10", 0, 0, 0, "5", 0, 0], "F%": [0, 0, 0, "50", 0, "57", 0, 0, "63", "75", "52", "75", 0, 0, 0, 0, "100", 0, 0, 0, 0, 0, 0, "57", "0", 0, "25", "50", "38", 0, 0, 0, 0, "47", 0, 0, 0, "29", 0, 0], "team": ["COLORADO AVALANCHE ", "COLORADO AVALANCHE ", "COLORADO AVALANCHE ", "COLORADO AVALANCHE ", "COLORADO AVALANCHE ", "COLORADO AVALANCHE ", "COLORADO AVALANCHE ", "COLORADO AVALANCHE ", "COLORADO AVALANCHE ", "COLORADO AVALANCHE ", "COLORADO AVALANCHE ", "COLORADO AVALANCHE ", "COLORADO AVALANCHE ", "COLORADO AVALANCHE ", "COLORADO AVALANCHE ", "COLORADO AVALANCHE ", "COLORADO AVALANCHE ", "COLORADO AVALANCHE ", "COLORADO AVALANCHE ", "COLORADO AVALANCHE ", "DALLAS STARS ", "DALLAS STARS ", "DALLAS STARS ", "DALLAS STARS ", "DALLAS STARS ", "DALLAS STARS ", "DALLAS STARS ", "DALLAS STARS ", "DALLAS STARS ", "DALLAS STARS ", "DALLAS STARS ", "DALLAS STARS ", "DALLAS STARS ", "DALLAS STARS ", "DALLAS STARS ", "DALLAS STARS ", "DALLAS STARS ", "DALLAS STARS ", "DALLAS STARS ", "DALLAS STARS "], "GA": [0, 0, 0, 0, 0, 0, 0, 0, 0, 0, 0, 0, 0, 0, 0, 0, 0, 0, "2", 0, 0, 0, 0, 0, 0, 0, 0, 0, 0, 0, 0, 0, 0, 0, 0, 0, 0, 0, 0, "3"], "SA": [0, 0, 0, 0, 0, 0, 0, 0, 0, 0, 0, 0, 0, 0, 0, 0, 0, 0, "29", 0, 0, 0, 0, 0, 0, 0, 0, 0, 0, 0, 0, 0, 0, 0, 0, 0, 0, 0, 0, "29"]}}