{"game_info": {"date": "2014-01-04", "visitor": "WINNIPEG JETS ", "home": "BOSTON BRUINS ", "game_id": 626, "status": "final"}, "player_stats": {"number": ["5", "7", "8", "9", "12", "14", "16", "17", "18", "22", "26", "27", "33", "39", "40", "44", "55", "67", "31", "35", "11", "12", "17", "18", "20", "25", "27", "33", "34", "37", "43", "46", "47", "51", "54", "55", "57", "63", "30", "40"], "position": ["D", "D", "D", "L", "C", "R", "L", "C", "C", "R", "R", "L", "D", "D", "R", "D", "C", "R", "G", "G", "C", "R", "L", "R", "L", "R", "D", "D", "C", "C", "D", "C", "D", "C", "D", "D", "L", "C", "G", "G"], "name": ["STUART, MARK", "ELLERBY, KEATON", "TROUBA, JACOB", "KANE, EVANDER", "JOKINEN, OLLI", "PELUSO, ANTHONY", "LADD, ANDREW", "WRIGHT, JAMES", "LITTLE, BRYAN", "THORBURN, CHRIS", "WHEELER, BLAKE", "TANGRADI, ERIC", "BYFUGLIEN, DUSTIN", "ENSTROM, TOBIAS", "SETOGUCHI, DEVIN", "BOGOSIAN, ZACH", "SCHEIFELE, MARK", "FROLIK, MICHAEL", "PAVELEC, ONDREJ", "MONTOYA, AL", "CAMPBELL, GREGORY", "IGINLA, JAROME", "LUCIC, MILAN", "SMITH, REILLY", "PAILLE, DANIEL", "FRASER, MATT", "HAMILTON, DOUGIE", "CHARA, ZDENO", "SODERBERG, CARL", "BERGERON, PATRICE", "BARTKOWSKI, MATT", "KREJCI, DAVID", "KRUG, TOREY", "SPOONER, RYAN", "MCQUAID, ADAM", "BOYCHUK, JOHNNY", "FLOREK, JUSTIN", "MARCHAND, BRAD", "JOHNSON, CHAD", "RASK, TUUKKA"], "G": [0, 0, 0, 0, 0, 0, 0, 0, 0, 0, 0, 0, "1", 0, 0, 0, 0, 0, 0, 0, 0, 0, 0, "1", "1", 0, 0, 0, 0, 0, 0, 0, "2", 0, 0, 0, 0, 0, 0, 0], "A": [0, 0, 0, 0, 0, 0, 0, 0, 0, 0, 0, 0, 0, 0, 0, 0, 0, 0, 0, 0, "1", 0, 0, 0, "1", 0, 0, 0, "1", "1", 0, 0, "1", 0, "1", 0, 0, "1", 0, 0], "P": [0, 0, 0, 0, 0, 0, 0, 0, 0, 0, 0, 0, "1", 0, 0, 0, 0, 0, 0, 0, "1", 0, 0, "1", "2", 0, 0, 0, "1", "1", 0, 0, "3", 0, "1", 0, 0, "1", 0, 0], "+/-": [0, 0, "-3", "+1", 0, "-2", "-2", "-2", "-2", 0, "-2", "-2", 0, "-2", 0, "-1", "+1", "+1", 0, 0, "+1", 0, "+1", 0, "+2", "+1", 0, 0, "+1", "+1", 0, 0, "+3", "+1", "+3", 0, 0, "+1", 0, 0], "PN": ["1", 0, "1", 0, 0, 0, 0, "1", 0, "1", 0, 0, 0, "1", 0, 0, 0, 0, 0, 0, 0, 0, 0, 0, "1", "1", "1", "2", 0, 0, 0, 0, 0, 0, "1", 0, 0, 0, 0, 0], "PIM": ["5", 0, "2", 0, 0, 0, 0, "5", 0, "5", 0, 0, 0, "2", 0, 0, 0, 0, 0, 0, 0, 0, 0, 0, "2", "5", "2", "7", 0, 0, 0, 0, 0, 0, "5", 0, 0, 0, 0, 0], "TOT": ["18:46", "09:53", "18:44", "21:40", "17:07", "04:07", "18:58", "04:48", "19:06", "13:06", "18:23", "05:34", "24:22", "24:24", "17:16", "22:25", "19:56", "17:25", "60:00", 0, "16:28", "19:03", "18:25", "14:40", "13:22", "07:54", "18:45", "22:15", "12:36", "17:26", "21:53", "19:08", "16:55", "12:12", "15:41", "22:33", "10:14", "14:30", 0, "60:00"], "SHF": ["23", "13", "23", "27", "23", "9", "24", "11", "24", "19", "19", "12", "27", "30", "22", "25", "22", "22", 0, 0, "20", "19", "18", "19", "16", "10", "25", "27", "14", "23", "26", "19", "20", "14", "20", "28", "14", "18", 0, 0], "AVG TOI/SH": ["00:48", "00:45", "00:48", "00:48", "00:44", "00:27", "00:47", "00:26", "00:47", "00:41", "00:58", "00:27", "00:54", "00:48", "00:47", "00:53", "00:54", "00:47", 0, 0, "00:49", "01:00", "01:01", "00:46", "00:50", "00:47", "00:45", "00:49", "00:54", "00:45", "00:50", "01:00", "00:50", "00:52", "00:47", "00:48", "00:43", "00:48", 0, 0], "PP": ["00:06", "00:03", "01:20", "03:24", "02:23", "00:00", "02:36", "00:00", "02:36", "00:00", "03:21", "00:00", "03:53", "04:27", "01:59", "00:25", "03:24", "00:03", "06:00", 0, "01:04", "02:02", "01:50", "01:18", "00:08", "00:00", "01:56", "01:19", "01:33", "02:02", "00:27", "02:07", "01:56", "02:02", "00:00", "00:08", "00:08", "00:00", 0, "04:00"], "SH": ["02:33", "00:00", "00:50", "01:36", "00:00", "00:00", "01:36", "01:10", "01:37", "00:00", "00:53", "00:00", "02:33", "00:37", "00:00", "01:27", "00:00", "01:08", "04:00", 0, "03:21", "00:44", "00:00", "00:00", "01:40", "00:00", "00:03", "01:47", "00:00", "02:38", "02:22", "00:46", "01:51", "00:00", "01:55", "04:02", "00:24", "02:27", 0, "06:00"], "EV": ["16:07", "09:50", "16:34", "16:40", "14:44", "04:07", "14:46", "03:38", "14:53", "13:06", "14:09", "05:34", "17:56", "19:20", "15:17", "20:33", "16:32", "16:14", "50:00", 0, "12:03", "16:17", "16:35", "13:22", "11:34", "07:54", "16:46", "19:09", "11:03", "12:46", "19:04", "16:15", "13:08", "10:10", "13:46", "18:23", "09:42", "12:03", 0, "50:00"], "S": ["1", "1", "2", "6", "2", 0, 0, 0, "2", 0, "1", "2", "7", "3", "4", "5", 0, "1", 0, 0, 0, "1", "1", "2", "1", 0, "1", "2", 0, "1", "3", "4", "4", 0, "1", "4", "1", "3", 0, 0], "A/B": ["1", 0, 0, "2", "2", 0, "5", 0, 0, 0, "1", 0, 0, "1", 0, 0, 0, "2", 0, 0, "1", 0, "3", 0, 0, 0, "2", 0, "1", 0, 0, 0, "2", "1", 0, 0, "1", "2", 0, 0], "MS": ["1", "1", 0, 0, 0, 0, 0, 0, "1", "1", "2", "2", "1", 0, 0, "1", 0, "1", 0, 0, 0, "1", "3", 0, "1", 0, "2", "1", "1", "3", 0, "1", 0, "1", 0, "1", "1", 0, 0, 0], "HT": ["5", "1", "2", "1", "1", 0, 0, 0, "1", "1", "1", "2", "2", 0, "3", "6", "2", 0, 0, 0, "3", "2", "2", 0, 0, 0, "1", "2", 0, 0, "1", 0, 0, "1", "3", "5", "2", 0, 0, 0], "GV": [0, "1", 0, 0, 0, 0, "1", 0, 0, 0, 0, 0, 0, 0, "1", 0, 0, 0, 0, 0, "1", 0, "2", "2", 0, 0, 0, 0, 0, 0, "1", "3", "2", 0, "1", 0, 0, 0, 0, 0], "TK": [0, 0, 0, "1", "1", 0, 0, 0, "1", 0, 0, 0, 0, 0, 0, 0, 0, 0, 0, 0, 0, 0, "1", 0, "1", 0, "1", 0, "1", 0, 0, 0, 0, "1", 0, "1", 0, "1", 0, 0], "BS": ["3", "1", 0, "1", 0, 0, "1", 0, 0, "1", 0, 0, "3", 0, 0, "2", 0, "1", 0, 0, 0, "1", "1", 0, "1", 0, "1", "1", 0, 0, "1", "2", "1", 0, "3", "2", 0, 0, 0, 0], "FW": [0, 0, 0, "1", "7", "0", 0, "2", "5", 0, 0, 0, 0, 0, 0, 0, "5", "0", 0, 0, "5", 0, 0, 0, "1", 0, 0, 0, "0", "16", 0, "12", 0, "3", 0, 0, 0, 0, 0, 0], "FL": [0, 0, 0, "2", "16", "1", 0, "4", "6", 0, 0, 0, 0, 0, 0, 0, "7", "1", 0, 0, "4", 0, 0, 0, "0", 0, 0, 0, "1", "5", 0, "5", 0, "5", 0, 0, 0, 0, 0, 0], "F%": [0, 0, 0, "33", "30", "0", 0, "33", "45", 0, 0, 0, 0, 0, 0, 0, "42", "0", 0, 0, "56", 0, 0, 0, "100", 0, 0, 0, "0", "76", 0, "71", 0, "38", 0, 0, 0, 0, 0, 0], "team": ["WINNIPEG JETS ", "WINNIPEG JETS ", "WINNIPEG JETS ", "WINNIPEG JETS ", "WINNIPEG JETS ", "WINNIPEG JETS ", "WINNIPEG JETS ", "WINNIPEG JETS ", "WINNIPEG JETS ", "WINNIPEG JETS ", "WINNIPEG JETS ", "WINNIPEG JETS ", "WINNIPEG JETS ", "WINNIPEG JETS ", "WINNIPEG JETS ", "WINNIPEG JETS ", "WINNIPEG JETS ", "WINNIPEG JETS ", "WINNIPEG JETS ", "WINNIPEG JETS ", "BOSTON BRUINS ", "BOSTON BRUINS ", "BOSTON BRUINS ", "BOSTON BRUINS ", "BOSTON BRUINS ", "BOSTON BRUINS ", "BOSTON BRUINS ", "BOSTON BRUINS ", "BOSTON BRUINS ", "BOSTON BRUINS ", "BOSTON BRUINS ", "BOSTON BRUINS ", "BOSTON BRUINS ", "BOSTON BRUINS ", "BOSTON BRUINS ", "BOSTON BRUINS ", "BOSTON BRUINS ", "BOSTON BRUINS ", "BOSTON BRUINS ", "BOSTON BRUINS "], "GA": [0, 0, 0, 0, 0, 0, 0, 0, 0, 0, 0, 0, 0, 0, 0, 0, 0, 0, "4", 0, 0, 0, 0, 0, 0, 0, 0, 0, 0, 0, 0, 0, 0, 0, 0, 0, 0, 0, 0, "1"], "SA": [0, 0, 0, 0, 0, 0, 0, 0, 0, 0, 0, 0, 0, 0, 0, 0, 0, 0, "29", 0, 0, 0, 0, 0, 0, 0, 0, 0, 0, 0, 0, 0, 0, 0, 0, 0, 0, 0, 0, "37"]}}