{"game_info": {"date": "2013-10-03", "visitor": "TAMPA BAY LIGHTNING ", "home": "BOSTON BRUINS ", "game_id": 7, "status": "final"}, "player_stats": {"number": ["2", "7", "8", "9", "12", "16", "17", "18", "19", "25", "26", "44", "51", "62", "71", "76", "77", "91", "30", "39", "11", "12", "17", "18", "20", "21", "22", "23", "27", "33", "37", "38", "44", "46", "47", "54", "55", "63", "30", "40"], "position": ["D", "D", "D", "C", "L", "R", "C", "L", "R", "D", "R", "C", "C", "D", "R", "L", "D", "C", "G", "G", "C", "R", "L", "R", "L", "L", "L", "C", "D", "D", "C", "R", "D", "C", "D", "D", "D", "C", "G", "G"], "name": ["BREWER, ERIC", "GUDAS, RADKO", "BARBERIO, MARK", "JOHNSON, TYLER", "MALONE, RYAN", "PURCELL, TEDDY", "KILLORN, ALEX", "PALAT, ONDREJ", "CROMBEEN, B.J.", "CARLE, MATTHEW", "ST LOUIS, MARTIN", "THOMPSON, NATE", "FILPPULA, VALTTERI", "SUSTR, ANDREJ", "PANIK, RICHARD", "LABRIE, PIERRE-CEDRIC", "HEDMAN, VICTOR", "STAMKOS, STEVEN", "BISHOP, BEN", "LINDBACK, ANDERS", "CAMPBELL, GREGORY", "IGINLA, JAROME", "LUCIC, MILAN", "SMITH, REILLY", "PAILLE, DANIEL", "ERIKSSON, LOUI", "THORNTON, SHAWN", "KELLY, CHRIS", "HAMILTON, DOUGIE", "CHARA, ZDENO", "BERGERON, PATRICE", "CARON, JORDAN", "SEIDENBERG, DENNIS", "KREJCI, DAVID", "KRUG, TOREY", "MCQUAID, ADAM", "BOYCHUK, JOHNNY", "MARCHAND, BRAD", "JOHNSON, CHAD", "RASK, TUUKKA"], "G": [0, 0, 0, 0, 0, 0, 0, 0, 0, 0, 0, 0, "1", 0, 0, 0, 0, 0, 0, 0, 0, 0, "1", 0, 0, 0, 0, "1", 0, 0, "1", 0, 0, 0, 0, 0, 0, 0, 0, 0], "A": ["1", 0, 0, 0, 0, 0, "1", 0, 0, 0, 0, 0, 0, 0, 0, 0, 0, 0, 0, 0, 0, 0, 0, 0, 0, 0, 0, 0, 0, 0, 0, 0, 0, "1", 0, 0, 0, 0, 0, 0], "P": ["1", 0, 0, 0, 0, 0, "1", 0, 0, 0, 0, 0, "1", 0, 0, 0, 0, 0, 0, 0, 0, 0, "1", 0, 0, 0, 0, "1", 0, 0, "1", 0, 0, "1", 0, 0, 0, 0, 0, 0], "+/-": ["+1", "-1", "+1", "-2", 0, "+1", "+1", "-1", 0, "-1", 0, 0, "+1", "-1", "-2", 0, "-1", 0, 0, 0, "-1", "+1", "+1", 0, "-1", 0, "-1", "+1", 0, 0, "+1", 0, 0, "+1", "+1", "+1", 0, 0, 0, 0], "PN": [0, "2", 0, 0, "1", 0, 0, 0, 0, "1", 0, 0, 0, 0, 0, "1", 0, 0, 0, 0, "1", "1", 0, "1", 0, 0, "2", 0, 0, "1", 0, 0, 0, 0, 0, "1", 0, 0, 0, 0], "PIM": [0, "7", 0, 0, "2", 0, 0, 0, 0, "2", 0, 0, 0, 0, 0, "5", 0, 0, 0, 0, "2", "5", 0, "2", 0, 0, "7", 0, 0, "2", 0, 0, 0, 0, 0, "2", 0, 0, 0, 0], "TOT": ["16:23", "17:27", "16:26", "15:46", "20:23", "17:33", "15:10", "13:11", "08:37", "21:58", "22:53", "09:20", "14:59", "20:03", "15:10", "08:36", "18:57", "24:42", 0, "58:03", "11:49", "15:28", "16:40", "12:40", "09:33", "17:30", "08:19", "14:22", "19:34", "24:14", "20:02", "10:21", "22:41", "17:53", "15:20", "15:48", "22:28", "15:51", 0, "60:00"], "SHF": ["23", "24", "23", "21", "25", "21", "19", "18", "15", "29", "26", "15", "20", "26", "18", "14", "25", "27", 0, 0, "17", "19", "22", "19", "16", "22", "14", "28", "24", "29", "29", "16", "31", "21", "21", "24", "28", "19", 0, 0], "AVG TOI/SH": ["00:42", "00:43", "00:42", "00:45", "00:48", "00:50", "00:47", "00:43", "00:34", "00:45", "00:52", "00:37", "00:44", "00:46", "00:50", "00:36", "00:45", "00:54", 0, 0, "00:41", "00:48", "00:45", "00:40", "00:35", "00:47", "00:35", "00:30", "00:48", "00:50", "00:41", "00:38", "00:43", "00:51", "00:43", "00:39", "00:48", "00:50", 0, 0], "PP": ["00:00", "00:38", "00:08", "01:21", "04:26", "04:29", "00:26", "00:00", "00:01", "02:04", "05:09", "00:01", "02:41", "00:01", "00:50", "00:00", "00:01", "05:09", 0, "05:34", "00:52", "02:15", "02:09", "00:00", "00:00", "01:40", "00:06", "00:23", "02:13", "02:52", "01:26", "00:00", "00:34", "02:16", "01:19", "00:00", "01:05", "00:25", 0, "03:55"], "SH": ["00:47", "01:29", "00:39", "00:26", "00:28", "00:00", "00:54", "00:27", "01:06", "01:17", "01:00", "01:21", "01:17", "01:47", "00:00", "00:00", "01:51", "00:51", 0, "03:55", "00:25", "00:01", "00:00", "00:00", "00:10", "00:43", "00:00", "02:33", "00:00", "02:29", "02:50", "00:00", "02:59", "00:01", "00:25", "01:01", "04:09", "00:40", 0, "05:34"], "EV": ["15:36", "15:20", "15:39", "13:59", "15:29", "13:04", "13:50", "12:44", "07:30", "18:37", "16:44", "07:58", "11:01", "18:15", "14:20", "08:36", "17:05", "18:42", 0, "48:34", "10:32", "13:12", "14:31", "12:40", "09:23", "15:07", "08:13", "11:26", "17:21", "18:53", "15:46", "10:21", "19:08", "15:36", "13:36", "14:47", "17:14", "14:46", 0, "50:31"], "S": [0, 0, "1", "3", "3", "5", "1", "1", 0, "3", "2", "3", "2", "3", 0, "1", "3", "2", 0, 0, 0, "2", "3", "1", 0, "2", "1", "2", "3", "2", "2", "2", 0, "1", "1", 0, "1", "2", 0, 0], "A/B": ["1", 0, "1", 0, 0, "1", 0, 0, "2", 0, "3", 0, 0, "2", 0, "1", 0, "1", 0, 0, "1", 0, 0, 0, 0, "1", 0, 0, "3", "1", "1", "1", 0, 0, "2", "2", "4", 0, 0, 0], "MS": [0, 0, "1", 0, 0, 0, 0, 0, 0, 0, 0, "1", "2", 0, 0, 0, "1", "3", 0, 0, "1", "1", 0, 0, 0, 0, 0, "1", "1", "1", "2", "2", "3", 0, 0, 0, 0, "1", 0, 0], "HT": ["2", "5", 0, 0, "2", 0, "1", "1", "1", "2", 0, 0, 0, 0, "3", "2", 0, "1", 0, 0, "1", "3", "3", 0, 0, 0, "1", 0, "2", "1", "1", 0, "2", 0, 0, 0, 0, 0, 0, 0], "GV": [0, 0, "1", 0, 0, 0, 0, 0, 0, 0, 0, 0, 0, 0, "2", 0, 0, "1", 0, 0, 0, 0, 0, 0, 0, 0, 0, 0, 0, 0, 0, 0, 0, "1", "1", 0, 0, "2", 0, 0], "TK": [0, 0, 0, 0, 0, 0, 0, "1", 0, 0, 0, 0, 0, 0, "2", 0, 0, "1", 0, 0, 0, 0, 0, 0, "1", 0, 0, 0, 0, "1", "1", "2", 0, "1", 0, 0, 0, 0, 0, 0], "BS": ["1", 0, "1", "1", "2", 0, "2", "1", 0, "2", "1", "1", 0, "1", "1", "1", 0, "1", 0, 0, 0, "1", 0, 0, 0, 0, 0, "1", 0, "1", "1", "1", "4", 0, 0, "2", "1", 0, 0, 0], "FW": [0, 0, 0, "11", 0, 0, "0", 0, 0, 0, "0", "3", "10", 0, 0, 0, 0, "9", 0, 0, "5", 0, "0", 0, 0, 0, 0, "12", 0, 0, "16", 0, 0, "6", 0, 0, 0, 0, 0, 0], "FL": [0, 0, 0, "7", 0, 0, "5", 0, 0, 0, "1", "3", "7", 0, 0, 0, 0, "16", 0, 0, "5", 0, "3", 0, 0, 0, 0, "5", 0, 0, "11", 0, 0, "9", 0, 0, 0, 0, 0, 0], "F%": [0, 0, 0, "61", 0, 0, "0", 0, 0, 0, "0", "50", "59", 0, 0, 0, 0, "36", 0, 0, "50", 0, "0", 0, 0, 0, 0, "71", 0, 0, "59", 0, 0, "40", 0, 0, 0, 0, 0, 0], "team": ["TAMPA BAY LIGHTNING ", "TAMPA BAY LIGHTNING ", "TAMPA BAY LIGHTNING ", "TAMPA BAY LIGHTNING ", "TAMPA BAY LIGHTNING ", "TAMPA BAY LIGHTNING ", "TAMPA BAY LIGHTNING ", "TAMPA BAY LIGHTNING ", "TAMPA BAY LIGHTNING ", "TAMPA BAY LIGHTNING ", "TAMPA BAY LIGHTNING ", "TAMPA BAY LIGHTNING ", "TAMPA BAY LIGHTNING ", "TAMPA BAY LIGHTNING ", "TAMPA BAY LIGHTNING ", "TAMPA BAY LIGHTNING ", "TAMPA BAY LIGHTNING ", "TAMPA BAY LIGHTNING ", "TAMPA BAY LIGHTNING ", "TAMPA BAY LIGHTNING ", "BOSTON BRUINS ", "BOSTON BRUINS ", "BOSTON BRUINS ", "BOSTON BRUINS ", "BOSTON BRUINS ", "BOSTON BRUINS ", "BOSTON BRUINS ", "BOSTON BRUINS ", "BOSTON BRUINS ", "BOSTON BRUINS ", "BOSTON BRUINS ", "BOSTON BRUINS ", "BOSTON BRUINS ", "BOSTON BRUINS ", "BOSTON BRUINS ", "BOSTON BRUINS ", "BOSTON BRUINS ", "BOSTON BRUINS ", "BOSTON BRUINS ", "BOSTON BRUINS "], "GA": [0, 0, 0, 0, 0, 0, 0, 0, 0, 0, 0, 0, 0, 0, 0, 0, 0, 0, 0.0, "3", 0, 0, 0, 0, 0, 0, 0, 0, 0, 0, 0, 0, 0, 0, 0, 0, 0, 0, 0, "1"], "SA": [0, 0, 0, 0, 0, 0, 0, 0, 0, 0, 0, 0, 0, 0, 0, 0, 0, 0, 0.0, "25", 0, 0, 0, 0, 0, 0, 0, 0, 0, 0, 0, 0, 0, 0, 0, 0, 0, 0, 0, "33"]}}