{"game_info": {"date": "2014-01-09", "visitor": "FLORIDA PANTHERS ", "home": "BUFFALO SABRES ", "game_id": 660, "status": "final"}, "player_stats": {"number": ["7", "11", "12", "14", "15", "16", "19", "20", "21", "24", "27", "43", "44", "51", "55", "57", "77", "82", "30", "34", "3", "4", "6", "9", "10", "17", "22", "24", "26", "27", "28", "32", "37", "44", "52", "63", "65", "82", "1", "30", 0], "position": ["D", "C", "R", "L", "C", "C", "R", "L", "R", "R", "C", "D", "D", "D", "D", "C", "D", "R", "G", "G", "D", "D", "D", "C", "D", "L", "L", "C", "L", "R", "C", "L", "L", "D", "D", "C", "C", "L", "G", "G", 0], "name": ["KULIKOV, DMITRY", "HUBERDEAU, JONATHAN", "HAYES, JIMMY", "FLEISCHMANN, TOMAS", "SHORE, DREW", "BARKOV, ALEKSANDER", "UPSHALL, SCOTTIE", "BERGENHEIM, SEAN", "BARCH, KRYS", "BOYES, BRAD", "BJUGSTAD, NICK", "WEAVER, MIKE", "GUDBRANSON, ERIK", "CAMPBELL, BRIAN", "JOVANOVSKI, ED", "GOC, MARCEL", "GILBERT, TOM", "KOPECKY, TOMAS", "CLEMMENSEN, SCOTT", "THOMAS, TIM", "PYSYK, MARK", "MCBAIN, JAMIE", "WEBER, MIKE", "OTT, STEVE", "EHRHOFF, CHRISTIAN", "OMARK, LINUS", "LARSSON, JOHAN", "KONOPKA, ZENON", "MOULSON, MATT", "D'AGOSTINI, MATT", "GIRGENSONS, ZEMGUS", "SCOTT, JOHN", "ELLIS, MATT", "MCNABB, BRAYDEN", "SULZER, ALEXANDER", "ENNIS, TYLER", "FLYNN, BRIAN", "FOLIGNO, MARCUS", "ENROTH, JHONAS", "MILLER, RYAN", "TEAM PENALTY"], "G": [0, 0, 0, 0, 0, 0, 0, 0, 0, "1", 0, 0, 0, 0, 0, 0, 0, 0, 0, 0, 0, "1", 0, 0, 0, 0, 0, 0, 0, 0, 0, 0, 0, 0, 0, 0, 0, 0, 0, 0, 0], "A": [0, 0, 0, 0, 0, 0, 0, "1", 0, 0, 0, 0, 0, 0, 0, 0, "1", 0, 0, 0, 0, 0, 0, "1", 0, 0, 0, 0, 0, "1", 0, 0, 0, 0, 0, 0, 0, 0, 0, 0, 0], "P": [0, 0, 0, 0, 0, 0, 0, "1", 0, "1", 0, 0, 0, 0, 0, 0, "1", 0, 0, 0, 0, "1", 0, "1", 0, 0, 0, 0, 0, "1", 0, 0, 0, 0, 0, 0, 0, 0, 0, 0, 0], "+/-": [0, 0, 0, "-1", 0, "+1", "-1", "+1", 0, "+1", "-1", 0, "-1", "+1", 0, 0, 0, 0, 0, 0, 0, "+1", "-1", "+1", 0, 0, "+1", "-1", 0, "+1", 0, 0, "-1", "+1", "-1", 0, 0, "-1", 0, 0, 0], "PN": [0, 0, "1", 0, 0, 0, 0, 0, 0, 0, 0, 0, 0, 0, "1", 0, 0, 0, 0, 0, 0, 0, 0, 0, 0, 0, 0, 0, 0, 0, 0, "2", 0, 0, "1", 0, 0, 0, 0, 0, "1"], "PIM": [0, 0, "2", 0, 0, 0, 0, 0, 0, 0, 0, 0, 0, 0, "2", 0, 0, 0, 0, 0, 0, 0, 0, 0, 0, 0, 0, 0, 0, 0, 0, "4", 0, 0, "2", 0, 0, 0, 0, 0, "2"], "TOT": ["17:22", "15:00", "06:19", "18:24", "09:32", "22:32", "15:43", "23:15", "04:57", "23:22", "18:44", "17:19", "18:53", "31:25", "18:17", "17:12", "22:44", "15:00", 0, "65:00", "22:24", "19:42", "22:09", "22:20", "25:23", "13:37", "15:54", "09:59", "18:43", "18:42", "18:00", "06:25", "08:22", "18:03", "22:50", "20:28", "14:33", "14:26", "65:00", 0, 0], "SHF": ["29", "21", "9", "24", "16", "27", "23", "28", "8", "27", "24", "29", "26", "36", "30", "24", "35", "20", 0, 0, "31", "25", "25", "29", "32", "18", "22", "18", "22", "21", "26", "10", "14", "26", "26", "24", "21", "19", 0, 0, 0], "AVG TOI/SH": ["00:35", "00:42", "00:42", "00:46", "00:35", "00:50", "00:41", "00:49", "00:37", "00:51", "00:46", "00:35", "00:43", "00:52", "00:36", "00:43", "00:38", "00:45", 0, 0, "00:43", "00:47", "00:53", "00:46", "00:47", "00:45", "00:43", "00:33", "00:51", "00:53", "00:41", "00:38", "00:35", "00:41", "00:52", "00:51", "00:41", "00:45", 0, 0, 0], "PP": ["00:30", "02:54", "00:00", "04:21", "00:13", "04:23", "00:13", "04:19", "00:00", "04:23", "02:58", "00:02", "00:00", "05:50", "02:24", "01:11", "01:53", "01:56", 0, "07:30", "01:59", "01:56", "00:05", "02:10", "01:56", "02:10", "00:00", "00:00", "01:45", "01:59", "00:21", "00:00", "00:05", "01:59", "00:05", "01:45", "00:05", "01:40", "04:00", 0, 0], "SH": ["01:16", "00:00", "00:00", "01:01", "01:16", "00:17", "00:56", "00:13", "00:00", "00:14", "00:00", "01:48", "01:31", "02:22", "00:49", "02:27", "00:14", "01:36", 0, "04:00", "04:36", "00:41", "02:13", "03:20", "04:36", "00:00", "01:16", "01:47", "00:00", "00:00", "02:32", "00:00", "01:14", "01:16", "02:09", "00:00", "03:20", "00:30", "07:30", 0, 0], "EV": ["15:36", "12:06", "06:19", "13:02", "08:03", "17:52", "14:34", "18:43", "04:57", "18:45", "15:46", "15:29", "17:22", "23:13", "15:04", "13:34", "20:37", "11:28", 0, "53:30", "15:49", "17:05", "19:51", "16:50", "18:51", "11:27", "14:38", "08:12", "16:58", "16:43", "15:07", "06:25", "07:03", "14:48", "20:36", "18:43", "11:08", "12:16", "53:30", 0, 0], "S": ["3", "2", 0, "1", "1", "4", "5", "4", 0, "3", "3", 0, 0, 0, "4", "3", "1", "1", 0, 0, "1", "4", "1", 0, "2", 0, "1", 0, "2", "1", "3", 0, "2", "2", 0, "1", "3", "1", 0, 0, 0], "A/B": [0, 0, "1", "1", 0, "2", 0, 0, 0, 0, "1", 0, "1", "2", "1", "2", "2", "1", 0, 0, 0, "1", "3", 0, "1", "1", 0, 0, "1", "2", 0, 0, 0, 0, 0, "1", 0, 0, 0, 0, 0], "MS": ["1", "1", "1", "2", "2", "1", "1", "1", 0, "2", 0, 0, "1", "3", 0, "2", 0, 0, 0, 0, 0, "1", 0, 0, 0, 0, "3", 0, 0, 0, "1", 0, "1", "1", 0, 0, "1", 0, 0, 0, 0], "HT": ["2", "1", "3", 0, "1", 0, "1", "4", 0, 0, 0, "2", "2", 0, "1", "4", "1", "1", 0, 0, 0, "1", "8", "1", 0, "1", 0, "2", "1", 0, "1", "2", "1", "2", 0, "3", 0, "2", 0, 0, 0], "GV": ["2", 0, "1", "1", 0, "1", 0, 0, 0, "1", "1", 0, 0, "1", 0, 0, 0, 0, 0, 0, 0, "1", 0, 0, "1", 0, 0, 0, "1", 0, 0, 0, 0, 0, 0, 0, 0, 0, 0, 0, 0], "TK": [0, "1", 0, 0, 0, 0, 0, 0, 0, 0, 0, 0, "1", 0, "1", "1", 0, 0, 0, 0, 0, 0, 0, 0, 0, 0, "2", 0, "1", 0, "1", 0, "1", 0, 0, "1", "1", 0, 0, 0, 0], "BS": [0, 0, 0, 0, 0, 0, 0, 0, 0, "1", 0, "3", "3", "1", "1", 0, "1", 0, 0, 0, "2", "1", 0, "1", 0, 0, 0, "1", 0, "1", "1", "1", 0, "1", "3", "1", "1", 0, 0, 0, 0], "FW": [0, 0, "0", 0, "2", "10", 0, 0, 0, 0, "9", 0, 0, 0, 0, "7", 0, 0, 0, 0, 0, 0, 0, "1", 0, 0, "7", "9", 0, 0, "0", 0, "1", 0, 0, "3", "1", "2", 0, 0, 0], "FL": [0, 0, "1", 0, "3", "9", 0, 0, 0, 0, "3", 0, 0, 0, 0, "8", 0, 0, 0, 0, 0, 0, 0, "6", 0, 0, "4", "5", 0, 0, "1", 0, "0", 0, 0, "5", "4", "3", 0, 0, 0], "F%": [0, 0, "0", 0, "40", "53", 0, 0, 0, 0, "75", 0, 0, 0, 0, "47", 0, 0, 0, 0, 0, 0, 0, "14", 0, 0, "64", "64", 0, 0, "0", 0, "100", 0, 0, "38", "20", "40", 0, 0, 0], "team": ["FLORIDA PANTHERS ", "FLORIDA PANTHERS ", "FLORIDA PANTHERS ", "FLORIDA PANTHERS ", "FLORIDA PANTHERS ", "FLORIDA PANTHERS ", "FLORIDA PANTHERS ", "FLORIDA PANTHERS ", "FLORIDA PANTHERS ", "FLORIDA PANTHERS ", "FLORIDA PANTHERS ", "FLORIDA PANTHERS ", "FLORIDA PANTHERS ", "FLORIDA PANTHERS ", "FLORIDA PANTHERS ", "FLORIDA PANTHERS ", "FLORIDA PANTHERS ", "FLORIDA PANTHERS ", "FLORIDA PANTHERS ", "FLORIDA PANTHERS ", "BUFFALO SABRES ", "BUFFALO SABRES ", "BUFFALO SABRES ", "BUFFALO SABRES ", "BUFFALO SABRES ", "BUFFALO SABRES ", "BUFFALO SABRES ", "BUFFALO SABRES ", "BUFFALO SABRES ", "BUFFALO SABRES ", "BUFFALO SABRES ", "BUFFALO SABRES ", "BUFFALO SABRES ", "BUFFALO SABRES ", "BUFFALO SABRES ", "BUFFALO SABRES ", "BUFFALO SABRES ", "BUFFALO SABRES ", "BUFFALO SABRES ", "BUFFALO SABRES ", "BUFFALO SABRES "], "GA": [0, 0, 0, 0, 0, 0, 0, 0, 0, 0, 0, 0, 0, 0, 0, 0, 0, 0, 0.0, "1", 0, 0, 0, 0, 0, 0, 0, 0, 0, 0, 0, 0, 0, 0, 0, 0, 0, 0, "1", 0, 0], "SA": [0, 0, 0, 0, 0, 0, 0, 0, 0, 0, 0, 0, 0, 0, 0, 0, 0, 0, 0.0, "24", 0, 0, 0, 0, 0, 0, 0, 0, 0, 0, 0, 0, 0, 0, 0, 0, 0, 0, "35", 0, 0]}}