{"game_info": {"date": "2014-03-05", "visitor": "TORONTO MAPLE LEAFS ", "home": "NEW YORK RANGERS ", "game_id": 934, "status": "final"}, "player_stats": {"number": ["3", "4", "8", "11", "12", "15", "19", "21", "24", "36", "40", "41", "42", "43", "44", "51", "71", "81", "34", "45", "5", "6", "8", "13", "15", "16", "17", "18", "19", "20", "21", "22", "26", "27", "28", "61", "62", "67", "30", "33"], "position": ["D", "D", "D", "C", "L", "D", "R", "L", "C", "D", "R", "L", "C", "C", "D", "D", "R", "C", "G", "G", "D", "D", "D", "L", "R", "C", "D", "D", "C", "C", "C", "C", "R", "D", "C", "L", "L", "L", "G", "G"], "name": ["PHANEUF, DION", "FRANSON, CODY", "GLEASON, TIM", "MCCLEMENT, JAY", "RAYMOND, MASON", "RANGER, PAUL", "LUPUL, JOFFREY", "VAN RIEMSDYK, JAMES", "HOLLAND, PETER", "GUNNARSSON, CARL", "BODIE, TROY", "KULEMIN, NIKOLAI", "BOZAK, TYLER", "KADRI, NAZEM", "RIELLY, MORGAN", "GARDINER, JAKE", "CLARKSON, DAVID", "KESSEL, PHIL", "REIMER, JAMES", "BERNIER, JONATHAN", "GIRARDI, DAN", "STRALMAN, ANTON", "KLEIN, KEVIN", "CARCILLO, DANIEL", "DORSETT, DEREK", "BRASSARD, DERICK", "MOORE, JOHN", "STAAL, MARC", "RICHARDS, BRAD", "KREIDER, CHRIS", "STEPAN, DEREK", "BOYLE, BRIAN", "ST. LOUIS, MARTIN", "MCDONAGH, RYAN", "MOORE, DOMINIC", "NASH, RICK", "HAGELIN, CARL", "POULIOT, BENOIT", "LUNDQVIST, HENRIK", "TALBOT, CAM"], "G": [0, 0, 0, 0, 0, 0, 0, 0, 0, 0, 0, 0, "2", "1", 0, 0, 0, 0, 0, 0, 0, 0, 0, 0, 0, 0, 0, 0, 0, 0, 0, 0, 0, "1", "1", 0, 0, 0, 0, 0], "A": [0, 0, 0, 0, 0, "1", 0, 0, 0, 0, 0, "1", 0, 0, 0, 0, 0, "1", 0, 0, 0, 0, 0, 0, 0, 0, 0, 0, 0, 0, "1", "1", 0, 0, "1", 0, 0, 0, 0, 0], "P": [0, 0, 0, 0, 0, "1", 0, 0, 0, 0, 0, "1", "2", "1", 0, 0, 0, "1", 0, 0, 0, 0, 0, 0, 0, 0, 0, 0, 0, 0, "1", "1", 0, "1", "2", 0, 0, 0, 0, 0], "+/-": ["-1", "-2", 0, 0, 0, "+1", "+1", "-2", 0, "+1", 0, "+1", 0, "+1", "+1", 0, 0, "-1", 0, 0, "+1", "-1", 0, 0, 0, 0, 0, "-1", "-2", 0, "+1", "+1", "-1", "+1", "+2", "-1", "-1", 0, 0, 0], "PN": [0, 0, 0, 0, 0, 0, 0, "1", 0, 0, 0, "1", 0, 0, 0, 0, 0, 0, 0, 0, 0, 0, 0, 0, 0, "1", 0, 0, "1", "1", 0, 0, 0, 0, 0, 0, 0, 0, 0, 0], "PIM": [0, 0, 0, 0, 0, 0, 0, "2", 0, 0, 0, "2", 0, 0, 0, 0, 0, 0, 0, 0, 0, 0, 0, 0, 0, "2", 0, 0, "2", "2", 0, 0, 0, 0, 0, 0, 0, 0, 0, 0], "TOT": ["22:32", "16:17", "16:35", "07:59", "12:46", "11:15", "21:05", "20:59", "11:14", "23:07", "05:21", "18:52", "24:09", "19:21", "18:59", "16:00", "11:28", "25:24", 0, "61:51", "27:59", "18:58", "12:20", "08:47", "10:07", "15:21", "11:08", "21:49", "19:00", "15:03", "16:49", "11:16", "20:11", "29:48", "13:24", "17:17", "18:34", "13:33", "61:51", 0], "SHF": ["31", "26", "25", "15", "18", "18", "29", "28", "16", "33", "7", "30", "28", "27", "24", "25", "18", "29", 0, 0, "35", "30", "19", "13", "14", "21", "18", "31", "25", "25", "30", "18", "26", "35", "21", "30", "26", "19", 0, 0], "AVG TOI/SH": ["00:43", "00:37", "00:39", "00:31", "00:42", "00:37", "00:43", "00:44", "00:42", "00:42", "00:45", "00:37", "00:51", "00:43", "00:47", "00:38", "00:38", "00:52", 0, 0, "00:47", "00:37", "00:38", "00:40", "00:43", "00:43", "00:37", "00:42", "00:45", "00:36", "00:33", "00:37", "00:46", "00:51", "00:38", "00:34", "00:42", "00:42", 0, 0], "PP": ["02:10", "02:44", "00:00", "00:00", "00:09", "00:00", "01:46", "02:33", "00:00", "00:00", "00:00", "00:48", "02:12", "02:18", "01:39", "01:27", "00:00", "02:14", 0, "04:00", "00:20", "00:00", "00:00", "00:00", "00:00", "01:40", "00:20", "00:00", "01:40", "00:20", "00:20", "00:00", "01:40", "01:40", "00:00", "00:20", "00:00", "01:40", "02:00", 0], "SH": ["01:25", "00:24", "00:20", "01:40", "00:20", "00:35", "00:00", "00:00", "00:00", "01:16", "00:00", "01:40", "00:20", "00:00", "00:00", "00:00", "00:00", "00:00", 0, "02:00", "02:34", "01:26", "00:00", "00:00", "00:00", "00:00", "00:00", "01:26", "00:00", "00:00", "01:34", "02:06", "00:28", "02:34", "00:55", "01:00", "01:57", "00:00", "04:00", 0], "EV": ["18:57", "13:09", "16:15", "06:19", "12:17", "10:40", "19:19", "18:26", "11:14", "21:51", "05:21", "16:24", "21:37", "17:03", "17:20", "14:33", "11:28", "23:10", 0, "55:51", "25:05", "17:32", "12:20", "08:47", "10:07", "13:41", "10:48", "20:23", "17:20", "14:43", "14:55", "09:10", "18:03", "25:34", "12:29", "15:57", "16:37", "11:53", "55:51", 0], "S": [0, "1", 0, 0, "2", 0, "3", 0, "2", 0, 0, "3", "7", "4", 0, "1", "2", "4", 0, 0, "3", "1", "1", 0, 0, "3", "3", "2", "4", "1", "2", "1", "3", "3", "3", "2", "3", "2", 0, 0], "A/B": ["1", 0, 0, 0, 0, "1", "1", "2", 0, 0, 0, "2", "1", "2", 0, 0, 0, "1", 0, 0, "2", 0, "1", "1", 0, "1", "1", "2", "2", 0, "3", 0, "2", "2", 0, "1", "3", 0, 0, 0], "MS": ["2", 0, 0, 0, 0, 0, 0, "1", 0, 0, 0, 0, 0, "1", "1", "2", 0, "1", 0, 0, 0, 0, "1", "1", 0, "1", "2", "2", "2", "3", 0, 0, "1", 0, 0, "4", "3", "1", 0, 0], "HT": ["1", "2", "3", "2", "1", "3", "4", 0, "1", 0, 0, "1", 0, 0, 0, 0, "2", 0, 0, 0, "2", "2", "1", "3", "1", "1", 0, 0, 0, "1", 0, "1", "1", 0, "2", 0, 0, "3", 0, 0], "GV": [0, 0, 0, 0, "1", 0, "1", 0, 0, 0, 0, 0, 0, "1", 0, "2", 0, "3", 0, 0, 0, 0, 0, 0, "1", 0, 0, "2", 0, 0, 0, 0, "1", "2", 0, "2", "1", "3", 0, 0], "TK": [0, 0, 0, 0, 0, 0, 0, 0, 0, 0, 0, "1", 0, 0, 0, 0, 0, "2", 0, 0, "1", 0, 0, "1", 0, 0, 0, 0, "1", 0, 0, 0, 0, "1", 0, "2", 0, 0, 0, 0], "BS": ["2", "1", "5", "1", "1", "1", "2", 0, "1", "2", 0, "1", "1", 0, 0, 0, "2", "1", 0, 0, "2", "1", "2", "1", 0, 0, 0, "2", 0, 0, "1", 0, 0, "1", 0, "1", 0, 0, 0, 0], "FW": [0, 0, 0, "8", "1", 0, 0, 0, "3", 0, 0, 0, "18", "9", 0, 0, 0, 0, 0, 0, 0, 0, 0, 0, 0, "6", 0, 0, "12", 0, "9", "1", "0", 0, "5", 0, 0, 0, 0, 0], "FL": [0, 0, 0, "4", "0", 0, 0, 0, "4", 0, 0, 0, "15", "10", 0, 0, 0, 0, 0, 0, 0, 0, 0, 0, 0, "8", 0, 0, "6", 0, "18", "2", "1", 0, "4", 0, 0, 0, 0, 0], "F%": [0, 0, 0, "67", "100", 0, 0, 0, "43", 0, 0, 0, "55", "47", 0, 0, 0, 0, 0, 0, 0, 0, 0, 0, 0, "43", 0, 0, "67", 0, "33", "33", "0", 0, "56", 0, 0, 0, 0, 0], "team": ["TORONTO MAPLE LEAFS ", "TORONTO MAPLE LEAFS ", "TORONTO MAPLE LEAFS ", "TORONTO MAPLE LEAFS ", "TORONTO MAPLE LEAFS ", "TORONTO MAPLE LEAFS ", "TORONTO MAPLE LEAFS ", "TORONTO MAPLE LEAFS ", "TORONTO MAPLE LEAFS ", "TORONTO MAPLE LEAFS ", "TORONTO MAPLE LEAFS ", "TORONTO MAPLE LEAFS ", "TORONTO MAPLE LEAFS ", "TORONTO MAPLE LEAFS ", "TORONTO MAPLE LEAFS ", "TORONTO MAPLE LEAFS ", "TORONTO MAPLE LEAFS ", "TORONTO MAPLE LEAFS ", "TORONTO MAPLE LEAFS ", "TORONTO MAPLE LEAFS ", "NEW YORK RANGERS ", "NEW YORK RANGERS ", "NEW YORK RANGERS ", "NEW YORK RANGERS ", "NEW YORK RANGERS ", "NEW YORK RANGERS ", "NEW YORK RANGERS ", "NEW YORK RANGERS ", "NEW YORK RANGERS ", "NEW YORK RANGERS ", "NEW YORK RANGERS ", "NEW YORK RANGERS ", "NEW YORK RANGERS ", "NEW YORK RANGERS ", "NEW YORK RANGERS ", "NEW YORK RANGERS ", "NEW YORK RANGERS ", "NEW YORK RANGERS ", "NEW YORK RANGERS ", "NEW YORK RANGERS "], "GA": [0, 0, 0, 0, 0, 0, 0, 0, 0, 0, 0, 0, 0, 0, 0, 0, 0, 0, 0.0, "2", 0, 0, 0, 0, 0, 0, 0, 0, 0, 0, 0, 0, 0, 0, 0, 0, 0, 0, "3", 0], "SA": [0, 0, 0, 0, 0, 0, 0, 0, 0, 0, 0, 0, 0, 0, 0, 0, 0, 0, 0.0, "37", 0, 0, 0, 0, 0, 0, 0, 0, 0, 0, 0, 0, 0, 0, 0, 0, 0, 0, "29", 0]}}