{"game_info": {"date": "2013-11-19", "visitor": "ST. LOUIS BLUES ", "home": "BUFFALO SABRES ", "game_id": 312, "status": "final"}, "player_stats": {"number": ["5", "9", "10", "12", "17", "19", "20", "22", "25", "27", "28", "40", "42", "46", "56", "74", "75", "91", "1", "41", "3", "4", "6", "8", "9", "10", "19", "20", "21", "23", "26", "28", "32", "57", "63", "65", "78", "82", "1", "30"], "position": ["D", "C", "L", "C", "C", "D", "C", "D", "R", "D", "D", "C", "R", "D", "L", "C", "R", "R", "G", "G", "D", "D", "D", "C", "C", "D", "C", "D", "R", "L", "L", "C", "L", "D", "C", "C", "R", "L", "G", "G"], "name": ["JACKMAN, BARRET", "SCHWARTZ, JADEN", "MORROW, BRENDEN", "ROY, DEREK", "SOBOTKA, VLADIMIR", "BOUWMEESTER, JAY", "STEEN, ALEXANDER", "SHATTENKIRK, KEVIN", "STEWART, CHRIS", "PIETRANGELO, ALEX", "COLE, IAN", "LAPIERRE, MAXIM", "BACKES, DAVID", "POLAK, ROMAN", "PAAJARVI, MAGNUS", "OSHIE, T.J.", "REAVES, RYAN", "TARASENKO, VLADIMIR", "ELLIOTT, BRIAN", "HALAK, JAROSLAV", "PYSYK, MARK", "MCBAIN, JAMIE", "WEBER, MIKE", "MCCORMICK, CODY", "OTT, STEVE", "EHRHOFF, CHRISTIAN", "HODGSON, CODY", "TALLINDER, HENRIK", "STAFFORD, DREW", "LEINO, VILLE", "MOULSON, MATT", "GIRGENSONS, ZEMGUS", "SCOTT, JOHN", "MYERS, TYLER", "ENNIS, TYLER", "FLYNN, BRIAN", "TROPP, COREY", "FOLIGNO, MARCUS", "ENROTH, JHONAS", "MILLER, RYAN"], "G": [0, 0, "2", 0, 0, 0, 0, 0, 0, 0, 0, 0, 0, 0, "1", 0, 0, "1", 0, 0, 0, 0, 0, 0, 0, 0, 0, 0, 0, 0, 0, 0, 0, 0, "1", 0, 0, 0, 0, 0], "A": [0, "1", 0, "1", 0, "1", 0, 0, "2", 0, 0, 0, 0, "1", 0, "1", "1", 0, 0, 0, 0, 0, 0, 0, 0, 0, 0, "1", 0, "1", 0, 0, 0, 0, 0, 0, 0, 0, 0, 0], "P": [0, "1", "2", "1", 0, "1", 0, 0, "2", 0, 0, 0, 0, "1", "1", "1", "1", "1", 0, 0, 0, 0, 0, 0, 0, 0, 0, "1", 0, "1", 0, 0, 0, 0, "1", 0, 0, 0, 0, 0], "+/-": ["+1", "-1", "+2", "+2", "-1", 0, 0, "+1", "+2", "-1", "+2", "+1", 0, "+1", "+1", 0, "+1", "-1", 0, 0, "-3", 0, 0, "-2", "+1", "-3", 0, "+1", 0, "+1", 0, "-1", "-2", "+1", "+1", "-1", "-2", "-1", 0, 0], "PN": [0, 0, 0, 0, 0, 0, 0, 0, "1", 0, 0, 0, 0, 0, 0, 0, 0, "1", 0, 0, 0, 0, 0, 0, "1", 0, 0, 0, 0, 0, 0, 0, 0, 0, "2", 0, 0, 0, 0, 0], "PIM": [0, 0, 0, 0, 0, 0, 0, 0, "2", 0, 0, 0, 0, 0, 0, 0, 0, "2", 0, 0, 0, 0, 0, 0, "2", 0, 0, 0, 0, 0, 0, 0, 0, 0, "4", 0, 0, 0, 0, 0], "TOT": ["20:15", "16:01", "14:02", "14:19", "16:54", "19:21", "19:14", "21:42", "14:37", "20:41", "16:52", "12:35", "20:49", "17:50", "10:03", "18:09", "08:51", "13:45", 0, "60:00", "19:40", "20:41", "20:19", "09:58", "18:59", "19:24", "18:49", "20:50", "18:44", "15:46", "19:37", "15:06", "05:16", "19:06", "14:44", "15:36", "08:31", "13:00", 0, "60:00"], "SHF": ["25", "24", "20", "20", "24", "30", "26", "28", "20", "31", "21", "17", "26", "21", "13", "24", "12", "22", 0, 0, "27", "23", "23", "16", "22", "27", "20", "26", "23", "20", "20", "21", "9", "26", "20", "21", "14", "16", 0, 0], "AVG TOI/SH": ["00:48", "00:40", "00:42", "00:42", "00:42", "00:38", "00:44", "00:46", "00:43", "00:40", "00:48", "00:44", "00:48", "00:50", "00:46", "00:45", "00:44", "00:37", 0, 0, "00:43", "00:53", "00:53", "00:37", "00:51", "00:43", "00:56", "00:48", "00:48", "00:47", "00:58", "00:43", "00:35", "00:44", "00:44", "00:44", "00:36", "00:48", 0, 0], "PP": ["00:00", "01:15", "00:56", "03:19", "02:21", "02:07", "03:19", "04:01", "02:21", "02:21", "00:00", "00:00", "03:19", "00:00", "00:00", "03:33", "00:00", "00:38", 0, "05:54", "01:13", "02:04", "00:04", "00:00", "01:14", "02:43", "02:43", "00:03", "01:14", "01:41", "02:43", "00:03", "00:00", "01:53", "02:16", "00:03", "00:00", "00:03", 0, "04:00"], "SH": ["02:13", "02:13", "00:03", "00:03", "01:53", "01:44", "00:34", "00:20", "00:00", "01:44", "00:03", "01:10", "00:54", "01:56", "00:00", "01:10", "00:00", "00:00", 0, "04:00", "02:36", "00:54", "00:54", "01:53", "01:52", "02:36", "00:00", "02:24", "01:18", "00:00", "00:00", "02:11", "00:00", "02:24", "00:00", "02:43", "01:51", "00:00", 0, "05:54"], "EV": ["18:02", "12:33", "13:03", "10:57", "12:40", "15:30", "15:21", "17:21", "12:16", "16:36", "16:49", "11:25", "16:36", "15:54", "10:03", "13:26", "08:51", "13:07", 0, "50:06", "15:51", "17:43", "19:21", "08:05", "15:53", "14:05", "16:06", "18:23", "16:12", "14:05", "16:54", "12:52", "05:16", "14:49", "12:28", "12:50", "06:40", "12:57", 0, "50:06"], "S": ["1", "2", "2", 0, "1", "1", "6", 0, "2", "1", "2", "1", "2", "1", "1", "4", 0, "4", 0, 0, 0, "1", 0, 0, "1", "3", 0, "1", "3", "3", "4", 0, 0, "2", "3", "1", 0, "2", 0, 0], "A/B": ["1", 0, 0, "2", "2", 0, "1", 0, 0, "3", "1", "1", "2", 0, "1", "1", "1", "1", 0, 0, "1", "2", 0, 0, "3", 0, 0, "1", 0, 0, "3", "2", 0, 0, 0, "1", 0, 0, 0, 0], "MS": [0, 0, 0, "3", "1", "2", "2", "1", "1", 0, 0, "1", "2", 0, 0, "1", 0, "1", 0, 0, "1", "1", "2", 0, 0, "1", 0, "1", "1", 0, "1", 0, 0, "1", 0, 0, 0, 0, 0, 0], "HT": ["3", 0, "2", 0, "2", 0, 0, 0, "3", "1", "1", 0, "1", "2", "1", 0, "1", 0, 0, 0, "3", 0, "5", "3", "7", "1", 0, 0, 0, 0, "1", "4", "2", 0, "3", "1", "1", "2", 0, 0], "GV": [0, 0, 0, 0, 0, 0, 0, 0, 0, 0, 0, 0, 0, 0, 0, 0, 0, 0, 0, 0, 0, 0, "1", 0, 0, "1", "1", "1", 0, 0, 0, 0, 0, 0, 0, 0, 0, "2", 0, 0], "TK": [0, 0, 0, "1", 0, 0, "1", 0, 0, 0, 0, 0, "1", 0, 0, 0, 0, 0, 0, 0, 0, 0, 0, 0, 0, 0, "1", "2", 0, 0, "2", "1", 0, "1", 0, 0, 0, "1", 0, 0], "BS": [0, "1", 0, 0, 0, "1", "2", "2", 0, "1", "3", 0, "1", "1", 0, "1", 0, 0, 0, 0, "2", "1", "3", 0, 0, "2", "1", "2", 0, 0, "1", 0, 0, "3", 0, "1", "1", 0, 0, 0], "FW": [0, 0, "1", "7", "6", 0, "1", 0, "1", 0, 0, "5", "6", 0, 0, 0, 0, 0, 0, 0, 0, 0, 0, "4", "3", 0, "9", 0, 0, "7", 0, "7", 0, 0, "0", 0, 0, 0, 0, 0], "FL": [0, 0, "0", "7", "8", 0, "4", 0, "0", 0, 0, "3", "8", 0, 0, 0, 0, 0, 0, 0, 0, 0, 0, "5", "1", 0, "7", 0, 0, "9", 0, "4", 0, 0, "1", 0, 0, 0, 0, 0], "F%": [0, 0, "100", "50", "43", 0, "20", 0, "100", 0, 0, "63", "43", 0, 0, 0, 0, 0, 0, 0, 0, 0, 0, "44", "75", 0, "56", 0, 0, "44", 0, "64", 0, 0, "0", 0, 0, 0, 0, 0], "team": ["ST. LOUIS BLUES ", "ST. LOUIS BLUES ", "ST. LOUIS BLUES ", "ST. LOUIS BLUES ", "ST. LOUIS BLUES ", "ST. LOUIS BLUES ", "ST. LOUIS BLUES ", "ST. LOUIS BLUES ", "ST. LOUIS BLUES ", "ST. LOUIS BLUES ", "ST. LOUIS BLUES ", "ST. LOUIS BLUES ", "ST. LOUIS BLUES ", "ST. LOUIS BLUES ", "ST. LOUIS BLUES ", "ST. LOUIS BLUES ", "ST. LOUIS BLUES ", "ST. LOUIS BLUES ", "ST. LOUIS BLUES ", "ST. LOUIS BLUES ", "BUFFALO SABRES ", "BUFFALO SABRES ", "BUFFALO SABRES ", "BUFFALO SABRES ", "BUFFALO SABRES ", "BUFFALO SABRES ", "BUFFALO SABRES ", "BUFFALO SABRES ", "BUFFALO SABRES ", "BUFFALO SABRES ", "BUFFALO SABRES ", "BUFFALO SABRES ", "BUFFALO SABRES ", "BUFFALO SABRES ", "BUFFALO SABRES ", "BUFFALO SABRES ", "BUFFALO SABRES ", "BUFFALO SABRES ", "BUFFALO SABRES ", "BUFFALO SABRES "], "GA": [0, 0, 0, 0, 0, 0, 0, 0, 0, 0, 0, 0, 0, 0, 0, 0, 0, 0, 0.0, "1", 0, 0, 0, 0, 0, 0, 0, 0, 0, 0, 0, 0, 0, 0, 0, 0, 0, 0, 0, "4"], "SA": [0, 0, 0, 0, 0, 0, 0, 0, 0, 0, 0, 0, 0, 0, 0, 0, 0, 0, 0.0, "24", 0, 0, 0, 0, 0, 0, 0, 0, 0, 0, 0, 0, 0, 0, 0, 0, 0, 0, 0, "31"]}}