{"game_info": {"date": "2014-04-12", "visitor": "COLUMBUS BLUE JACKETS ", "home": "FLORIDA PANTHERS ", "game_id": 1216, "status": "final"}, "player_stats": {"number": ["5", "6", "7", "11", "13", "14", "17", "19", "21", "24", "26", "38", "40", "42", "47", "51", "55", "58", "31", "72", "4", "7", "11", "12", "14", "15", "17", "19", "20", "24", "27", "42", "44", "47", "51", "55", "67", "73", "1", "39"], "position": ["R", "D", "D", "L", "R", "L", "C", "C", "D", "C", "R", "C", "R", "C", "D", "D", "C", "D", "G", "G", "D", "D", "C", "R", "L", "C", "C", "R", "L", "R", "C", "C", "D", "D", "D", "D", "C", "C", "G", "G"], "name": ["SKILLE, JACK", "NIKITIN, NIKITA", "JOHNSON, JACK", "CALVERT, MATT", "ATKINSON, CAM", "COMEAU, BLAKE", "DUBINSKY, BRANDON", "JOHANSEN, RYAN", "WISNIEWSKI, JAMES", "MACKENZIE, DEREK", "TROPP, COREY", "JENNER, BOONE", "BOLL, JARED", "ANISIMOV, ARTEM", "PROUT, DALTON", "TYUTIN, FEDOR", "LETESTU, MARK", "SAVARD, DAVID", "MCELHINNEY, CURTIS", "BOBROVSKY, SERGEI", "OLSEN, DYLAN", "KULIKOV, DMITRY", "HUBERDEAU, JONATHAN", "HAYES, JIMMY", "FLEISCHMANN, TOMAS", "SHORE, DREW", "WINCHESTER, JESSE", "UPSHALL, SCOTTIE", "BERGENHEIM, SEAN", "BOYES, BRAD", "BJUGSTAD, NICK", "HOWDEN, QUINTON", "GUDBRANSON, ERIK", "ROBAK, COLBY", "CAMPBELL, BRIAN", "JOVANOVSKI, ED", "TROCHECK, VINCENT", "PIRRI, BRANDON", "LUONGO, ROBERTO", "ELLIS, DAN"], "G": [0, 0, 0, 0, "1", 0, 0, "1", 0, 0, 0, 0, 0, 0, 0, 0, "1", 0, 0, 0, 0, 0, 0, "1", 0, 0, 0, 0, 0, 0, 0, 0, 0, 0, 0, 0, "1", 0, 0, 0], "A": [0, 0, "1", "1", 0, 0, "1", "1", "1", 0, 0, "1", 0, 0, 0, 0, 0, 0, 0, 0, 0, 0, 0, 0, 0, 0, 0, 0, 0, 0, 0, 0, 0, 0, "1", 0, 0, "1", 0, 0], "P": [0, 0, "1", "1", "1", 0, "1", "2", "1", 0, 0, "1", 0, 0, 0, 0, "1", 0, 0, 0, 0, 0, 0, "1", 0, 0, 0, 0, 0, 0, 0, 0, 0, 0, "1", 0, "1", "1", 0, 0], "+/-": [0, "-1", "-2", "+1", 0, 0, 0, 0, "-1", 0, 0, "-1", 0, "-1", 0, 0, "-1", "+1", 0, 0, 0, "-1", 0, "+1", "-1", 0, 0, "-1", 0, "+1", 0, 0, "+2", 0, "+2", "-1", "+1", "+1", 0, 0], "PN": [0, 0, 0, 0, "1", "1", 0, 0, 0, 0, 0, 0, "1", 0, 0, "1", 0, 0, 0, 0, 0, 0, 0, 0, "1", 0, 0, 0, 0, "1", 0, "1", 0, 0, 0, "3", 0, 0, 0, 0], "PIM": [0, 0, 0, 0, "2", "2", 0, 0, 0, 0, 0, 0, "2", 0, 0, "2", 0, 0, 0, 0, 0, 0, 0, 0, "2", 0, 0, 0, 0, "2", 0, "2", 0, 0, 0, "17", 0, 0, 0, 0], "TOT": ["10:19", "15:18", "25:22", "17:46", "16:30", "12:26", "18:29", "18:09", "24:36", "14:09", "07:43", "18:13", "06:19", "14:21", "14:50", "20:02", "17:20", "20:08", 0, "60:00", "11:14", "27:58", "12:05", "12:41", "13:36", "15:14", "11:42", "15:54", "18:00", "16:30", "16:24", "09:00", "24:58", "20:57", "27:08", "04:41", "17:35", "13:16", "59:12", 0], "SHF": ["15", "20", "27", "24", "23", "17", "26", "22", "27", "21", "11", "23", "9", "22", "19", "25", "22", "24", 0, 0, "17", "35", "14", "15", "20", "18", "16", "22", "22", "22", "21", "13", "29", "28", "32", "9", "23", "16", 0, 0], "AVG TOI/SH": ["00:41", "00:45", "00:56", "00:44", "00:43", "00:43", "00:42", "00:49", "00:54", "00:40", "00:42", "00:47", "00:42", "00:39", "00:46", "00:48", "00:47", "00:50", 0, 0, "00:39", "00:47", "00:51", "00:50", "00:40", "00:50", "00:43", "00:43", "00:49", "00:45", "00:46", "00:41", "00:51", "00:44", "00:50", "00:31", "00:45", "00:49", 0, 0], "PP": ["00:48", "00:00", "07:48", "04:03", "04:27", "00:00", "04:31", "06:44", "07:18", "00:44", "00:00", "06:37", "00:00", "01:15", "00:00", "04:14", "06:36", "04:30", 0, "11:55", "00:00", "03:40", "00:35", "03:43", "03:03", "00:35", "00:00", "00:35", "03:42", "03:25", "03:25", "00:00", "04:28", "00:29", "04:20", "00:00", "04:00", "04:00", "08:00", 0], "SH": ["00:00", "02:16", "04:03", "02:07", "00:34", "01:11", "02:21", "00:06", "04:03", "03:31", "00:00", "00:06", "00:00", "02:58", "02:16", "01:41", "03:06", "01:41", 0, "08:00", "00:37", "06:45", "00:00", "00:00", "02:20", "04:24", "04:53", "03:06", "01:24", "01:03", "00:00", "03:02", "05:05", "06:06", "04:34", "00:43", "03:38", "00:00", "11:55", 0], "EV": ["09:31", "13:02", "13:31", "11:36", "11:29", "11:15", "11:37", "11:19", "13:15", "09:54", "07:43", "11:30", "06:19", "10:08", "12:34", "14:07", "07:38", "13:57", 0, "40:05", "10:37", "17:33", "11:30", "08:58", "08:13", "10:15", "06:49", "12:13", "12:54", "12:02", "12:59", "05:58", "15:25", "14:22", "18:14", "03:58", "09:57", "09:16", "39:17", 0], "S": ["2", "2", "1", "2", "5", "2", "1", "4", "2", "1", "1", "6", 0, 0, 0, "6", "2", "1", 0, 0, "6", 0, "2", "4", "3", "1", 0, 0, "1", "2", "4", "1", "3", 0, "2", 0, "4", "2", 0, 0], "A/B": ["1", 0, 0, "2", 0, 0, "2", "2", 0, 0, 0, "1", 0, "1", 0, "2", 0, 0, 0, 0, "1", 0, 0, 0, 0, 0, 0, "1", 0, 0, "1", 0, "3", 0, 0, 0, 0, "2", 0, 0], "MS": [0, 0, "1", "3", 0, "1", "1", "1", "2", 0, 0, 0, 0, "1", 0, "1", 0, "1", 0, 0, 0, 0, "1", "1", 0, 0, 0, 0, 0, "1", "1", 0, 0, 0, "1", 0, "1", "1", 0, 0], "HT": ["1", "1", "2", "3", 0, "2", "2", "1", "1", "7", "2", "2", "3", "1", 0, "1", 0, "2", 0, 0, "1", "1", "2", "1", "1", "1", 0, "1", "2", 0, "1", "1", "4", 0, "1", "1", "1", 0, 0, 0], "GV": [0, 0, "1", 0, 0, 0, 0, 0, 0, 0, 0, "1", 0, 0, 0, 0, 0, 0, 0, 0, 0, "1", 0, 0, 0, "1", 0, 0, 0, 0, "1", 0, 0, 0, "1", 0, 0, 0, 0, 0], "TK": [0, 0, "1", "1", "1", 0, "1", "1", 0, 0, 0, "1", 0, "1", 0, 0, "1", 0, 0, 0, 0, "1", "1", 0, 0, 0, 0, 0, 0, 0, 0, 0, 0, 0, "2", 0, "2", 0, 0, 0], "BS": [0, "1", "2", 0, 0, 0, 0, 0, "1", 0, 0, 0, 0, "1", 0, "1", 0, "2", 0, 0, 0, "2", 0, 0, 0, 0, 0, "2", 0, 0, 0, 0, "2", 0, "1", "2", 0, "2", 0, 0], "FW": [0, 0, 0, 0, 0, "1", "9", "7", 0, "4", 0, 0, 0, "0", 0, 0, "5", 0, 0, 0, 0, 0, 0, 0, 0, "7", "1", "1", 0, 0, "5", "0", 0, 0, 0, 0, "11", "3", 0, 0], "FL": [0, 0, 0, 0, 0, "0", "9", "9", 0, "2", 0, 0, 0, "1", 0, 0, "7", 0, 0, 0, 0, 0, 0, 0, 0, "6", "3", "3", 0, 0, "6", "1", 0, 0, 0, 0, "1", "6", 0, 0], "F%": [0, 0, 0, 0, 0, "100", "50", "44", 0, "67", 0, 0, 0, "0", 0, 0, "42", 0, 0, 0, 0, 0, 0, 0, 0, "54", "25", "25", 0, 0, "45", "0", 0, 0, 0, 0, "92", "33", 0, 0], "team": ["COLUMBUS BLUE JACKETS ", "COLUMBUS BLUE JACKETS ", "COLUMBUS BLUE JACKETS ", "COLUMBUS BLUE JACKETS ", "COLUMBUS BLUE JACKETS ", "COLUMBUS BLUE JACKETS ", "COLUMBUS BLUE JACKETS ", "COLUMBUS BLUE JACKETS ", "COLUMBUS BLUE JACKETS ", "COLUMBUS BLUE JACKETS ", "COLUMBUS BLUE JACKETS ", "COLUMBUS BLUE JACKETS ", "COLUMBUS BLUE JACKETS ", "COLUMBUS BLUE JACKETS ", "COLUMBUS BLUE JACKETS ", "COLUMBUS BLUE JACKETS ", "COLUMBUS BLUE JACKETS ", "COLUMBUS BLUE JACKETS ", "COLUMBUS BLUE JACKETS ", "COLUMBUS BLUE JACKETS ", "FLORIDA PANTHERS ", "FLORIDA PANTHERS ", "FLORIDA PANTHERS ", "FLORIDA PANTHERS ", "FLORIDA PANTHERS ", "FLORIDA PANTHERS ", "FLORIDA PANTHERS ", "FLORIDA PANTHERS ", "FLORIDA PANTHERS ", "FLORIDA PANTHERS ", "FLORIDA PANTHERS ", "FLORIDA PANTHERS ", "FLORIDA PANTHERS ", "FLORIDA PANTHERS ", "FLORIDA PANTHERS ", "FLORIDA PANTHERS ", "FLORIDA PANTHERS ", "FLORIDA PANTHERS ", "FLORIDA PANTHERS ", "FLORIDA PANTHERS "], "GA": [0, 0, 0, 0, 0, 0, 0, 0, 0, 0, 0, 0, 0, 0, 0, 0, 0, 0, 0.0, "2", 0, 0, 0, 0, 0, 0, 0, 0, 0, 0, 0, 0, 0, 0, 0, 0, 0, 0, "3", 0], "SA": [0, 0, 0, 0, 0, 0, 0, 0, 0, 0, 0, 0, 0, 0, 0, 0, 0, 0, 0.0, "35", 0, 0, 0, 0, 0, 0, 0, 0, 0, 0, 0, 0, 0, 0, 0, 0, 0, 0, "38", 0]}}