{"game_info": {"date": "2013-10-30", "visitor": "DETROIT RED WINGS ", "home": "VANCOUVER CANUCKS ", "game_id": 186, "status": "final"}, "player_stats": {"number": ["2", "4", "8", "11", "13", "17", "18", "20", "21", "23", "27", "40", "41", "44", "55", "65", "71", "90", "35", "50", "2", "3", "5", "6", "8", "9", "13", "14", "15", "17", "18", "20", "22", "23", "25", "29", "33", "49", "1", "31"], "position": ["D", "D", "L", "R", "C", "R", "C", "L", "C", "D", "D", "L", "C", "R", "D", "D", "R", "C", "G", "G", "D", "D", "D", "D", "D", "R", "C", "L", "R", "C", "D", "L", "L", "D", "C", "L", "C", "R", "G", "G"], "name": ["SMITH, BRENDAN", "KINDL, JAKUB", "ABDELKADER, JUSTIN", "ALFREDSSON, DANIEL", "DATSYUK, PAVEL", "EAVES, PATRICK", "ANDERSSON, JOAKIM", "MILLER, DREW", "TATAR, TOMAS", "LASHOFF, BRIAN", "QUINCEY, KYLE", "ZETTERBERG, HENRIK", "GLENDENING, LUKE", "BERTUZZI, TODD", "KRONWALL, NIKLAS", "DEKEYSER, DANNY", "CLEARY, DANIEL", "WEISS, STEPHEN", "HOWARD, JIMMY", "GUSTAVSSON, JONAS", "HAMHUIS, DAN", "BIEKSA, KEVIN", "GARRISON, JASON", "WEBER, YANNICK", "TANEV, CHRISTOPHER", "KASSIAN, ZACK", "WELSH, JEREMY", "BURROWS, ALEXANDRE", "RICHARDSON, BRAD", "KESLER, RYAN", "STANTON, RYAN", "HIGGINS, CHRIS", "SEDIN, DANIEL", "EDLER, ALEXANDER", "SANTORELLI, MIKE", "SESTITO, TOM", "SEDIN, HENRIK", "ARCHIBALD, DARREN", "LUONGO, ROBERTO", "LACK, EDDIE"], "G": [0, 0, 0, "1", 0, 0, 0, 0, "1", 0, 0, 0, 0, 0, 0, 0, 0, 0, 0, 0, 0, 0, 0, 0, 0, 0, 0, 0, 0, 0, 0, 0, "1", 0, 0, 0, 0, 0, 0, 0], "A": ["1", 0, 0, 0, 0, 0, 0, 0, 0, 0, "1", 0, 0, 0, "1", "1", 0, 0, 0, 0, 0, 0, 0, 0, 0, 0, 0, 0, 0, 0, "1", 0, 0, 0, 0, 0, "1", 0, 0, 0], "P": ["1", 0, 0, "1", 0, 0, 0, 0, "1", 0, "1", 0, 0, 0, "1", "1", 0, 0, 0, 0, 0, 0, 0, 0, 0, 0, 0, 0, 0, 0, "1", 0, "1", 0, 0, 0, "1", 0, 0, 0], "+/-": ["+2", "-1", 0, "+1", "+1", "-1", 0, "-1", "+1", 0, "+1", "+1", "-1", 0, 0, 0, "+1", "+1", 0, 0, "+1", "-1", 0, 0, 0, 0, 0, "-2", 0, 0, "-1", "-2", "+1", "-1", "-2", "+1", "+1", 0, 0, 0], "PN": ["2", 0, 0, 0, 0, 0, 0, 0, 0, 0, 0, 0, 0, "1", "1", 0, 0, 0, 0, 0, "1", 0, 0, 0, 0, 0, 0, 0, 0, 0, 0, 0, "1", 0, 0, 0, "1", 0, 0, 0], "PIM": ["4", 0, 0, 0, 0, 0, 0, 0, 0, 0, 0, 0, 0, "2", "2", 0, 0, 0, 0, 0, "2", 0, 0, 0, 0, 0, 0, 0, 0, 0, 0, 0, "2", 0, 0, 0, "2", 0, 0, 0], "TOT": ["16:27", "14:58", "12:02", "16:59", "23:21", "07:23", "15:05", "09:49", "12:54", "12:56", "18:38", "22:51", "08:15", "18:34", "28:58", "26:42", "14:17", "13:25", "60:00", 0, "20:57", "23:15", "22:52", "03:13", "16:46", "09:38", "08:25", "19:17", "09:32", "25:20", "12:28", "19:36", "24:10", "24:08", "22:25", "02:28", "26:42", "04:53", "58:37", 0], "SHF": ["26", "21", "15", "20", "25", "13", "21", "15", "16", "20", "30", "24", "14", "23", "35", "35", "20", "18", 0, 0, "26", "25", "27", "6", "23", "14", "14", "25", "17", "27", "16", "25", "28", "28", "28", "5", "28", "7", 0, 0], "AVG TOI/SH": ["00:37", "00:42", "00:48", "00:50", "00:56", "00:34", "00:43", "00:39", "00:48", "00:38", "00:37", "00:57", "00:35", "00:48", "00:49", "00:45", "00:42", "00:44", 0, 0, "00:48", "00:55", "00:50", "00:32", "00:43", "00:41", "00:36", "00:46", "00:33", "00:56", "00:46", "00:47", "00:51", "00:51", "00:48", "00:29", "00:57", "00:41", 0, 0], "PP": ["00:06", "00:54", "00:00", "01:27", "02:46", "00:00", "00:00", "00:00", "00:54", "00:00", "01:33", "02:40", "00:00", "01:48", "02:29", "01:09", "01:58", "01:06", "03:46", 0, "02:09", "02:37", "02:17", "00:00", "00:00", "00:04", "00:04", "02:30", "00:04", "02:20", "00:07", "02:11", "02:39", "02:38", "02:30", "00:00", "02:20", "00:00", "04:54", 0], "SH": ["00:09", "00:00", "00:00", "00:00", "00:12", "01:54", "02:15", "02:51", "00:00", "01:47", "01:56", "00:00", "02:18", "00:00", "02:58", "02:58", "00:09", "00:09", "04:54", 0, "00:04", "02:35", "00:52", "00:00", "01:11", "00:00", "00:00", "00:48", "00:29", "02:25", "00:00", "01:47", "00:38", "02:50", "00:28", "00:00", "01:33", "00:00", "03:10", 0], "EV": ["16:12", "14:04", "12:02", "15:32", "20:23", "05:29", "12:50", "06:58", "12:00", "11:09", "15:09", "20:11", "05:57", "16:46", "23:31", "22:35", "12:10", "12:10", "51:20", 0, "18:44", "18:03", "19:43", "03:13", "15:35", "09:34", "08:21", "15:59", "08:59", "20:35", "12:21", "15:38", "20:53", "18:40", "19:27", "02:28", "22:49", "04:53", "50:33", 0], "S": [0, "1", "4", "1", "3", "1", "1", 0, "2", 0, "2", "3", "1", "5", "1", "1", 0, "1", 0, 0, "2", "3", "3", 0, "1", 0, 0, "6", "1", 0, 0, "1", "3", 0, 0, 0, 0, 0, 0, 0], "A/B": ["2", "2", "2", "2", "2", 0, "1", 0, "1", 0, "1", "2", 0, 0, 0, "1", "3", 0, 0, 0, "1", "2", 0, 0, 0, 0, "2", "4", "1", "1", 0, 0, "1", "2", "1", 0, 0, 0, 0, 0], "MS": ["1", "2", 0, 0, "3", 0, 0, 0, 0, "1", "1", "2", 0, "1", "1", 0, 0, 0, 0, 0, 0, 0, "1", 0, "1", 0, 0, 0, 0, "2", 0, "2", "1", 0, "3", 0, 0, 0, 0, 0], "HT": [0, 0, "2", "2", 0, "1", "2", "3", 0, "1", 0, "2", 0, "3", 0, 0, 0, 0, 0, 0, "1", 0, 0, "3", 0, 0, "1", 0, 0, "2", 0, "1", 0, "2", "1", 0, 0, 0, 0, 0], "GV": [0, 0, 0, 0, 0, 0, 0, 0, 0, 0, 0, "1", 0, 0, "1", "1", 0, 0, 0, 0, "1", "1", "1", 0, "1", "1", "1", "1", 0, 0, 0, "1", 0, 0, 0, 0, "2", 0, "2", 0], "TK": [0, "1", 0, "1", "1", 0, 0, "1", 0, 0, 0, 0, 0, "1", 0, 0, 0, 0, 0, 0, 0, 0, 0, 0, "1", "1", 0, "1", 0, 0, 0, 0, "1", "1", 0, 0, "1", 0, 0, 0], "BS": [0, "1", 0, 0, "1", 0, 0, 0, 0, "2", "2", "1", 0, 0, "5", "2", "1", 0, 0, 0, "1", 0, "2", 0, "2", 0, "1", "1", 0, "1", "1", "2", 0, "6", 0, 0, "1", "1", 0, 0], "FW": [0, 0, 0, 0, "11", 0, "7", 0, 0, 0, 0, 0, "5", 0, 0, 0, 0, "9", 0, 0, 0, 0, 0, 0, 0, 0, "3", "0", "1", "3", 0, 0, 0, 0, "9", "0", "9", 0, 0, 0], "FL": [0, 0, 0, 0, "9", 0, "6", 0, 0, 0, 0, 0, "4", 0, 0, 0, 0, "6", 0, 0, 0, 0, 0, 0, 0, 0, "4", "3", "0", "9", 0, 0, 0, 0, "6", "1", "9", 0, 0, 0], "F%": [0, 0, 0, 0, "55", 0, "54", 0, 0, 0, 0, 0, "56", 0, 0, 0, 0, "60", 0, 0, 0, 0, 0, 0, 0, 0, "43", "0", "100", "25", 0, 0, 0, 0, "60", "0", "50", 0, 0, 0], "team": ["DETROIT RED WINGS ", "DETROIT RED WINGS ", "DETROIT RED WINGS ", "DETROIT RED WINGS ", "DETROIT RED WINGS ", "DETROIT RED WINGS ", "DETROIT RED WINGS ", "DETROIT RED WINGS ", "DETROIT RED WINGS ", "DETROIT RED WINGS ", "DETROIT RED WINGS ", "DETROIT RED WINGS ", "DETROIT RED WINGS ", "DETROIT RED WINGS ", "DETROIT RED WINGS ", "DETROIT RED WINGS ", "DETROIT RED WINGS ", "DETROIT RED WINGS ", "DETROIT RED WINGS ", "DETROIT RED WINGS ", "VANCOUVER CANUCKS ", "VANCOUVER CANUCKS ", "VANCOUVER CANUCKS ", "VANCOUVER CANUCKS ", "VANCOUVER CANUCKS ", "VANCOUVER CANUCKS ", "VANCOUVER CANUCKS ", "VANCOUVER CANUCKS ", "VANCOUVER CANUCKS ", "VANCOUVER CANUCKS ", "VANCOUVER CANUCKS ", "VANCOUVER CANUCKS ", "VANCOUVER CANUCKS ", "VANCOUVER CANUCKS ", "VANCOUVER CANUCKS ", "VANCOUVER CANUCKS ", "VANCOUVER CANUCKS ", "VANCOUVER CANUCKS ", "VANCOUVER CANUCKS ", "VANCOUVER CANUCKS "], "GA": [0, 0, 0, 0, 0, 0, 0, 0, 0, 0, 0, 0, 0, 0, 0, 0, 0, 0, "1", 0, 0, 0, 0, 0, 0, 0, 0, 0, 0, 0, 0, 0, 0, 0, 0, 0, 0, 0, "2", 0], "SA": [0, 0, 0, 0, 0, 0, 0, 0, 0, 0, 0, 0, 0, 0, 0, 0, 0, 0, "20", 0, 0, 0, 0, 0, 0, 0, 0, 0, 0, 0, 0, 0, 0, 0, 0, 0, 0, 0, "27", 0]}}