{"game_info": {"date": "2014-01-18", "visitor": "EDMONTON OILERS ", "home": "WINNIPEG JETS ", "game_id": 725, "status": "final"}, "player_stats": {"number": ["2", "4", "6", "14", "15", "19", "20", "21", "23", "26", "27", "28", "57", "77", "85", "89", "93", "94", "30", "80", "2", "5", "7", "8", "12", "14", "16", "17", "18", "22", "26", "33", "39", "40", "44", "55", "58", "67", "31", "35"], "position": ["D", "L", "L", "C", "D", "D", "L", "D", "C", "R", "C", "L", "L", "D", "D", "C", "C", "L", "G", "G", "D", "D", "D", "D", "C", "R", "L", "C", "C", "R", "R", "D", "D", "R", "D", "C", "C", "R", "G", "G"], "name": ["PETRY, JEFF", "HALL, TAYLOR", "JOENSUU, JESSE", "EBERLE, JORDAN", "SCHULTZ, NICK", "SCHULTZ, JUSTIN", "GAZDIC, LUKE", "FERENCE, ANDREW", "HENDRICKS, MATT", "ARCOBELLO, MARK", "GORDON, BOYD", "JONES, RYAN", "PERRON, DAVID", "BELOV, ANTON", "MARINCIN, MARTIN", "GAGNER, SAM", "NUGENT-HOPKINS, RYAN", "SMYTH, RYAN", "SCRIVENS, BEN", "BRYZGALOV, ILYA", "PARDY, ADAM", "STUART, MARK", "ELLERBY, KEATON", "TROUBA, JACOB", "JOKINEN, OLLI", "PELUSO, ANTHONY", "LADD, ANDREW", "WRIGHT, JAMES", "LITTLE, BRYAN", "THORBURN, CHRIS", "WHEELER, BLAKE", "BYFUGLIEN, DUSTIN", "ENSTROM, TOBIAS", "SETOGUCHI, DEVIN", "BOGOSIAN, ZACH", "SCHEIFELE, MARK", "O'DELL, ERIC", "FROLIK, MICHAEL", "PAVELEC, ONDREJ", "MONTOYA, AL"], "G": [0, 0, 0, "1", 0, 0, 0, 0, 0, 0, 0, 0, "1", 0, 0, 0, 0, 0, 0, 0, 0, 0, 0, "2", 0, 0, 0, 0, 0, 0, 0, 0, 0, 0, 0, "1", 0, 0, 0, 0], "A": ["1", "1", 0, 0, 0, 0, 0, 0, 0, 0, 0, 0, 0, 0, 0, "1", "1", 0, 0, 0, 0, 0, 0, 0, 0, 0, 0, 0, "1", 0, "2", 0, 0, 0, 0, 0, "1", 0, 0, 0], "P": ["1", "1", 0, "1", 0, 0, 0, 0, 0, 0, 0, 0, "1", 0, 0, "1", "1", 0, 0, 0, 0, 0, 0, "2", 0, 0, 0, 0, "1", 0, "2", 0, 0, 0, 0, "1", "1", 0, 0, 0], "+/-": ["-2", "-1", 0, 0, 0, 0, 0, 0, 0, "-1", "-1", "+1", "-1", "-1", "-1", 0, 0, "-2", 0, 0, 0, "+1", "+1", "+2", 0, 0, 0, 0, 0, 0, "+2", "+1", "-1", 0, 0, "+2", "+1", "-1", 0, 0], "PN": ["1", "1", 0, 0, "1", 0, 0, 0, "1", 0, 0, "1", 0, 0, 0, "1", 0, 0, 0, 0, 0, "2", 0, 0, 0, 0, 0, 0, 0, 0, 0, 0, "2", 0, 0, 0, "1", "1", 0, 0], "PIM": ["2", "2", 0, 0, "2", 0, 0, 0, "5", 0, 0, "2", 0, 0, 0, "2", 0, 0, 0, 0, 0, "7", 0, 0, 0, 0, 0, 0, 0, 0, 0, 0, "4", 0, 0, 0, "2", "2", 0, 0], "TOT": ["24:49", "20:12", "04:10", "19:03", "13:44", "22:58", "03:26", "22:52", "13:24", "12:38", "16:27", "15:35", "17:19", "14:35", "18:46", "19:13", "20:20", "15:09", 0, "61:10", "15:02", "17:29", "08:36", "23:32", "19:39", "03:35", "21:03", "07:40", "21:00", "07:24", "19:04", "22:04", "24:36", "15:58", "25:41", "18:05", "08:41", "17:16", "61:10", 0], "SHF": ["28", "22", "5", "24", "17", "28", "5", "26", "20", "17", "25", "20", "22", "19", "22", "25", "25", "20", 0, 0, "17", "23", "9", "29", "27", "5", "30", "13", "29", "11", "27", "24", "29", "20", "29", "23", "12", "25", 0, 0], "AVG TOI/SH": ["00:53", "00:55", "00:50", "00:47", "00:48", "00:49", "00:41", "00:52", "00:40", "00:44", "00:39", "00:46", "00:47", "00:46", "00:51", "00:46", "00:48", "00:45", 0, 0, "00:53", "00:45", "00:57", "00:48", "00:43", "00:43", "00:42", "00:35", "00:43", "00:40", "00:42", "00:55", "00:50", "00:47", "00:53", "00:47", "00:43", "00:41", 0, 0], "PP": ["03:23", "04:39", "00:00", "05:00", "00:00", "04:52", "00:00", "00:13", "00:18", "03:03", "00:18", "00:18", "04:05", "02:45", "00:05", "04:54", "04:25", "02:57", 0, "08:15", "00:00", "00:00", "00:00", "03:05", "05:06", "00:03", "05:35", "00:03", "05:42", "00:00", "04:15", "06:52", "07:23", "03:41", "02:40", "04:15", "00:03", "01:17", "10:00", 0], "SH": ["03:40", "00:00", "00:00", "00:10", "04:23", "01:57", "00:00", "05:44", "04:22", "01:15", "04:58", "03:02", "00:35", "00:00", "04:16", "00:10", "03:28", "02:00", 0, "10:00", "02:13", "02:39", "00:00", "03:53", "02:00", "00:00", "02:39", "03:18", "02:55", "00:00", "02:33", "01:00", "02:36", "00:00", "04:14", "00:11", "00:00", "02:49", "08:15", 0], "EV": ["17:46", "15:33", "04:10", "13:53", "09:21", "16:09", "03:26", "16:55", "08:44", "08:20", "11:11", "12:15", "12:39", "11:50", "14:25", "14:09", "12:27", "10:12", 0, "42:55", "12:49", "14:50", "08:36", "16:34", "12:33", "03:32", "12:49", "04:19", "12:23", "07:24", "12:16", "14:12", "14:37", "12:17", "18:47", "13:39", "08:38", "13:10", "42:55", 0], "S": ["2", "5", 0, "3", 0, "3", 0, 0, "1", "1", "1", "1", "4", 0, 0, "1", 0, 0, 0, 0, "1", "1", 0, "5", "4", "1", "2", "3", "1", 0, 0, "2", "2", "3", "4", "6", "1", "3", 0, 0], "A/B": ["1", "1", 0, 0, 0, "1", 0, "2", 0, "1", 0, "1", "1", "3", "1", "1", "1", 0, 0, 0, "1", 0, 0, "2", "1", 0, "3", 0, "2", "1", "1", "3", "2", 0, "2", 0, 0, "2", 0, 0], "MS": ["1", 0, 0, "1", 0, 0, 0, 0, "2", "1", 0, 0, "1", 0, "1", "1", 0, 0, 0, 0, "1", "1", 0, "1", "1", 0, 0, 0, "1", 0, "3", "3", "2", 0, "4", 0, 0, "2", 0, 0], "HT": ["1", 0, "1", 0, 0, "2", "2", "3", "6", "1", "1", "2", "1", "2", 0, "1", 0, 0, 0, 0, "1", "7", "2", "2", "3", 0, "5", 0, "1", "4", "1", "3", 0, "3", 0, "2", 0, "1", 0, 0], "GV": [0, "1", 0, 0, 0, 0, "1", "1", 0, 0, 0, 0, 0, 0, 0, 0, "1", 0, 0, "2", "3", 0, 0, 0, 0, 0, 0, 0, 0, 0, "1", 0, 0, 0, 0, 0, 0, 0, "2", 0], "TK": [0, 0, 0, 0, 0, 0, 0, 0, 0, 0, "3", 0, "1", 0, 0, 0, 0, 0, 0, 0, 0, "1", 0, "1", "1", 0, 0, 0, 0, "1", 0, "2", 0, 0, 0, "2", "1", 0, 0, 0], "BS": ["2", "1", 0, 0, "1", "1", "1", "5", "2", 0, 0, "2", 0, "1", "2", "1", 0, "1", 0, 0, 0, "2", "1", "1", 0, 0, 0, "2", "2", 0, 0, "1", "2", "1", "1", "1", 0, 0, 0, 0], "FW": [0, 0, "0", 0, 0, 0, 0, 0, 0, "1", "10", 0, 0, 0, 0, "4", "7", "1", 0, 0, 0, 0, 0, 0, "13", 0, 0, "0", "4", 0, 0, 0, 0, 0, 0, "6", "2", 0, 0, 0], "FL": [0, 0, "1", 0, 0, 0, 0, 0, 0, "1", "8", 0, 0, 0, 0, "6", "7", "2", 0, 0, 0, 0, 0, 0, "4", 0, 0, "2", "8", 0, 0, 0, 0, 0, 0, "9", "0", 0, 0, 0], "F%": [0, 0, "0", 0, 0, 0, 0, 0, 0, "50", "56", 0, 0, 0, 0, "40", "50", "33", 0, 0, 0, 0, 0, 0, "76", 0, 0, "0", "33", 0, 0, 0, 0, 0, 0, "40", "100", 0, 0, 0], "team": ["EDMONTON OILERS ", "EDMONTON OILERS ", "EDMONTON OILERS ", "EDMONTON OILERS ", "EDMONTON OILERS ", "EDMONTON OILERS ", "EDMONTON OILERS ", "EDMONTON OILERS ", "EDMONTON OILERS ", "EDMONTON OILERS ", "EDMONTON OILERS ", "EDMONTON OILERS ", "EDMONTON OILERS ", "EDMONTON OILERS ", "EDMONTON OILERS ", "EDMONTON OILERS ", "EDMONTON OILERS ", "EDMONTON OILERS ", "EDMONTON OILERS ", "EDMONTON OILERS ", "WINNIPEG JETS ", "WINNIPEG JETS ", "WINNIPEG JETS ", "WINNIPEG JETS ", "WINNIPEG JETS ", "WINNIPEG JETS ", "WINNIPEG JETS ", "WINNIPEG JETS ", "WINNIPEG JETS ", "WINNIPEG JETS ", "WINNIPEG JETS ", "WINNIPEG JETS ", "WINNIPEG JETS ", "WINNIPEG JETS ", "WINNIPEG JETS ", "WINNIPEG JETS ", "WINNIPEG JETS ", "WINNIPEG JETS ", "WINNIPEG JETS ", "WINNIPEG JETS "], "GA": [0, 0, 0, 0, 0, 0, 0, 0, 0, 0, 0, 0, 0, 0, 0, 0, 0, 0, 0.0, "3", 0, 0, 0, 0, 0, 0, 0, 0, 0, 0, 0, 0, 0, 0, 0, 0, 0, 0, "2", 0], "SA": [0, 0, 0, 0, 0, 0, 0, 0, 0, 0, 0, 0, 0, 0, 0, 0, 0, 0, 0.0, "39", 0, 0, 0, 0, 0, 0, 0, 0, 0, 0, 0, 0, 0, 0, 0, 0, 0, 0, "22", 0]}}