{"game_info": {"date": "2013-10-20", "visitor": "NASHVILLE PREDATORS ", "home": "WINNIPEG JETS ", "game_id": 124, "status": "final"}, "player_stats": {"number": ["3", "4", "6", "7", "8", "9", "11", "13", "15", "24", "25", "26", "27", "28", "33", "42", "57", "64", "30", "35", "2", "4", "9", "12", "14", "15", "16", "17", "18", "24", "26", "28", "33", "39", "40", "44", "55", "67", "31", "35"], "position": ["D", "D", "D", "C", "D", "C", "C", "C", "C", "L", "L", "C", "R", "C", "C", "D", "L", "D", "G", "G", "D", "D", "L", "C", "R", "R", "L", "C", "R", "D", "R", "C", "D", "D", "R", "D", "C", "R", "G", "G"], "name": ["JONES, SETH", "ELLIS, RYAN", "WEBER, SHEA", "CULLEN, MATT", "KLEIN, KEVIN", "FORSBERG, FILIP", "LEGWAND, DAVID", "SPALING, NICK", "SMITH, CRAIG", "NYSTROM, ERIC", "STALBERG, VIKTOR", "HENDRICKS, MATT", "HORNQVIST, PATRIC", "GAUSTAD, PAUL", "WILSON, COLIN", "EKHOLM, MATTIAS", "BOURQUE, GABRIEL", "BARTLEY, VICTOR", "HUTTON, CARTER", "RINNE, PEKKA", "PARDY, ADAM", "POSTMA, PAUL", "KANE, EVANDER", "JOKINEN, OLLI", "PELUSO, ANTHONY", "HALISCHUK, MATT", "LADD, ANDREW", "WRIGHT, JAMES", "LITTLE, BRYAN", "CLITSOME, GRANT", "WHEELER, BLAKE", "CORMIER, PATRICE", "BYFUGLIEN, DUSTIN", "ENSTROM, TOBIAS", "SETOGUCHI, DEVIN", "BOGOSIAN, ZACH", "SCHEIFELE, MARK", "FROLIK, MICHAEL", "PAVELEC, ONDREJ", "MONTOYA, AL"], "G": [0, 0, 0, "1", 0, 0, 0, 0, 0, "1", 0, 0, "1", 0, 0, 0, 0, 0, 0, 0, 0, 0, "1", 0, 0, 0, 0, 0, 0, 0, 0, 0, 0, 0, 0, 0, 0, 0, 0, 0], "A": [0, 0, 0, 0, 0, 0, 0, 0, "1", 0, 0, 0, 0, 0, "1", 0, 0, 0, 0, 0, 0, 0, 0, "1", 0, 0, 0, 0, 0, 0, 0, 0, 0, 0, "1", 0, 0, 0, 0, 0], "P": [0, 0, 0, "1", 0, 0, 0, 0, "1", "1", 0, 0, "1", 0, "1", 0, 0, 0, 0, 0, 0, 0, "1", "1", 0, 0, 0, 0, 0, 0, 0, 0, 0, 0, "1", 0, 0, 0, 0, 0], "+/-": [0, "+2", 0, "+1", 0, 0, 0, 0, "+1", "+1", 0, 0, 0, "+1", "+1", 0, "+1", "+1", 0, 0, 0, 0, "+1", 0, 0, "-2", "-1", 0, "-2", 0, "-1", 0, "-2", "-2", 0, "-1", 0, 0, 0, 0], "PN": [0, 0, 0, "2", 0, 0, 0, 0, 0, 0, 0, "1", 0, 0, 0, 0, 0, 0, 0, 0, 0, 0, 0, 0, 0, 0, "1", 0, 0, 0, "1", 0, 0, 0, 0, "1", 0, 0, 0, 0], "PIM": [0, 0, 0, "4", 0, 0, 0, 0, 0, 0, 0, "2", 0, 0, 0, 0, 0, 0, 0, 0, 0, 0, 0, 0, 0, 0, "2", 0, 0, 0, "2", 0, 0, 0, 0, "2", 0, 0, 0, 0], "TOT": ["26:23", "10:37", "27:26", "14:11", "22:16", "12:46", "18:05", "13:57", "13:38", "12:46", "10:07", "13:27", "18:07", "16:04", "16:57", "22:30", "14:53", "09:50", "60:00", 0, "13:38", "16:06", "24:58", "15:58", "08:45", "11:07", "15:55", "11:41", "18:05", "20:35", "17:34", "07:58", "27:18", "22:00", "13:48", "20:30", "14:28", "14:32", "59:04", 0], "SHF": ["34", "17", "35", "22", "33", "17", "22", "18", "21", "18", "16", "21", "22", "23", "19", "34", "20", "16", 0, 0, "15", "16", "27", "20", "10", "14", "20", "15", "24", "23", "23", "10", "26", "26", "19", "28", "15", "17", 0, 0], "AVG TOI/SH": ["00:46", "00:37", "00:47", "00:38", "00:40", "00:45", "00:49", "00:46", "00:38", "00:42", "00:37", "00:38", "00:49", "00:41", "00:53", "00:39", "00:44", "00:36", 0, 0, "00:54", "01:00", "00:55", "00:47", "00:52", "00:47", "00:47", "00:46", "00:45", "00:53", "00:45", "00:47", "01:03", "00:50", "00:43", "00:43", "00:57", "00:51", 0, 0], "PP": ["03:22", "01:26", "03:17", "01:59", "00:13", "02:34", "02:29", "00:00", "02:28", "00:15", "00:00", "00:00", "02:18", "00:00", "02:05", "00:53", "01:46", "00:00", "05:01", 0, "00:00", "01:34", "02:07", "00:55", "00:00", "00:00", "02:54", "00:00", "02:41", "00:00", "02:54", "00:00", "03:27", "03:15", "02:02", "01:46", "01:12", "00:18", "05:01", 0], "SH": ["02:53", "00:00", "02:53", "00:22", "02:08", "00:00", "00:00", "01:42", "00:05", "01:25", "00:00", "02:19", "00:00", "03:10", "00:00", "02:08", "00:59", "00:00", "05:01", 0, "01:10", "00:00", "02:17", "00:00", "00:00", "02:27", "00:17", "02:04", "01:02", "02:31", "00:13", "00:00", "03:03", "02:09", "00:00", "01:09", "00:00", "01:42", "05:01", 0], "EV": ["20:08", "09:11", "21:16", "11:50", "19:55", "10:12", "15:36", "12:15", "11:05", "11:06", "10:07", "11:08", "15:49", "12:54", "14:52", "19:29", "12:08", "09:50", "49:58", 0, "12:28", "14:32", "20:34", "15:03", "08:45", "08:40", "12:44", "09:37", "14:22", "18:04", "14:27", "07:58", "20:48", "16:36", "11:46", "17:35", "13:16", "12:32", "49:02", 0], "S": ["2", 0, "4", "4", "1", "1", "1", "2", "1", "3", "2", 0, "1", 0, "1", "1", "2", 0, 0, 0, "1", "1", "10", "2", "2", "1", "1", "1", "2", "1", "2", 0, "7", 0, "3", "1", "1", "3", 0, 0], "A/B": ["2", 0, 0, 0, 0, 0, 0, 0, 0, 0, 0, 0, 0, 0, 0, "1", "1", 0, 0, 0, 0, "3", "2", 0, 0, "1", "1", "1", 0, "1", "1", 0, "2", "1", "2", 0, 0, "3", 0, 0], "MS": [0, 0, 0, "1", "1", 0, 0, 0, "1", 0, 0, 0, "4", 0, 0, 0, "1", 0, 0, 0, 0, 0, "2", 0, 0, 0, "2", "1", 0, "1", "1", 0, "2", 0, 0, 0, "1", "1", 0, 0], "HT": ["1", "1", "1", 0, 0, 0, "1", "1", "3", "4", 0, 0, 0, "1", 0, 0, 0, 0, 0, 0, "1", "1", "2", "1", "2", "1", 0, 0, 0, "2", "3", "3", "3", 0, "2", "2", 0, 0, 0, 0], "GV": ["1", "1", 0, 0, 0, 0, 0, "1", 0, 0, "1", 0, 0, 0, 0, 0, "1", "1", "1", 0, "1", "1", "3", 0, 0, "1", 0, "1", 0, "1", "1", 0, "1", 0, 0, 0, "1", 0, "2", 0], "TK": [0, 0, 0, 0, 0, 0, 0, "1", "1", "1", "1", 0, "3", 0, "2", 0, 0, 0, 0, 0, "1", "1", 0, 0, 0, 0, 0, "1", 0, "1", 0, 0, "2", 0, 0, "1", 0, 0, 0, 0], "BS": ["4", "2", "2", 0, "3", "1", 0, 0, 0, "2", 0, 0, 0, "1", "1", "1", 0, "1", 0, 0, "1", 0, 0, 0, 0, 0, 0, 0, 0, 0, 0, 0, "1", "1", 0, "1", 0, 0, 0, 0], "FW": [0, 0, 0, "9", 0, 0, "8", "6", 0, 0, 0, 0, 0, "9", 0, 0, 0, 0, 0, 0, 0, 0, "1", "6", 0, 0, 0, "2", "8", 0, 0, "5", 0, 0, 0, 0, "4", 0, 0, 0], "FL": [0, 0, 0, "3", 0, 0, "8", "3", 0, 0, 0, 0, 0, "12", 0, 0, 0, 0, 0, 0, 0, 0, "0", "9", 0, 0, 0, "1", "12", 0, 0, "3", 0, 0, 0, 0, "7", 0, 0, 0], "F%": [0, 0, 0, "75", 0, 0, "50", "67", 0, 0, 0, 0, 0, "43", 0, 0, 0, 0, 0, 0, 0, 0, "100", "40", 0, 0, 0, "67", "40", 0, 0, "63", 0, 0, 0, 0, "36", 0, 0, 0], "team": ["NASHVILLE PREDATORS ", "NASHVILLE PREDATORS ", "NASHVILLE PREDATORS ", "NASHVILLE PREDATORS ", "NASHVILLE PREDATORS ", "NASHVILLE PREDATORS ", "NASHVILLE PREDATORS ", "NASHVILLE PREDATORS ", "NASHVILLE PREDATORS ", "NASHVILLE PREDATORS ", "NASHVILLE PREDATORS ", "NASHVILLE PREDATORS ", "NASHVILLE PREDATORS ", "NASHVILLE PREDATORS ", "NASHVILLE PREDATORS ", "NASHVILLE PREDATORS ", "NASHVILLE PREDATORS ", "NASHVILLE PREDATORS ", "NASHVILLE PREDATORS ", "NASHVILLE PREDATORS ", "WINNIPEG JETS ", "WINNIPEG JETS ", "WINNIPEG JETS ", "WINNIPEG JETS ", "WINNIPEG JETS ", "WINNIPEG JETS ", "WINNIPEG JETS ", "WINNIPEG JETS ", "WINNIPEG JETS ", "WINNIPEG JETS ", "WINNIPEG JETS ", "WINNIPEG JETS ", "WINNIPEG JETS ", "WINNIPEG JETS ", "WINNIPEG JETS ", "WINNIPEG JETS ", "WINNIPEG JETS ", "WINNIPEG JETS ", "WINNIPEG JETS ", "WINNIPEG JETS "], "GA": [0, 0, 0, 0, 0, 0, 0, 0, 0, 0, 0, 0, 0, 0, 0, 0, 0, 0, "1", 0, 0, 0, 0, 0, 0, 0, 0, 0, 0, 0, 0, 0, 0, 0, 0, 0, 0, 0, "3", 0], "SA": [0, 0, 0, 0, 0, 0, 0, 0, 0, 0, 0, 0, 0, 0, 0, 0, 0, 0, "39", 0, 0, 0, 0, 0, 0, 0, 0, 0, 0, 0, 0, 0, 0, 0, 0, 0, 0, 0, "26", 0]}}