{"game_info": {"date": "2013-11-13", "visitor": "DALLAS STARS ", "home": "EDMONTON OILERS ", "game_id": 276, "status": "final"}, "player_stats": {"number": ["3", "4", "6", "10", "12", "14", "16", "17", "20", "21", "24", "33", "38", "39", "43", "55", "72", "91", "30", "32", "2", "4", "6", "14", "15", "21", "26", "27", "28", "36", "44", "57", "64", "77", "83", "89", "93", "94", "1", "40"], "position": ["D", "D", "D", "C", "R", "L", "C", "C", "C", "L", "D", "D", "L", "C", "R", "D", "L", "C", "G", "G", "D", "L", "L", "C", "D", "D", "R", "C", "L", "D", "D", "L", "R", "D", "R", "C", "C", "L", "G", "G"], "name": ["ROBIDAS, STEPHANE", "DILLON, BRENDEN", "DALEY, TREVOR", "HORCOFF, SHAWN", "CHIASSON, ALEX", "BENN, JAMIE", "GARBUTT, RYAN", "PEVERLEY, RICH", "EAKIN, CODY", "ROUSSEL, ANTOINE", "BENN, JORDIE", "GOLIGOSKI, ALEX", "FIDDLER, VERNON", "MORIN, TRAVIS", "NICHUSHKIN, VALERI", "GONCHAR, SERGEI", "COLE, ERIK", "SEGUIN, TYLER", "ELLIS, DAN", "LEHTONEN, KARI", "PETRY, JEFF", "HALL, TAYLOR", "JOENSUU, JESSE", "EBERLE, JORDAN", "SCHULTZ, NICK", "FERENCE, ANDREW", "ARCOBELLO, MARK", "GORDON, BOYD", "JONES, RYAN", "LARSEN, PHILIP", "POTTER, COREY", "PERRON, DAVID", "YAKUPOV, NAIL", "BELOV, ANTON", "HEMSKY, ALES", "GAGNER, SAM", "NUGENT-HOPKINS, RYAN", "SMYTH, RYAN", "LABARBERA, JASON", "DUBNYK, DEVAN"], "G": [0, 0, 0, 0, 0, 0, 0, "1", 0, "1", 0, 0, 0, 0, 0, 0, 0, "1", 0, 0, 0, 0, 0, 0, 0, 0, 0, 0, 0, 0, 0, 0, 0, 0, 0, 0, 0, 0, 0, 0], "A": [0, 0, "1", 0, 0, 0, 0, 0, 0, "1", "1", 0, 0, 0, 0, 0, 0, 0, 0, "1", 0, 0, 0, 0, 0, 0, 0, 0, 0, 0, 0, 0, 0, 0, 0, 0, 0, 0, 0, 0], "P": [0, 0, "1", 0, 0, 0, 0, "1", 0, "2", "1", 0, 0, 0, 0, 0, 0, "1", 0, "1", 0, 0, 0, 0, 0, 0, 0, 0, 0, 0, 0, 0, 0, 0, 0, 0, 0, 0, 0, 0], "+/-": ["+1", "+1", "+1", "+1", "+1", "+1", 0, "+1", 0, "+2", "+1", "+1", 0, "+1", "+1", "+1", 0, "+1", 0, 0, "-2", "-1", "-1", "-1", "-1", 0, "-1", "-1", "-1", "-1", 0, "-1", "-1", "-1", "-1", "-1", "-1", "-1", 0, 0], "PN": ["1", 0, "1", 0, 0, "1", "1", 0, "1", 0, 0, 0, 0, 0, 0, 0, 0, 0, 0, 0, "1", 0, 0, 0, 0, "1", 0, "1", 0, 0, "1", 0, 0, 0, 0, 0, "1", "1", 0, 0], "PIM": ["2", 0, "2", 0, 0, "2", "2", 0, "2", 0, 0, 0, 0, 0, 0, 0, 0, 0, 0, 0, "2", 0, 0, 0, 0, "2", 0, "2", 0, 0, "2", 0, 0, 0, 0, 0, "2", "2", 0, 0], "TOT": ["18:33", "22:23", "19:57", "14:49", "18:01", "20:09", "10:32", "17:52", "14:18", "11:01", "12:56", "24:39", "14:51", "06:01", "14:53", "14:51", "11:54", "22:20", 0, "60:00", "22:59", "20:58", "07:11", "20:59", "13:41", "21:15", "11:50", "11:31", "06:15", "20:48", "09:35", "20:00", "13:14", "21:41", "13:51", "18:40", "20:48", "13:31", 0, "59:13"], "SHF": ["23", "25", "29", "20", "21", "23", "15", "20", "23", "16", "20", "29", "22", "11", "18", "22", "17", "22", 0, 0, "25", "25", "8", "28", "20", "23", "20", "21", "7", "22", "18", "25", "17", "26", "20", "24", "25", "23", 0, 0], "AVG TOI/SH": ["00:48", "00:53", "00:41", "00:44", "00:51", "00:52", "00:42", "00:53", "00:37", "00:41", "00:38", "00:51", "00:40", "00:32", "00:49", "00:40", "00:42", "01:00", 0, 0, "00:55", "00:50", "00:53", "00:44", "00:41", "00:55", "00:35", "00:32", "00:53", "00:56", "00:31", "00:48", "00:46", "00:50", "00:41", "00:46", "00:49", "00:35", 0, 0], "PP": ["00:00", "00:00", "02:49", "02:33", "06:59", "07:04", "00:04", "06:46", "02:38", "00:04", "00:06", "06:46", "00:04", "00:00", "00:00", "02:55", "02:33", "07:04", 0, "09:41", "00:06", "04:48", "00:06", "04:48", "00:00", "00:06", "00:23", "00:11", "00:06", "03:53", "00:00", "04:43", "02:44", "01:48", "02:44", "04:12", "04:48", "02:44", 0, "07:38"], "SH": ["03:08", "03:58", "02:59", "01:56", "01:49", "00:06", "01:55", "01:26", "01:49", "00:56", "01:28", "03:45", "03:34", "00:00", "00:00", "00:06", "00:00", "00:06", 0, "07:38", "05:51", "00:37", "00:00", "03:21", "03:39", "06:40", "04:06", "04:01", "00:00", "00:00", "00:59", "00:00", "00:00", "02:13", "00:00", "01:25", "00:04", "04:20", 0, "09:41"], "EV": ["15:25", "18:25", "14:09", "10:20", "09:13", "12:59", "08:33", "09:40", "09:51", "10:01", "11:22", "14:08", "11:13", "06:01", "14:53", "11:50", "09:21", "15:10", 0, "42:41", "17:02", "15:33", "07:05", "12:50", "10:02", "14:29", "07:21", "07:19", "06:09", "16:55", "08:36", "15:17", "10:30", "17:40", "11:07", "13:03", "15:56", "06:27", 0, "41:54"], "S": ["1", 0, "1", 0, "1", "3", "3", "5", 0, "2", "2", 0, 0, 0, "1", "1", 0, "6", 0, 0, "1", "2", 0, "2", 0, "1", "1", "1", "1", "2", 0, "3", "1", "1", "1", 0, "2", "3", 0, 0], "A/B": ["1", "1", "1", 0, 0, "1", "1", "2", "2", 0, 0, "1", "1", 0, 0, "1", "1", "2", 0, 0, 0, "3", 0, "1", 0, 0, 0, 0, 0, "3", 0, "1", 0, "2", "1", 0, "1", 0, 0, 0], "MS": ["1", "1", "2", 0, 0, "3", "3", "3", "2", "1", "1", 0, 0, 0, "2", 0, "1", "3", 0, 0, "1", "2", 0, "3", 0, 0, "1", 0, 0, "1", 0, 0, 0, 0, 0, "1", "1", 0, 0, 0], "HT": ["2", "2", 0, "2", 0, "1", "1", 0, "2", 0, 0, "1", 0, 0, "1", 0, 0, 0, 0, 0, "3", 0, "3", "2", "1", "2", "1", "1", 0, "1", 0, "1", "1", "2", 0, 0, 0, 0, 0, 0], "GV": [0, 0, 0, 0, "1", "2", 0, 0, 0, 0, "1", 0, "1", 0, 0, 0, 0, "2", 0, "4", "4", "4", "1", "1", 0, 0, "2", "1", 0, 0, 0, 0, 0, "1", "2", 0, 0, 0, 0, 0], "TK": ["1", 0, 0, 0, "2", "1", 0, "1", "1", 0, "2", 0, 0, 0, 0, 0, "1", "1", 0, 0, "1", 0, 0, 0, 0, 0, "2", 0, 0, "1", 0, "1", 0, 0, 0, "1", "1", "2", 0, 0], "BS": ["2", "1", 0, 0, 0, 0, "1", "1", "1", 0, 0, "6", 0, 0, 0, 0, 0, 0, 0, 0, "6", 0, 0, 0, 0, "3", 0, "1", 0, 0, "1", 0, 0, "3", 0, 0, "1", 0, 0, 0], "FW": [0, 0, 0, "0", "0", "8", 0, "5", "6", "1", 0, 0, "10", "2", 0, 0, 0, "0", 0, 0, 0, 0, 0, 0, 0, 0, "2", "9", 0, 0, 0, 0, 0, 0, 0, "7", "7", "2", 0, 0], "FL": [0, 0, 0, "1", "1", "3", 0, "6", "6", "1", 0, 0, "3", "2", 0, 0, 0, "4", 0, 0, 0, 0, 0, 0, 0, 0, "3", "9", 0, 0, 0, 0, 0, 0, 0, "6", "13", "1", 0, 0], "F%": [0, 0, 0, "0", "0", "73", 0, "45", "50", "50", 0, 0, "77", "50", 0, 0, 0, "0", 0, 0, 0, 0, 0, 0, 0, 0, "40", "50", 0, 0, 0, 0, 0, 0, 0, "54", "35", "67", 0, 0], "team": ["DALLAS STARS ", "DALLAS STARS ", "DALLAS STARS ", "DALLAS STARS ", "DALLAS STARS ", "DALLAS STARS ", "DALLAS STARS ", "DALLAS STARS ", "DALLAS STARS ", "DALLAS STARS ", "DALLAS STARS ", "DALLAS STARS ", "DALLAS STARS ", "DALLAS STARS ", "DALLAS STARS ", "DALLAS STARS ", "DALLAS STARS ", "DALLAS STARS ", "DALLAS STARS ", "DALLAS STARS ", "EDMONTON OILERS ", "EDMONTON OILERS ", "EDMONTON OILERS ", "EDMONTON OILERS ", "EDMONTON OILERS ", "EDMONTON OILERS ", "EDMONTON OILERS ", "EDMONTON OILERS ", "EDMONTON OILERS ", "EDMONTON OILERS ", "EDMONTON OILERS ", "EDMONTON OILERS ", "EDMONTON OILERS ", "EDMONTON OILERS ", "EDMONTON OILERS ", "EDMONTON OILERS ", "EDMONTON OILERS ", "EDMONTON OILERS ", "EDMONTON OILERS ", "EDMONTON OILERS "], "GA": [0, 0, 0, 0, 0, 0, 0, 0, 0, 0, 0, 0, 0, 0, 0, 0, 0, 0, 0.0, "0", 0, 0, 0, 0, 0, 0, 0, 0, 0, 0, 0, 0, 0, 0, 0, 0, 0, 0, 0, "1"], "SA": [0, 0, 0, 0, 0, 0, 0, 0, 0, 0, 0, 0, 0, 0, 0, 0, 0, 0, 0.0, "22", 0, 0, 0, 0, 0, 0, 0, 0, 0, 0, 0, 0, 0, 0, 0, 0, 0, 0, 0, "24"]}}