{"game_info": {"date": "2013-11-23", "visitor": "ANAHEIM DUCKS ", "home": "PHOENIX COYOTES ", "game_id": 349, "status": "final"}, "player_stats": {"number": ["4", "6", "7", "10", "13", "15", "17", "18", "21", "22", "28", "34", "39", "45", "47", "55", "65", "77", "1", "31", "2", "3", "11", "12", "14", "16", "17", "18", "19", "23", "24", "26", "34", "36", "50", "53", "63", "89", "1", "41"], "position": ["D", "D", "C", "R", "C", "C", "R", "R", "C", "C", "D", "C", "L", "D", "D", "D", "R", "R", "G", "G", "D", "D", "C", "L", "C", "D", "R", "R", "R", "D", "C", "D", "L", "C", "C", "D", "C", "L", "G", "G"], "name": ["FOWLER, CAM", "LOVEJOY, BEN", "COGLIANO, ANDREW", "PERRY, COREY", "BONINO, NICK", "GETZLAF, RYAN", "PENNER, DUSTIN", "JACKMAN, TIM", "PALMIERI, KYLE", "PERREAULT, MATHIEU", "FISTRIC, MARK", "WINNIK, DANIEL", "BELESKEY, MATT", "VATANEN, SAMI", "LINDHOLM, HAMPUS", "ALLEN, BRYAN", "ETEM, EMERSON", "SMITH-PELLY, DEVANTE", "HILLER, JONAS", "ANDERSEN, FREDERIK", "RUNDBLAD, DAVID", "YANDLE, KEITH", "HANZAL, MARTIN", "BISSONNETTE, PAUL", "HALPERN, JEFF", "KLESLA, ROSTISLAV", "VRBATA, RADIM", "MOSS, DAVID", "DOAN, SHANE", "EKMAN-LARSSON, OLIVER", "CHIPCHURA, KYLE", "STONE, MICHAEL", "KENNEDY, TIM", "KLINKHAMMER, ROB", "VERMETTE, ANTOINE", "MORRIS, DEREK", "RIBEIRO, MIKE", "BOEDKER, MIKKEL", "GREISS, THOMAS", "SMITH, MIKE"], "G": [0, 0, 0, "1", 0, 0, "2", 0, 0, 0, 0, 0, 0, "1", 0, 0, 0, 0, 0, 0, 0, 0, 0, 0, 0, 0, 0, 0, "1", 0, 0, 0, 0, 0, 0, 0, "1", 0, 0, 0], "A": ["1", "1", 0, 0, "1", "1", 0, 0, 0, "1", 0, 0, "1", 0, 0, 0, 0, 0, 0, 0, 0, 0, 0, 0, 0, 0, "1", 0, "1", "1", 0, 0, 0, 0, 0, "1", 0, 0, 0, 0], "P": ["1", "1", 0, "1", "1", "1", "2", 0, 0, "1", 0, 0, "1", "1", 0, 0, 0, 0, 0, 0, 0, 0, 0, 0, 0, 0, "1", 0, "2", "1", 0, 0, 0, 0, 0, "1", "1", 0, 0, 0], "+/-": [0, "+2", "-1", "+2", "-1", "+2", "+2", 0, "-1", "-1", "-1", 0, 0, "-2", "+1", 0, "-1", "-1", 0, 0, 0, "+1", 0, 0, 0, 0, "+2", 0, "+2", "-1", 0, 0, 0, "-2", "-2", 0, "+2", "-2", 0, 0], "PN": [0, 0, "1", "1", 0, 0, 0, "1", 0, 0, 0, 0, 0, 0, 0, 0, "1", "1", 0, 0, 0, 0, 0, "2", 0, "1", 0, 0, 0, 0, 0, "1", 0, 0, 0, 0, "1", 0, 0, 0], "PIM": [0, 0, "2", "2", 0, 0, 0, "2", 0, 0, 0, 0, 0, 0, 0, 0, "2", "2", 0, 0, 0, 0, 0, "4", 0, "2", 0, 0, 0, 0, 0, "2", 0, 0, 0, 0, "2", 0, 0, 0], "TOT": ["29:03", "23:07", "16:04", "18:39", "19:59", "21:05", "16:24", "05:27", "12:16", "13:17", "20:07", "15:41", "11:38", "14:28", "21:04", "07:41", "14:43", "11:17", "60:00", 0, "14:23", "26:25", "02:09", "03:18", "09:17", "12:53", "21:13", "17:57", "24:53", "27:22", "10:31", "19:54", "09:21", "12:41", "21:26", "19:49", "27:14", "14:14", "18:32", "40:00"], "SHF": ["34", "30", "25", "24", "26", "26", "22", "10", "18", "18", "24", "23", "16", "22", "23", "11", "17", "14", 0, 0, "19", "27", "4", "6", "16", "18", "26", "25", "25", "28", "15", "28", "14", "22", "27", "27", "28", "22", 0, 0], "AVG TOI/SH": ["00:51", "00:46", "00:38", "00:46", "00:46", "00:48", "00:44", "00:32", "00:40", "00:44", "00:50", "00:40", "00:43", "00:39", "00:54", "00:41", "00:51", "00:48", 0, 0, "00:45", "00:58", "00:32", "00:33", "00:34", "00:42", "00:48", "00:43", "00:59", "00:58", "00:42", "00:42", "00:40", "00:34", "00:47", "00:44", "00:58", "00:38", 0, 0], "PP": ["04:02", "00:00", "00:40", "04:26", "03:33", "04:30", "03:33", "00:00", "02:15", "02:44", "00:11", "00:11", "01:46", "01:22", "02:51", "00:00", "00:00", "00:16", "06:28", 0, "01:39", "04:59", "00:40", "00:00", "00:01", "00:00", "02:23", "01:24", "05:36", "06:20", "00:01", "03:01", "00:00", "00:10", "05:36", "00:01", "05:55", "02:14", "02:00", "06:00"], "SH": ["03:58", "04:37", "02:46", "01:32", "01:39", "02:53", "00:00", "00:00", "00:00", "00:00", "03:34", "04:17", "00:00", "00:21", "00:12", "03:18", "02:53", "00:00", "08:00", 0, "00:00", "02:18", "00:00", "00:00", "02:45", "01:25", "00:00", "03:34", "00:11", "03:23", "00:00", "02:18", "00:00", "02:03", "02:51", "03:32", "01:06", "00:26", "02:00", "04:28"], "EV": ["21:03", "18:30", "12:38", "12:41", "14:47", "13:42", "12:51", "05:27", "10:01", "10:33", "16:22", "11:13", "09:52", "12:45", "18:01", "04:23", "11:50", "11:01", "45:32", 0, "12:44", "19:08", "01:29", "03:18", "06:31", "11:28", "18:50", "12:59", "19:06", "17:39", "10:30", "14:35", "09:21", "10:28", "12:59", "16:16", "20:13", "11:34", "14:32", "29:32"], "S": [0, 0, "2", "2", "1", 0, "4", "1", 0, "3", "1", "2", "4", "2", "1", 0, "2", "2", 0, 0, "4", "7", 0, "1", 0, 0, "4", "3", "7", "2", 0, "2", "1", "2", "4", "2", "3", "2", 0, 0], "A/B": ["2", "2", 0, "1", "1", "1", 0, 0, 0, 0, 0, 0, 0, 0, "2", 0, "1", 0, 0, 0, "6", "3", 0, 0, 0, 0, "4", 0, 0, "1", "1", "5", 0, 0, "1", 0, "2", "1", 0, 0], "MS": ["4", 0, 0, "1", 0, 0, "3", "1", 0, "1", "1", "2", "1", 0, 0, 0, 0, 0, 0, 0, "1", "3", "1", 0, 0, 0, "3", 0, "2", 0, 0, "1", 0, "1", 0, 0, 0, "3", 0, 0], "HT": ["1", "2", "1", "1", 0, "1", "1", 0, "1", "1", "6", "1", "2", 0, 0, 0, "1", "3", 0, 0, "2", 0, "2", 0, "1", "3", "1", "2", "4", "2", 0, "2", 0, "2", "1", "5", "3", "2", 0, 0], "GV": ["1", 0, 0, 0, "1", "1", 0, 0, 0, 0, 0, 0, 0, 0, 0, 0, 0, 0, 0, 0, 0, 0, 0, "1", 0, 0, 0, "1", "3", 0, 0, 0, "1", 0, 0, "1", 0, 0, 0, 0], "TK": [0, 0, "1", 0, 0, 0, 0, 0, 0, 0, "1", "1", "1", "1", 0, 0, "1", 0, 0, 0, 0, "1", 0, 0, 0, 0, 0, 0, "2", 0, 0, 0, 0, 0, 0, 0, "1", "1", 0, 0], "BS": ["1", "4", 0, 0, "1", "4", "1", 0, "1", 0, "3", 0, 0, "1", "1", "2", "4", "1", 0, 0, "1", 0, 0, "1", 0, "1", 0, "1", 0, "2", 0, 0, 0, "2", 0, "2", 0, 0, 0, 0], "FW": [0, 0, "0", "1", "10", "10", "1", 0, "1", "8", 0, "2", "1", 0, 0, 0, 0, 0, 0, 0, 0, 0, "1", 0, "7", 0, "1", "1", "0", 0, "6", 0, 0, 0, "15", 0, "3", "0", 0, 0], "FL": [0, 0, "1", "0", "12", "13", "0", 0, "0", "2", 0, "6", "0", 0, 0, 0, 0, 0, 0, 0, 0, 0, "0", 0, "5", 0, "1", "1", "1", 0, "2", 0, 0, 0, "12", 0, "11", "1", 0, 0], "F%": [0, 0, "0", "100", "45", "43", "100", 0, "100", "80", 0, "25", "100", 0, 0, 0, 0, 0, 0, 0, 0, 0, "100", 0, "58", 0, "50", "50", "0", 0, "75", 0, 0, 0, "56", 0, "21", "0", 0, 0], "team": ["ANAHEIM DUCKS ", "ANAHEIM DUCKS ", "ANAHEIM DUCKS ", "ANAHEIM DUCKS ", "ANAHEIM DUCKS ", "ANAHEIM DUCKS ", "ANAHEIM DUCKS ", "ANAHEIM DUCKS ", "ANAHEIM DUCKS ", "ANAHEIM DUCKS ", "ANAHEIM DUCKS ", "ANAHEIM DUCKS ", "ANAHEIM DUCKS ", "ANAHEIM DUCKS ", "ANAHEIM DUCKS ", "ANAHEIM DUCKS ", "ANAHEIM DUCKS ", "ANAHEIM DUCKS ", "ANAHEIM DUCKS ", "ANAHEIM DUCKS ", "PHOENIX COYOTES ", "PHOENIX COYOTES ", "PHOENIX COYOTES ", "PHOENIX COYOTES ", "PHOENIX COYOTES ", "PHOENIX COYOTES ", "PHOENIX COYOTES ", "PHOENIX COYOTES ", "PHOENIX COYOTES ", "PHOENIX COYOTES ", "PHOENIX COYOTES ", "PHOENIX COYOTES ", "PHOENIX COYOTES ", "PHOENIX COYOTES ", "PHOENIX COYOTES ", "PHOENIX COYOTES ", "PHOENIX COYOTES ", "PHOENIX COYOTES ", "PHOENIX COYOTES ", "PHOENIX COYOTES "], "GA": [0, 0, 0, 0, 0, 0, 0, 0, 0, 0, 0, 0, 0, 0, 0, 0, 0, 0, "2", 0, 0, 0, 0, 0, 0, 0, 0, 0, 0, 0, 0, 0, 0, 0, 0, 0, 0, 0, "0", "4"], "SA": [0, 0, 0, 0, 0, 0, 0, 0, 0, 0, 0, 0, 0, 0, 0, 0, 0, 0, "44", 0, 0, 0, 0, 0, 0, 0, 0, 0, 0, 0, 0, 0, 0, 0, 0, 0, 0, 0, "4", "23"]}}