{"game_info": {"date": "2013-10-29", "visitor": "WINNIPEG JETS ", "home": "ST. LOUIS BLUES ", "game_id": 181, "status": "final"}, "player_stats": {"number": ["2", "5", "9", "12", "15", "16", "17", "18", "22", "24", "26", "27", "33", "39", "40", "44", "55", "67", "31", "35", "5", "9", "10", "12", "17", "19", "20", "21", "22", "25", "27", "33", "42", "46", "74", "75", "79", "91", "1", "41"], "position": ["D", "D", "L", "C", "R", "L", "C", "R", "R", "D", "R", "C", "D", "D", "R", "D", "C", "R", "G", "G", "D", "C", "L", "C", "C", "D", "C", "C", "D", "R", "D", "D", "R", "D", "C", "R", "R", "R", "G", "G"], "name": ["PARDY, ADAM", "STUART, MARK", "KANE, EVANDER", "JOKINEN, OLLI", "HALISCHUK, MATT", "LADD, ANDREW", "WRIGHT, JAMES", "LITTLE, BRYAN", "THORBURN, CHRIS", "CLITSOME, GRANT", "WHEELER, BLAKE", "TANGRADI, ERIC", "BYFUGLIEN, DUSTIN", "ENSTROM, TOBIAS", "SETOGUCHI, DEVIN", "BOGOSIAN, ZACH", "SCHEIFELE, MARK", "FROLIK, MICHAEL", "PAVELEC, ONDREJ", "MONTOYA, AL", "JACKMAN, BARRET", "SCHWARTZ, JADEN", "MORROW, BRENDEN", "ROY, DEREK", "SOBOTKA, VLADIMIR", "BOUWMEESTER, JAY", "STEEN, ALEXANDER", "BERGLUND, PATRIK", "SHATTENKIRK, KEVIN", "STEWART, CHRIS", "PIETRANGELO, ALEX", "LEOPOLD, JORDAN", "BACKES, DAVID", "POLAK, ROMAN", "OSHIE, T.J.", "REAVES, RYAN", "CRACKNELL, ADAM", "TARASENKO, VLADIMIR", "ELLIOTT, BRIAN", "HALAK, JAROSLAV"], "G": [0, 0, 0, 0, 0, 0, 0, "1", 0, 0, "1", 0, 0, 0, 0, 0, 0, 0, 0, 0, 0, 0, "1", 0, 0, 0, "1", 0, 0, 0, "1", 0, 0, 0, 0, 0, 0, 0, 0, 0], "A": [0, 0, 0, 0, 0, "2", 0, 0, 0, 0, 0, 0, "1", 0, 0, 0, 0, 0, 0, 0, 0, 0, 0, 0, 0, "1", 0, 0, "1", 0, "1", 0, 0, 0, "1", "1", 0, 0, 0, 0], "P": [0, 0, 0, 0, 0, "2", 0, "1", 0, 0, "1", 0, "1", 0, 0, 0, 0, 0, 0, 0, 0, 0, "1", 0, 0, "1", "1", 0, "1", 0, "2", 0, 0, 0, "1", "1", 0, 0, 0, 0], "+/-": [0, "+1", "-2", "-2", 0, "+1", 0, "+1", 0, "-2", "-2", 0, "-1", 0, 0, 0, 0, 0, 0, 0, "+1", 0, "+1", 0, 0, "+1", 0, "-1", 0, 0, "+1", 0, 0, 0, 0, "+1", "+1", 0, 0, 0], "PN": [0, "1", "1", 0, "1", 0, 0, 0, 0, 0, 0, 0, 0, "2", "1", 0, 0, 0, 0, 0, 0, 0, "2", "1", 0, 0, 0, 0, "1", 0, 0, 0, 0, "1", 0, 0, 0, 0, 0, 0], "PIM": [0, "2", "2", 0, "2", 0, 0, 0, 0, 0, 0, 0, 0, "4", "2", 0, 0, 0, 0, 0, 0, 0, "4", "2", 0, 0, 0, 0, "2", 0, 0, 0, 0, "2", 0, 0, 0, 0, 0, 0], "TOT": ["10:36", "15:11", "23:07", "16:01", "11:50", "21:49", "09:35", "22:58", "02:25", "19:11", "18:40", "04:06", "26:35", "21:49", "17:45", "23:19", "10:31", "13:49", "59:30", 0, "14:15", "16:18", "08:05", "11:24", "15:29", "26:24", "23:24", "15:14", "16:26", "15:03", "27:15", "13:16", "24:47", "15:28", "22:45", "05:57", "06:07", "12:53", 0, "60:00"], "SHF": ["17", "22", "33", "24", "19", "27", "14", "28", "4", "23", "26", "5", "31", "23", "21", "25", "15", "20", 0, 0, "20", "26", "14", "14", "24", "31", "28", "26", "20", "19", "31", "17", "27", "22", "27", "10", "9", "18", 0, 0], "AVG TOI/SH": ["00:37", "00:41", "00:42", "00:40", "00:37", "00:48", "00:41", "00:49", "00:36", "00:50", "00:43", "00:49", "00:51", "00:56", "00:50", "00:55", "00:42", "00:41", 0, 0, "00:42", "00:37", "00:34", "00:48", "00:38", "00:51", "00:50", "00:35", "00:49", "00:47", "00:52", "00:46", "00:55", "00:42", "00:50", "00:35", "00:40", "00:42", 0, 0], "PP": ["00:07", "00:00", "02:58", "02:49", "00:00", "05:02", "00:00", "04:36", "00:00", "00:30", "04:32", "00:00", "05:23", "03:38", "04:15", "02:37", "00:50", "02:43", "08:00", 0, "00:00", "03:26", "00:46", "01:47", "04:36", "05:28", "06:54", "03:37", "05:31", "04:45", "05:38", "00:04", "04:45", "00:04", "05:08", "00:04", "00:00", "03:32", 0, "11:13"], "SH": ["00:00", "05:20", "04:27", "00:00", "02:33", "03:46", "05:01", "04:07", "00:00", "03:40", "00:24", "00:00", "04:54", "02:29", "00:00", "06:03", "00:00", "02:08", "11:13", 0, "02:55", "02:28", "00:00", "00:00", "02:31", "04:16", "03:02", "02:12", "00:43", "00:00", "05:05", "00:00", "03:32", "01:31", "01:51", "00:00", "00:00", "00:24", 0, "08:00"], "EV": ["10:29", "09:51", "15:42", "13:12", "09:17", "13:01", "04:34", "14:15", "02:25", "15:01", "13:44", "04:06", "16:18", "15:42", "13:30", "14:39", "09:41", "08:58", "40:17", 0, "11:20", "10:24", "07:19", "09:37", "08:22", "16:40", "13:28", "09:25", "10:12", "10:18", "16:32", "13:12", "16:30", "13:53", "15:46", "05:53", "06:07", "08:57", 0, "40:47"], "S": ["2", 0, "1", "1", "1", "1", "1", "1", 0, "1", "3", 0, "3", 0, "3", "2", "1", "2", 0, 0, "2", "1", "2", "3", "1", "2", "5", 0, "3", "3", "3", 0, "2", "1", 0, "2", "1", "2", 0, 0], "A/B": [0, 0, "1", "1", 0, "1", 0, "1", 0, "1", "1", 0, 0, 0, "1", "1", 0, "1", 0, 0, 0, 0, 0, "1", "3", "2", "3", "3", "2", "1", "2", 0, "1", 0, "1", 0, 0, 0, 0, 0], "MS": [0, 0, "1", 0, "2", 0, 0, 0, 0, 0, "1", 0, "2", 0, "1", 0, "1", "1", 0, 0, 0, 0, 0, 0, 0, "1", "3", "1", 0, "1", "1", "1", "1", "1", 0, 0, "2", "1", 0, 0], "HT": ["1", "3", 0, "2", 0, 0, "1", 0, "3", "2", 0, "2", "3", 0, "3", "1", 0, 0, 0, 0, "1", 0, 0, 0, 0, 0, "1", 0, "2", "2", 0, 0, "2", "2", "1", "5", 0, 0, 0, 0], "GV": [0, 0, 0, 0, 0, 0, 0, 0, 0, 0, 0, 0, "1", 0, 0, 0, 0, 0, 0, 0, 0, 0, 0, 0, 0, 0, 0, 0, 0, 0, 0, 0, "1", 0, 0, 0, 0, 0, 0, 0], "TK": [0, 0, 0, 0, 0, "1", 0, 0, 0, 0, 0, 0, "1", 0, "1", "1", "1", 0, 0, 0, 0, 0, 0, 0, 0, 0, "3", "1", 0, 0, 0, 0, 0, 0, "2", 0, 0, 0, 0, 0], "BS": ["1", "6", 0, "1", "1", "3", 0, 0, 0, "1", 0, 0, "1", "1", "1", "1", "1", "1", 0, 0, "1", 0, 0, 0, 0, "1", 0, 0, "2", 0, "3", "1", 0, "1", 0, 0, 0, 0, 0, 0], "FW": [0, 0, 0, "6", 0, "0", "4", "10", 0, 0, "0", 0, 0, 0, 0, 0, "3", "0", 0, 0, 0, "0", "0", 0, "11", 0, "4", "8", 0, 0, 0, 0, "9", 0, 0, 0, "0", 0, 0, 0], "FL": [0, 0, 0, "4", 0, "1", "2", "17", 0, 0, "1", 0, 0, 0, 0, 0, "6", "1", 0, 0, 0, "2", "1", 0, "3", 0, "2", "7", 0, 0, 0, 0, "6", 0, 0, 0, "2", 0, 0, 0], "F%": [0, 0, 0, "60", 0, "0", "67", "37", 0, 0, "0", 0, 0, 0, 0, 0, "33", "0", 0, 0, 0, "0", "0", 0, "79", 0, "67", "53", 0, 0, 0, 0, "60", 0, 0, 0, "0", 0, 0, 0], "team": ["WINNIPEG JETS ", "WINNIPEG JETS ", "WINNIPEG JETS ", "WINNIPEG JETS ", "WINNIPEG JETS ", "WINNIPEG JETS ", "WINNIPEG JETS ", "WINNIPEG JETS ", "WINNIPEG JETS ", "WINNIPEG JETS ", "WINNIPEG JETS ", "WINNIPEG JETS ", "WINNIPEG JETS ", "WINNIPEG JETS ", "WINNIPEG JETS ", "WINNIPEG JETS ", "WINNIPEG JETS ", "WINNIPEG JETS ", "WINNIPEG JETS ", "WINNIPEG JETS ", "ST. LOUIS BLUES ", "ST. LOUIS BLUES ", "ST. LOUIS BLUES ", "ST. LOUIS BLUES ", "ST. LOUIS BLUES ", "ST. LOUIS BLUES ", "ST. LOUIS BLUES ", "ST. LOUIS BLUES ", "ST. LOUIS BLUES ", "ST. LOUIS BLUES ", "ST. LOUIS BLUES ", "ST. LOUIS BLUES ", "ST. LOUIS BLUES ", "ST. LOUIS BLUES ", "ST. LOUIS BLUES ", "ST. LOUIS BLUES ", "ST. LOUIS BLUES ", "ST. LOUIS BLUES ", "ST. LOUIS BLUES ", "ST. LOUIS BLUES "], "GA": [0, 0, 0, 0, 0, 0, 0, 0, 0, 0, 0, 0, 0, 0, 0, 0, 0, 0, "3", 0, 0, 0, 0, 0, 0, 0, 0, 0, 0, 0, 0, 0, 0, 0, 0, 0, 0, 0, 0, "2"], "SA": [0, 0, 0, 0, 0, 0, 0, 0, 0, 0, 0, 0, 0, 0, 0, 0, 0, 0, "33", 0, 0, 0, 0, 0, 0, 0, 0, 0, 0, 0, 0, 0, 0, 0, 0, 0, 0, 0, 0, "23"]}}