{"game_info": {"date": "2013-10-26", "visitor": "MINNESOTA WILD ", "home": "CHICAGO BLACKHAWKS ", "game_id": 162, "status": "final"}, "player_stats": {"number": ["4", "6", "9", "11", "14", "15", "17", "19", "20", "21", "22", "24", "28", "29", "39", "46", "55", "64", "31", "32", "2", "4", "7", "8", "10", "11", "16", "19", "20", "27", "29", "32", "37", "51", "52", "65", "81", "88", "39", "50"], "position": ["D", "D", "C", "L", "R", "L", "C", "L", "D", "C", "R", "L", "C", "R", "D", "D", "D", "C", "G", "G", "D", "D", "D", "D", "R", "L", "C", "C", "L", "D", "L", "D", "C", "C", "L", "C", "R", "R", "G", "G"], "name": ["STONER, CLAYTON", "SCANDELLA, MARCO", "KOIVU, MIKKO", "PARISE, ZACH", "FONTAINE, JUSTIN", "HEATLEY, DANY", "MITCHELL, TORREY", "VEILLEUX, STEPHANE", "SUTER, RYAN", "BRODZIAK, KYLE", "NIEDERREITER, NINO", "COOKE, MATT", "KONOPKA, ZENON", "POMINVILLE, JASON", "PROSSER, NATE", "SPURGEON, JARED", "DUMBA, MATHEW", "GRANLUND, MIKAEL", "GUSTAFSSON, JOHAN", "BACKSTROM, NIKLAS", "KEITH, DUNCAN", "HJALMARSSON, NIKLAS", "SEABROOK, BRENT", "LEDDY, NICK", "SHARP, PATRICK", "MORIN, JEREMY", "KRUGER, MARCUS", "TOEWS, JONATHAN", "SAAD, BRANDON", "ODUYA, JOHNNY", "BICKELL, BRYAN", "ROZSIVAL, MICHAL", "PIRRI, BRANDON", "MILLS, BRAD", "BOLLIG, BRANDON", "SHAW, ANDREW", "HOSSA, MARIAN", "KANE, PATRICK", "KHABIBULIN, NIKOLAI", "CRAWFORD, COREY"], "G": [0, 0, 0, "1", "1", 0, 0, 0, 0, "1", 0, 0, 0, "2", 0, 0, 0, 0, 0, 0, 0, 0, 0, 0, 0, 0, "1", 0, 0, 0, "1", 0, 0, 0, 0, 0, 0, "1", 0, 0], "A": [0, "1", "1", 0, 0, 0, 0, 0, "2", 0, 0, "1", 0, 0, "1", 0, 0, "2", 0, 0, 0, 0, "1", "2", 0, 0, 0, "1", 0, 0, 0, "1", 0, 0, "1", 0, 0, 0, 0, 0], "P": [0, "1", "1", "1", "1", 0, 0, 0, "2", "1", 0, "1", 0, "2", "1", 0, 0, "2", 0, 0, 0, 0, "1", "2", 0, 0, "1", "1", 0, 0, "1", "1", 0, 0, "1", 0, 0, "1", 0, 0], "+/-": [0, "+2", "+1", "+1", "+1", "+1", "-2", "-2", "+1", "+1", "+2", "+1", "-2", "+2", "+2", "-1", 0, "+2", 0, 0, "-2", 0, "-2", 0, "-1", "+1", "-2", "-1", "-2", 0, "+1", 0, 0, 0, 0, "+1", 0, "-3", 0, 0], "PN": [0, "1", "1", 0, 0, 0, 0, 0, "1", "1", "1", 0, "1", 0, 0, 0, 0, "1", 0, 0, 0, 0, 0, 0, "1", 0, "1", 0, 0, 0, 0, 0, 0, 0, 0, "1", "2", 0, 0, 0], "PIM": [0, "2", "2", 0, 0, 0, 0, 0, "2", "2", "2", 0, "2", 0, 0, 0, 0, "2", 0, 0, 0, 0, 0, 0, "2", 0, "2", 0, 0, 0, 0, 0, 0, 0, 0, "2", "4", 0, 0, 0], "TOT": ["20:52", "18:18", "22:23", "20:58", "12:50", "14:48", "10:41", "07:25", "26:58", "16:15", "11:53", "15:28", "08:27", "14:37", "18:08", "23:05", "10:13", "13:22", 0, "60:00", "24:20", "16:40", "23:25", "18:58", "19:13", "10:32", "12:20", "23:15", "19:33", "17:23", "12:21", "13:16", "11:01", "08:42", "06:58", "17:26", "18:26", "19:44", 0, "58:22"], "SHF": ["28", "28", "31", "28", "19", "19", "19", "13", "32", "26", "18", "24", "20", "21", "25", "31", "14", "19", 0, 0, "25", "22", "28", "22", "21", "16", "21", "27", "23", "21", "18", "17", "14", "12", "10", "23", "21", "19", 0, 0], "AVG TOI/SH": ["00:44", "00:39", "00:43", "00:44", "00:40", "00:46", "00:33", "00:34", "00:50", "00:37", "00:39", "00:38", "00:25", "00:41", "00:43", "00:44", "00:43", "00:42", 0, 0, "00:58", "00:45", "00:50", "00:51", "00:54", "00:39", "00:35", "00:51", "00:51", "00:49", "00:41", "00:46", "00:47", "00:43", "00:41", "00:45", "00:52", "01:02", 0, 0], "PP": ["00:00", "00:41", "04:47", "04:24", "00:43", "02:41", "00:00", "00:00", "04:47", "00:23", "00:41", "00:00", "00:00", "04:04", "00:00", "02:47", "00:41", "00:41", 0, "05:28", "06:47", "00:00", "05:36", "06:09", "06:11", "00:08", "00:26", "06:44", "06:09", "00:00", "01:56", "00:00", "03:53", "00:01", "00:00", "05:05", "05:32", "07:29", 0, "11:24"], "SH": ["06:13", "05:09", "03:14", "03:12", "00:00", "00:00", "04:37", "01:00", "04:03", "04:44", "00:00", "05:16", "02:27", "00:00", "04:30", "04:15", "00:00", "00:00", 0, "12:15", "02:39", "03:38", "01:50", "00:08", "00:00", "00:00", "02:01", "02:34", "01:43", "02:41", "00:00", "00:00", "00:00", "01:24", "00:00", "00:34", "00:47", "00:00", 0, "05:28"], "EV": ["14:39", "12:28", "14:22", "13:22", "12:07", "12:07", "06:04", "06:25", "18:08", "11:08", "11:12", "10:12", "06:00", "10:33", "13:38", "16:03", "09:32", "12:41", 0, "42:17", "14:54", "13:02", "15:59", "12:41", "13:02", "10:24", "09:53", "13:57", "11:41", "14:42", "10:25", "13:16", "07:08", "07:17", "06:58", "11:47", "12:07", "12:15", 0, "41:30"], "S": [0, 0, "2", "4", "1", "1", 0, 0, "2", "2", "3", 0, 0, "6", "1", "2", 0, "1", 0, 0, "2", "1", "1", "1", "7", "3", "1", "4", "1", 0, "3", 0, "1", 0, "2", "3", "4", "2", 0, 0], "A/B": [0, "1", "1", 0, 0, "1", 0, 0, "1", "2", 0, 0, 0, 0, 0, 0, "1", 0, 0, 0, "2", 0, "2", 0, "3", "1", "1", 0, 0, "2", "1", "1", 0, "1", "2", 0, "2", "1", 0, 0], "MS": [0, 0, 0, 0, "1", 0, 0, 0, "1", 0, 0, 0, 0, "2", 0, "1", 0, 0, 0, 0, 0, 0, "1", "1", 0, 0, 0, "2", 0, 0, "1", 0, 0, 0, 0, 0, "1", "2", 0, 0], "HT": ["1", "1", "1", "3", 0, 0, 0, 0, 0, "1", "2", "1", "1", 0, "1", "2", 0, "1", 0, 0, 0, "1", "3", 0, "3", "4", "1", 0, "1", "1", "4", 0, "1", "5", "4", "3", "3", 0, 0, 0], "GV": [0, "1", 0, 0, 0, 0, 0, 0, 0, "1", 0, 0, 0, "1", "1", 0, 0, 0, 0, 0, 0, 0, "1", "1", 0, 0, 0, 0, 0, 0, 0, "1", 0, 0, 0, 0, 0, 0, 0, 0], "TK": [0, 0, "2", 0, "1", 0, 0, 0, "1", 0, 0, 0, 0, 0, 0, 0, 0, "1", 0, 0, 0, 0, 0, 0, 0, "1", 0, "1", "1", "1", "1", 0, 0, 0, 0, 0, 0, "3", 0, 0], "BS": ["3", 0, "1", 0, "1", "1", 0, "1", "3", 0, 0, 0, "3", "1", "1", "3", "1", 0, 0, 0, 0, "1", "2", 0, 0, 0, 0, 0, 0, "2", 0, "1", "1", 0, 0, 0, 0, 0, 0, 0], "FW": [0, 0, "10", "0", 0, 0, 0, 0, 0, "8", 0, 0, "5", "0", 0, 0, 0, "5", 0, 0, 0, 0, 0, 0, "0", 0, "6", "18", 0, 0, 0, 0, "2", "2", 0, "1", 0, 0, 0, 0], "FL": [0, 0, "11", "2", 0, 0, 0, 0, 0, "9", 0, 0, "2", "1", 0, 0, 0, "4", 0, 0, 0, 0, 0, 0, "1", 0, "8", "11", 0, 0, 0, 0, "2", "1", 0, "5", 0, 0, 0, 0], "F%": [0, 0, "48", "0", 0, 0, 0, 0, 0, "47", 0, 0, "71", "0", 0, 0, 0, "56", 0, 0, 0, 0, 0, 0, "0", 0, "43", "62", 0, 0, 0, 0, "50", "67", 0, "17", 0, 0, 0, 0], "team": ["MINNESOTA WILD ", "MINNESOTA WILD ", "MINNESOTA WILD ", "MINNESOTA WILD ", "MINNESOTA WILD ", "MINNESOTA WILD ", "MINNESOTA WILD ", "MINNESOTA WILD ", "MINNESOTA WILD ", "MINNESOTA WILD ", "MINNESOTA WILD ", "MINNESOTA WILD ", "MINNESOTA WILD ", "MINNESOTA WILD ", "MINNESOTA WILD ", "MINNESOTA WILD ", "MINNESOTA WILD ", "MINNESOTA WILD ", "MINNESOTA WILD ", "MINNESOTA WILD ", "CHICAGO BLACKHAWKS ", "CHICAGO BLACKHAWKS ", "CHICAGO BLACKHAWKS ", "CHICAGO BLACKHAWKS ", "CHICAGO BLACKHAWKS ", "CHICAGO BLACKHAWKS ", "CHICAGO BLACKHAWKS ", "CHICAGO BLACKHAWKS ", "CHICAGO BLACKHAWKS ", "CHICAGO BLACKHAWKS ", "CHICAGO BLACKHAWKS ", "CHICAGO BLACKHAWKS ", "CHICAGO BLACKHAWKS ", "CHICAGO BLACKHAWKS ", "CHICAGO BLACKHAWKS ", "CHICAGO BLACKHAWKS ", "CHICAGO BLACKHAWKS ", "CHICAGO BLACKHAWKS ", "CHICAGO BLACKHAWKS ", "CHICAGO BLACKHAWKS "], "GA": [0, 0, 0, 0, 0, 0, 0, 0, 0, 0, 0, 0, 0, 0, 0, 0, 0, 0, 0.0, "3", 0, 0, 0, 0, 0, 0, 0, 0, 0, 0, 0, 0, 0, 0, 0, 0, 0, 0, 0, "5"], "SA": [0, 0, 0, 0, 0, 0, 0, 0, 0, 0, 0, 0, 0, 0, 0, 0, 0, 0, 0.0, "36", 0, 0, 0, 0, 0, 0, 0, 0, 0, 0, 0, 0, 0, 0, 0, 0, 0, 0, 0, "25"]}}