{"game_info": {"date": "2014-04-11", "visitor": "COLUMBUS BLUE JACKETS ", "home": "TAMPA BAY LIGHTNING ", "game_id": 1207, "status": "final"}, "player_stats": {"number": ["5", "7", "11", "13", "14", "15", "17", "19", "21", "24", "26", "27", "38", "40", "42", "51", "55", "58", "31", "72", "2", "7", "9", "11", "17", "18", "19", "21", "23", "24", "25", "44", "54", "62", "71", "77", "86", "91", "37", "39"], "position": ["R", "D", "L", "R", "L", "D", "C", "C", "D", "C", "R", "D", "C", "R", "C", "D", "C", "D", "G", "G", "D", "D", "C", "C", "C", "L", "R", "D", "R", "R", "D", "C", "C", "D", "R", "D", "R", "C", "G", "G"], "name": ["SKILLE, JACK", "JOHNSON, JACK", "CALVERT, MATT", "ATKINSON, CAM", "COMEAU, BLAKE", "SCHULTZ, NICK", "DUBINSKY, BRANDON", "JOHANSEN, RYAN", "WISNIEWSKI, JAMES", "MACKENZIE, DEREK", "TROPP, COREY", "MURRAY, RYAN", "JENNER, BOONE", "BOLL, JARED", "ANISIMOV, ARTEM", "TYUTIN, FEDOR", "LETESTU, MARK", "SAVARD, DAVID", "MCELHINNEY, CURTIS", "BOBROVSKY, SERGEI", "BREWER, ERIC", "GUDAS, RADKO", "JOHNSON, TYLER", "PYATT, TOM", "KILLORN, ALEX", "PALAT, ONDREJ", "CROMBEEN, B.J.", "KOSTKA, MICHAEL", "BROWN, J.T.", "CALLAHAN, RYAN", "CARLE, MATTHEW", "THOMPSON, NATE", "PAQUETTE, CEDRIC", "SUSTR, ANDREJ", "PANIK, RICHARD", "HEDMAN, VICTOR", "KUCHEROV, NIKITA", "STAMKOS, STEVEN", "GUDLEVSKIS, KRISTERS", "LINDBACK, ANDERS"], "G": [0, 0, 0, 0, 0, 0, 0, 0, 0, 0, 0, 0, "1", 0, 0, 0, 0, "1", 0, 0, "2", 0, 0, 0, 0, "1", 0, 0, 0, 0, 0, 0, 0, 0, 0, 0, 0, 0, 0, 0], "A": [0, "1", 0, 0, "1", 0, 0, "1", 0, 0, 0, 0, "1", 0, 0, 0, 0, 0, 0, 0, 0, 0, 0, 0, "1", 0, 0, "1", 0, 0, 0, 0, "1", 0, "1", 0, 0, 0, 0, 0], "P": [0, "1", 0, 0, "1", 0, 0, "1", 0, 0, 0, 0, "2", 0, 0, 0, 0, "1", 0, 0, "2", 0, 0, 0, "1", "1", 0, "1", 0, 0, 0, 0, "1", 0, "1", 0, 0, 0, 0, 0], "+/-": ["-1", "+1", "-1", "-1", "+1", "-1", "-1", "+1", "-1", "-1", 0, "-1", "+1", 0, "-1", 0, 0, 0, 0, 0, "+2", 0, 0, "-1", 0, 0, "-1", "+1", "+1", "+1", "-1", 0, "+1", 0, "+1", 0, "+1", 0, 0, 0], "PN": [0, "1", 0, 0, 0, 0, "1", 0, 0, 0, "1", 0, "1", 0, 0, 0, 0, 0, 0, 0, 0, 0, 0, 0, 0, 0, 0, 0, 0, 0, "1", 0, 0, 0, "3", 0, 0, 0, 0, 0], "PIM": [0, "2", 0, 0, 0, 0, "2", 0, 0, 0, "2", 0, "2", 0, 0, 0, 0, 0, 0, 0, 0, 0, 0, 0, 0, 0, 0, 0, 0, 0, "2", 0, 0, 0, "6", 0, 0, 0, 0, 0], "TOT": ["12:37", "26:27", "17:35", "17:50", "14:31", "11:57", "18:09", "19:07", "22:43", "14:58", "07:13", "20:26", "18:16", "07:21", "15:08", "20:30", "13:36", "18:07", "58:11", 0, "24:57", "21:46", "19:20", "12:35", "20:15", "13:43", "10:13", "20:35", "11:26", "21:00", "26:06", "13:34", "12:46", "21:14", "14:05", "01:42", "10:38", "19:24", "59:47", 0], "SHF": ["16", "27", "23", "21", "19", "14", "24", "22", "28", "20", "12", "23", "23", "12", "20", "26", "18", "22", 0, 0, "27", "26", "25", "17", "22", "16", "15", "22", "15", "23", "29", "19", "16", "22", "18", "3", "15", "23", 0, 0], "AVG TOI/SH": ["00:47", "00:58", "00:45", "00:50", "00:45", "00:51", "00:45", "00:52", "00:48", "00:44", "00:36", "00:53", "00:47", "00:36", "00:45", "00:47", "00:45", "00:49", 0, 0, "00:55", "00:50", "00:46", "00:44", "00:55", "00:51", "00:40", "00:56", "00:45", "00:54", "00:54", "00:42", "00:47", "00:57", "00:46", "00:34", "00:42", "00:50", 0, 0], "PP": ["00:00", "02:57", "01:15", "02:04", "00:00", "00:00", "01:35", "02:50", "02:39", "00:00", "00:00", "02:15", "02:22", "00:00", "02:04", "00:00", "02:32", "01:57", "04:54", 0, "00:00", "01:24", "01:47", "00:00", "03:31", "03:31", "00:00", "03:31", "00:00", "03:31", "01:47", "00:00", "00:00", "00:00", "01:47", "00:00", "01:47", "03:54", "05:18", 0], "SH": ["00:00", "01:46", "01:59", "00:13", "01:23", "00:42", "01:34", "00:13", "02:50", "01:43", "00:00", "02:50", "00:00", "00:00", "01:11", "01:46", "02:20", "00:42", "05:18", 0, "03:00", "01:27", "01:35", "00:40", "00:00", "00:52", "00:00", "01:08", "02:01", "01:18", "01:25", "02:24", "00:43", "02:48", "00:00", "00:00", "00:00", "00:15", "04:54", 0], "EV": ["12:37", "21:44", "14:21", "15:33", "13:08", "11:15", "15:00", "16:04", "17:14", "13:15", "07:13", "15:21", "15:54", "07:21", "11:53", "18:44", "08:44", "15:28", "47:59", 0, "21:57", "18:55", "15:58", "11:55", "16:44", "09:20", "10:13", "15:56", "09:25", "16:11", "22:54", "11:10", "12:03", "18:26", "12:18", "01:42", "08:51", "15:15", "49:35", 0], "S": ["1", "3", "2", "3", "1", 0, "4", "5", "1", "1", "1", "1", "4", 0, "3", 0, "5", "3", 0, 0, "4", "2", "1", 0, "1", "1", "2", "1", 0, 0, "1", "1", 0, "1", "3", 0, "2", "2", 0, 0], "A/B": ["2", "2", "2", "1", 0, 0, "2", "2", "2", "1", 0, "1", 0, 0, 0, 0, "1", "3", 0, 0, "2", 0, "2", 0, "1", 0, 0, "1", 0, 0, 0, 0, 0, 0, 0, 0, 0, "1", 0, 0], "MS": [0, 0, 0, "1", "1", "1", "2", "1", 0, "3", 0, 0, "1", 0, 0, "1", 0, 0, 0, 0, "1", 0, "1", "1", "3", "3", 0, 0, "2", 0, 0, 0, 0, "1", "1", 0, "1", "2", 0, 0], "HT": ["2", "2", "3", 0, "3", "2", "2", 0, "2", "2", "1", 0, "2", "2", 0, "1", 0, 0, 0, 0, "2", "5", "1", 0, 0, "3", 0, 0, "1", "4", 0, "1", "1", 0, "2", 0, 0, "1", 0, 0], "GV": [0, "1", 0, 0, 0, 0, 0, 0, 0, 0, 0, "1", 0, 0, 0, 0, 0, "1", 0, 0, 0, 0, 0, "2", "1", "2", 0, 0, 0, "1", "1", 0, 0, 0, "1", "1", 0, 0, 0, 0], "TK": [0, 0, 0, 0, 0, 0, "1", 0, "1", 0, 0, 0, 0, 0, 0, 0, "3", 0, 0, 0, "1", 0, 0, 0, "1", 0, 0, 0, 0, "1", 0, "1", 0, "1", 0, 0, 0, 0, 0, 0], "BS": [0, "1", 0, "1", 0, 0, 0, 0, "1", 0, "1", 0, "1", 0, 0, "2", 0, 0, 0, 0, "3", "2", 0, "1", "1", 0, 0, "3", "2", "3", "1", "1", "2", 0, 0, 0, 0, 0, 0, 0], "FW": [0, 0, 0, 0, 0, 0, "7", "7", 0, "1", 0, 0, 0, 0, "6", 0, "4", 0, 0, 0, 0, 0, "5", "6", "1", 0, 0, 0, "0", 0, 0, "1", "9", 0, "1", 0, 0, "0", 0, 0], "FL": [0, 0, 0, 0, 0, 0, "9", "5", 0, "2", 0, 0, 0, 0, "4", 0, "3", 0, 0, 0, 0, 0, "4", "3", "1", 0, 0, 0, "1", 0, 0, "7", "5", 0, "0", 0, 0, "4", 0, 0], "F%": [0, 0, 0, 0, 0, 0, "44", "58", 0, "33", 0, 0, 0, 0, "60", 0, "57", 0, 0, 0, 0, 0, "56", "67", "50", 0, 0, 0, "0", 0, 0, "13", "64", 0, "100", 0, 0, "0", 0, 0], "team": ["COLUMBUS BLUE JACKETS ", "COLUMBUS BLUE JACKETS ", "COLUMBUS BLUE JACKETS ", "COLUMBUS BLUE JACKETS ", "COLUMBUS BLUE JACKETS ", "COLUMBUS BLUE JACKETS ", "COLUMBUS BLUE JACKETS ", "COLUMBUS BLUE JACKETS ", "COLUMBUS BLUE JACKETS ", "COLUMBUS BLUE JACKETS ", "COLUMBUS BLUE JACKETS ", "COLUMBUS BLUE JACKETS ", "COLUMBUS BLUE JACKETS ", "COLUMBUS BLUE JACKETS ", "COLUMBUS BLUE JACKETS ", "COLUMBUS BLUE JACKETS ", "COLUMBUS BLUE JACKETS ", "COLUMBUS BLUE JACKETS ", "COLUMBUS BLUE JACKETS ", "COLUMBUS BLUE JACKETS ", "TAMPA BAY LIGHTNING ", "TAMPA BAY LIGHTNING ", "TAMPA BAY LIGHTNING ", "TAMPA BAY LIGHTNING ", "TAMPA BAY LIGHTNING ", "TAMPA BAY LIGHTNING ", "TAMPA BAY LIGHTNING ", "TAMPA BAY LIGHTNING ", "TAMPA BAY LIGHTNING ", "TAMPA BAY LIGHTNING ", "TAMPA BAY LIGHTNING ", "TAMPA BAY LIGHTNING ", "TAMPA BAY LIGHTNING ", "TAMPA BAY LIGHTNING ", "TAMPA BAY LIGHTNING ", "TAMPA BAY LIGHTNING ", "TAMPA BAY LIGHTNING ", "TAMPA BAY LIGHTNING ", "TAMPA BAY LIGHTNING ", "TAMPA BAY LIGHTNING "], "GA": [0, 0, 0, 0, 0, 0, 0, 0, 0, 0, 0, 0, 0, 0, 0, 0, 0, 0, "3", 0, 0, 0, 0, 0, 0, 0, 0, 0, 0, 0, 0, 0, 0, 0, 0, 0, 0, 0, "2", 0], "SA": [0, 0, 0, 0, 0, 0, 0, 0, 0, 0, 0, 0, 0, 0, 0, 0, 0, 0, "22", 0, 0, 0, 0, 0, 0, 0, 0, 0, 0, 0, 0, 0, 0, 0, 0, 0, 0, 0, "38", 0]}}