{"game_info": {"date": "2013-12-27", "visitor": "NASHVILLE PREDATORS ", "home": "DALLAS STARS ", "game_id": 574, "status": "final"}, "player_stats": {"number": ["3", "4", "6", "7", "8", "11", "12", "13", "15", "24", "25", "26", "27", "28", "33", "57", "59", "64", "30", "39", 0, "4", "10", "13", "14", "16", "17", "20", "21", "22", "23", "24", "27", "33", "36", "38", "43", "72", "91", "30", "32"], "position": ["D", "D", "D", "C", "D", "C", "C", "C", "C", "L", "L", "C", "R", "C", "C", "L", "D", "D", "G", "G", 0, "D", "C", "L", "L", "C", "C", "C", "L", "C", "D", "D", "D", "D", "D", "L", "R", "L", "C", "G", "G"], "name": ["JONES, SETH", "ELLIS, RYAN", "WEBER, SHEA", "CULLEN, MATT", "KLEIN, KEVIN", "LEGWAND, DAVID", "FISHER, MIKE", "SPALING, NICK", "SMITH, CRAIG", "NYSTROM, ERIC", "STALBERG, VIKTOR", "HENDRICKS, MATT", "HORNQVIST, PATRIC", "GAUSTAD, PAUL", "WILSON, COLIN", "BOURQUE, GABRIEL", "JOSI, ROMAN", "BARTLEY, VICTOR", "HUTTON, CARTER", "MAZANEC, MAREK", "TEAM PENALTY", "DILLON, BRENDEN", "HORCOFF, SHAWN", "WHITNEY, RAY", "BENN, JAMIE", "GARBUTT, RYAN", "PEVERLEY, RICH", "EAKIN, CODY", "ROUSSEL, ANTOINE", "SCEVIOUR, COLTON", "CONNAUTON, KEVIN", "BENN, JORDIE", "ROME, AARON", "GOLIGOSKI, ALEX", "GAUNCE, CAMERON", "FIDDLER, VERNON", "NICHUSHKIN, VALERI", "COLE, ERIK", "SEGUIN, TYLER", "ELLIS, DAN", "LEHTONEN, KARI"], "G": [0, 0, 0, 0, "1", 0, 0, 0, 0, 0, 0, 0, 0, 0, 0, 0, 0, 0, 0, 0, 0, 0, 0, 0, "1", "1", 0, 0, 0, 0, 0, 0, 0, 0, 0, 0, 0, "2", 0, 0, 0], "A": [0, "1", 0, 0, 0, 0, 0, 0, 0, 0, 0, 0, 0, 0, "1", 0, 0, 0, 0, 0, 0, "1", 0, 0, 0, 0, "1", "1", 0, "1", 0, "1", 0, "2", 0, 0, 0, 0, 0, 0, 0], "P": [0, "1", 0, 0, "1", 0, 0, 0, 0, 0, 0, 0, 0, 0, "1", 0, 0, 0, 0, 0, 0, "1", 0, 0, "1", "1", "1", "1", 0, "1", 0, "1", 0, "2", 0, 0, 0, "2", 0, 0, 0], "+/-": ["-1", 0, "-1", 0, 0, 0, "-2", "-1", "-1", "-2", "+1", "-1", "-1", "-1", "+1", "-2", "-1", "-3", 0, 0, 0, "+2", 0, 0, "+1", 0, "+2", 0, 0, "+2", "-1", "+2", "+2", "+2", "-1", 0, "+1", "+2", "+1", 0, 0], "PN": [0, 0, 0, 0, "1", 0, 0, 0, 0, "2", 0, 0, "1", 0, "1", 0, 0, 0, 0, 0, "1", "1", 0, 0, 0, 0, 0, 0, 0, 0, 0, "2", "1", 0, "1", 0, 0, 0, 0, 0, "1"], "PIM": [0, 0, 0, 0, "2", 0, 0, 0, 0, "4", 0, 0, "2", 0, "2", 0, 0, 0, 0, 0, "2", "2", 0, 0, 0, 0, 0, 0, 0, 0, 0, "4", "2", 0, "2", 0, 0, 0, 0, 0, "2"], "TOT": ["11:01", "11:20", "32:23", "17:44", "14:32", "16:13", "19:29", "17:03", "16:42", "09:11", "12:22", "09:59", "15:31", "12:19", "13:07", "14:04", "32:35", "18:16", "59:58", 0, 0, "23:02", "14:07", "11:13", "16:29", "12:46", "14:39", "12:57", "12:08", "12:19", "18:09", "17:01", "16:59", "26:15", "15:39", "15:03", "18:01", "16:33", "18:40", 0, "60:00"], "SHF": ["17", "16", "35", "26", "27", "21", "25", "23", "21", "15", "20", "16", "22", "22", "21", "22", "34", "30", 0, 0, 0, "26", "22", "17", "24", "21", "24", "19", "22", "19", "22", "28", "26", "28", "21", "22", "22", "21", "23", 0, 0], "AVG TOI/SH": ["00:38", "00:42", "00:55", "00:40", "00:32", "00:46", "00:46", "00:44", "00:47", "00:36", "00:37", "00:37", "00:42", "00:33", "00:37", "00:38", "00:57", "00:36", 0, 0, 0, "00:53", "00:38", "00:39", "00:41", "00:36", "00:36", "00:40", "00:33", "00:38", "00:49", "00:36", "00:39", "00:56", "00:44", "00:41", "00:49", "00:47", "00:48", 0, 0], "PP": ["01:59", "02:14", "04:01", "02:37", "00:00", "03:46", "04:01", "02:39", "02:14", "00:00", "00:00", "00:00", "02:29", "00:00", "00:14", "00:00", "03:46", "00:00", "06:00", 0, 0, "00:00", "01:28", "01:28", "02:15", "00:01", "01:39", "01:55", "00:05", "00:00", "01:30", "00:16", "00:05", "02:36", "00:00", "00:01", "02:27", "02:42", "02:27", 0, "04:11"], "SH": ["00:34", "00:00", "02:06", "00:01", "00:56", "00:00", "01:20", "00:59", "00:00", "00:41", "00:01", "02:11", "00:00", "02:09", "00:00", "01:00", "02:41", "02:05", "04:11", 0, 0, "03:34", "02:00", "00:00", "00:00", "02:26", "01:06", "00:31", "02:25", "00:00", "00:00", "01:09", "01:46", "04:51", "00:40", "03:32", "00:00", "00:00", "00:00", 0, "06:00"], "EV": ["08:28", "09:06", "26:16", "15:06", "13:36", "12:27", "14:08", "13:25", "14:28", "08:30", "12:21", "07:48", "13:02", "10:10", "12:53", "13:04", "26:08", "16:11", "49:47", 0, 0, "19:28", "10:39", "09:45", "14:14", "10:19", "11:54", "10:31", "09:38", "12:19", "16:39", "15:36", "15:08", "18:48", "14:59", "11:30", "15:34", "13:51", "16:13", 0, "49:49"], "S": [0, "2", "3", "4", "2", 0, "7", 0, 0, "2", "1", "3", "4", "1", 0, "1", "4", 0, 0, 0, 0, "2", 0, "1", "3", "2", "3", "1", "1", "2", "3", "1", 0, "2", 0, "1", "3", "5", "4", 0, 0], "A/B": ["1", "1", "1", 0, "1", 0, "2", "1", "1", 0, 0, 0, "2", "1", "1", 0, "5", 0, 0, 0, 0, 0, 0, "1", 0, "3", "1", "4", 0, 0, "1", 0, 0, "1", 0, "1", 0, 0, "2", 0, 0], "MS": ["2", 0, "2", "1", 0, 0, 0, "1", 0, "1", "3", "1", "2", "1", "2", "3", 0, 0, 0, 0, 0, "1", 0, "3", "1", 0, "1", "1", "2", "2", "2", "1", 0, 0, 0, "1", "1", "1", 0, 0, 0], "HT": [0, "1", "2", 0, "1", "1", "4", "1", 0, "2", 0, "3", "1", "2", "3", 0, "1", "1", 0, 0, 0, 0, 0, 0, 0, "5", 0, 0, "2", 0, "1", "1", 0, 0, "2", 0, 0, "2", "1", 0, 0], "GV": [0, 0, 0, "3", 0, 0, "1", "2", 0, "1", "1", 0, 0, "1", 0, 0, 0, 0, 0, 0, 0, "1", "1", 0, "1", 0, "1", 0, 0, 0, "1", 0, 0, "3", "1", "1", "3", "1", 0, 0, 0], "TK": [0, 0, 0, "1", "1", 0, "1", 0, "1", 0, 0, 0, "1", 0, "1", "1", 0, 0, 0, 0, 0, "1", 0, "1", "1", "2", 0, 0, "1", "1", 0, "1", 0, 0, 0, 0, 0, 0, "1", 0, 0], "BS": ["2", "1", "6", 0, "2", 0, 0, 0, 0, "1", "1", 0, 0, 0, 0, 0, 0, "1", 0, 0, 0, "1", 0, 0, 0, "2", "1", "1", 0, "2", "1", "2", "3", "4", 0, 0, 0, 0, 0, 0, 0], "FW": [0, 0, 0, "12", 0, "5", "9", 0, "2", 0, 0, "0", 0, "11", "1", 0, 0, 0, 0, 0, 0, 0, "2", 0, "10", "0", "16", "9", "0", 0, 0, 0, 0, 0, 0, "8", 0, 0, "1", 0, 0], "FL": [0, 0, 0, "10", 0, "10", "13", 0, "2", 0, 0, "1", 0, "10", "0", 0, 0, 0, 0, 0, 0, 0, "1", 0, "8", "1", "8", "4", "1", 0, 0, 0, 0, 0, 0, "9", 0, 0, "8", 0, 0], "F%": [0, 0, 0, "55", 0, "33", "41", 0, "50", 0, 0, "0", 0, "52", "100", 0, 0, 0, 0, 0, 0, 0, "67", 0, "56", "0", "67", "69", "0", 0, 0, 0, 0, 0, 0, "47", 0, 0, "11", 0, 0], "team": ["NASHVILLE PREDATORS ", "NASHVILLE PREDATORS ", "NASHVILLE PREDATORS ", "NASHVILLE PREDATORS ", "NASHVILLE PREDATORS ", "NASHVILLE PREDATORS ", "NASHVILLE PREDATORS ", "NASHVILLE PREDATORS ", "NASHVILLE PREDATORS ", "NASHVILLE PREDATORS ", "NASHVILLE PREDATORS ", "NASHVILLE PREDATORS ", "NASHVILLE PREDATORS ", "NASHVILLE PREDATORS ", "NASHVILLE PREDATORS ", "NASHVILLE PREDATORS ", "NASHVILLE PREDATORS ", "NASHVILLE PREDATORS ", "NASHVILLE PREDATORS ", "NASHVILLE PREDATORS ", "NASHVILLE PREDATORS ", "DALLAS STARS ", "DALLAS STARS ", "DALLAS STARS ", "DALLAS STARS ", "DALLAS STARS ", "DALLAS STARS ", "DALLAS STARS ", "DALLAS STARS ", "DALLAS STARS ", "DALLAS STARS ", "DALLAS STARS ", "DALLAS STARS ", "DALLAS STARS ", "DALLAS STARS ", "DALLAS STARS ", "DALLAS STARS ", "DALLAS STARS ", "DALLAS STARS ", "DALLAS STARS ", "DALLAS STARS "], "GA": [0, 0, 0, 0, 0, 0, 0, 0, 0, 0, 0, 0, 0, 0, 0, 0, 0, 0, "4", 0, 0, 0, 0, 0, 0, 0, 0, 0, 0, 0, 0, 0, 0, 0, 0, 0, 0, 0, 0, 0, "1"], "SA": [0, 0, 0, 0, 0, 0, 0, 0, 0, 0, 0, 0, 0, 0, 0, 0, 0, 0, "34", 0, 0, 0, 0, 0, 0, 0, 0, 0, 0, 0, 0, 0, 0, 0, 0, 0, 0, 0, 0, 0, "34"]}}