{"game_info": {"date": "2014-01-16", "visitor": "NEW JERSEY DEVILS ", "home": "COLORADO AVALANCHE ", "game_id": 718, "status": "final"}, "player_stats": {"number": ["2", "6", "7", "8", "11", "14", "15", "17", "18", "19", "20", "21", "22", "24", "26", "29", "34", "68", "30", "35", "2", "3", "4", "6", "7", "8", "9", "11", "24", "25", "29", "42", "44", "55", "58", "61", "90", "92", "1", "35"], "position": ["D", "D", "D", "C", "R", "C", "C", "R", "R", "C", "C", "C", "D", "D", "L", "L", "D", "R", "G", "G", "D", "D", "D", "D", "C", "D", "C", "L", "R", "C", "C", "C", "D", "L", "L", "D", "C", "L", "G", "G"], "name": ["ZIDLICKY, MAREK", "GREENE, ANDY", "FAYNE, MARK", "ZUBRUS, DAINIUS", "GIONTA, STEPHEN", "HENRIQUE, ADAM", "BOUCHER, REID", "RYDER, MICHAEL", "BERNIER, STEVE", "ZAJAC, TRAVIS", "CARTER, RYAN", "LOKTIONOV, ANDREI", "GELINAS, ERIC", "SALVADOR, BRYCE", "ELIAS, PATRIK", "CLOWE, RYANE", "MERRILL, JON", "JAGR, JAROMIR", "BRODEUR, MARTIN", "SCHNEIDER, CORY", "HOLDEN, NICK", "STOLLERY, KARL", "BARRIE, TYSON", "JOHNSON, ERIK", "MITCHELL, JOHN", "HEJDA, JAN", "DUCHENE, MATT", "MCGINN, JAMIE", "CLICHE, MARC-ANDRE", "TALBOT, MAXIME", "MACKINNON, NATHAN", "MALONE, BRAD", "WILSON, RYAN", "MCLEOD, CODY", "BORDELEAU, PATRICK", "BENOIT, ANDRE", "O'REILLY, RYAN", "LANDESKOG, GABRIEL", "VARLAMOV, SEMYON", "GIGUERE, JEAN-SEBASTIEN"], "G": [0, 0, 0, 0, 0, 0, "1", 0, 0, 0, 0, 0, 0, 0, 0, 0, 0, 0, 0, 0, 0, 0, 0, 0, 0, 0, 0, 0, 0, 0, 0, 0, 0, 0, 0, 0, "1", 0, 0, 0], "A": [0, 0, 0, 0, 0, 0, 0, 0, 0, 0, 0, "1", 0, 0, 0, 0, "1", 0, 0, 0, 0, 0, 0, 0, 0, 0, 0, 0, 0, 0, 0, "1", 0, 0, "1", 0, 0, 0, 0, 0], "P": [0, 0, 0, 0, 0, 0, "1", 0, 0, 0, 0, "1", 0, 0, 0, 0, "1", 0, 0, 0, 0, 0, 0, 0, 0, 0, 0, 0, 0, 0, 0, "1", 0, 0, "1", 0, "1", 0, 0, 0], "+/-": [0, 0, 0, "+1", "-1", 0, 0, 0, 0, 0, 0, "+1", 0, 0, "-1", 0, 0, 0, 0, 0, 0, 0, 0, 0, 0, 0, 0, 0, "-1", 0, 0, 0, 0, 0, 0, 0, "+1", 0, 0, 0], "PN": [0, 0, 0, 0, 0, 0, 0, 0, 0, 0, 0, "1", "1", 0, "1", 0, 0, 0, 0, 0, 0, 0, 0, 0, 0, 0, 0, 0, "1", 0, 0, 0, "1", 0, 0, 0, 0, 0, 0, 0], "PIM": [0, 0, 0, 0, 0, 0, 0, 0, 0, 0, 0, "2", "2", 0, "2", 0, 0, 0, 0, 0, 0, 0, 0, 0, 0, 0, 0, 0, "2", 0, 0, 0, "2", 0, 0, 0, 0, 0, 0, 0], "TOT": ["22:24", "28:15", "19:37", "17:17", "13:54", "17:22", "09:09", "16:04", "10:47", "22:15", "11:44", "10:14", "18:51", "19:50", "18:33", "16:12", "20:13", "21:21", 0, "65:00", "22:22", "02:06", "16:49", "24:16", "19:46", "24:01", "25:51", "20:42", "15:37", "16:08", "18:28", "06:30", "18:16", "14:16", "06:12", "20:54", "23:44", "20:14", "64:48", 0], "SHF": ["28", "35", "29", "25", "20", "25", "12", "24", "16", "27", "14", "14", "25", "25", "25", "23", "26", "24", 0, 0, "27", "3", "23", "29", "28", "29", "25", "23", "20", "20", "25", "10", "24", "19", "10", "26", "27", "26", 0, 0], "AVG TOI/SH": ["00:48", "00:48", "00:40", "00:41", "00:41", "00:41", "00:45", "00:40", "00:40", "00:49", "00:50", "00:43", "00:45", "00:47", "00:44", "00:42", "00:46", "00:53", 0, 0, "00:49", "00:42", "00:43", "00:50", "00:42", "00:49", "01:02", "00:54", "00:46", "00:48", "00:44", "00:39", "00:45", "00:45", "00:37", "00:48", "00:52", "00:46", 0, 0], "PP": ["02:17", "02:33", "00:00", "00:00", "00:00", "00:45", "00:00", "00:51", "00:00", "02:33", "00:00", "00:00", "00:51", "00:00", "02:39", "00:31", "01:07", "02:53", 0, "03:24", "01:56", "00:00", "01:24", "03:15", "02:20", "00:12", "04:17", "02:42", "00:12", "00:00", "02:40", "00:00", "00:35", "00:00", "00:00", "01:55", "02:50", "02:32", "05:22", 0], "SH": ["00:00", "02:58", "01:57", "02:41", "01:33", "01:12", "00:00", "00:11", "00:00", "02:16", "00:54", "00:54", "00:00", "04:16", "01:03", "00:00", "01:30", "00:03", 0, "05:22", "02:10", "00:00", "00:00", "00:31", "01:14", "02:10", "00:01", "00:00", "01:29", "02:28", "00:00", "00:00", "00:43", "00:55", "00:00", "01:14", "00:41", "00:00", "03:24", 0], "EV": ["20:07", "22:44", "17:40", "14:36", "12:21", "15:25", "09:09", "15:02", "10:47", "17:26", "10:50", "09:20", "18:00", "15:34", "14:51", "15:41", "17:36", "18:25", 0, "56:14", "18:16", "02:06", "15:25", "20:30", "16:12", "21:39", "21:33", "18:00", "13:56", "13:40", "15:48", "06:30", "16:58", "13:21", "06:12", "17:45", "20:13", "17:42", "56:02", 0], "S": [0, "7", "1", "2", "1", "1", "3", "3", "2", "3", "1", 0, "1", 0, 0, "2", 0, "7", 0, 0, "1", 0, "2", "2", "2", "2", "5", "1", 0, "3", "4", "1", "3", "3", 0, 0, "4", "5", 0, 0], "A/B": ["1", "3", 0, 0, 0, 0, 0, 0, 0, "1", 0, 0, "3", "1", "1", 0, "2", "1", 0, 0, "2", 0, "2", "2", 0, "1", 0, "1", "1", 0, 0, 0, 0, "1", 0, "2", 0, "1", 0, 0], "MS": ["1", "1", 0, 0, 0, "1", 0, 0, "1", 0, 0, 0, "1", 0, "1", 0, 0, 0, 0, 0, 0, 0, 0, 0, "1", 0, "3", "4", 0, 0, "3", 0, 0, 0, 0, 0, 0, "1", 0, 0], "HT": [0, "2", "3", "2", "1", "1", "1", "1", 0, 0, 0, 0, "2", "2", 0, "3", "1", 0, 0, 0, "2", "2", 0, "1", "1", "3", "1", "3", 0, 0, 0, "4", "5", "3", "1", 0, 0, "2", 0, 0], "GV": [0, 0, 0, 0, 0, 0, 0, 0, 0, 0, 0, 0, 0, "1", "1", 0, 0, 0, 0, 0, "1", 0, 0, 0, 0, 0, "2", 0, 0, 0, "1", 0, "1", 0, 0, 0, "2", "1", "1", 0], "TK": [0, "2", 0, 0, 0, "1", 0, 0, 0, "2", "1", 0, 0, 0, "1", 0, "1", 0, 0, 0, 0, 0, "1", 0, 0, 0, "2", 0, 0, "1", "3", 0, 0, 0, 0, "2", "1", 0, 0, 0], "BS": ["2", "2", "2", 0, 0, "1", 0, 0, 0, 0, "2", "1", 0, "1", "1", 0, 0, "1", 0, 0, 0, 0, "2", "1", 0, "3", 0, "2", 0, 0, 0, 0, 0, "1", 0, "1", "3", 0, 0, 0], "FW": [0, 0, 0, "4", "2", "10", 0, 0, 0, "3", 0, "0", 0, 0, "5", 0, 0, 0, 0, 0, 0, 0, 0, 0, "6", 0, "9", 0, "11", "1", "8", "2", 0, 0, 0, 0, "4", 0, 0, 0], "FL": [0, 0, 0, "3", "8", "9", 0, 0, 0, "11", 0, "3", 0, 0, "7", 0, 0, 0, 0, 0, 0, 0, 0, 0, "2", 0, "5", 0, "5", "2", "3", "0", 0, 0, 0, 0, "7", 0, 0, 0], "F%": [0, 0, 0, "57", "20", "53", 0, 0, 0, "21", 0, "0", 0, 0, "42", 0, 0, 0, 0, 0, 0, 0, 0, 0, "75", 0, "64", 0, "69", "33", "73", "100", 0, 0, 0, 0, "36", 0, 0, 0], "team": ["NEW JERSEY DEVILS ", "NEW JERSEY DEVILS ", "NEW JERSEY DEVILS ", "NEW JERSEY DEVILS ", "NEW JERSEY DEVILS ", "NEW JERSEY DEVILS ", "NEW JERSEY DEVILS ", "NEW JERSEY DEVILS ", "NEW JERSEY DEVILS ", "NEW JERSEY DEVILS ", "NEW JERSEY DEVILS ", "NEW JERSEY DEVILS ", "NEW JERSEY DEVILS ", "NEW JERSEY DEVILS ", "NEW JERSEY DEVILS ", "NEW JERSEY DEVILS ", "NEW JERSEY DEVILS ", "NEW JERSEY DEVILS ", "NEW JERSEY DEVILS ", "NEW JERSEY DEVILS ", "COLORADO AVALANCHE ", "COLORADO AVALANCHE ", "COLORADO AVALANCHE ", "COLORADO AVALANCHE ", "COLORADO AVALANCHE ", "COLORADO AVALANCHE ", "COLORADO AVALANCHE ", "COLORADO AVALANCHE ", "COLORADO AVALANCHE ", "COLORADO AVALANCHE ", "COLORADO AVALANCHE ", "COLORADO AVALANCHE ", "COLORADO AVALANCHE ", "COLORADO AVALANCHE ", "COLORADO AVALANCHE ", "COLORADO AVALANCHE ", "COLORADO AVALANCHE ", "COLORADO AVALANCHE ", "COLORADO AVALANCHE ", "COLORADO AVALANCHE "], "GA": [0, 0, 0, 0, 0, 0, 0, 0, 0, 0, 0, 0, 0, 0, 0, 0, 0, 0, 0.0, "1", 0, 0, 0, 0, 0, 0, 0, 0, 0, 0, 0, 0, 0, 0, 0, 0, 0, 0, "1", 0], "SA": [0, 0, 0, 0, 0, 0, 0, 0, 0, 0, 0, 0, 0, 0, 0, 0, 0, 0, 0.0, "38", 0, 0, 0, 0, 0, 0, 0, 0, 0, 0, 0, 0, 0, 0, 0, 0, 0, 0, "34", 0]}}