{"game_info": {"date": "2014-03-08", "visitor": "OTTAWA SENATORS ", "home": "WINNIPEG JETS ", "game_id": 953, "status": "final"}, "player_stats": {"number": ["2", "3", "4", "5", "6", "7", "9", "14", "15", "19", "22", "25", "28", "62", "65", "68", "83", "93", "40", "41", "2", "5", "7", "8", "9", "12", "14", "15", "16", "18", "19", "26", "27", "33", "39", "40", "44", "67", "31", "35"], "position": ["D", "D", "D", "D", "R", "C", "L", "C", "C", "C", "R", "R", "L", "D", "D", "C", "R", "C", "G", "G", "D", "D", "D", "D", "L", "C", "R", "R", "L", "C", "C", "R", "L", "D", "D", "R", "D", "R", "G", "G"], "name": ["COWEN, JARED", "METHOT, MARC", "PHILLIPS, CHRIS", "CECI, CODY", "RYAN, BOBBY", "TURRIS, KYLE", "MICHALEK, MILAN", "GREENING, COLIN", "SMITH, ZACK", "SPEZZA, JASON", "CONDRA, ERIK", "NEIL, CHRIS", "KASSIAN, MATT", "GRYBA, ERIC", "KARLSSON, ERIK", "HOFFMAN, MIKE", "HEMSKY, ALES", "ZIBANEJAD, MIKA", "LEHNER, ROBIN", "ANDERSON, CRAIG", "PARDY, ADAM", "STUART, MARK", "ELLERBY, KEATON", "TROUBA, JACOB", "KANE, EVANDER", "JOKINEN, OLLI", "PELUSO, ANTHONY", "HALISCHUK, MATT", "LADD, ANDREW", "LITTLE, BRYAN", "SLATER, JIM", "WHEELER, BLAKE", "TANGRADI, ERIC", "BYFUGLIEN, DUSTIN", "ENSTROM, TOBIAS", "SETOGUCHI, DEVIN", "BOGOSIAN, ZACH", "FROLIK, MICHAEL", "PAVELEC, ONDREJ", "MONTOYA, AL"], "G": ["1", 0, 0, 0, 0, "1", "1", 0, 0, 0, 0, 0, 0, "1", 0, "1", 0, 0, 0, 0, 0, 0, 0, 0, 0, 0, 0, 0, 0, "1", 0, 0, 0, "1", "1", 0, 0, 0, 0, 0], "A": [0, 0, 0, 0, "1", 0, "2", 0, 0, "3", 0, 0, 0, 0, 0, "1", "3", 0, 0, 0, 0, 0, 0, 0, "1", 0, 0, 0, "1", 0, 0, 0, 0, "1", 0, 0, 0, 0, 0, 0], "P": ["1", 0, 0, 0, "1", "1", "3", 0, 0, "3", 0, 0, 0, "1", 0, "2", "3", 0, 0, 0, 0, 0, 0, 0, "1", 0, 0, 0, "1", "1", 0, 0, 0, "2", "1", 0, 0, 0, 0, 0], "+/-": ["+2", "+1", "-1", "-1", "+1", "+1", "+2", "-1", "-1", "+2", 0, "-1", 0, "+2", "+1", "+1", "+2", 0, 0, 0, "+1", "-2", "+1", "-2", "-2", "-1", 0, "-1", 0, 0, 0, 0, "+1", "-1", "-1", "-1", "-1", "-1", 0, 0], "PN": ["2", 0, 0, "1", 0, 0, 0, "1", "2", 0, 0, "1", "1", "2", 0, 0, 0, 0, 0, 0, 0, 0, 0, 0, 0, 0, "1", 0, 0, 0, 0, "1", "2", 0, "1", "1", "1", 0, 0, 0], "PIM": ["7", 0, 0, "2", 0, 0, 0, "2", "4", 0, 0, "2", "2", "4", 0, 0, 0, 0, 0, 0, 0, 0, 0, 0, 0, 0, "5", 0, 0, 0, 0, "2", "4", 0, "2", "2", "2", 0, 0, 0], "TOT": ["16:25", "24:12", "18:05", "16:52", "20:12", "20:08", "17:48", "16:09", "16:20", "16:05", "07:35", "13:18", "05:35", "19:30", "22:58", "14:48", "14:04", "07:51", 0, "60:00", "11:03", "18:05", "10:02", "24:17", "19:13", "18:50", "03:45", "09:55", "22:01", "21:08", "06:31", "19:36", "09:45", "22:26", "24:04", "16:24", "22:38", "17:37", "29:32", "28:32"], "SHF": ["23", "28", "28", "27", "27", "27", "27", "27", "26", "23", "17", "21", "12", "27", "29", "22", "22", "14", 0, 0, "17", "28", "17", "32", "26", "27", "6", "15", "30", "31", "11", "27", "14", "23", "30", "26", "30", "24", 0, 0], "AVG TOI/SH": ["00:42", "00:51", "00:38", "00:37", "00:44", "00:44", "00:39", "00:35", "00:37", "00:41", "00:26", "00:38", "00:27", "00:43", "00:47", "00:40", "00:38", "00:33", 0, 0, "00:39", "00:38", "00:35", "00:45", "00:44", "00:41", "00:37", "00:39", "00:44", "00:40", "00:35", "00:43", "00:41", "00:58", "00:48", "00:37", "00:45", "00:44", 0, 0], "PP": ["00:00", "01:19", "00:13", "00:37", "01:32", "01:32", "02:27", "00:12", "00:07", "02:27", "00:00", "00:07", "00:00", "00:07", "03:29", "02:35", "02:27", "01:19", 0, "04:06", "00:00", "00:00", "00:00", "04:27", "04:27", "04:56", "00:00", "00:00", "05:29", "05:29", "00:00", "05:36", "00:15", "08:47", "05:28", "04:41", "02:08", "00:22", "04:25", "06:00"], "SH": ["04:02", "03:02", "05:06", "03:19", "03:51", "03:54", "03:04", "03:00", "02:23", "00:37", "02:09", "00:00", "00:00", "04:13", "01:28", "00:00", "00:00", "00:22", 0, "10:25", "00:09", "03:16", "00:00", "03:15", "00:42", "00:44", "00:00", "01:05", "00:40", "00:40", "02:00", "00:34", "00:00", "00:00", "00:34", "00:00", "00:58", "01:47", "04:06", "00:00"], "EV": ["12:23", "19:51", "12:46", "12:56", "14:49", "14:42", "12:17", "12:57", "13:50", "13:01", "05:26", "13:11", "05:35", "15:10", "18:01", "12:13", "11:37", "06:10", 0, "45:29", "10:54", "14:49", "10:02", "16:35", "14:04", "13:10", "03:45", "08:50", "15:52", "14:59", "04:31", "13:26", "09:30", "13:39", "18:02", "11:43", "19:32", "15:28", "21:01", "22:32"], "S": ["2", 0, "1", "2", "3", "3", "2", "1", 0, "3", "2", "1", 0, "4", "2", "3", "3", 0, 0, 0, "1", "1", 0, "5", "6", "4", "1", 0, "4", "2", "1", "4", "1", "6", "7", "1", "2", "3", 0, 0], "A/B": [0, 0, "1", 0, "1", "1", "1", 0, 0, "1", 0, 0, 0, 0, 0, "1", "1", 0, 0, 0, "1", "1", 0, "3", 0, 0, 0, 0, 0, "2", 0, "2", 0, "2", 0, 0, 0, "1", 0, 0], "MS": [0, 0, 0, "1", 0, "1", "1", 0, 0, 0, 0, "1", 0, 0, "1", "2", "1", 0, 0, 0, 0, 0, 0, "1", "3", "1", 0, "1", "1", 0, 0, "2", 0, "2", 0, 0, "4", 0, 0, 0], "HT": ["1", "4", "1", 0, 0, 0, "1", "4", "3", 0, 0, "6", "3", "2", "1", "2", "3", 0, 0, 0, "2", "3", 0, "2", "3", "1", "1", "1", "1", "1", 0, "2", "3", "3", 0, "3", "1", 0, 0, 0], "GV": ["2", "1", "1", 0, "1", 0, 0, 0, 0, "1", 0, 0, 0, "1", "2", 0, 0, 0, 0, "3", "1", 0, 0, "1", 0, 0, 0, 0, 0, 0, 0, 0, "2", 0, 0, "1", "1", 0, "1", 0], "TK": [0, 0, 0, 0, "2", 0, "1", 0, 0, 0, 0, 0, 0, 0, 0, 0, 0, "1", 0, 0, 0, 0, "1", 0, 0, 0, 0, "1", 0, 0, "1", 0, 0, "2", "1", 0, "1", 0, 0, 0], "BS": [0, "2", "2", 0, 0, 0, "2", 0, "1", "1", 0, 0, 0, "2", "2", 0, 0, 0, 0, 0, 0, "3", 0, "1", 0, "2", 0, 0, 0, 0, 0, 0, 0, 0, 0, "1", 0, 0, 0, 0], "FW": [0, 0, 0, 0, 0, "7", 0, "0", "7", "10", "0", 0, 0, 0, 0, 0, 0, "4", 0, 0, 0, 0, 0, 0, "2", "9", 0, 0, "2", "9", "4", "1", 0, 0, 0, "0", 0, "10", 0, 0], "FL": [0, 0, 0, 0, 0, "12", 0, "2", "12", "8", "2", 0, 0, 0, 0, 0, 0, "1", 0, 0, 0, 0, 0, 0, "2", "11", 0, 0, "2", "6", "4", "0", 0, 0, 0, "1", 0, "2", 0, 0], "F%": [0, 0, 0, 0, 0, "37", 0, "0", "37", "56", "0", 0, 0, 0, 0, 0, 0, "80", 0, 0, 0, 0, 0, 0, "50", "45", 0, 0, "50", "60", "50", "100", 0, 0, 0, "0", 0, "83", 0, 0], "team": ["OTTAWA SENATORS ", "OTTAWA SENATORS ", "OTTAWA SENATORS ", "OTTAWA SENATORS ", "OTTAWA SENATORS ", "OTTAWA SENATORS ", "OTTAWA SENATORS ", "OTTAWA SENATORS ", "OTTAWA SENATORS ", "OTTAWA SENATORS ", "OTTAWA SENATORS ", "OTTAWA SENATORS ", "OTTAWA SENATORS ", "OTTAWA SENATORS ", "OTTAWA SENATORS ", "OTTAWA SENATORS ", "OTTAWA SENATORS ", "OTTAWA SENATORS ", "OTTAWA SENATORS ", "OTTAWA SENATORS ", "WINNIPEG JETS ", "WINNIPEG JETS ", "WINNIPEG JETS ", "WINNIPEG JETS ", "WINNIPEG JETS ", "WINNIPEG JETS ", "WINNIPEG JETS ", "WINNIPEG JETS ", "WINNIPEG JETS ", "WINNIPEG JETS ", "WINNIPEG JETS ", "WINNIPEG JETS ", "WINNIPEG JETS ", "WINNIPEG JETS ", "WINNIPEG JETS ", "WINNIPEG JETS ", "WINNIPEG JETS ", "WINNIPEG JETS ", "WINNIPEG JETS ", "WINNIPEG JETS "], "GA": [0, 0, 0, 0, 0, 0, 0, 0, 0, 0, 0, 0, 0, 0, 0, 0, 0, 0, 0.0, "3", 0, 0, 0, 0, 0, 0, 0, 0, 0, 0, 0, 0, 0, 0, 0, 0, 0, 0, "5", "0"], "SA": [0, 0, 0, 0, 0, 0, 0, 0, 0, 0, 0, 0, 0, 0, 0, 0, 0, 0, 0.0, "49", 0, 0, 0, 0, 0, 0, 0, 0, 0, 0, 0, 0, 0, 0, 0, 0, 0, 0, "20", "12"]}}