{"game_info": {"date": "2013-10-16", "visitor": "CALGARY FLAMES ", "home": "ANAHEIM DUCKS ", "game_id": 95, "status": "final"}, "player_stats": {"number": ["4", "5", "6", "7", "8", "11", "15", "16", "17", "20", "22", "23", "24", "38", "39", "44", "47", "55", "31", "35", "4", "6", "7", "8", "10", "11", "13", "15", "17", "21", "22", "23", "33", "34", "45", "47", "55", "65", "1", "30"], "position": ["D", "D", "D", "D", "C", "C", "R", "R", "L", "L", "R", "C", "C", "C", "L", "D", "L", "D", "G", "G", "D", "D", "C", "R", "R", "C", "C", "C", "R", "C", "C", "D", "R", "C", "D", "D", "D", "R", "G", "G"], "name": ["RUSSELL, KRIS", "GIORDANO, MARK", "WIDEMAN, DENNIS", "BRODIE, TJ", "COLBORNE, JOE", "BACKLUND, MIKAEL", "JACKMAN, TIM", "MCGRATTAN, BRIAN", "BOUMA, LANCE", "GLENCROSS, CURTIS", "STEMPNIAK, LEE", "MONAHAN, SEAN", "HUDLER, JIRI", "STREET, BEN", "GALIARDI, TJ", "BUTLER, CHRIS", "BAERTSCHI, SVEN", "O'BRIEN, SHANE", "RAMO, KARRI", "MACDONALD, JOEY", "FOWLER, CAM", "LOVEJOY, BEN", "COGLIANO, ANDREW", "SELANNE, TEEMU", "PERRY, COREY", "KOIVU, SAKU", "BONINO, NICK", "GETZLAF, RYAN", "PENNER, DUSTIN", "PALMIERI, KYLE", "PERREAULT, MATHIEU", "BEAUCHEMIN, FRANCOIS", "SILFVERBERG, JAKOB", "WINNIK, DANIEL", "VATANEN, SAMI", "LINDHOLM, HAMPUS", "ALLEN, BRYAN", "ETEM, EMERSON", "HILLER, JONAS", "FASTH, VIKTOR"], "G": [0, 0, 0, 0, 0, 0, 0, 0, 0, 0, "1", 0, "1", 0, 0, 0, 0, 0, 0, 0, 0, 0, 0, "1", 0, 0, 0, 0, "1", "1", 0, 0, 0, 0, 0, 0, 0, 0, 0, 0], "A": ["1", 0, 0, 0, "1", 0, 0, 0, 0, 0, 0, 0, 0, 0, 0, 0, 0, 0, 0, 0, 0, 0, 0, 0, 0, 0, 0, "1", 0, 0, "1", 0, "1", 0, 0, 0, "1", 0, 0, 0], "P": ["1", 0, 0, 0, "1", 0, 0, 0, 0, 0, "1", 0, "1", 0, 0, 0, 0, 0, 0, 0, 0, 0, 0, "1", 0, 0, 0, "1", "1", "1", "1", 0, "1", 0, 0, 0, "1", 0, 0, 0], "+/-": ["+1", "-1", "+1", "-1", 0, 0, 0, 0, "+1", "-3", "-1", "-1", "+1", "-1", "-1", "-1", "+1", "-1", 0, 0, "-1", "-1", "-1", "+1", "+1", "-2", "+1", "+1", "+1", 0, 0, "+2", 0, "-1", "+1", "+1", "+1", "+1", 0, 0], "PN": [0, 0, 0, 0, 0, 0, "2", 0, 0, 0, 0, 0, 0, 0, 0, "1", 0, 0, 0, 0, 0, 0, 0, 0, 0, 0, 0, "1", 0, "1", 0, 0, 0, "1", 0, "1", 0, 0, 0, 0], "PIM": [0, 0, 0, 0, 0, 0, "15", 0, 0, 0, 0, 0, 0, 0, 0, "2", 0, 0, 0, 0, 0, 0, 0, 0, 0, 0, 0, "2", 0, "2", 0, 0, 0, "2", 0, "2", 0, 0, 0, 0], "TOT": ["21:34", "26:08", "29:35", "18:59", "08:44", "21:36", "02:11", "03:53", "14:31", "20:46", "21:43", "15:18", "23:19", "12:49", "13:36", "12:24", "15:37", "11:26", 0, "58:51", "24:34", "19:31", "16:20", "11:58", "19:11", "17:22", "12:27", "19:00", "14:05", "09:56", "12:42", "22:54", "12:43", "16:52", "15:03", "18:09", "18:08", "11:05", 0, "60:00"], "SHF": ["28", "30", "31", "25", "16", "29", "5", "8", "22", "27", "30", "21", "22", "21", "24", "19", "21", "16", 0, 0, "31", "25", "27", "16", "24", "25", "22", "26", "19", "16", "16", "27", "17", "25", "21", "26", "31", "18", 0, 0], "AVG TOI/SH": ["00:46", "00:52", "00:57", "00:45", "00:32", "00:44", "00:26", "00:29", "00:39", "00:46", "00:43", "00:43", "01:03", "00:36", "00:34", "00:39", "00:44", "00:42", 0, 0, "00:47", "00:46", "00:36", "00:44", "00:47", "00:41", "00:33", "00:43", "00:44", "00:37", "00:47", "00:50", "00:44", "00:40", "00:43", "00:41", "00:35", "00:36", 0, 0], "PP": ["02:12", "05:48", "05:48", "02:12", "00:00", "03:59", "00:00", "00:00", "00:27", "04:01", "04:14", "03:46", "06:33", "00:00", "00:00", "00:00", "01:00", "00:00", 0, "08:00", "03:47", "00:27", "00:31", "02:35", "03:13", "02:14", "01:04", "02:47", "01:43", "02:38", "03:01", "01:39", "01:44", "00:20", "03:31", "02:42", "00:00", "01:04", 0, "07:00"], "SH": ["00:55", "05:13", "04:39", "02:21", "00:12", "04:08", "00:00", "00:00", "01:55", "01:02", "03:55", "00:00", "00:00", "00:37", "02:11", "00:52", "00:00", "00:00", 0, "07:00", "03:34", "02:24", "02:53", "00:00", "01:05", "02:39", "02:05", "01:31", "00:00", "00:00", "00:11", "05:36", "00:24", "02:19", "00:00", "00:38", "03:48", "02:53", 0, "08:00"], "EV": ["18:27", "15:07", "19:08", "14:26", "08:32", "13:29", "02:11", "03:53", "12:09", "15:43", "13:34", "11:32", "16:46", "12:12", "11:25", "11:32", "14:37", "11:26", 0, "43:51", "17:13", "16:40", "12:56", "09:23", "14:53", "12:29", "09:18", "14:42", "12:22", "07:18", "09:30", "15:39", "10:35", "14:13", "11:32", "14:49", "14:20", "07:08", 0, "45:00"], "S": ["3", "2", "3", 0, "1", "5", 0, "1", "4", "1", "5", 0, "3", "3", "2", "1", 0, "1", 0, 0, 0, 0, "2", "1", "5", "1", "3", "1", "2", "2", 0, 0, 0, 0, "1", "1", 0, "3", 0, 0], "A/B": ["1", "3", "2", 0, 0, 0, 0, 0, 0, "2", "1", "1", 0, "1", 0, "1", 0, 0, 0, 0, 0, "2", "4", 0, 0, 0, "1", "1", 0, "1", "1", 0, 0, 0, "1", "2", 0, "3", 0, 0], "MS": ["1", 0, "1", 0, 0, "1", 0, 0, 0, "1", "1", 0, 0, "1", "3", "1", 0, 0, 0, 0, 0, "1", 0, 0, "3", "1", "1", 0, "1", 0, 0, 0, 0, "1", 0, 0, "1", 0, 0, 0], "HT": ["1", "3", "3", 0, "1", "2", "2", "1", 0, "1", "1", 0, 0, "1", "1", "1", "2", "2", 0, 0, "1", "5", "2", 0, "1", 0, "1", "1", "1", 0, "2", 0, "2", 0, 0, "1", "4", 0, 0, 0], "GV": [0, 0, "2", 0, 0, "1", 0, 0, 0, 0, 0, 0, "1", 0, "1", 0, 0, 0, 0, 0, 0, 0, 0, 0, 0, "2", 0, "2", 0, "1", "1", 0, 0, "1", "1", 0, 0, 0, 0, 0], "TK": [0, 0, "2", "2", 0, 0, 0, 0, 0, 0, "1", 0, 0, 0, 0, 0, 0, 0, 0, 0, "1", 0, 0, 0, 0, 0, 0, 0, 0, "1", 0, "1", "2", "1", "1", 0, 0, 0, 0, 0], "BS": ["2", "3", "3", 0, 0, "1", 0, 0, 0, 0, 0, 0, 0, 0, "1", "3", "3", 0, 0, 0, "1", 0, "1", 0, 0, "1", 0, "1", 0, 0, "1", "2", 0, "2", "2", 0, 0, "1", 0, 0], "FW": [0, 0, 0, 0, "2", "10", 0, 0, 0, "2", "0", "5", "0", "10", "1", 0, 0, 0, 0, 0, 0, 0, "0", "1", 0, "11", "8", "11", "4", "0", "9", 0, 0, "2", 0, 0, 0, 0, 0, 0], "FL": [0, 0, 0, 0, "8", "17", 0, 0, 0, "4", "1", "6", "1", "9", "0", 0, 0, 0, 0, 0, 0, 0, "1", "2", 0, "8", "5", "7", "2", "2", "3", 0, 0, "0", 0, 0, 0, 0, 0, 0], "F%": [0, 0, 0, 0, "20", "37", 0, 0, 0, "33", "0", "45", "0", "53", "100", 0, 0, 0, 0, 0, 0, 0, "0", "33", 0, "58", "62", "61", "67", "0", "75", 0, 0, "100", 0, 0, 0, 0, 0, 0], "team": ["CALGARY FLAMES ", "CALGARY FLAMES ", "CALGARY FLAMES ", "CALGARY FLAMES ", "CALGARY FLAMES ", "CALGARY FLAMES ", "CALGARY FLAMES ", "CALGARY FLAMES ", "CALGARY FLAMES ", "CALGARY FLAMES ", "CALGARY FLAMES ", "CALGARY FLAMES ", "CALGARY FLAMES ", "CALGARY FLAMES ", "CALGARY FLAMES ", "CALGARY FLAMES ", "CALGARY FLAMES ", "CALGARY FLAMES ", "CALGARY FLAMES ", "CALGARY FLAMES ", "ANAHEIM DUCKS ", "ANAHEIM DUCKS ", "ANAHEIM DUCKS ", "ANAHEIM DUCKS ", "ANAHEIM DUCKS ", "ANAHEIM DUCKS ", "ANAHEIM DUCKS ", "ANAHEIM DUCKS ", "ANAHEIM DUCKS ", "ANAHEIM DUCKS ", "ANAHEIM DUCKS ", "ANAHEIM DUCKS ", "ANAHEIM DUCKS ", "ANAHEIM DUCKS ", "ANAHEIM DUCKS ", "ANAHEIM DUCKS ", "ANAHEIM DUCKS ", "ANAHEIM DUCKS ", "ANAHEIM DUCKS ", "ANAHEIM DUCKS "], "GA": [0, 0, 0, 0, 0, 0, 0, 0, 0, 0, 0, 0, 0, 0, 0, 0, 0, 0, 0.0, "3", 0, 0, 0, 0, 0, 0, 0, 0, 0, 0, 0, 0, 0, 0, 0, 0, 0, 0, 0, "2"], "SA": [0, 0, 0, 0, 0, 0, 0, 0, 0, 0, 0, 0, 0, 0, 0, 0, 0, 0, 0.0, "22", 0, 0, 0, 0, 0, 0, 0, 0, 0, 0, 0, 0, 0, 0, 0, 0, 0, 0, 0, "35"]}}