{"game_info": {"date": "2013-11-07", "visitor": "VANCOUVER CANUCKS ", "home": "SAN JOSE SHARKS ", "game_id": 240, "status": "final"}, "player_stats": {"number": ["2", "3", "5", "8", "9", "13", "14", "15", "17", "18", "20", "21", "22", "23", "25", "29", "33", "49", "1", "31", "5", "7", "8", "9", "10", "12", "15", "18", "19", "22", "27", "39", "44", "48", "57", "61", "81", "83", "31", "32"], "position": ["D", "D", "D", "D", "R", "C", "L", "R", "C", "D", "L", "C", "L", "D", "C", "L", "C", "R", "G", "G", "D", "D", "C", "R", "C", "C", "C", "R", "C", "D", "D", "C", "D", "C", "C", "D", "C", "L", "G", "G"], "name": ["HAMHUIS, DAN", "BIEKSA, KEVIN", "GARRISON, JASON", "TANEV, CHRISTOPHER", "KASSIAN, ZACK", "WELSH, JEREMY", "BURROWS, ALEXANDRE", "RICHARDSON, BRAD", "KESLER, RYAN", "STANTON, RYAN", "HIGGINS, CHRIS", "DALPE, ZAC", "SEDIN, DANIEL", "EDLER, ALEXANDER", "SANTORELLI, MIKE", "SESTITO, TOM", "SEDIN, HENRIK", "ARCHIBALD, DARREN", "LUONGO, ROBERTO", "LACK, EDDIE", "DEMERS, JASON", "STUART, BRAD", "PAVELSKI, JOE", "HAVLAT, MARTY", "DESJARDINS, ANDREW", "MARLEAU, PATRICK", "SHEPPARD, JAMES", "BROWN, MIKE", "THORNTON, JOE", "BOYLE, DAN", "HANNAN, SCOTT", "COUTURE, LOGAN", "VLASIC, MARC-EDOUARD", "HERTL, TOMAS", "WINGELS, TOMMY", "BRAUN, JUSTIN", "KENNEDY, TYLER", "NIETO, MATTHEW", "NIEMI, ANTTI", "STALOCK, ALEX"], "G": [0, 0, 0, 0, "1", 0, 0, "1", 0, 0, "1", 0, 0, 0, "1", 0, 0, 0, 0, 0, 0, 0, 0, 0, 0, 0, 0, "1", "1", 0, 0, 0, 0, 0, 0, 0, 0, 0, 0, 0], "A": [0, "2", 0, 0, 0, 0, "2", 0, 0, "1", "1", 0, 0, 0, 0, 0, 0, "1", 0, 0, 0, 0, 0, 0, "1", 0, "1", 0, 0, 0, 0, 0, 0, "1", "1", 0, 0, 0, 0, 0], "P": [0, "2", 0, 0, "1", 0, "2", "1", 0, "1", "2", 0, 0, 0, "1", 0, 0, "1", 0, 0, 0, 0, 0, 0, "1", 0, "1", "1", "1", 0, 0, 0, 0, "1", "1", 0, 0, 0, 0, 0], "+/-": ["+2", "+1", 0, "+1", "+1", 0, "+1", "+1", 0, 0, "+1", 0, 0, 0, "+1", 0, 0, "+1", 0, 0, "-2", "+1", "-2", "-1", "+1", 0, "+1", "+1", "-1", "+1", "-1", 0, "-1", "-1", "-1", "-2", "-1", "-2", 0, 0], "PN": [0, "1", "1", 0, 0, 0, 0, "1", 0, "1", 0, 0, 0, 0, 0, "1", 0, 0, 0, 0, "1", "1", 0, 0, "1", 0, 0, 0, 0, "1", 0, 0, 0, 0, "1", 0, 0, 0, 0, 0], "PIM": [0, "2", "2", 0, 0, 0, 0, "2", 0, "5", 0, 0, 0, 0, 0, "2", 0, 0, 0, 0, "2", "2", 0, 0, "5", 0, 0, 0, 0, "2", 0, 0, 0, 0, "2", 0, 0, 0, 0, 0], "TOT": ["24:30", "20:41", "17:45", "19:48", "13:23", "04:40", "16:37", "14:42", "22:36", "10:30", "18:53", "03:46", "22:46", "24:15", "18:16", "04:34", "23:44", "10:43", "60:00", 0, "17:44", "18:17", "15:37", "14:49", "11:22", "22:04", "12:24", "09:59", "20:01", "19:38", "18:07", "20:55", "20:23", "15:41", "16:27", "22:29", "10:53", "07:37", "25:22", "32:32"], "SHF": ["31", "25", "22", "28", "20", "8", "25", "23", "26", "13", "28", "8", "26", "27", "27", "9", "26", "17", 0, 0, "22", "23", "22", "18", "17", "27", "16", "16", "25", "21", "22", "25", "26", "19", "22", "28", "17", "14", 0, 0], "AVG TOI/SH": ["00:47", "00:49", "00:48", "00:42", "00:40", "00:35", "00:39", "00:38", "00:52", "00:48", "00:40", "00:28", "00:52", "00:53", "00:40", "00:30", "00:54", "00:37", 0, 0, "00:48", "00:47", "00:42", "00:49", "00:40", "00:49", "00:46", "00:37", "00:48", "00:56", "00:49", "00:50", "00:47", "00:49", "00:44", "00:48", "00:38", "00:32", 0, 0], "PP": ["03:43", "01:24", "02:44", "00:06", "01:32", "00:00", "03:19", "00:06", "03:40", "00:00", "02:23", "00:00", "03:31", "01:32", "02:04", "00:00", "03:50", "00:06", "06:00", 0, "02:32", "00:15", "02:51", "03:03", "00:00", "02:47", "00:07", "00:00", "03:31", "03:11", "00:17", "03:02", "00:14", "03:25", "02:41", "03:04", "00:00", "00:00", "02:00", "04:12"], "SH": ["03:17", "02:55", "00:00", "03:17", "00:00", "00:00", "00:34", "01:20", "01:41", "00:00", "01:55", "00:00", "02:15", "02:55", "02:20", "00:00", "02:19", "00:00", "06:12", 0, "01:17", "00:58", "02:17", "00:00", "02:07", "02:15", "00:15", "00:00", "01:19", "00:00", "02:44", "01:34", "03:16", "00:00", "01:36", "03:45", "00:00", "00:37", "00:00", "06:00"], "EV": ["17:30", "16:22", "15:01", "16:25", "11:51", "04:40", "12:44", "13:16", "17:15", "10:30", "14:35", "03:46", "17:00", "19:48", "13:52", "04:34", "17:35", "10:37", "47:48", 0, "13:55", "17:04", "10:29", "11:46", "09:15", "17:02", "12:02", "09:59", "15:11", "16:27", "15:06", "16:19", "16:53", "12:16", "12:10", "15:40", "10:53", "07:00", "23:22", "22:20"], "S": ["3", "2", "3", 0, "2", 0, "3", "1", "5", 0, "3", "1", "3", "2", "2", "1", "3", 0, 0, 0, "1", "2", "1", 0, "2", "3", 0, "2", "4", "2", "1", "1", 0, 0, "3", "1", "1", 0, 0, 0], "A/B": [0, "1", 0, 0, 0, 0, "1", 0, "2", 0, 0, 0, "1", "1", "1", 0, 0, 0, 0, 0, "1", 0, "1", "3", "1", "1", "1", 0, 0, "2", "1", "1", 0, "1", 0, "1", 0, "1", 0, 0], "MS": [0, 0, "3", 0, 0, 0, 0, "1", "1", "1", 0, 0, 0, "1", 0, 0, 0, 0, 0, 0, "1", "1", "2", "1", "1", 0, "1", "1", 0, 0, "1", "1", "2", "2", 0, 0, 0, 0, 0, 0], "HT": [0, "2", 0, 0, "2", 0, "3", "1", "2", "2", "4", 0, "2", 0, 0, "3", 0, "1", 0, 0, 0, 0, "1", 0, 0, 0, "4", "4", 0, 0, 0, "1", "1", "2", "2", "2", "1", 0, 0, 0], "GV": ["1", "2", "2", 0, 0, 0, 0, 0, "2", 0, 0, 0, 0, "2", 0, 0, 0, 0, "1", 0, "1", "3", "2", "2", "2", "1", 0, 0, "3", "2", 0, "2", "1", "1", "1", "1", 0, 0, 0, 0], "TK": ["2", "1", 0, 0, 0, 0, 0, "1", 0, 0, 0, 0, 0, 0, "1", 0, "1", 0, 0, 0, "1", 0, 0, 0, 0, "1", "1", 0, "1", 0, 0, 0, 0, "1", "1", "2", 0, 0, 0, 0], "BS": ["4", "1", 0, "2", 0, 0, 0, 0, 0, 0, 0, 0, 0, "2", "4", 0, 0, "2", 0, 0, "2", "1", 0, 0, 0, "1", 0, 0, 0, "2", 0, 0, 0, 0, 0, 0, "1", 0, 0, 0], "FW": [0, 0, 0, 0, "1", "0", "0", "7", "5", 0, 0, 0, 0, 0, "5", 0, "4", 0, 0, 0, 0, 0, "7", 0, "5", 0, 0, 0, "10", 0, 0, "9", 0, "0", 0, 0, "0", 0, 0, 0], "FL": [0, 0, 0, 0, "0", "1", "3", "4", "7", 0, 0, 0, 0, 0, "9", 0, "7", 0, 0, 0, 0, 0, "4", 0, "4", 0, 0, 0, "5", 0, 0, "6", 0, "2", 0, 0, "1", 0, 0, 0], "F%": [0, 0, 0, 0, "100", "0", "0", "64", "42", 0, 0, 0, 0, 0, "36", 0, "36", 0, 0, 0, 0, 0, "64", 0, "56", 0, 0, 0, "67", 0, 0, "60", 0, "0", 0, 0, "0", 0, 0, 0], "team": ["VANCOUVER CANUCKS ", "VANCOUVER CANUCKS ", "VANCOUVER CANUCKS ", "VANCOUVER CANUCKS ", "VANCOUVER CANUCKS ", "VANCOUVER CANUCKS ", "VANCOUVER CANUCKS ", "VANCOUVER CANUCKS ", "VANCOUVER CANUCKS ", "VANCOUVER CANUCKS ", "VANCOUVER CANUCKS ", "VANCOUVER CANUCKS ", "VANCOUVER CANUCKS ", "VANCOUVER CANUCKS ", "VANCOUVER CANUCKS ", "VANCOUVER CANUCKS ", "VANCOUVER CANUCKS ", "VANCOUVER CANUCKS ", "VANCOUVER CANUCKS ", "VANCOUVER CANUCKS ", "SAN JOSE SHARKS ", "SAN JOSE SHARKS ", "SAN JOSE SHARKS ", "SAN JOSE SHARKS ", "SAN JOSE SHARKS ", "SAN JOSE SHARKS ", "SAN JOSE SHARKS ", "SAN JOSE SHARKS ", "SAN JOSE SHARKS ", "SAN JOSE SHARKS ", "SAN JOSE SHARKS ", "SAN JOSE SHARKS ", "SAN JOSE SHARKS ", "SAN JOSE SHARKS ", "SAN JOSE SHARKS ", "SAN JOSE SHARKS ", "SAN JOSE SHARKS ", "SAN JOSE SHARKS ", "SAN JOSE SHARKS ", "SAN JOSE SHARKS "], "GA": [0, 0, 0, 0, 0, 0, 0, 0, 0, 0, 0, 0, 0, 0, 0, 0, 0, 0, "2", 0, 0, 0, 0, 0, 0, 0, 0, 0, 0, 0, 0, 0, 0, 0, 0, 0, 0, 0, "4", "0"], "SA": [0, 0, 0, 0, 0, 0, 0, 0, 0, 0, 0, 0, 0, 0, 0, 0, 0, 0, "24", 0, 0, 0, 0, 0, 0, 0, 0, 0, 0, 0, 0, 0, 0, 0, 0, 0, 0, 0, "13", "21"]}}