{"game_info": {"date": "2014-03-18", "visitor": "BOSTON BRUINS ", "home": "NEW JERSEY DEVILS ", "game_id": 1026, "status": "final"}, "player_stats": {"number": ["6", "11", "12", "17", "18", "20", "21", "22", "23", "27", "33", "34", "37", "41", "46", "47", "63", "86", "30", "40", "2", "6", "7", "8", "11", "12", "14", "15", "17", "18", "19", "22", "23", "24", "26", "29", "34", "68", "30", "35"], "position": ["D", "C", "R", "L", "R", "L", "L", "L", "C", "D", "D", "C", "C", "D", "C", "D", "C", "D", "G", "G", "D", "D", "D", "C", "R", "C", "C", "R", "R", "R", "C", "D", "C", "D", "L", "L", "D", "R", "G", "G"], "name": ["POTTER, COREY", "CAMPBELL, GREGORY", "IGINLA, JAROME", "LUCIC, MILAN", "SMITH, REILLY", "PAILLE, DANIEL", "ERIKSSON, LOUI", "THORNTON, SHAWN", "KELLY, CHRIS", "HAMILTON, DOUGIE", "CHARA, ZDENO", "SODERBERG, CARL", "BERGERON, PATRICE", "MESZAROS, ANDREJ", "KREJCI, DAVID", "KRUG, TOREY", "MARCHAND, BRAD", "MILLER, KEVAN", "JOHNSON, CHAD", "RASK, TUUKKA", "ZIDLICKY, MAREK", "GREENE, ANDY", "FAYNE, MARK", "ZUBRUS, DAINIUS", "GIONTA, STEPHEN", "BRUNNER, DAMIEN", "HENRIQUE, ADAM", "RUUTU, TUOMO", "RYDER, MICHAEL", "BERNIER, STEVE", "ZAJAC, TRAVIS", "GELINAS, ERIC", "SESTITO, TIM", "SALVADOR, BRYCE", "ELIAS, PATRIK", "CLOWE, RYANE", "MERRILL, JON", "JAGR, JAROMIR", "BRODEUR, MARTIN", "SCHNEIDER, CORY"], "G": [0, 0, "1", 0, 0, 0, 0, 0, "1", 0, 0, 0, "1", 0, 0, 0, "1", 0, 0, 0, 0, 0, 0, 0, 0, 0, 0, 0, 0, 0, "1", 0, 0, 0, "1", 0, 0, 0, 0, 0], "A": [0, 0, 0, 0, "1", 0, "1", 0, 0, 0, "1", "1", "1", "1", "1", "1", 0, 0, 0, 0, 0, 0, 0, 0, 0, 0, 0, 0, "1", 0, "1", "1", 0, 0, 0, 0, 0, "1", 0, 0], "P": [0, 0, "1", 0, "1", 0, "1", 0, "1", 0, "1", "1", "2", "1", "1", "1", "1", 0, 0, 0, 0, 0, 0, 0, 0, 0, 0, 0, "1", 0, "2", "1", 0, 0, "1", 0, 0, "1", 0, 0], "+/-": ["+1", 0, 0, 0, "+1", 0, "+1", 0, "+1", 0, "-1", "+1", "+2", "+3", 0, "+1", "+2", "+2", 0, 0, "-1", "-2", "-1", "+1", 0, "-2", "-2", 0, "-1", 0, 0, "-1", 0, "-1", "-2", "-2", 0, "-1", 0, 0], "PN": [0, "1", 0, "1", 0, 0, 0, 0, 0, "2", 0, 0, 0, 0, 0, 0, 0, "1", 0, 0, 0, "1", 0, 0, 0, 0, 0, 0, 0, 0, 0, "1", 0, 0, 0, "1", 0, 0, 0, 0], "PIM": [0, "2", 0, "5", 0, 0, 0, 0, 0, "4", 0, 0, 0, 0, 0, 0, 0, "2", 0, 0, 0, "2", 0, 0, 0, 0, 0, 0, 0, 0, 0, "2", 0, 0, 0, "5", 0, 0, 0, 0], "TOT": ["15:09", "12:14", "17:24", "16:57", "13:00", "12:52", "15:22", "12:18", "14:13", "19:45", "23:43", "14:16", "15:25", "21:07", "18:00", "17:30", "13:07", "21:30", "60:00", 0, "24:13", "22:35", "17:06", "11:14", "12:40", "12:07", "19:13", "14:17", "15:08", "11:53", "17:54", "18:31", "11:34", "19:16", "17:57", "16:33", "16:52", "19:22", "57:35", 0], "SHF": ["19", "19", "22", "21", "19", "17", "19", "15", "19", "22", "29", "15", "26", "27", "22", "21", "20", "29", 0, 0, "31", "27", "22", "20", "16", "16", "27", "19", "24", "15", "25", "25", "14", "20", "24", "23", "23", "27", 0, 0], "AVG TOI/SH": ["00:47", "00:38", "00:47", "00:48", "00:41", "00:45", "00:48", "00:49", "00:44", "00:53", "00:49", "00:57", "00:35", "00:46", "00:49", "00:50", "00:39", "00:44", 0, 0, "00:46", "00:50", "00:46", "00:33", "00:47", "00:45", "00:42", "00:45", "00:37", "00:47", "00:42", "00:44", "00:49", "00:57", "00:44", "00:43", "00:44", "00:43", 0, 0], "PP": ["00:00", "00:00", "00:48", "00:59", "01:40", "00:00", "01:47", "00:00", "00:11", "01:58", "00:48", "01:47", "01:47", "00:18", "00:48", "00:48", "00:00", "00:11", "02:46", 0, "02:47", "01:32", "00:00", "00:00", "00:00", "02:29", "01:24", "00:00", "01:38", "00:36", "02:42", "01:55", "00:00", "00:00", "03:11", "00:33", "00:00", "03:12", "04:07", 0], "SH": ["00:35", "00:25", "00:00", "00:00", "00:00", "00:25", "01:38", "00:00", "01:57", "00:00", "02:47", "00:00", "02:02", "01:48", "00:11", "00:33", "01:31", "02:59", "04:21", 0, "00:11", "00:35", "01:17", "01:03", "01:43", "00:00", "00:24", "00:28", "00:00", "00:00", "00:11", "00:00", "01:08", "02:46", "00:24", "00:00", "00:43", "00:11", "02:46", 0], "EV": ["14:34", "11:49", "16:36", "15:58", "11:20", "12:27", "11:57", "12:18", "12:05", "17:47", "20:08", "12:29", "11:36", "19:01", "17:01", "16:09", "11:36", "18:20", "52:53", 0, "21:15", "20:28", "15:49", "10:11", "10:57", "09:38", "17:25", "13:49", "13:30", "11:17", "15:01", "16:36", "10:26", "16:30", "14:22", "16:00", "16:09", "15:59", "50:42", 0], "S": ["1", "1", "2", "4", 0, 0, "2", "3", "2", "2", "1", "3", "2", 0, "2", "1", "3", "2", 0, 0, 0, "1", "2", "1", 0, 0, "1", 0, "1", 0, "3", "6", "1", 0, "2", "3", "1", "2", 0, 0], "A/B": ["1", 0, 0, 0, "1", 0, 0, "1", 0, 0, 0, 0, "2", 0, 0, "3", 0, "1", 0, 0, "4", "2", "1", "1", 0, "1", 0, 0, 0, "2", 0, "1", 0, 0, "1", 0, 0, "1", 0, 0], "MS": [0, 0, 0, 0, 0, "1", 0, 0, 0, "1", 0, "1", 0, 0, "1", 0, 0, 0, 0, 0, "1", "1", "1", 0, 0, 0, "2", 0, 0, 0, 0, "1", 0, 0, 0, 0, 0, "1", 0, 0], "HT": ["1", "2", "1", "3", "2", "1", 0, 0, 0, "3", 0, 0, "1", 0, 0, "1", "1", "4", 0, 0, "1", "1", "2", 0, "5", 0, "1", "3", "1", "1", 0, "2", "4", 0, 0, "1", 0, 0, 0, 0], "GV": [0, 0, 0, 0, 0, 0, 0, 0, "1", 0, "4", 0, 0, "1", 0, 0, "1", 0, "1", 0, 0, "1", "1", 0, "1", "1", "2", "3", "1", "2", 0, "3", 0, 0, "2", "1", 0, 0, 0, 0], "TK": ["2", 0, 0, "1", 0, 0, 0, 0, "1", 0, 0, 0, "1", "1", "1", "1", "3", "1", 0, 0, 0, "3", "1", 0, "1", "2", "1", 0, 0, 0, "1", "1", 0, 0, 0, 0, 0, "1", 0, 0], "BS": [0, "3", 0, "1", 0, "2", 0, 0, 0, 0, "1", "1", "2", "1", 0, "1", 0, "2", 0, 0, 0, "3", 0, 0, 0, 0, 0, 0, 0, "3", 0, 0, 0, "1", 0, "1", "1", 0, 0, 0], "FW": [0, "4", 0, "1", 0, 0, 0, "0", "1", 0, 0, "5", "9", 0, "8", 0, 0, 0, 0, 0, 0, 0, 0, "3", "5", 0, "12", "1", 0, 0, "10", 0, "0", 0, "3", 0, 0, 0, 0, 0], "FL": [0, "5", 0, "1", 0, 0, 0, "1", "5", 0, 0, "8", "10", 0, "4", 0, 0, 0, 0, 0, 0, 0, 0, "2", "6", 0, "7", "1", 0, 0, "4", 0, "3", 0, "5", 0, 0, 0, 0, 0], "F%": [0, "44", 0, "50", 0, 0, 0, "0", "17", 0, 0, "38", "47", 0, "67", 0, 0, 0, 0, 0, 0, 0, 0, "60", "45", 0, "63", "50", 0, 0, "71", 0, "0", 0, "38", 0, 0, 0, 0, 0], "team": ["BOSTON BRUINS ", "BOSTON BRUINS ", "BOSTON BRUINS ", "BOSTON BRUINS ", "BOSTON BRUINS ", "BOSTON BRUINS ", "BOSTON BRUINS ", "BOSTON BRUINS ", "BOSTON BRUINS ", "BOSTON BRUINS ", "BOSTON BRUINS ", "BOSTON BRUINS ", "BOSTON BRUINS ", "BOSTON BRUINS ", "BOSTON BRUINS ", "BOSTON BRUINS ", "BOSTON BRUINS ", "BOSTON BRUINS ", "BOSTON BRUINS ", "BOSTON BRUINS ", "NEW JERSEY DEVILS ", "NEW JERSEY DEVILS ", "NEW JERSEY DEVILS ", "NEW JERSEY DEVILS ", "NEW JERSEY DEVILS ", "NEW JERSEY DEVILS ", "NEW JERSEY DEVILS ", "NEW JERSEY DEVILS ", "NEW JERSEY DEVILS ", "NEW JERSEY DEVILS ", "NEW JERSEY DEVILS ", "NEW JERSEY DEVILS ", "NEW JERSEY DEVILS ", "NEW JERSEY DEVILS ", "NEW JERSEY DEVILS ", "NEW JERSEY DEVILS ", "NEW JERSEY DEVILS ", "NEW JERSEY DEVILS ", "NEW JERSEY DEVILS ", "NEW JERSEY DEVILS "], "GA": [0, 0, 0, 0, 0, 0, 0, 0, 0, 0, 0, 0, 0, 0, 0, 0, 0, 0, "2", 0, 0, 0, 0, 0, 0, 0, 0, 0, 0, 0, 0, 0, 0, 0, 0, 0, 0, 0, "4", 0], "SA": [0, 0, 0, 0, 0, 0, 0, 0, 0, 0, 0, 0, 0, 0, 0, 0, 0, 0, "24", 0, 0, 0, 0, 0, 0, 0, 0, 0, 0, 0, 0, 0, 0, 0, 0, 0, 0, 0, "31", 0]}}