{"game_info": {"date": "2013-11-29", "visitor": "EDMONTON OILERS ", "home": "COLUMBUS BLUE JACKETS ", "game_id": 390, "status": "final"}, "player_stats": {"number": ["2", "4", "6", "14", "15", "19", "21", "26", "27", "28", "37", "57", "64", "77", "83", "89", "93", "94", "40", "80", "5", "6", "7", "11", "13", "14", "18", "19", "21", "26", "27", "38", "39", "42", "47", "51", "55", "71", "31", "72"], "position": ["D", "L", "L", "C", "D", "D", "D", "R", "C", "L", "D", "L", "R", "D", "R", "C", "C", "L", "G", "G", "R", "D", "D", "L", "R", "L", "C", "C", "D", "R", "D", "C", "C", "C", "D", "D", "C", "L", "G", "G"], "name": ["PETRY, JEFF", "HALL, TAYLOR", "JOENSUU, JESSE", "EBERLE, JORDAN", "SCHULTZ, NICK", "SCHULTZ, JUSTIN", "FERENCE, ANDREW", "ARCOBELLO, MARK", "GORDON, BOYD", "JONES, RYAN", "GREBESHKOV, DENIS", "PERRON, DAVID", "YAKUPOV, NAIL", "BELOV, ANTON", "HEMSKY, ALES", "GAGNER, SAM", "NUGENT-HOPKINS, RYAN", "SMYTH, RYAN", "DUBNYK, DEVAN", "BRYZGALOV, ILYA", "SKILLE, JACK", "NIKITIN, NIKITA", "JOHNSON, JACK", "CALVERT, MATT", "ATKINSON, CAM", "COMEAU, BLAKE", "UMBERGER, RJ", "JOHANSEN, RYAN", "WISNIEWSKI, JAMES", "TROPP, COREY", "MURRAY, RYAN", "JENNER, BOONE", "CHAPUT, MICHAEL", "ANISIMOV, ARTEM", "PROUT, DALTON", "TYUTIN, FEDOR", "LETESTU, MARK", "FOLIGNO, NICK", "MCELHINNEY, CURTIS", "BOBROVSKY, SERGEI"], "G": [0, 0, 0, 0, 0, 0, 0, 0, 0, 0, 0, "1", 0, 0, 0, "1", 0, 0, 0, 0, "1", 0, 0, 0, 0, 0, 0, "1", 0, 0, 0, 0, 0, "1", 0, 0, 0, "1", 0, 0], "A": [0, 0, 0, "1", 0, 0, 0, 0, 0, 0, "1", 0, 0, 0, "1", 0, "1", 0, 0, 0, 0, 0, 0, "2", "1", 0, 0, "1", 0, "1", 0, "1", 0, 0, "1", "1", 0, 0, 0, 0], "P": [0, 0, 0, "1", 0, 0, 0, 0, 0, 0, "1", "1", 0, 0, "1", "1", "1", 0, 0, 0, "1", 0, 0, "2", "1", 0, 0, "2", 0, "1", 0, "1", 0, "1", "1", "1", 0, "1", 0, 0], "+/-": ["+1", "-1", "-1", "-1", "-1", "-1", 0, 0, "-1", 0, 0, 0, 0, "-1", "+1", "+1", "-1", 0, 0, 0, "+1", 0, "+1", 0, 0, "-1", 0, "+1", 0, "+1", 0, 0, "+1", 0, 0, "+1", 0, 0, 0, 0], "PN": ["1", 0, 0, 0, "1", "1", "1", 0, 0, 0, 0, 0, 0, 0, "1", 0, 0, 0, 0, 0, "1", 0, 0, 0, 0, "1", 0, 0, "1", 0, 0, "1", 0, 0, 0, "1", "1", "1", 0, 0], "PIM": ["2", 0, 0, 0, "2", "2", "2", 0, 0, 0, 0, 0, 0, 0, "2", 0, 0, 0, 0, 0, "2", 0, 0, 0, 0, "2", 0, 0, "2", 0, 0, "2", 0, 0, 0, "2", "2", "2", 0, 0], "TOT": ["15:45", "18:08", "07:03", "18:56", "12:57", "20:19", "16:06", "13:03", "06:21", "10:25", "17:05", "21:20", "21:22", "18:48", "20:26", "21:45", "18:59", "17:04", "17:35", "40:00", "06:48", "16:22", "22:21", "17:53", "13:49", "15:42", "19:04", "18:09", "23:07", "06:35", "20:47", "12:17", "07:52", "15:26", "16:08", "20:15", "18:45", "14:50", 0, "60:00"], "SHF": ["24", "25", "10", "27", "19", "24", "23", "21", "9", "15", "21", "24", "23", "20", "24", "22", "26", "20", 0, 0, "10", "19", "24", "25", "19", "22", "26", "28", "23", "10", "22", "20", "12", "24", "19", "24", "27", "22", 0, 0], "AVG TOI/SH": ["00:39", "00:43", "00:42", "00:42", "00:40", "00:50", "00:42", "00:37", "00:42", "00:41", "00:48", "00:53", "00:55", "00:56", "00:51", "00:59", "00:43", "00:51", 0, 0, "00:40", "00:51", "00:55", "00:42", "00:43", "00:42", "00:44", "00:38", "01:00", "00:39", "00:56", "00:36", "00:39", "00:38", "00:50", "00:50", "00:41", "00:40", 0, 0], "PP": ["00:11", "04:16", "00:11", "04:28", "00:18", "04:39", "00:11", "00:11", "00:00", "00:25", "00:50", "07:16", "08:17", "04:55", "08:23", "08:35", "04:16", "07:48", "07:02", "06:00", "00:00", "00:05", "00:48", "00:51", "01:40", "00:19", "01:41", "03:27", "03:02", "00:00", "01:15", "01:08", "00:00", "00:51", "00:05", "00:58", "00:05", "02:30", 0, "03:45"], "SH": ["01:18", "00:05", "00:00", "00:45", "00:22", "00:43", "02:40", "01:20", "01:50", "00:23", "00:05", "00:22", "00:00", "00:22", "00:00", "00:45", "00:05", "01:55", "01:12", "02:33", "00:00", "01:50", "06:36", "07:02", "01:18", "02:05", "02:29", "02:40", "06:10", "00:00", "04:23", "00:00", "00:00", "05:44", "02:03", "05:02", "04:46", "00:00", 0, "13:02"], "EV": ["14:16", "13:47", "06:52", "13:43", "12:17", "14:57", "13:15", "11:32", "04:31", "09:37", "16:10", "13:42", "13:05", "13:31", "12:03", "12:25", "14:38", "07:21", "09:21", "31:27", "06:48", "14:27", "14:57", "10:00", "10:51", "13:18", "14:54", "12:02", "13:55", "06:35", "15:09", "11:09", "07:52", "08:51", "14:00", "14:15", "13:54", "12:20", 0, "43:13"], "S": ["1", "2", "1", 0, 0, "2", 0, "3", 0, 0, 0, "4", "5", "2", "1", "2", "1", "3", 0, 0, "3", "3", 0, "1", "3", 0, "2", "5", "3", 0, 0, "2", 0, "2", 0, 0, "1", "3", 0, 0], "A/B": [0, "2", 0, 0, 0, "1", 0, 0, 0, 0, "1", "1", "2", "1", 0, 0, 0, 0, 0, 0, 0, "1", "1", "1", "1", 0, "2", "1", "2", 0, 0, 0, 0, "2", "1", "1", "2", "2", 0, 0], "MS": ["2", "2", 0, 0, 0, 0, 0, "1", "1", 0, 0, 0, 0, 0, 0, "1", 0, 0, 0, 0, 0, 0, 0, 0, "1", 0, 0, "1", "2", 0, 0, "1", 0, 0, 0, 0, 0, 0, 0, 0], "HT": ["2", 0, "2", 0, "2", 0, 0, "3", 0, "2", "1", "1", 0, "2", 0, "1", 0, 0, 0, 0, "1", "2", "3", "2", 0, "3", "2", 0, "2", "1", "1", "1", "1", "1", "4", "1", "1", "4", 0, 0], "GV": [0, 0, 0, 0, "1", 0, 0, 0, 0, 0, 0, 0, 0, 0, "1", 0, 0, 0, 0, 0, 0, 0, 0, 0, 0, "1", 0, "1", 0, 0, 0, 0, 0, 0, 0, 0, "1", 0, 0, 0], "TK": [0, "1", 0, 0, 0, 0, 0, 0, 0, 0, 0, 0, 0, 0, 0, 0, 0, 0, 0, 0, 0, 0, 0, 0, 0, 0, "1", "1", 0, "1", 0, "1", 0, "1", 0, 0, 0, "1", 0, 0], "BS": [0, "1", 0, "1", "3", "3", "2", 0, 0, "2", "1", 0, "1", "2", 0, 0, 0, "1", 0, 0, 0, "1", "2", "1", 0, 0, 0, 0, 0, "1", "1", 0, "1", "1", 0, 0, 0, 0, 0, 0], "FW": [0, "0", 0, 0, 0, 0, 0, "2", "9", 0, 0, 0, 0, 0, 0, "6", "4", 0, 0, 0, 0, 0, 0, 0, 0, 0, "1", "11", 0, 0, 0, 0, "2", "9", 0, 0, "7", 0, 0, 0], "FL": [0, "1", 0, 0, 0, 0, 0, "9", "3", 0, 0, 0, 0, 0, 0, "7", "10", 0, 0, 0, 0, 0, 0, 0, 0, 0, "0", "6", 0, 0, 0, 0, "3", "5", 0, 0, "7", 0, 0, 0], "F%": [0, "0", 0, 0, 0, 0, 0, "18", "75", 0, 0, 0, 0, 0, 0, "46", "29", 0, 0, 0, 0, 0, 0, 0, 0, 0, "100", "65", 0, 0, 0, 0, "40", "64", 0, 0, "50", 0, 0, 0], "team": ["EDMONTON OILERS ", "EDMONTON OILERS ", "EDMONTON OILERS ", "EDMONTON OILERS ", "EDMONTON OILERS ", "EDMONTON OILERS ", "EDMONTON OILERS ", "EDMONTON OILERS ", "EDMONTON OILERS ", "EDMONTON OILERS ", "EDMONTON OILERS ", "EDMONTON OILERS ", "EDMONTON OILERS ", "EDMONTON OILERS ", "EDMONTON OILERS ", "EDMONTON OILERS ", "EDMONTON OILERS ", "EDMONTON OILERS ", "EDMONTON OILERS ", "EDMONTON OILERS ", "COLUMBUS BLUE JACKETS ", "COLUMBUS BLUE JACKETS ", "COLUMBUS BLUE JACKETS ", "COLUMBUS BLUE JACKETS ", "COLUMBUS BLUE JACKETS ", "COLUMBUS BLUE JACKETS ", "COLUMBUS BLUE JACKETS ", "COLUMBUS BLUE JACKETS ", "COLUMBUS BLUE JACKETS ", "COLUMBUS BLUE JACKETS ", "COLUMBUS BLUE JACKETS ", "COLUMBUS BLUE JACKETS ", "COLUMBUS BLUE JACKETS ", "COLUMBUS BLUE JACKETS ", "COLUMBUS BLUE JACKETS ", "COLUMBUS BLUE JACKETS ", "COLUMBUS BLUE JACKETS ", "COLUMBUS BLUE JACKETS ", "COLUMBUS BLUE JACKETS ", "COLUMBUS BLUE JACKETS "], "GA": [0, 0, 0, 0, 0, 0, 0, 0, 0, 0, 0, 0, 0, 0, 0, 0, 0, 0, "0", "4", 0, 0, 0, 0, 0, 0, 0, 0, 0, 0, 0, 0, 0, 0, 0, 0, 0, 0, 0, "2"], "SA": [0, 0, 0, 0, 0, 0, 0, 0, 0, 0, 0, 0, 0, 0, 0, 0, 0, 0, "5", "23", 0, 0, 0, 0, 0, 0, 0, 0, 0, 0, 0, 0, 0, 0, 0, 0, 0, 0, 0, "27"]}}