{"game_info": {"date": "2013-12-12", "visitor": "BOSTON BRUINS ", "home": "EDMONTON OILERS ", "game_id": 482, "status": "final"}, "player_stats": {"number": ["11", "12", "17", "18", "25", "32", "33", "34", "37", "38", "43", "44", "46", "47", "51", "55", "63", "86", "30", "40", "2", "4", "6", "14", "15", "19", "20", "21", "26", "28", "36", "51", "57", "64", "77", "83", "89", "93", "1", "40"], "position": ["C", "R", "L", "R", "R", "R", "D", "C", "C", "R", "D", "D", "C", "D", "C", "D", "C", "D", "G", "G", "D", "L", "L", "C", "D", "D", "L", "D", "R", "L", "D", "C", "L", "R", "D", "R", "C", "C", "G", "G"], "name": ["CAMPBELL, GREGORY", "IGINLA, JAROME", "LUCIC, MILAN", "SMITH, REILLY", "FRASER, MATT", "JOHNSON, NICK", "CHARA, ZDENO", "SODERBERG, CARL", "BERGERON, PATRICE", "CARON, JORDAN", "BARTKOWSKI, MATT", "SEIDENBERG, DENNIS", "KREJCI, DAVID", "KRUG, TOREY", "SPOONER, RYAN", "BOYCHUK, JOHNNY", "MARCHAND, BRAD", "MILLER, KEVAN", "JOHNSON, CHAD", "RASK, TUUKKA", "PETRY, JEFF", "HALL, TAYLOR", "JOENSUU, JESSE", "EBERLE, JORDAN", "SCHULTZ, NICK", "SCHULTZ, JUSTIN", "GAZDIC, LUKE", "FERENCE, ANDREW", "ARCOBELLO, MARK", "JONES, RYAN", "LARSEN, PHILIP", "LANDER, ANTON", "PERRON, DAVID", "YAKUPOV, NAIL", "BELOV, ANTON", "HEMSKY, ALES", "GAGNER, SAM", "NUGENT-HOPKINS, RYAN", "LABARBERA, JASON", "DUBNYK, DEVAN"], "G": [0, "2", 0, 0, 0, 0, 0, 0, 0, 0, 0, "1", 0, 0, 0, 0, "1", 0, 0, 0, 0, 0, 0, 0, 0, 0, 0, 0, 0, 0, 0, 0, "2", 0, 0, 0, 0, 0, 0, 0], "A": [0, 0, 0, 0, 0, 0, 0, 0, "1", 0, 0, "1", "2", 0, 0, 0, 0, "1", 0, 0, "1", 0, 0, "1", "1", "1", 0, 0, 0, 0, 0, 0, 0, 0, 0, 0, 0, 0, 0, 0], "P": [0, "2", 0, 0, 0, 0, 0, 0, "1", 0, 0, "2", "2", 0, 0, 0, "1", "1", 0, 0, "1", 0, 0, "1", "1", "1", 0, 0, 0, 0, 0, 0, "2", 0, 0, 0, 0, 0, 0, 0], "+/-": [0, "+3", "+1", "-1", 0, 0, 0, 0, 0, 0, "+1", "+2", "+2", "+1", 0, 0, "-1", "+1", 0, 0, "+1", "-4", "-1", "-1", "-1", "-2", 0, "+1", 0, "+1", "-1", 0, 0, "-2", 0, 0, "-4", "+2", 0, 0], "PN": [0, 0, "1", 0, 0, 0, 0, 0, 0, "1", 0, "1", 0, 0, 0, 0, "1", 0, 0, 0, 0, 0, 0, 0, 0, 0, "1", 0, 0, 0, "1", 0, 0, 0, 0, 0, 0, 0, 0, 0], "PIM": [0, 0, "5", 0, 0, 0, 0, 0, 0, "2", 0, "2", 0, 0, 0, 0, "2", 0, 0, 0, 0, 0, 0, 0, 0, 0, "5", 0, 0, 0, "2", 0, 0, 0, 0, 0, 0, 0, 0, 0], "TOT": ["17:50", "16:55", "14:53", "16:24", "07:24", "12:29", "25:33", "12:25", "18:07", "13:15", "15:22", "22:04", "19:01", "12:19", "08:16", "25:41", "17:37", "18:25", "60:00", 0, "20:00", "19:51", "12:36", "22:26", "17:24", "19:29", "05:23", "18:19", "14:10", "06:34", "19:59", "08:21", "23:20", "15:38", "18:32", "16:55", "18:33", "21:36", "39:06", "19:48"], "SHF": ["23", "24", "20", "23", "11", "17", "32", "15", "26", "19", "22", "31", "22", "20", "12", "30", "26", "23", 0, 0, "23", "25", "18", "29", "24", "26", "8", "21", "21", "10", "22", "11", "27", "21", "23", "24", "21", "28", 0, 0], "AVG TOI/SH": ["00:46", "00:42", "00:44", "00:42", "00:40", "00:44", "00:47", "00:49", "00:41", "00:41", "00:41", "00:42", "00:51", "00:36", "00:41", "00:51", "00:40", "00:48", 0, 0, "00:52", "00:47", "00:42", "00:46", "00:43", "00:44", "00:40", "00:52", "00:40", "00:39", "00:54", "00:45", "00:51", "00:44", "00:48", "00:42", "00:53", "00:46", 0, 0], "PP": ["00:14", "00:46", "00:46", "01:00", "00:00", "00:14", "00:46", "01:00", "01:00", "00:14", "01:00", "01:00", "00:46", "00:00", "00:00", "00:14", "01:00", "00:00", "02:00", 0, "00:00", "03:31", "02:10", "03:29", "00:02", "02:53", "00:00", "00:00", "00:00", "00:00", "03:07", "00:00", "04:00", "02:27", "00:00", "02:31", "03:39", "02:21", "03:50", "02:00"], "SH": ["03:57", "00:35", "00:03", "00:00", "00:00", "00:00", "03:40", "00:00", "01:39", "02:25", "00:35", "01:45", "02:16", "00:00", "00:00", "03:40", "01:05", "02:20", "06:00", 0, "01:16", "00:00", "00:00", "00:48", "00:44", "00:00", "00:00", "00:44", "00:44", "00:28", "00:00", "01:16", "00:28", "00:00", "01:16", "00:00", "00:00", "00:16", "00:00", "02:00"], "EV": ["13:39", "15:34", "14:04", "15:24", "07:24", "12:15", "21:07", "11:25", "15:28", "10:36", "13:47", "19:19", "15:59", "12:19", "08:16", "21:47", "15:32", "16:05", "52:00", 0, "18:44", "16:20", "10:26", "18:09", "16:38", "16:36", "05:23", "17:35", "13:26", "06:06", "16:52", "07:05", "18:52", "13:11", "17:16", "14:24", "14:54", "18:59", "35:16", "15:48"], "S": ["4", "4", "2", "2", "1", "1", "1", 0, "2", "3", 0, "1", "2", "3", 0, "2", "2", "1", 0, 0, "5", "3", "2", "7", "1", "2", 0, "1", "1", 0, "2", "1", "6", "2", 0, "2", "3", "3", 0, 0], "A/B": ["1", "1", 0, 0, "1", 0, "1", "2", "3", "1", 0, "1", 0, "1", 0, 0, 0, 0, 0, 0, "2", "3", 0, "3", 0, "1", 0, "1", 0, 0, "2", 0, "2", "2", "1", "2", 0, "1", 0, 0], "MS": ["1", 0, 0, "1", 0, 0, 0, "1", "1", 0, 0, 0, "1", 0, 0, 0, 0, 0, 0, 0, 0, "1", "2", "2", 0, "1", 0, 0, "1", 0, 0, 0, "3", 0, "1", 0, "1", "1", 0, 0], "HT": ["1", 0, "4", 0, "1", 0, 0, 0, "2", "1", "3", "3", "1", 0, 0, 0, 0, 0, 0, 0, 0, "1", "1", "2", "1", 0, "3", "2", "5", "2", "2", "2", "2", "2", "4", 0, 0, "1", 0, 0], "GV": [0, "2", 0, "1", 0, 0, "1", 0, 0, 0, "1", "1", 0, 0, "1", 0, "2", 0, "1", 0, "4", "1", 0, 0, "1", "3", 0, "1", 0, 0, "2", 0, 0, "1", "1", "1", "2", "1", "1", 0], "TK": ["1", 0, 0, 0, 0, "1", 0, 0, "1", 0, 0, 0, 0, 0, 0, 0, 0, 0, 0, 0, 0, 0, "2", "1", "1", 0, "1", 0, 0, 0, 0, 0, 0, 0, "1", 0, 0, "1", 0, 0], "BS": ["2", 0, 0, 0, 0, 0, "2", "1", "2", 0, 0, "4", 0, "1", 0, "5", 0, "3", 0, 0, "1", 0, "2", 0, "1", "2", 0, "3", 0, 0, 0, 0, 0, 0, "2", 0, 0, "1", 0, 0], "FW": ["11", "1", "0", 0, 0, 0, 0, 0, "7", 0, 0, 0, "8", 0, "1", 0, 0, 0, 0, 0, 0, "0", 0, 0, 0, 0, 0, 0, "11", "0", 0, "3", 0, 0, 0, 0, "6", "11", 0, 0], "FL": ["12", "0", "1", 0, 0, 0, 0, 0, "10", 0, 0, 0, "8", 0, "0", 0, 0, 0, 0, 0, 0, "1", 0, 0, 0, 0, 0, 0, "6", "1", 0, "5", 0, 0, 0, 0, "6", "9", 0, 0], "F%": ["48", "100", "0", 0, 0, 0, 0, 0, "41", 0, 0, 0, "50", 0, "100", 0, 0, 0, 0, 0, 0, "0", 0, 0, 0, 0, 0, 0, "65", "0", 0, "38", 0, 0, 0, 0, "50", "55", 0, 0], "team": ["BOSTON BRUINS ", "BOSTON BRUINS ", "BOSTON BRUINS ", "BOSTON BRUINS ", "BOSTON BRUINS ", "BOSTON BRUINS ", "BOSTON BRUINS ", "BOSTON BRUINS ", "BOSTON BRUINS ", "BOSTON BRUINS ", "BOSTON BRUINS ", "BOSTON BRUINS ", "BOSTON BRUINS ", "BOSTON BRUINS ", "BOSTON BRUINS ", "BOSTON BRUINS ", "BOSTON BRUINS ", "BOSTON BRUINS ", "BOSTON BRUINS ", "BOSTON BRUINS ", "EDMONTON OILERS ", "EDMONTON OILERS ", "EDMONTON OILERS ", "EDMONTON OILERS ", "EDMONTON OILERS ", "EDMONTON OILERS ", "EDMONTON OILERS ", "EDMONTON OILERS ", "EDMONTON OILERS ", "EDMONTON OILERS ", "EDMONTON OILERS ", "EDMONTON OILERS ", "EDMONTON OILERS ", "EDMONTON OILERS ", "EDMONTON OILERS ", "EDMONTON OILERS ", "EDMONTON OILERS ", "EDMONTON OILERS ", "EDMONTON OILERS ", "EDMONTON OILERS "], "GA": [0, 0, 0, 0, 0, 0, 0, 0, 0, 0, 0, 0, 0, 0, 0, 0, 0, 0, "2", 0, 0, 0, 0, 0, 0, 0, 0, 0, 0, 0, 0, 0, 0, 0, 0, 0, 0, 0, "0", "3"], "SA": [0, 0, 0, 0, 0, 0, 0, 0, 0, 0, 0, 0, 0, 0, 0, 0, 0, 0, "41", 0, 0, 0, 0, 0, 0, 0, 0, 0, 0, 0, 0, 0, 0, 0, 0, 0, 0, 0, "12", "18"]}}