{"game_info": {"date": "2014-03-22", "visitor": "DETROIT RED WINGS ", "home": "MINNESOTA WILD ", "game_id": 1057, "status": "final"}, "player_stats": {"number": ["2", "4", "11", "14", "15", "17", "20", "21", "23", "25", "27", "29", "41", "43", "44", "55", "65", "93", "35", "50", "3", "4", "6", "9", "11", "14", "15", "20", "21", "22", "24", "25", "26", "29", "39", "46", "56", "64", "30", "35"], "position": ["D", "D", "R", "C", "C", "C", "L", "C", "D", "C", "D", "C", "C", "C", "R", "D", "D", "C", "G", "G", "C", "D", "D", "C", "L", "R", "L", "D", "C", "R", "L", "D", "L", "R", "D", "D", "L", "C", "G", "G"], "name": ["SMITH, BRENDAN", "KINDL, JAKUB", "ALFREDSSON, DANIEL", "NYQUIST, GUSTAV", "SHEAHAN, RILEY", "LEGWAND, DAVID", "MILLER, DREW", "TATAR, TOMAS", "LASHOFF, BRIAN", "EMMERTON, CORY", "QUINCEY, KYLE", "FERRARO, LANDON", "GLENDENING, LUKE", "HELM, DARREN", "BERTUZZI, TODD", "KRONWALL, NIKLAS", "DEKEYSER, DANNY", "FRANZEN, JOHAN", "HOWARD, JIMMY", "GUSTAVSSON, JONAS", "COYLE, CHARLIE", "STONER, CLAYTON", "SCANDELLA, MARCO", "KOIVU, MIKKO", "PARISE, ZACH", "FONTAINE, JUSTIN", "HEATLEY, DANY", "SUTER, RYAN", "BRODZIAK, KYLE", "NIEDERREITER, NINO", "COOKE, MATT", "BRODIN, JONAS", "MOULSON, MATT", "POMINVILLE, JASON", "PROSSER, NATE", "SPURGEON, JARED", "HAULA, ERIK", "GRANLUND, MIKAEL", "BRYZGALOV, ILYA", "KUEMPER, DARCY"], "G": ["1", 0, 0, "1", 0, "1", 0, 0, 0, 0, 0, 0, 0, 0, 0, 0, 0, 0, 0, 0, "1", 0, 0, "1", 0, 0, 0, 0, 0, 0, 0, 0, 0, 0, 0, 0, 0, 0, 0, 0], "A": ["1", "2", 0, 0, "2", "1", 0, 0, 0, 0, 0, 0, 0, 0, 0, 0, 0, 0, 0, 0, 0, 0, 0, 0, 0, 0, 0, "1", 0, 0, 0, 0, "1", 0, 0, 0, 0, 0, 0, 0], "P": ["2", "2", 0, "1", "2", "2", 0, 0, 0, 0, 0, 0, 0, 0, 0, 0, 0, 0, 0, 0, "1", 0, 0, "1", 0, 0, 0, "1", 0, 0, 0, 0, "1", 0, 0, 0, 0, 0, 0, 0], "+/-": ["+1", 0, 0, "+1", "+1", 0, 0, "+1", 0, 0, 0, 0, 0, 0, 0, "+1", 0, 0, 0, 0, "+1", 0, 0, 0, 0, "-1", 0, "-1", "-1", 0, "-1", 0, 0, 0, 0, "-1", 0, 0, 0, 0], "PN": [0, 0, 0, 0, 0, 0, 0, "2", 0, 0, "1", 0, 0, 0, 0, "1", 0, 0, 0, 0, 0, "1", 0, 0, 0, 0, 0, "1", 0, 0, 0, 0, 0, 0, "1", 0, 0, 0, 0, 0], "PIM": [0, 0, 0, 0, 0, 0, 0, "4", 0, 0, "2", 0, 0, 0, 0, "2", 0, 0, 0, 0, 0, "2", 0, 0, 0, 0, 0, "2", 0, 0, 0, 0, 0, 0, "2", 0, 0, 0, 0, 0], "TOT": ["21:54", "13:02", "18:37", "10:31", "10:55", "19:42", "19:52", "10:00", "13:55", "10:41", "25:15", "08:39", "18:38", "12:06", "14:55", "20:44", "25:42", "18:21", "60:00", 0, "13:25", "13:10", "16:04", "19:04", "22:29", "11:57", "12:39", "30:06", "10:54", "11:38", "11:20", "18:09", "18:05", "21:38", "13:19", "24:53", "11:18", "18:53", 0, "58:05"], "SHF": ["33", "22", "27", "20", "21", "29", "26", "22", "20", "15", "34", "13", "28", "19", "22", "31", "33", "26", 0, 0, "23", "16", "26", "24", "24", "15", "19", "33", "15", "17", "15", "28", "24", "25", "18", "33", "17", "21", 0, 0], "AVG TOI/SH": ["00:39", "00:35", "00:41", "00:31", "00:31", "00:40", "00:45", "00:27", "00:41", "00:42", "00:44", "00:39", "00:39", "00:38", "00:40", "00:40", "00:46", "00:42", 0, 0, "00:35", "00:49", "00:37", "00:47", "00:56", "00:47", "00:39", "00:54", "00:43", "00:41", "00:45", "00:38", "00:45", "00:51", "00:44", "00:45", "00:39", "00:53", 0, 0], "PP": ["00:08", "00:54", "00:00", "00:00", "00:54", "00:54", "00:00", "00:54", "00:00", "00:00", "00:00", "00:00", "00:00", "00:00", "00:00", "00:00", "00:46", "00:00", "00:54", 0, "00:00", "00:00", "00:00", "03:55", "04:20", "00:00", "00:48", "03:59", "00:00", "00:11", "00:00", "00:32", "03:43", "04:21", "00:00", "00:10", "00:00", "01:04", 0, "04:03"], "SH": ["00:31", "00:00", "00:00", "00:00", "00:00", "00:00", "02:33", "00:00", "03:00", "01:56", "02:34", "00:00", "02:30", "02:03", "00:00", "00:51", "02:06", "00:00", "04:31", 0, "00:00", "00:00", "00:08", "00:00", "00:00", "00:00", "00:00", "00:46", "00:54", "00:00", "00:54", "00:08", "00:00", "00:00", "00:00", "00:46", "00:00", "00:00", 0, "00:54"], "EV": ["21:15", "12:08", "18:37", "10:31", "10:01", "18:48", "17:19", "09:06", "10:55", "08:45", "22:41", "08:39", "16:08", "10:03", "14:55", "19:53", "22:50", "18:21", "54:35", 0, "13:25", "13:10", "15:56", "15:09", "18:09", "11:57", "11:51", "25:21", "10:00", "11:27", "10:26", "17:29", "14:22", "17:17", "13:19", "23:57", "11:18", "17:49", 0, "53:08"], "S": ["4", "2", 0, "2", "2", "3", "1", "1", 0, "2", "1", 0, "2", "2", "3", "3", "1", "1", 0, 0, "4", "1", "1", "3", "7", 0, "1", "1", 0, "1", "1", "3", "1", 0, "1", "2", "1", "2", 0, 0], "A/B": ["1", 0, "1", "1", 0, 0, 0, 0, 0, 0, "1", 0, 0, 0, "1", "1", 0, 0, 0, 0, "2", 0, 0, "1", "1", 0, "1", "2", 0, 0, 0, "1", "1", "2", "1", "2", 0, "3", 0, 0], "MS": ["1", 0, "2", 0, 0, "2", 0, 0, "1", 0, 0, 0, 0, 0, "1", 0, 0, "3", 0, 0, "2", 0, 0, "2", "1", 0, 0, "1", 0, 0, "1", 0, 0, "1", 0, "1", 0, "2", 0, 0], "HT": [0, "2", "1", 0, 0, 0, 0, 0, "1", 0, "2", "1", "1", 0, 0, 0, "1", 0, 0, 0, "2", "3", 0, 0, 0, 0, 0, "1", "2", "1", 0, 0, 0, "1", 0, 0, 0, 0, 0, 0], "GV": [0, 0, 0, 0, 0, 0, 0, 0, 0, 0, 0, 0, 0, 0, 0, 0, 0, 0, 0, 0, 0, 0, 0, 0, 0, 0, 0, 0, 0, 0, 0, 0, 0, 0, 0, 0, 0, 0, 0, "1"], "TK": [0, 0, 0, 0, 0, 0, 0, 0, 0, 0, 0, 0, 0, 0, 0, "1", 0, 0, 0, 0, 0, "1", 0, 0, "2", "1", 0, 0, 0, "1", 0, 0, "1", 0, 0, 0, "1", 0, 0, 0], "BS": [0, 0, 0, 0, "1", 0, "1", 0, "2", "1", "6", "1", 0, 0, 0, "2", "2", "1", 0, 0, 0, 0, 0, 0, 0, 0, 0, "1", 0, 0, 0, "1", 0, "1", 0, "1", "2", 0, 0, 0], "FW": [0, 0, 0, 0, "4", "10", "0", 0, 0, 0, 0, 0, "9", "9", "0", 0, 0, 0, 0, 0, "2", 0, 0, "11", "1", 0, 0, 0, "3", "1", 0, 0, "0", "4", 0, 0, "4", "6", 0, 0], "FL": [0, 0, 0, 0, "8", "10", "1", 0, 0, 0, 0, 0, "7", "5", "1", 0, 0, 0, 0, 0, "3", 0, 0, "7", "0", 0, 0, 0, "8", "1", 0, 0, "1", "1", 0, 0, "5", "6", 0, 0], "F%": [0, 0, 0, 0, "33", "50", "0", 0, 0, 0, 0, 0, "56", "64", "0", 0, 0, 0, 0, 0, "40", 0, 0, "61", "100", 0, 0, 0, "27", "50", 0, 0, "0", "80", 0, 0, "44", "50", 0, 0], "team": ["DETROIT RED WINGS ", "DETROIT RED WINGS ", "DETROIT RED WINGS ", "DETROIT RED WINGS ", "DETROIT RED WINGS ", "DETROIT RED WINGS ", "DETROIT RED WINGS ", "DETROIT RED WINGS ", "DETROIT RED WINGS ", "DETROIT RED WINGS ", "DETROIT RED WINGS ", "DETROIT RED WINGS ", "DETROIT RED WINGS ", "DETROIT RED WINGS ", "DETROIT RED WINGS ", "DETROIT RED WINGS ", "DETROIT RED WINGS ", "DETROIT RED WINGS ", "DETROIT RED WINGS ", "DETROIT RED WINGS ", "MINNESOTA WILD ", "MINNESOTA WILD ", "MINNESOTA WILD ", "MINNESOTA WILD ", "MINNESOTA WILD ", "MINNESOTA WILD ", "MINNESOTA WILD ", "MINNESOTA WILD ", "MINNESOTA WILD ", "MINNESOTA WILD ", "MINNESOTA WILD ", "MINNESOTA WILD ", "MINNESOTA WILD ", "MINNESOTA WILD ", "MINNESOTA WILD ", "MINNESOTA WILD ", "MINNESOTA WILD ", "MINNESOTA WILD ", "MINNESOTA WILD ", "MINNESOTA WILD "], "GA": [0, 0, 0, 0, 0, 0, 0, 0, 0, 0, 0, 0, 0, 0, 0, 0, 0, 0, "2", 0, 0, 0, 0, 0, 0, 0, 0, 0, 0, 0, 0, 0, 0, 0, 0, 0, 0, 0, 0, "3"], "SA": [0, 0, 0, 0, 0, 0, 0, 0, 0, 0, 0, 0, 0, 0, 0, 0, 0, 0, "30", 0, 0, 0, 0, 0, 0, 0, 0, 0, 0, 0, 0, 0, 0, 0, 0, 0, 0, 0, 0, "30"]}}