{"game_info": {"date": "2014-01-13", "visitor": "TAMPA BAY LIGHTNING ", "home": "COLUMBUS BLUE JACKETS ", "game_id": 693, "status": "final"}, "player_stats": {"number": ["2", "7", "8", "9", "12", "16", "17", "18", "19", "22", "23", "25", "26", "44", "51", "62", "77", "86", "30", "39", "6", "7", "8", "11", "13", "17", "18", "19", "21", "24", "26", "27", "38", "42", "51", "55", "58", "71", "31", "72"], "position": ["D", "D", "D", "C", "L", "R", "C", "L", "R", "D", "R", "D", "R", "C", "C", "D", "D", "R", "G", "G", "D", "D", "R", "L", "R", "C", "C", "C", "D", "C", "R", "D", "C", "C", "D", "C", "D", "L", "G", "G"], "name": ["BREWER, ERIC", "GUDAS, RADKO", "BARBERIO, MARK", "JOHNSON, TYLER", "MALONE, RYAN", "PURCELL, TEDDY", "KILLORN, ALEX", "PALAT, ONDREJ", "CROMBEEN, B.J.", "COTE, JEAN-PHILIPPE", "BROWN, J.T.", "CARLE, MATTHEW", "ST. LOUIS, MARTIN", "THOMPSON, NATE", "FILPPULA, VALTTERI", "SUSTR, ANDREJ", "HEDMAN, VICTOR", "KUCHEROV, NIKITA", "BISHOP, BEN", "LINDBACK, ANDERS", "NIKITIN, NIKITA", "JOHNSON, JACK", "HORTON, NATHAN", "CALVERT, MATT", "ATKINSON, CAM", "DUBINSKY, BRANDON", "UMBERGER, RJ", "JOHANSEN, RYAN", "WISNIEWSKI, JAMES", "MACKENZIE, DEREK", "TROPP, COREY", "MURRAY, RYAN", "JENNER, BOONE", "ANISIMOV, ARTEM", "TYUTIN, FEDOR", "LETESTU, MARK", "SAVARD, DAVID", "FOLIGNO, NICK", "MCELHINNEY, CURTIS", "BOBROVSKY, SERGEI"], "G": [0, 0, 0, 0, 0, 0, "1", 0, 0, 0, 0, 0, 0, 0, 0, 0, "1", 0, 0, 0, 0, 0, "1", 0, 0, 0, 0, "1", 0, 0, 0, 0, 0, 0, 0, "1", 0, 0, 0, 0], "A": [0, "1", 0, "1", 0, 0, 0, 0, 0, 0, 0, "1", "1", 0, 0, 0, 0, 0, 0, 0, 0, "2", 0, 0, 0, 0, 0, 0, "1", 0, 0, "1", 0, "1", 0, 0, 0, 0, 0, 0], "P": [0, "1", 0, "1", 0, 0, "1", 0, 0, 0, 0, "1", "1", 0, 0, 0, "1", 0, 0, 0, 0, "2", "1", 0, 0, 0, 0, "1", "1", 0, 0, "1", 0, "1", 0, "1", 0, 0, 0, 0], "+/-": [0, 0, "+1", "+1", "-1", 0, 0, "+1", "-1", 0, 0, "-1", "+1", 0, "-1", "-1", "+1", 0, 0, 0, 0, 0, "-1", 0, 0, 0, "+1", "+1", 0, 0, 0, 0, "-1", "-1", 0, 0, 0, "+1", 0, 0], "PN": [0, "2", 0, "1", 0, 0, 0, 0, 0, "1", 0, 0, 0, 0, 0, "1", "1", 0, 0, 0, 0, 0, "1", 0, 0, "2", 0, 0, 0, 0, 0, 0, 0, 0, "1", 0, 0, 0, 0, 0], "PIM": [0, "4", 0, "2", 0, 0, 0, 0, 0, "2", 0, 0, 0, 0, 0, "2", "2", 0, 0, 0, 0, 0, "2", 0, 0, "4", 0, 0, 0, 0, 0, 0, 0, 0, "2", 0, 0, 0, 0, 0], "TOT": ["18:34", "16:40", "14:02", "17:57", "10:00", "15:31", "14:43", "19:14", "13:50", "10:37", "11:10", "21:29", "20:13", "19:01", "19:30", "11:08", "24:16", "13:34", 0, "58:43", "17:59", "22:48", "16:12", "18:41", "17:36", "19:10", "15:37", "15:07", "22:21", "09:51", "04:44", "19:06", "11:39", "14:30", "18:39", "13:31", "19:15", "16:24", 0, "60:00"], "SHF": ["24", "24", "15", "22", "13", "19", "20", "26", "21", "15", "15", "27", "27", "26", "20", "16", "28", "17", 0, 0, "18", "21", "20", "23", "20", "24", "23", "20", "22", "16", "8", "21", "14", "22", "23", "21", "18", "20", 0, 0], "AVG TOI/SH": ["00:46", "00:41", "00:56", "00:48", "00:46", "00:49", "00:44", "00:44", "00:39", "00:42", "00:44", "00:47", "00:44", "00:43", "00:58", "00:41", "00:52", "00:47", 0, 0, "00:59", "01:05", "00:48", "00:48", "00:52", "00:47", "00:40", "00:45", "01:00", "00:36", "00:35", "00:54", "00:49", "00:39", "00:48", "00:38", "01:04", "00:49", 0, 0], "PP": ["00:09", "03:13", "00:05", "03:25", "00:09", "03:25", "02:43", "03:25", "00:09", "00:00", "00:00", "03:16", "04:07", "00:09", "03:25", "00:04", "03:19", "03:07", 0, "06:50", "00:24", "04:28", "03:31", "03:44", "04:10", "04:10", "02:33", "02:55", "06:33", "00:00", "00:00", "04:49", "00:00", "03:31", "02:58", "02:43", "00:24", "02:07", 0, "09:48"], "SH": ["05:24", "01:20", "00:00", "03:16", "00:00", "00:00", "00:09", "03:06", "04:11", "03:24", "01:49", "04:24", "02:20", "04:36", "00:09", "00:45", "04:19", "00:00", 0, "09:48", "00:08", "04:56", "00:00", "02:05", "00:00", "02:01", "01:27", "00:25", "03:43", "02:54", "00:00", "01:46", "00:00", "02:01", "02:42", "02:47", "00:25", "00:00", 0, "06:50"], "EV": ["13:01", "12:07", "13:57", "11:16", "09:51", "12:06", "11:51", "12:43", "09:30", "07:13", "09:21", "13:49", "13:46", "14:16", "15:56", "10:19", "16:38", "10:27", 0, "42:05", "17:27", "13:24", "12:41", "12:52", "13:26", "12:59", "11:37", "11:47", "12:05", "06:57", "04:44", "12:31", "11:39", "08:58", "12:59", "08:01", "18:26", "14:17", 0, "43:22"], "S": ["3", 0, "1", 0, "1", 0, "3", "3", "1", "2", 0, "1", "3", "4", 0, 0, "5", "1", 0, 0, 0, "1", "3", "1", "3", "3", "3", "2", "1", "2", 0, "2", "1", 0, "1", "4", 0, "1", 0, 0], "A/B": [0, "1", 0, "2", "1", "2", 0, 0, 0, 0, 0, 0, 0, "1", 0, 0, "1", "1", 0, 0, "2", "2", 0, 0, "4", "2", "1", "1", "2", 0, 0, "1", 0, 0, "1", 0, 0, 0, 0, 0], "MS": [0, 0, "1", "1", "2", 0, 0, 0, "1", "2", 0, 0, 0, 0, 0, 0, 0, 0, 0, 0, 0, 0, 0, "1", "2", "3", "1", "1", "1", 0, 0, "2", "1", "1", "1", "1", 0, "2", 0, 0], "HT": ["3", "3", "1", "1", "1", 0, 0, "1", "2", "3", 0, "1", "1", 0, 0, "2", "2", 0, 0, 0, 0, "2", "2", 0, 0, "1", "1", "1", "1", "1", "2", 0, "2", 0, 0, "1", "1", "3", 0, 0], "GV": [0, 0, "1", 0, 0, 0, 0, 0, 0, 0, 0, "1", 0, 0, "1", "1", 0, 0, 0, "1", "1", "1", 0, "1", 0, 0, "1", 0, 0, 0, 0, 0, 0, 0, 0, 0, 0, 0, 0, 0], "TK": [0, 0, 0, 0, 0, "1", 0, 0, 0, 0, "1", 0, 0, 0, 0, 0, 0, 0, 0, 0, 0, 0, "1", "1", "2", "1", "1", 0, 0, 0, 0, "1", 0, 0, 0, "1", 0, 0, 0, 0], "BS": [0, 0, "2", "1", 0, 0, "1", 0, 0, "1", "1", "6", "1", 0, "1", 0, "1", "1", 0, 0, "2", "1", "1", 0, "2", 0, 0, 0, 0, 0, 0, "1", 0, 0, 0, 0, "2", 0, 0, 0], "FW": [0, 0, 0, "7", 0, 0, "3", 0, 0, 0, 0, 0, "0", "11", "6", 0, 0, 0, 0, 0, 0, 0, 0, 0, 0, "8", 0, "11", 0, "3", 0, 0, 0, "4", 0, "5", 0, 0, 0, 0], "FL": [0, 0, 0, "9", 0, 0, "1", 0, 0, 0, 0, 0, "1", "13", "7", 0, 0, 0, 0, 0, 0, 0, 0, 0, 0, "8", 0, "5", 0, "2", 0, 0, 0, "5", 0, "7", 0, 0, 0, 0], "F%": [0, 0, 0, "44", 0, 0, "75", 0, 0, 0, 0, 0, "0", "46", "46", 0, 0, 0, 0, 0, 0, 0, 0, 0, 0, "50", 0, "69", 0, "60", 0, 0, 0, "44", 0, "42", 0, 0, 0, 0], "team": ["TAMPA BAY LIGHTNING ", "TAMPA BAY LIGHTNING ", "TAMPA BAY LIGHTNING ", "TAMPA BAY LIGHTNING ", "TAMPA BAY LIGHTNING ", "TAMPA BAY LIGHTNING ", "TAMPA BAY LIGHTNING ", "TAMPA BAY LIGHTNING ", "TAMPA BAY LIGHTNING ", "TAMPA BAY LIGHTNING ", "TAMPA BAY LIGHTNING ", "TAMPA BAY LIGHTNING ", "TAMPA BAY LIGHTNING ", "TAMPA BAY LIGHTNING ", "TAMPA BAY LIGHTNING ", "TAMPA BAY LIGHTNING ", "TAMPA BAY LIGHTNING ", "TAMPA BAY LIGHTNING ", "TAMPA BAY LIGHTNING ", "TAMPA BAY LIGHTNING ", "COLUMBUS BLUE JACKETS ", "COLUMBUS BLUE JACKETS ", "COLUMBUS BLUE JACKETS ", "COLUMBUS BLUE JACKETS ", "COLUMBUS BLUE JACKETS ", "COLUMBUS BLUE JACKETS ", "COLUMBUS BLUE JACKETS ", "COLUMBUS BLUE JACKETS ", "COLUMBUS BLUE JACKETS ", "COLUMBUS BLUE JACKETS ", "COLUMBUS BLUE JACKETS ", "COLUMBUS BLUE JACKETS ", "COLUMBUS BLUE JACKETS ", "COLUMBUS BLUE JACKETS ", "COLUMBUS BLUE JACKETS ", "COLUMBUS BLUE JACKETS ", "COLUMBUS BLUE JACKETS ", "COLUMBUS BLUE JACKETS ", "COLUMBUS BLUE JACKETS ", "COLUMBUS BLUE JACKETS "], "GA": [0, 0, 0, 0, 0, 0, 0, 0, 0, 0, 0, 0, 0, 0, 0, 0, 0, 0, 0.0, "3", 0, 0, 0, 0, 0, 0, 0, 0, 0, 0, 0, 0, 0, 0, 0, 0, 0, 0, 0, "2"], "SA": [0, 0, 0, 0, 0, 0, 0, 0, 0, 0, 0, 0, 0, 0, 0, 0, 0, 0, 0.0, "28", 0, 0, 0, 0, 0, 0, 0, 0, 0, 0, 0, 0, 0, 0, 0, 0, 0, 0, 0, "28"]}}