{"game_info": {"date": "2013-11-16", "visitor": "CAROLINA HURRICANES ", "home": "ST. LOUIS BLUES ", "game_id": 298, "status": "final"}, "player_stats": {"number": ["4", "5", "6", "11", "12", "14", "15", "19", "20", "21", "22", "27", "28", "39", "44", "58", "65", "73", "35", "70", 0, "5", "9", "10", "12", "17", "19", "20", "21", "22", "25", "27", "28", "40", "42", "46", "74", "75", "91", "1", "41"], "position": ["D", "D", "D", "C", "C", "C", "R", "C", "C", "L", "C", "D", "R", "R", "D", "L", "D", "D", "G", "G", 0, "D", "C", "L", "C", "C", "D", "C", "C", "D", "R", "D", "D", "C", "R", "D", "C", "R", "R", "G", "G"], "name": ["SEKERA, ANDREJ", "KOMISAREK, MIKE", "GLEASON, TIM", "STAAL, JORDAN", "STAAL, ERIC", "GERBE, NATHAN", "RUUTU, TUOMO", "TLUSTY, JIRI", "NASH, RILEY", "BOWMAN, DRAYSON", "MALHOTRA, MANNY", "FAULK, JUSTIN", "SEMIN, ALEXANDER", "DWYER, PATRICK", "HARRISON, JAY", "TERRY, CHRIS", "HAINSEY, RON", "BELLEMORE, BRETT", "PETERS, JUSTIN", "MURPHY, MIKE", "TEAM PENALTY", "JACKMAN, BARRET", "SCHWARTZ, JADEN", "MORROW, BRENDEN", "ROY, DEREK", "SOBOTKA, VLADIMIR", "BOUWMEESTER, JAY", "STEEN, ALEXANDER", "BERGLUND, PATRIK", "SHATTENKIRK, KEVIN", "STEWART, CHRIS", "PIETRANGELO, ALEX", "COLE, IAN", "LAPIERRE, MAXIM", "BACKES, DAVID", "POLAK, ROMAN", "OSHIE, T.J.", "REAVES, RYAN", "TARASENKO, VLADIMIR", "ELLIOTT, BRIAN", "HALAK, JAROSLAV"], "G": [0, 0, 0, 0, "1", "1", 0, 0, 0, 0, 0, 0, 0, 0, 0, 0, 0, 0, 0, 0, 0, 0, 0, 0, 0, 0, 0, "1", 0, 0, 0, 0, 0, 0, "1", "1", "1", 0, 0, 0, 0], "A": [0, 0, 0, 0, 0, 0, 0, 0, "1", 0, "1", 0, 0, 0, 0, 0, 0, 0, 0, 0, 0, 0, 0, "1", 0, 0, "2", "1", 0, 0, "1", "1", "1", 0, 0, "1", 0, 0, 0, 0, 0], "P": [0, 0, 0, 0, "1", "1", 0, 0, "1", 0, "1", 0, 0, 0, 0, 0, 0, 0, 0, 0, 0, 0, 0, "1", 0, 0, "2", "2", 0, 0, "1", "1", "1", 0, "1", "2", "1", 0, 0, 0, 0], "+/-": ["-2", 0, 0, 0, 0, 0, "-1", "-2", 0, 0, 0, "-2", "-1", 0, 0, "-1", "+1", "+1", 0, 0, 0, 0, 0, "+1", "-1", "+1", "+1", "-1", "-1", "-1", "+2", 0, "+2", 0, "+1", "+2", 0, 0, "-1", 0, 0], "PN": [0, 0, 0, "1", 0, 0, 0, 0, 0, 0, 0, "2", 0, 0, "1", 0, 0, 0, 0, 0, "1", 0, 0, 0, 0, "1", 0, 0, "1", 0, 0, "1", 0, 0, 0, 0, "1", 0, 0, 0, 0], "PIM": [0, 0, 0, "2", 0, 0, 0, 0, 0, 0, 0, "4", 0, 0, "2", 0, 0, 0, 0, 0, "2", 0, 0, 0, 0, "2", 0, 0, "2", 0, 0, "2", 0, 0, 0, 0, "2", 0, 0, 0, 0], "TOT": ["23:59", "03:28", "15:17", "18:17", "24:00", "17:06", "16:30", "16:35", "11:25", "12:45", "13:52", "23:04", "11:55", "16:42", "16:21", "13:15", "22:12", "15:06", "59:53", 0, 0, "18:13", "15:19", "13:54", "11:16", "17:05", "24:20", "19:44", "14:25", "17:57", "15:46", "23:56", "13:35", "10:46", "19:56", "18:38", "17:14", "06:52", "13:14", "59:50", 0], "SHF": ["27", "7", "19", "26", "27", "25", "21", "20", "18", "20", "26", "30", "12", "25", "20", "16", "29", "21", 0, 0, 0, "21", "21", "21", "17", "27", "34", "30", "22", "21", "22", "31", "18", "17", "29", "24", "26", "12", "19", 0, 0], "AVG TOI/SH": ["00:53", "00:29", "00:48", "00:42", "00:53", "00:41", "00:47", "00:49", "00:38", "00:38", "00:32", "00:46", "00:59", "00:40", "00:49", "00:49", "00:45", "00:43", 0, 0, 0, "00:52", "00:43", "00:39", "00:39", "00:37", "00:42", "00:39", "00:39", "00:51", "00:43", "00:46", "00:45", "00:38", "00:41", "00:46", "00:39", "00:34", "00:41", 0, 0], "PP": ["03:55", "00:07", "00:07", "03:42", "04:19", "04:04", "04:28", "02:20", "00:52", "01:15", "00:31", "03:37", "02:58", "00:00", "00:00", "02:40", "03:20", "00:00", "07:39", 0, 0, "00:00", "03:14", "00:52", "03:12", "03:22", "04:25", "03:59", "00:52", "03:20", "03:41", "04:42", "00:05", "00:00", "04:01", "00:05", "03:53", "00:00", "00:52", "08:07", 0], "SH": ["04:20", "00:00", "02:24", "02:26", "02:18", "01:20", "00:00", "00:00", "01:11", "01:43", "03:48", "02:14", "00:00", "03:35", "00:18", "00:00", "03:29", "03:29", "08:00", 0, 0, "04:06", "02:09", "00:00", "00:00", "02:01", "03:33", "02:41", "01:25", "00:50", "00:00", "02:23", "00:00", "02:51", "02:35", "04:26", "01:36", "00:00", "00:00", "07:39", 0], "EV": ["15:44", "03:21", "12:46", "12:09", "17:23", "11:42", "12:02", "14:15", "09:22", "09:47", "09:33", "17:13", "08:57", "13:07", "16:03", "10:35", "15:23", "11:37", "44:14", 0, 0, "14:07", "09:56", "13:02", "08:04", "11:42", "16:22", "13:04", "12:08", "13:47", "12:05", "16:51", "13:30", "07:55", "13:20", "14:07", "11:45", "06:52", "12:22", "44:04", 0], "S": [0, 0, "1", "3", "3", "4", "1", 0, "2", "1", 0, "2", 0, 0, "1", "1", 0, "1", 0, 0, 0, "1", "2", "2", "3", "2", "1", "4", "1", "1", "2", "3", 0, "1", "3", "1", "5", 0, 0, 0, 0], "A/B": ["1", 0, 0, 0, 0, "1", "1", "2", 0, 0, 0, 0, "1", 0, 0, "2", "2", 0, 0, 0, 0, "1", "2", "1", 0, "1", "2", "3", "1", "1", 0, 0, "1", 0, 0, "1", 0, 0, "3", 0, 0], "MS": [0, 0, 0, 0, "3", "2", "2", 0, 0, 0, 0, 0, 0, 0, 0, "2", "1", 0, 0, 0, 0, "1", 0, 0, 0, "1", "1", 0, "1", "2", "2", "2", "1", 0, "2", "1", 0, "1", "1", 0, 0], "HT": ["1", "2", 0, "2", "1", 0, "3", 0, 0, 0, 0, "1", "1", 0, 0, 0, 0, "2", 0, 0, 0, "1", 0, "2", 0, "1", 0, 0, "1", 0, 0, "1", 0, "1", "4", "6", 0, "5", 0, 0, 0], "GV": [0, 0, 0, 0, 0, "1", 0, 0, 0, 0, 0, "1", 0, 0, 0, 0, 0, 0, 0, 0, 0, 0, "1", 0, 0, 0, "1", "1", 0, "1", "1", "1", 0, 0, 0, 0, 0, "1", 0, "2", 0], "TK": [0, 0, 0, 0, "2", "1", 0, 0, 0, "1", "1", 0, "1", 0, 0, "1", 0, 0, 0, 0, 0, "1", 0, 0, 0, "1", "1", "1", 0, "1", "1", 0, 0, 0, 0, "1", "3", 0, 0, 0, 0], "BS": [0, 0, "1", 0, 0, 0, 0, "1", "1", 0, 0, "1", "1", "1", "4", "3", "1", "3", 0, 0, 0, "1", "1", 0, 0, "1", "1", 0, 0, 0, 0, "2", 0, "1", "1", "1", "1", 0, 0, 0, 0], "FW": [0, 0, 0, "10", "6", "0", 0, "0", "5", "1", "16", 0, 0, 0, 0, 0, 0, 0, 0, 0, 0, 0, 0, 0, "4", "11", 0, "2", "7", 0, "1", 0, 0, "4", "6", 0, 0, 0, 0, 0, 0], "FL": [0, 0, 0, "9", "8", "1", 0, "1", "8", "0", "8", 0, 0, 0, 0, 0, 0, 0, 0, 0, 0, 0, 0, 0, "2", "8", 0, "5", "7", 0, "1", 0, 0, "7", "8", 0, 0, 0, 0, 0, 0], "F%": [0, 0, 0, "53", "43", "0", 0, "0", "38", "100", "67", 0, 0, 0, 0, 0, 0, 0, 0, 0, 0, 0, 0, 0, "67", "58", 0, "29", "50", 0, "50", 0, 0, "36", "43", 0, 0, 0, 0, 0, 0], "team": ["CAROLINA HURRICANES ", "CAROLINA HURRICANES ", "CAROLINA HURRICANES ", "CAROLINA HURRICANES ", "CAROLINA HURRICANES ", "CAROLINA HURRICANES ", "CAROLINA HURRICANES ", "CAROLINA HURRICANES ", "CAROLINA HURRICANES ", "CAROLINA HURRICANES ", "CAROLINA HURRICANES ", "CAROLINA HURRICANES ", "CAROLINA HURRICANES ", "CAROLINA HURRICANES ", "CAROLINA HURRICANES ", "CAROLINA HURRICANES ", "CAROLINA HURRICANES ", "CAROLINA HURRICANES ", "CAROLINA HURRICANES ", "CAROLINA HURRICANES ", "CAROLINA HURRICANES ", "ST. LOUIS BLUES ", "ST. LOUIS BLUES ", "ST. LOUIS BLUES ", "ST. LOUIS BLUES ", "ST. LOUIS BLUES ", "ST. LOUIS BLUES ", "ST. LOUIS BLUES ", "ST. LOUIS BLUES ", "ST. LOUIS BLUES ", "ST. LOUIS BLUES ", "ST. LOUIS BLUES ", "ST. LOUIS BLUES ", "ST. LOUIS BLUES ", "ST. LOUIS BLUES ", "ST. LOUIS BLUES ", "ST. LOUIS BLUES ", "ST. LOUIS BLUES ", "ST. LOUIS BLUES ", "ST. LOUIS BLUES ", "ST. LOUIS BLUES "], "GA": [0, 0, 0, 0, 0, 0, 0, 0, 0, 0, 0, 0, 0, 0, 0, 0, 0, 0, "3", 0, 0, 0, 0, 0, 0, 0, 0, 0, 0, 0, 0, 0, 0, 0, 0, 0, 0, 0, 0, "2", 0], "SA": [0, 0, 0, 0, 0, 0, 0, 0, 0, 0, 0, 0, 0, 0, 0, 0, 0, 0, "31", 0, 0, 0, 0, 0, 0, 0, 0, 0, 0, 0, 0, 0, 0, 0, 0, 0, 0, 0, 0, "20", 0]}}