{"game_info": {"date": "2014-01-23", "visitor": "OTTAWA SENATORS ", "home": "TAMPA BAY LIGHTNING ", "game_id": 762, "status": "final"}, "player_stats": {"number": ["2", "4", "5", "6", "7", "9", "14", "15", "16", "19", "22", "24", "25", "46", "62", "65", "89", "93", "40", "41", "2", "3", "6", "7", "8", "9", "12", "16", "17", "18", "19", "23", "25", "26", "44", "51", "77", "86", "30", "39"], "position": ["D", "D", "D", "R", "C", "L", "C", "C", "L", "C", "R", "C", "R", "D", "D", "D", "C", "C", "G", "G", "D", "D", "D", "D", "D", "C", "L", "R", "C", "L", "R", "R", "D", "R", "C", "C", "D", "R", "G", "G"], "name": ["COWEN, JARED", "PHILLIPS, CHRIS", "CECI, CODY", "RYAN, BOBBY", "TURRIS, KYLE", "MICHALEK, MILAN", "GREENING, COLIN", "SMITH, ZACK", "MACARTHUR, CLARKE", "SPEZZA, JASON", "CONDRA, ERIK", "DA COSTA, STEPHANE", "NEIL, CHRIS", "WIERCIOCH, PATRICK", "GRYBA, ERIC", "KARLSSON, ERIK", "CONACHER, CORY", "ZIBANEJAD, MIKA", "LEHNER, ROBIN", "ANDERSON, CRAIG", "BREWER, ERIC", "AULIE, KEITH", "SALO, SAMI", "GUDAS, RADKO", "BARBERIO, MARK", "JOHNSON, TYLER", "MALONE, RYAN", "PURCELL, TEDDY", "KILLORN, ALEX", "PALAT, ONDREJ", "CROMBEEN, B.J.", "BROWN, J.T.", "CARLE, MATTHEW", "ST. LOUIS, MARTIN", "THOMPSON, NATE", "FILPPULA, VALTTERI", "HEDMAN, VICTOR", "KUCHEROV, NIKITA", "BISHOP, BEN", "LINDBACK, ANDERS"], "G": [0, 0, 0, 0, 0, 0, 0, 0, "1", 0, 0, 0, "1", 0, 0, "1", 0, 0, 0, 0, 0, 0, 0, 0, 0, "1", 0, 0, 0, "1", "1", 0, 0, 0, 0, 0, 0, 0, 0, 0], "A": [0, 0, 0, "1", 0, 0, 0, "1", "1", "2", 0, 0, 0, 0, 0, "1", 0, 0, 0, 0, 0, 0, 0, 0, 0, 0, 0, 0, 0, 0, 0, 0, 0, "1", 0, "1", "3", 0, 0, 0], "P": [0, 0, 0, "1", 0, 0, 0, "1", "2", "2", 0, 0, "1", 0, 0, "2", 0, 0, 0, 0, 0, 0, 0, 0, 0, "1", 0, 0, 0, "1", "1", 0, 0, "1", 0, "1", "3", 0, 0, 0], "+/-": ["+1", "-2", "-1", "-1", "-1", "-1", 0, "+1", "-1", "-2", 0, "-1", 0, 0, "-1", 0, 0, "-1", 0, 0, 0, "+1", "+1", 0, "-1", "+2", "+1", "-1", "-1", "+2", "+1", 0, 0, "+1", "-1", "+1", "+3", 0, 0, 0], "PN": [0, "1", "1", 0, 0, 0, 0, 0, 0, 0, 0, 0, "1", 0, 0, 0, 0, 0, 0, 0, 0, 0, 0, 0, "1", 0, 0, "2", 0, 0, "1", 0, 0, 0, 0, 0, 0, 0, 0, 0], "PIM": [0, "2", "2", 0, 0, 0, 0, 0, 0, 0, 0, 0, "5", 0, 0, 0, 0, 0, 0, 0, 0, 0, 0, 0, "2", 0, 0, "4", 0, 0, "5", 0, 0, 0, 0, 0, 0, 0, 0, 0], "TOT": ["28:43", "18:29", "19:23", "18:20", "18:24", "17:05", "14:04", "16:26", "16:57", "17:47", "13:02", "12:51", "12:20", "12:57", "13:07", "34:45", "13:49", "17:43", 0, "64:57", "15:25", "08:24", "18:19", "23:30", "15:20", "21:55", "12:04", "19:13", "17:52", "18:30", "12:14", "11:44", "23:12", "23:44", "16:55", "24:35", "21:29", "10:54", "65:00", 0], "SHF": ["37", "28", "30", "23", "23", "25", "22", "29", "22", "27", "20", "16", "20", "21", "20", "40", "18", "25", 0, 0, "22", "10", "29", "26", "23", "30", "20", "24", "24", "30", "19", "17", "28", "30", "24", "30", "29", "15", 0, 0], "AVG TOI/SH": ["00:46", "00:39", "00:38", "00:47", "00:48", "00:41", "00:38", "00:34", "00:46", "00:39", "00:39", "00:48", "00:37", "00:37", "00:39", "00:52", "00:46", "00:42", 0, 0, "00:42", "00:50", "00:37", "00:54", "00:40", "00:43", "00:36", "00:48", "00:44", "00:37", "00:38", "00:41", "00:49", "00:47", "00:42", "00:49", "00:44", "00:43", 0, 0], "PP": ["00:00", "00:00", "01:23", "03:00", "03:18", "01:26", "00:00", "00:00", "03:15", "03:33", "00:00", "00:00", "00:00", "01:41", "00:00", "03:18", "01:08", "01:23", 0, "04:41", "00:00", "00:00", "00:38", "00:00", "00:00", "03:05", "00:00", "03:13", "00:00", "00:06", "00:06", "00:00", "00:06", "03:45", "00:06", "03:45", "02:34", "00:00", "03:51", 0], "SH": ["01:42", "01:00", "00:05", "00:00", "00:41", "00:59", "01:04", "01:17", "00:00", "00:00", "01:50", "00:00", "00:00", "00:00", "01:38", "03:17", "00:00", "00:00", 0, "03:51", "01:13", "00:00", "01:17", "02:24", "00:00", "01:50", "00:00", "00:00", "00:00", "01:57", "00:54", "01:57", "02:11", "00:59", "01:45", "00:00", "02:17", "00:00", "04:41", 0], "EV": ["27:01", "17:29", "17:55", "15:20", "14:25", "14:40", "13:00", "15:09", "13:42", "14:14", "11:12", "12:51", "12:20", "11:16", "11:29", "28:10", "12:41", "16:20", 0, "56:25", "14:12", "08:24", "16:24", "21:06", "15:20", "17:00", "12:04", "16:00", "17:52", "16:27", "11:14", "09:47", "20:55", "19:00", "15:04", "20:50", "16:38", "10:54", "56:28", 0], "S": ["1", "1", "1", "2", "7", "3", "3", "2", "1", "5", "1", 0, "1", 0, 0, "5", "2", "1", 0, 0, "2", "1", "1", "5", 0, "6", "2", "3", "3", "3", "3", "4", 0, "1", 0, "3", "1", 0, 0, 0], "A/B": ["3", 0, "3", "1", "3", 0, "1", 0, 0, "1", 0, "1", "2", "2", "3", "3", 0, "3", 0, 0, 0, 0, 0, 0, "1", 0, 0, "1", 0, 0, 0, 0, 0, 0, 0, 0, "1", "1", 0, 0], "MS": [0, "1", "3", "6", 0, 0, "1", 0, 0, "1", 0, "2", "1", 0, "1", "2", 0, 0, 0, 0, 0, 0, 0, "1", 0, 0, 0, "2", "1", 0, 0, 0, 0, 0, "1", 0, "2", 0, 0, 0], "HT": ["3", "4", 0, 0, 0, "1", "1", "2", "3", 0, 0, "2", "2", "2", "4", "2", 0, 0, 0, 0, 0, "1", "3", "2", 0, "1", "1", 0, 0, "2", "2", "1", 0, 0, "3", 0, 0, 0, 0, 0], "GV": ["1", 0, 0, "2", 0, 0, 0, 0, 0, "1", "1", 0, 0, 0, 0, 0, 0, 0, 0, "1", 0, 0, "1", "1", 0, "1", "1", "1", 0, 0, 0, 0, "1", "1", 0, 0, "1", 0, "2", 0], "TK": [0, 0, "1", "1", "1", 0, 0, 0, "2", 0, 0, "1", 0, 0, 0, "2", 0, 0, 0, 0, "1", 0, 0, 0, 0, 0, 0, "1", "1", 0, 0, 0, 0, "1", "1", "2", 0, 0, 0, 0], "BS": ["1", 0, 0, 0, 0, "1", 0, 0, 0, 0, "1", 0, "1", 0, 0, 0, 0, 0, 0, 0, "4", 0, "2", "4", 0, 0, "2", 0, 0, "2", "1", 0, "5", "1", "1", "1", "1", "2", 0, 0], "FW": [0, 0, 0, "1", "8", 0, "0", "7", 0, "9", 0, "4", 0, 0, 0, 0, "0", "1", 0, 0, 0, 0, 0, 0, 0, "12", 0, 0, "1", 0, "0", 0, 0, "3", "15", "16", 0, 0, 0, 0], "FL": [0, 0, 0, "0", "15", 0, "1", "12", 0, "10", 0, "3", 0, 0, 0, 0, "1", "5", 0, 0, 0, 0, 0, 0, 0, "10", 0, 0, "2", 0, "1", 0, 0, "2", "6", "9", 0, 0, 0, 0], "F%": [0, 0, 0, "100", "35", 0, "0", "37", 0, "47", 0, "57", 0, 0, 0, 0, "0", "17", 0, 0, 0, 0, 0, 0, 0, "55", 0, 0, "33", 0, "0", 0, 0, "60", "71", "64", 0, 0, 0, 0], "team": ["OTTAWA SENATORS ", "OTTAWA SENATORS ", "OTTAWA SENATORS ", "OTTAWA SENATORS ", "OTTAWA SENATORS ", "OTTAWA SENATORS ", "OTTAWA SENATORS ", "OTTAWA SENATORS ", "OTTAWA SENATORS ", "OTTAWA SENATORS ", "OTTAWA SENATORS ", "OTTAWA SENATORS ", "OTTAWA SENATORS ", "OTTAWA SENATORS ", "OTTAWA SENATORS ", "OTTAWA SENATORS ", "OTTAWA SENATORS ", "OTTAWA SENATORS ", "OTTAWA SENATORS ", "OTTAWA SENATORS ", "TAMPA BAY LIGHTNING ", "TAMPA BAY LIGHTNING ", "TAMPA BAY LIGHTNING ", "TAMPA BAY LIGHTNING ", "TAMPA BAY LIGHTNING ", "TAMPA BAY LIGHTNING ", "TAMPA BAY LIGHTNING ", "TAMPA BAY LIGHTNING ", "TAMPA BAY LIGHTNING ", "TAMPA BAY LIGHTNING ", "TAMPA BAY LIGHTNING ", "TAMPA BAY LIGHTNING ", "TAMPA BAY LIGHTNING ", "TAMPA BAY LIGHTNING ", "TAMPA BAY LIGHTNING ", "TAMPA BAY LIGHTNING ", "TAMPA BAY LIGHTNING ", "TAMPA BAY LIGHTNING ", "TAMPA BAY LIGHTNING ", "TAMPA BAY LIGHTNING "], "GA": [0, 0, 0, 0, 0, 0, 0, 0, 0, 0, 0, 0, 0, 0, 0, 0, 0, 0, 0.0, "3", 0, 0, 0, 0, 0, 0, 0, 0, 0, 0, 0, 0, 0, 0, 0, 0, 0, 0, "3", 0], "SA": [0, 0, 0, 0, 0, 0, 0, 0, 0, 0, 0, 0, 0, 0, 0, 0, 0, 0, 0.0, "38", 0, 0, 0, 0, 0, 0, 0, 0, 0, 0, 0, 0, 0, 0, 0, 0, 0, 0, "36", 0]}}