{"game_info": {"date": "2014-04-05", "visitor": "PITTSBURGH PENGUINS ", "home": "MINNESOTA WILD ", "game_id": 1168, "status": "final"}, "player_stats": {"number": ["2", "4", "7", "14", "15", "16", "17", "18", "19", "22", "25", "27", "41", "44", "47", "49", "59", "87", "29", "37", "3", "6", "7", "8", "9", "11", "14", "19", "20", "21", "22", "24", "25", "26", "29", "39", "46", "56", "30", "33"], "position": ["D", "D", "D", "L", "L", "C", "L", "L", "R", "R", "C", "R", "D", "D", "D", "C", "C", "C", "G", "G", "C", "D", "D", "C", "C", "L", "R", "L", "D", "C", "R", "L", "D", "L", "R", "D", "D", "L", "G", "G"], "name": ["NISKANEN, MATT", "SCUDERI, ROB", "MARTIN, PAUL", "KUNITZ, CHRIS", "GLASS, TANNER", "SUTTER, BRANDON", "PYATT, TAYLOR", "NEAL, JAMES", "BENNETT, BEAU", "STEMPNIAK, LEE", "EBBETT, ANDREW", "ADAMS, CRAIG", "BORTUZZO, ROBERT", "ORPIK, BROOKS", "DESPRES, SIMON", "GIBBONS, BRIAN", "MEGNA, JAYSON", "CROSBY, SIDNEY", "FLEURY, MARC-ANDRE", "ZATKOFF, JEFF", "COYLE, CHARLIE", "SCANDELLA, MARCO", "BLUM, JONATHON", "MCCORMICK, CODY", "KOIVU, MIKKO", "PARISE, ZACH", "FONTAINE, JUSTIN", "VEILLEUX, STEPHANE", "SUTER, RYAN", "BRODZIAK, KYLE", "NIEDERREITER, NINO", "COOKE, MATT", "BRODIN, JONAS", "MOULSON, MATT", "POMINVILLE, JASON", "PROSSER, NATE", "SPURGEON, JARED", "HAULA, ERIK", "BRYZGALOV, ILYA", "CURRY, JOHN"], "G": [0, 0, 0, 0, 0, 0, 0, 0, 0, 0, 0, 0, 0, 0, 0, 0, 0, 0, 0, 0, 0, 0, 0, "1", "1", 0, 0, "1", 0, 0, 0, 0, 0, 0, 0, 0, 0, "1", 0, 0], "A": [0, 0, 0, 0, 0, 0, 0, 0, 0, 0, 0, 0, 0, 0, 0, 0, 0, 0, 0, 0, "2", 0, 0, "1", 0, "2", 0, 0, 0, 0, 0, 0, 0, "1", "1", 0, 0, 0, 0, 0], "P": [0, 0, 0, 0, 0, 0, 0, 0, 0, 0, 0, 0, 0, 0, 0, 0, 0, 0, 0, 0, "2", 0, 0, "2", "1", "2", 0, "1", 0, 0, 0, 0, 0, "1", "1", 0, 0, "1", 0, 0], "+/-": ["-1", "-1", "-2", "-2", 0, 0, 0, "-1", "-2", "-2", "-2", "-1", "-1", "-2", "-1", 0, "-1", "-1", 0, 0, "+2", 0, 0, "+2", "+1", "+2", 0, "+1", "+3", 0, 0, 0, "+1", "+1", "+2", "+1", "+3", "+1", 0, 0], "PN": [0, 0, 0, 0, 0, 0, 0, 0, 0, "1", 0, 0, "1", 0, 0, 0, 0, 0, 0, 0, 0, 0, 0, 0, 0, 0, 0, "1", 0, "1", 0, 0, 0, 0, 0, 0, 0, 0, 0, 0], "PIM": [0, 0, 0, 0, 0, 0, 0, 0, 0, "2", 0, 0, "2", 0, 0, 0, 0, 0, 0, 0, 0, 0, 0, 0, 0, 0, 0, "2", 0, "2", 0, 0, 0, 0, 0, 0, 0, 0, 0, 0], "TOT": ["18:25", "18:39", "23:09", "18:24", "13:05", "16:30", "12:56", "16:48", "17:22", "13:23", "13:22", "12:35", "18:22", "21:44", "18:29", "12:16", "11:01", "19:39", 0, "59:51", "16:37", "19:59", "07:47", "12:02", "17:06", "16:41", "16:12", "09:59", "27:43", "17:11", "10:31", "15:47", "25:14", "16:31", "15:03", "15:30", "22:15", "13:52", "60:00", 0], "SHF": ["21", "21", "24", "20", "17", "19", "15", "19", "20", "16", "17", "17", "21", "22", "21", "16", "15", "21", 0, 0, "21", "24", "14", "18", "22", "22", "22", "16", "32", "23", "15", "22", "33", "20", "20", "22", "24", "20", 0, 0], "AVG TOI/SH": ["00:52", "00:53", "00:57", "00:55", "00:46", "00:52", "00:51", "00:53", "00:52", "00:50", "00:47", "00:44", "00:52", "00:59", "00:52", "00:46", "00:44", "00:56", 0, 0, "00:47", "00:49", "00:33", "00:40", "00:46", "00:45", "00:44", "00:37", "00:51", "00:44", "00:42", "00:43", "00:45", "00:49", "00:45", "00:42", "00:55", "00:41", 0, 0], "PP": ["02:53", "00:00", "01:59", "02:16", "00:00", "01:10", "00:00", "02:50", "01:44", "01:10", "01:07", "00:00", "00:00", "00:00", "02:01", "00:00", "00:00", "02:50", 0, "04:00", "01:42", "00:09", "00:30", "00:00", "02:18", "02:18", "01:42", "00:00", "02:45", "00:00", "01:02", "00:00", "01:15", "01:57", "02:33", "00:00", "01:49", "00:00", "04:00", 0], "SH": ["00:13", "01:46", "02:14", "00:00", "01:28", "01:16", "00:00", "00:00", "00:00", "00:00", "00:00", "02:30", "00:50", "02:14", "00:43", "01:48", "00:00", "00:58", 0, "04:00", "00:00", "02:17", "00:00", "02:01", "01:05", "00:58", "00:00", "00:57", "01:36", "00:24", "00:00", "01:01", "02:24", "00:00", "00:00", "00:32", "01:11", "01:34", "04:00", 0], "EV": ["15:19", "16:53", "18:56", "16:08", "11:37", "14:04", "12:56", "13:58", "15:38", "12:13", "12:15", "10:05", "17:32", "19:30", "15:45", "10:28", "11:01", "15:51", 0, "51:51", "14:55", "17:33", "07:17", "10:01", "13:43", "13:25", "14:30", "09:02", "23:22", "16:47", "09:29", "14:46", "21:35", "14:34", "12:30", "14:58", "19:15", "12:18", "52:00", 0], "S": ["3", 0, "1", "3", 0, "1", 0, "5", "1", "2", "1", 0, 0, "1", "1", 0, "1", 0, 0, 0, 0, 0, 0, "1", "3", "3", 0, "2", "2", "1", 0, "1", 0, "2", "1", 0, "2", "2", 0, 0], "A/B": ["3", 0, 0, "1", 0, "2", 0, "2", 0, "2", 0, "1", "1", "1", 0, 0, 0, "2", 0, 0, 0, "1", "1", "1", "1", 0, 0, 0, "1", 0, "1", "1", 0, 0, 0, "1", "1", "1", 0, 0], "MS": ["2", 0, 0, 0, "1", "1", "2", 0, "1", "1", 0, 0, 0, 0, 0, 0, 0, "2", 0, 0, "1", 0, 0, "1", 0, "1", "1", 0, 0, 0, 0, "1", 0, 0, 0, 0, 0, 0, 0, 0], "HT": ["1", 0, "2", 0, "4", "2", 0, "1", 0, 0, 0, "3", "3", "2", "1", "2", 0, 0, 0, 0, "2", "1", "1", "1", "1", "1", 0, "1", "3", 0, "2", "4", 0, 0, 0, 0, 0, 0, 0, 0], "GV": [0, 0, 0, 0, 0, "1", 0, 0, 0, 0, 0, 0, 0, 0, 0, 0, 0, "1", 0, 0, "1", "1", 0, 0, 0, 0, 0, 0, 0, "1", 0, 0, "1", 0, 0, 0, 0, "1", 0, 0], "TK": ["1", 0, 0, 0, 0, 0, 0, 0, 0, 0, 0, 0, 0, 0, 0, "1", 0, "2", 0, 0, 0, 0, 0, 0, "1", "1", "1", "1", "1", "1", 0, "1", "2", 0, "1", 0, 0, 0, 0, 0], "BS": ["1", "2", "1", 0, "1", 0, 0, 0, 0, 0, 0, 0, "2", "1", "2", 0, 0, 0, 0, 0, "1", "2", 0, "1", "2", "1", 0, 0, "2", "1", 0, "2", 0, 0, "1", "2", 0, 0, 0, 0], "FW": [0, 0, 0, 0, 0, "9", 0, 0, 0, 0, "5", "4", 0, 0, 0, 0, 0, "5", 0, 0, "1", 0, 0, "1", "13", "0", 0, 0, 0, "8", 0, "0", 0, 0, "0", 0, 0, "8", 0, 0], "FL": [0, 0, 0, 0, 0, "8", 0, 0, 0, 0, "7", "4", 0, 0, 0, 0, 0, "12", 0, 0, "1", 0, 0, "6", "6", "1", 0, 0, 0, "4", 0, "1", 0, 0, "1", 0, 0, "3", 0, 0], "F%": [0, 0, 0, 0, 0, "53", 0, 0, 0, 0, "42", "50", 0, 0, 0, 0, 0, "29", 0, 0, "50", 0, 0, "14", "68", "0", 0, 0, 0, "67", 0, "0", 0, 0, "0", 0, 0, "73", 0, 0], "team": ["PITTSBURGH PENGUINS ", "PITTSBURGH PENGUINS ", "PITTSBURGH PENGUINS ", "PITTSBURGH PENGUINS ", "PITTSBURGH PENGUINS ", "PITTSBURGH PENGUINS ", "PITTSBURGH PENGUINS ", "PITTSBURGH PENGUINS ", "PITTSBURGH PENGUINS ", "PITTSBURGH PENGUINS ", "PITTSBURGH PENGUINS ", "PITTSBURGH PENGUINS ", "PITTSBURGH PENGUINS ", "PITTSBURGH PENGUINS ", "PITTSBURGH PENGUINS ", "PITTSBURGH PENGUINS ", "PITTSBURGH PENGUINS ", "PITTSBURGH PENGUINS ", "PITTSBURGH PENGUINS ", "PITTSBURGH PENGUINS ", "MINNESOTA WILD ", "MINNESOTA WILD ", "MINNESOTA WILD ", "MINNESOTA WILD ", "MINNESOTA WILD ", "MINNESOTA WILD ", "MINNESOTA WILD ", "MINNESOTA WILD ", "MINNESOTA WILD ", "MINNESOTA WILD ", "MINNESOTA WILD ", "MINNESOTA WILD ", "MINNESOTA WILD ", "MINNESOTA WILD ", "MINNESOTA WILD ", "MINNESOTA WILD ", "MINNESOTA WILD ", "MINNESOTA WILD ", "MINNESOTA WILD ", "MINNESOTA WILD "], "GA": [0, 0, 0, 0, 0, 0, 0, 0, 0, 0, 0, 0, 0, 0, 0, 0, 0, 0, 0.0, "4", 0, 0, 0, 0, 0, 0, 0, 0, 0, 0, 0, 0, 0, 0, 0, 0, 0, 0, "0", 0], "SA": [0, 0, 0, 0, 0, 0, 0, 0, 0, 0, 0, 0, 0, 0, 0, 0, 0, 0, 0.0, "20", 0, 0, 0, 0, 0, 0, 0, 0, 0, 0, 0, 0, 0, 0, 0, 0, 0, 0, "20", 0]}}