{"game_info": {"date": "2013-11-14", "visitor": "COLUMBUS BLUE JACKETS ", "home": "BOSTON BRUINS ", "game_id": 277, "status": "final"}, "player_stats": {"number": ["6", "7", "10", "13", "14", "17", "18", "19", "21", "24", "27", "39", "40", "42", "51", "55", "58", "71", "31", "72", "11", "12", "17", "18", "20", "21", "22", "23", "27", "33", "34", "37", "43", "44", "46", "47", "55", "63", "30", "40"], "position": ["D", "D", "R", "R", "L", "C", "C", "C", "D", "C", "D", "C", "R", "C", "D", "C", "D", "L", "G", "G", "C", "R", "L", "R", "L", "L", "L", "C", "D", "D", "C", "C", "D", "D", "C", "D", "D", "C", "G", "G"], "name": ["NIKITIN, NIKITA", "JOHNSON, JACK", "GABORIK, MARIAN", "ATKINSON, CAM", "COMEAU, BLAKE", "DUBINSKY, BRANDON", "UMBERGER, RJ", "JOHANSEN, RYAN", "WISNIEWSKI, JAMES", "MACKENZIE, DEREK", "MURRAY, RYAN", "CHAPUT, MICHAEL", "BOLL, JARED", "ANISIMOV, ARTEM", "TYUTIN, FEDOR", "LETESTU, MARK", "SAVARD, DAVID", "FOLIGNO, NICK", "MCELHINNEY, CURTIS", "BOBROVSKY, SERGEI", "CAMPBELL, GREGORY", "IGINLA, JAROME", "LUCIC, MILAN", "SMITH, REILLY", "PAILLE, DANIEL", "ERIKSSON, LOUI", "THORNTON, SHAWN", "KELLY, CHRIS", "HAMILTON, DOUGIE", "CHARA, ZDENO", "SODERBERG, CARL", "BERGERON, PATRICE", "BARTKOWSKI, MATT", "SEIDENBERG, DENNIS", "KREJCI, DAVID", "KRUG, TOREY", "BOYCHUK, JOHNNY", "MARCHAND, BRAD", "JOHNSON, CHAD", "RASK, TUUKKA"], "G": [0, 0, 0, 0, "1", 0, 0, 0, 0, 0, 0, 0, 0, 0, 0, 0, 0, "1", 0, 0, 0, 0, "1", 0, 0, "1", "1", 0, 0, 0, 0, 0, 0, 0, 0, 0, 0, 0, 0, 0], "A": ["1", 0, 0, 0, 0, 0, 0, 0, 0, "1", 0, 0, 0, 0, 0, "1", 0, 0, 0, 0, "1", 0, 0, 0, 0, 0, 0, 0, 0, "1", 0, "1", 0, 0, 0, "1", 0, 0, 0, 0], "P": ["1", 0, 0, 0, "1", 0, 0, 0, 0, "1", 0, 0, 0, 0, 0, "1", 0, "1", 0, 0, "1", 0, "1", 0, 0, "1", "1", 0, 0, "1", 0, "1", 0, 0, 0, "1", 0, 0, 0, 0], "+/-": [0, "-1", 0, "-1", "+1", 0, "-1", "-1", 0, "+1", 0, 0, "-1", "-1", "-1", "+1", 0, 0, 0, 0, "+1", "-1", 0, "-1", "+1", "+1", "+1", "-1", 0, 0, "-1", "+1", 0, "+1", 0, "+2", "-1", "+1", 0, 0], "PN": [0, 0, 0, 0, 0, "1", 0, 0, 0, 0, 0, 0, 0, 0, 0, 0, 0, 0, 0, 0, 0, 0, "1", 0, 0, 0, 0, "1", 0, 0, 0, 0, "1", 0, 0, 0, 0, "1", 0, 0], "PIM": [0, 0, 0, 0, 0, "2", 0, 0, 0, 0, 0, 0, 0, 0, 0, 0, 0, 0, 0, 0, 0, 0, "2", 0, 0, 0, 0, "2", 0, 0, 0, 0, "2", 0, 0, 0, 0, "2", 0, 0], "TOT": ["17:35", "25:15", "17:44", "19:48", "12:25", "19:28", "17:38", "20:09", "23:13", "12:20", "21:59", "12:06", "09:41", "13:14", "22:36", "16:07", "17:10", "16:16", 0, "64:11", "10:52", "17:19", "18:14", "12:21", "09:56", "19:19", "07:54", "16:16", "18:13", "25:08", "14:41", "19:08", "18:31", "22:11", "18:16", "20:01", "23:21", "17:03", "64:11", 0], "SHF": ["22", "29", "24", "22", "20", "26", "23", "29", "27", "21", "27", "17", "12", "16", "26", "24", "22", "20", 0, 0, "13", "22", "24", "15", "13", "20", "11", "21", "23", "28", "18", "26", "24", "29", "21", "25", "28", "22", 0, 0], "AVG TOI/SH": ["00:47", "00:52", "00:44", "00:54", "00:37", "00:44", "00:46", "00:41", "00:51", "00:35", "00:48", "00:42", "00:48", "00:49", "00:52", "00:40", "00:46", "00:48", 0, 0, "00:50", "00:47", "00:45", "00:49", "00:45", "00:57", "00:43", "00:46", "00:47", "00:53", "00:48", "00:44", "00:46", "00:45", "00:52", "00:48", "00:50", "00:46", 0, 0], "PP": ["00:00", "03:43", "04:18", "04:37", "00:14", "03:42", "02:56", "03:23", "04:36", "00:00", "04:17", "00:00", "00:00", "02:31", "02:50", "00:53", "00:00", "02:00", 0, "08:00", "00:00", "00:58", "00:58", "01:02", "00:00", "01:02", "00:00", "00:00", "01:02", "00:58", "01:02", "01:02", "00:00", "00:00", "00:58", "00:58", "00:00", "00:00", "02:00", 0], "SH": ["00:00", "01:23", "00:00", "00:00", "00:00", "00:00", "00:33", "00:37", "00:37", "01:02", "00:37", "00:09", "00:00", "00:37", "01:23", "01:02", "00:00", "00:00", 0, "02:00", "02:54", "01:22", "00:00", "00:00", "02:43", "01:12", "00:00", "01:20", "00:45", "05:12", "00:00", "03:17", "02:16", "02:49", "00:48", "00:00", "04:58", "02:24", "08:00", 0], "EV": ["17:35", "20:09", "13:26", "15:11", "12:11", "15:46", "14:09", "16:09", "18:00", "11:18", "17:05", "11:57", "09:41", "10:06", "18:23", "14:12", "17:10", "14:16", 0, "54:11", "07:58", "14:59", "17:16", "11:19", "07:13", "17:05", "07:54", "14:56", "16:26", "18:58", "13:39", "14:49", "16:15", "19:22", "16:30", "19:03", "18:23", "14:39", "54:11", 0], "S": ["2", "2", "1", "3", "3", "2", 0, "6", 0, "1", 0, "1", "1", "2", "3", "1", "3", "3", 0, 0, 0, "2", "2", "1", 0, "3", "4", "1", "4", "1", "3", "2", "1", "1", 0, "3", "1", "2", 0, 0], "A/B": [0, "1", 0, "1", 0, "3", "1", "1", "2", 0, 0, 0, 0, 0, 0, "2", 0, 0, 0, 0, 0, "2", "1", 0, "1", "1", "1", "2", 0, "3", 0, "1", 0, 0, 0, "7", "1", 0, 0, 0], "MS": ["2", 0, 0, 0, 0, "1", 0, "1", "1", "1", 0, 0, 0, 0, "1", 0, 0, 0, 0, 0, 0, "1", 0, "1", 0, 0, 0, 0, "2", "2", "2", 0, 0, "1", 0, 0, 0, 0, 0, 0], "HT": ["1", "4", 0, 0, "5", "1", "2", "2", "1", "3", 0, "3", 0, "1", 0, "1", "5", "7", 0, 0, "1", 0, "4", "3", 0, 0, "2", "2", "2", "4", "1", "2", "3", "1", "3", "1", "8", "1", 0, 0], "GV": [0, "1", "1", 0, 0, 0, 0, 0, 0, "1", 0, "1", 0, 0, "1", "2", 0, "1", 0, 0, 0, "1", "1", "1", 0, 0, 0, "1", 0, "2", 0, "1", 0, 0, 0, "1", 0, 0, 0, 0], "TK": ["1", 0, 0, 0, "1", 0, 0, "2", "1", "1", 0, "3", 0, 0, 0, 0, 0, 0, 0, 0, 0, 0, "1", 0, 0, "2", "1", "1", 0, "1", 0, "2", 0, 0, 0, 0, 0, 0, 0, 0], "BS": ["1", "2", 0, "2", 0, 0, 0, "2", "2", 0, 0, "5", "1", "2", "1", 0, "1", "1", 0, 0, "1", 0, "1", 0, "1", 0, 0, 0, "1", "1", 0, "1", 0, 0, "1", "2", "1", "1", 0, 0], "FW": [0, 0, 0, 0, 0, "3", "2", "7", 0, "7", 0, "2", 0, "4", 0, "4", 0, "0", 0, 0, "5", "1", "6", 0, 0, 0, 0, "9", 0, 0, "0", "11", 0, 0, "3", 0, 0, "0", 0, 0], "FL": [0, 0, 0, 0, 0, "0", "0", "13", 0, "4", 0, "3", 0, "9", 0, "5", 0, "1", 0, 0, "3", "0", "1", 0, 0, 0, 0, "3", 0, 0, "3", "8", 0, 0, "10", 0, 0, "1", 0, 0], "F%": [0, 0, 0, 0, 0, "100", "100", "35", 0, "64", 0, "40", 0, "31", 0, "44", 0, "0", 0, 0, "63", "100", "86", 0, 0, 0, 0, "75", 0, 0, "0", "58", 0, 0, "23", 0, 0, "0", 0, 0], "team": ["COLUMBUS BLUE JACKETS ", "COLUMBUS BLUE JACKETS ", "COLUMBUS BLUE JACKETS ", "COLUMBUS BLUE JACKETS ", "COLUMBUS BLUE JACKETS ", "COLUMBUS BLUE JACKETS ", "COLUMBUS BLUE JACKETS ", "COLUMBUS BLUE JACKETS ", "COLUMBUS BLUE JACKETS ", "COLUMBUS BLUE JACKETS ", "COLUMBUS BLUE JACKETS ", "COLUMBUS BLUE JACKETS ", "COLUMBUS BLUE JACKETS ", "COLUMBUS BLUE JACKETS ", "COLUMBUS BLUE JACKETS ", "COLUMBUS BLUE JACKETS ", "COLUMBUS BLUE JACKETS ", "COLUMBUS BLUE JACKETS ", "COLUMBUS BLUE JACKETS ", "COLUMBUS BLUE JACKETS ", "BOSTON BRUINS ", "BOSTON BRUINS ", "BOSTON BRUINS ", "BOSTON BRUINS ", "BOSTON BRUINS ", "BOSTON BRUINS ", "BOSTON BRUINS ", "BOSTON BRUINS ", "BOSTON BRUINS ", "BOSTON BRUINS ", "BOSTON BRUINS ", "BOSTON BRUINS ", "BOSTON BRUINS ", "BOSTON BRUINS ", "BOSTON BRUINS ", "BOSTON BRUINS ", "BOSTON BRUINS ", "BOSTON BRUINS ", "BOSTON BRUINS ", "BOSTON BRUINS "], "GA": [0, 0, 0, 0, 0, 0, 0, 0, 0, 0, 0, 0, 0, 0, 0, 0, 0, 0, 0.0, "3", 0, 0, 0, 0, 0, 0, 0, 0, 0, 0, 0, 0, 0, 0, 0, 0, 0, 0, "2", 0], "SA": [0, 0, 0, 0, 0, 0, 0, 0, 0, 0, 0, 0, 0, 0, 0, 0, 0, 0, 0.0, "31", 0, 0, 0, 0, 0, 0, 0, 0, 0, 0, 0, 0, 0, 0, 0, 0, 0, 0, "34", 0]}}