{"game_info": {"date": "2013-10-11", "visitor": "PITTSBURGH PENGUINS ", "home": "FLORIDA PANTHERS ", "game_id": 60, "status": "final"}, "player_stats": {"number": ["2", "3", "4", "7", "9", "12", "14", "15", "16", "17", "19", "27", "36", "41", "44", "46", "71", "87", "29", "37", "7", "11", "14", "16", "17", "18", "19", "21", "23", "24", "32", "43", "44", "51", "57", "77", "82", "97", "25", "30"], "position": ["D", "D", "D", "D", "L", "R", "L", "L", "C", "C", "R", "R", "L", "D", "D", "C", "C", "C", "G", "G", "D", "C", "L", "C", "C", "C", "R", "R", "C", "R", "R", "D", "D", "D", "C", "D", "R", "D", "G", "G"], "name": ["NISKANEN, MATT", "MAATTA, OLLI", "SCUDERI, ROB", "MARTIN, PAUL", "DUPUIS, PASCAL", "KOBASEW, CHUCK", "KUNITZ, CHRIS", "GLASS, TANNER", "SUTTER, BRANDON", "JEFFREY, DUSTIN", "BENNETT, BEAU", "ADAMS, CRAIG", "JOKINEN, JUSSI", "BORTUZZO, ROBERT", "ORPIK, BROOKS", "VITALE, JOE", "MALKIN, EVGENI", "CROSBY, SIDNEY", "FLEURY, MARC-ANDRE", "ZATKOFF, JEFF", "KULIKOV, DMITRY", "HUBERDEAU, JONATHAN", "FLEISCHMANN, TOMAS", "BARKOV, ALEKSANDER", "WINCHESTER, JESSE", "MATTHIAS, SHAWN", "UPSHALL, SCOTTIE", "BARCH, KRYS", "GOMEZ, SCOTT", "BOYES, BRAD", "VERSTEEG, KRIS", "WEAVER, MIKE", "GUDBRANSON, ERIK", "CAMPBELL, BRIAN", "GOC, MARCEL", "GILBERT, TOM", "KOPECKY, TOMAS", "GILROY, MATT", "MARKSTROM, JACOB", "CLEMMENSEN, SCOTT"], "G": [0, 0, 0, 0, "1", 0, 0, 0, 0, 0, 0, "1", 0, 0, 0, 0, "1", 0, 0, 0, 0, "1", "1", "1", 0, 0, 0, 0, 0, "2", "1", 0, 0, 0, 0, 0, 0, 0, 0, 0], "A": [0, 0, 0, 0, 0, 0, 0, "1", 0, 0, "1", 0, 0, 0, 0, "1", 0, "1", 0, 0, 0, 0, "3", "2", 0, "1", 0, 0, "1", "1", "1", 0, 0, 0, 0, 0, 0, 0, 0, 0], "P": [0, 0, 0, 0, "1", 0, 0, "1", 0, 0, "1", "1", 0, 0, 0, "1", "1", "1", 0, 0, 0, "1", "4", "3", 0, "1", 0, 0, "1", "3", "2", 0, 0, 0, 0, 0, 0, 0, 0, 0], "+/-": ["+2", 0, "+1", "-1", "-1", 0, 0, 0, "-1", "-1", 0, 0, "+1", "-2", "-2", 0, "+1", "-2", 0, 0, "-1", "-1", "+3", "+3", 0, "+1", "-2", 0, 0, "+2", 0, "-2", "+1", "+2", "-2", "+2", "-1", 0, 0, 0], "PN": [0, 0, 0, "1", 0, 0, "1", 0, 0, 0, 0, 0, 0, 0, "1", "1", 0, "1", 0, 0, 0, "1", 0, 0, 0, "1", 0, 0, 0, 0, 0, 0, 0, 0, 0, "1", 0, "1", 0, 0], "PIM": [0, 0, 0, "2", 0, 0, "2", 0, 0, 0, 0, 0, 0, 0, "2", "2", 0, "2", 0, 0, 0, "2", 0, 0, 0, "2", 0, 0, 0, 0, 0, 0, 0, 0, 0, "2", 0, "2", 0, 0], "TOT": ["20:41", "16:42", "20:21", "24:18", "17:25", "13:52", "16:30", "10:06", "13:19", "11:57", "16:58", "09:19", "15:00", "13:46", "19:40", "10:30", "18:59", "22:24", 0, "59:33", "18:37", "16:01", "19:15", "17:33", "11:48", "11:28", "12:45", "08:01", "13:26", "17:06", "13:45", "18:16", "19:34", "25:41", "15:18", "21:41", "15:26", "16:19", "60:00", 0], "SHF": ["24", "23", "23", "25", "20", "20", "22", "14", "17", "14", "23", "13", "19", "20", "24", "15", "20", "25", 0, 0, "26", "22", "24", "23", "20", "16", "17", "10", "19", "21", "19", "27", "24", "28", "23", "28", "20", "23", 0, 0], "AVG TOI/SH": ["00:51", "00:43", "00:53", "00:58", "00:52", "00:41", "00:45", "00:43", "00:47", "00:51", "00:44", "00:43", "00:47", "00:41", "00:49", "00:42", "00:56", "00:53", 0, 0, "00:42", "00:43", "00:48", "00:45", "00:35", "00:43", "00:45", "00:48", "00:42", "00:48", "00:43", "00:40", "00:48", "00:55", "00:39", "00:46", "00:46", "00:42", 0, 0], "PP": ["01:01", "00:33", "00:00", "02:27", "00:00", "00:00", "02:36", "00:00", "01:26", "00:33", "01:34", "00:00", "02:02", "00:00", "00:05", "00:00", "03:02", "03:29", 0, "04:02", "00:50", "01:57", "02:43", "02:09", "00:00", "00:00", "00:00", "00:00", "01:25", "02:09", "01:59", "00:00", "00:16", "03:54", "00:34", "02:42", "00:00", "00:02", "04:08", 0], "SH": ["00:00", "00:00", "02:41", "01:57", "01:06", "00:00", "00:00", "02:11", "00:34", "00:57", "00:02", "02:03", "00:00", "01:11", "01:53", "01:23", "00:00", "00:00", 0, "04:08", "00:54", "00:15", "00:32", "00:32", "01:10", "00:00", "00:35", "00:00", "00:00", "00:00", "00:00", "02:38", "02:31", "01:31", "01:38", "00:00", "02:00", "00:30", "04:02", 0], "EV": ["19:40", "16:09", "17:40", "19:54", "16:19", "13:52", "13:54", "07:55", "11:19", "10:27", "15:22", "07:16", "12:58", "12:35", "17:42", "09:07", "15:57", "18:55", 0, "51:23", "16:53", "13:49", "16:00", "14:52", "10:38", "11:28", "12:10", "08:01", "12:01", "14:57", "11:46", "15:38", "16:47", "20:16", "13:06", "18:59", "13:26", "15:47", "51:50", 0], "S": ["4", "2", 0, "1", "2", "5", "3", "3", "1", 0, "3", "3", "2", "1", "1", "1", "3", "4", 0, 0, 0, "1", "6", "2", "3", "1", "1", 0, "1", "3", "3", 0, "1", 0, "1", "5", "2", 0, 0, 0], "A/B": ["2", "2", "2", "2", 0, 0, "1", 0, 0, 0, "2", 0, "1", "1", 0, 0, "2", 0, 0, 0, "2", 0, "2", "1", 0, 0, 0, 0, 0, "1", "1", 0, "1", "1", "1", 0, 0, 0, 0, 0], "MS": [0, 0, 0, 0, 0, 0, 0, "1", "1", "1", "1", 0, "2", "1", 0, "1", 0, "2", 0, 0, "1", "1", "1", 0, 0, 0, 0, 0, "1", 0, "4", 0, "1", 0, "2", 0, 0, 0, 0, 0], "HT": ["2", 0, "1", "2", "3", "1", 0, "4", "4", 0, "1", "2", 0, "1", "1", "1", 0, 0, 0, 0, "5", 0, "1", 0, "1", "1", "2", "1", 0, "1", 0, "8", "3", 0, "3", 0, 0, "1", 0, 0], "GV": [0, 0, 0, 0, 0, 0, "1", 0, 0, 0, 0, 0, "1", 0, 0, 0, 0, 0, 0, 0, "1", 0, "1", "1", 0, 0, 0, 0, 0, "1", 0, 0, 0, 0, "2", "1", 0, 0, 0, 0], "TK": [0, 0, 0, "1", 0, 0, "1", 0, 0, 0, "1", 0, 0, 0, 0, 0, 0, 0, 0, 0, 0, 0, "2", "3", 0, 0, 0, 0, "1", "1", "2", 0, "1", 0, "1", 0, 0, 0, 0, 0], "BS": [0, 0, "2", "2", 0, "1", 0, 0, "1", 0, 0, 0, "1", 0, "3", 0, 0, 0, 0, 0, "1", 0, 0, 0, 0, 0, 0, 0, 0, "1", 0, "4", "2", "3", "2", "2", 0, 0, 0, 0], "FW": [0, 0, 0, 0, 0, 0, 0, "2", "6", "1", 0, 0, "0", 0, 0, "8", "6", "14", 0, 0, 0, 0, "1", "6", "0", "5", "0", 0, "4", 0, "0", 0, 0, 0, "4", 0, "1", 0, 0, 0], "FL": [0, 0, 0, 0, 0, 0, 0, "0", "3", "0", 0, 0, "1", 0, 0, "3", "3", "11", 0, 0, 0, 0, "1", "8", "2", "4", "1", 0, "8", 0, "2", 0, 0, 0, "11", 0, "0", 0, 0, 0], "F%": [0, 0, 0, 0, 0, 0, 0, "100", "67", "100", 0, 0, "0", 0, 0, "73", "67", "56", 0, 0, 0, 0, "50", "43", "0", "56", "0", 0, "33", 0, "0", 0, 0, 0, "27", 0, "100", 0, 0, 0], "team": ["PITTSBURGH PENGUINS ", "PITTSBURGH PENGUINS ", "PITTSBURGH PENGUINS ", "PITTSBURGH PENGUINS ", "PITTSBURGH PENGUINS ", "PITTSBURGH PENGUINS ", "PITTSBURGH PENGUINS ", "PITTSBURGH PENGUINS ", "PITTSBURGH PENGUINS ", "PITTSBURGH PENGUINS ", "PITTSBURGH PENGUINS ", "PITTSBURGH PENGUINS ", "PITTSBURGH PENGUINS ", "PITTSBURGH PENGUINS ", "PITTSBURGH PENGUINS ", "PITTSBURGH PENGUINS ", "PITTSBURGH PENGUINS ", "PITTSBURGH PENGUINS ", "PITTSBURGH PENGUINS ", "PITTSBURGH PENGUINS ", "FLORIDA PANTHERS ", "FLORIDA PANTHERS ", "FLORIDA PANTHERS ", "FLORIDA PANTHERS ", "FLORIDA PANTHERS ", "FLORIDA PANTHERS ", "FLORIDA PANTHERS ", "FLORIDA PANTHERS ", "FLORIDA PANTHERS ", "FLORIDA PANTHERS ", "FLORIDA PANTHERS ", "FLORIDA PANTHERS ", "FLORIDA PANTHERS ", "FLORIDA PANTHERS ", "FLORIDA PANTHERS ", "FLORIDA PANTHERS ", "FLORIDA PANTHERS ", "FLORIDA PANTHERS ", "FLORIDA PANTHERS ", "FLORIDA PANTHERS "], "GA": [0, 0, 0, 0, 0, 0, 0, 0, 0, 0, 0, 0, 0, 0, 0, 0, 0, 0, 0.0, "6", 0, 0, 0, 0, 0, 0, 0, 0, 0, 0, 0, 0, 0, 0, 0, 0, 0, 0, "3", 0], "SA": [0, 0, 0, 0, 0, 0, 0, 0, 0, 0, 0, 0, 0, 0, 0, 0, 0, 0, 0.0, "30", 0, 0, 0, 0, 0, 0, 0, 0, 0, 0, 0, 0, 0, 0, 0, 0, 0, 0, "39", 0]}}