{"game_info": {"date": "2013-10-15", "visitor": "SAN JOSE SHARKS ", "home": "ST. LOUIS BLUES ", "game_id": 89, "status": "final"}, "player_stats": {"number": ["5", "8", "10", "12", "15", "19", "22", "27", "39", "42", "44", "48", "52", "57", "61", "81", "83", "88", "31", "32", "5", "9", "10", "12", "17", "19", "20", "21", "22", "25", "27", "33", "40", "42", "46", "74", "75", "91", "1", "41"], "position": ["D", "C", "C", "C", "C", "C", "D", "D", "C", "R", "D", "C", "D", "C", "D", "C", "L", "R", "G", "G", "D", "C", "L", "C", "C", "D", "C", "C", "D", "R", "D", "D", "C", "R", "D", "C", "R", "R", "G", "G"], "name": ["DEMERS, JASON", "PAVELSKI, JOE", "DESJARDINS, ANDREW", "MARLEAU, PATRICK", "SHEPPARD, JAMES", "THORNTON, JOE", "BOYLE, DAN", "HANNAN, SCOTT", "COUTURE, LOGAN", "PELECH, MATT", "VLASIC, MARC-EDOUARD", "HERTL, TOMAS", "IRWIN, MATT", "WINGELS, TOMMY", "BRAUN, JUSTIN", "KENNEDY, TYLER", "NIETO, MATTHEW", "BURNS, BRENT", "NIEMI, ANTTI", "STALOCK, ALEX", "JACKMAN, BARRET", "SCHWARTZ, JADEN", "MORROW, BRENDEN", "ROY, DEREK", "SOBOTKA, VLADIMIR", "BOUWMEESTER, JAY", "STEEN, ALEXANDER", "BERGLUND, PATRIK", "SHATTENKIRK, KEVIN", "STEWART, CHRIS", "PIETRANGELO, ALEX", "LEOPOLD, JORDAN", "LAPIERRE, MAXIM", "BACKES, DAVID", "POLAK, ROMAN", "OSHIE, T.J.", "REAVES, RYAN", "TARASENKO, VLADIMIR", "ELLIOTT, BRIAN", "HALAK, JAROSLAV"], "G": [0, "1", 0, "1", 0, "1", 0, "1", "1", 0, 0, 0, 0, "1", 0, 0, 0, 0, 0, 0, 0, 0, 0, 0, 0, 0, 0, 0, 0, 0, 0, 0, 0, 0, "1", 0, 0, "1", 0, 0], "A": ["1", 0, "1", "2", "1", "3", 0, 0, "1", 0, 0, "1", 0, 0, 0, 0, 0, "1", 0, 0, 0, "1", 0, "1", "1", 0, 0, "1", 0, 0, 0, 0, 0, 0, 0, 0, 0, 0, 0, 0], "P": ["1", "1", "1", "3", "1", "4", 0, "1", "2", 0, 0, "1", 0, "1", 0, 0, 0, "1", 0, 0, 0, "1", 0, "1", "1", 0, 0, "1", 0, 0, 0, 0, 0, 0, "1", 0, 0, "1", 0, 0], "+/-": ["-1", 0, 0, 0, 0, "+1", 0, "+1", 0, 0, 0, "+1", "+1", "+1", "+1", 0, 0, 0, 0, 0, "-1", "+1", 0, "+1", "-1", "+1", "-3", "+1", "-1", "+1", 0, "-1", 0, "-3", 0, "-1", 0, "+1", 0, 0], "PN": ["2", 0, "3", 0, 0, 0, 0, 0, 0, "2", "1", 0, 0, 0, 0, 0, 0, "2", 0, 0, 0, 0, 0, 0, 0, "1", 0, 0, "1", "1", 0, 0, "3", "3", 0, 0, "2", 0, 0, 0], "PIM": ["4", 0, "17", 0, 0, 0, 0, 0, 0, "15", "2", 0, 0, 0, 0, 0, 0, "4", 0, 0, 0, 0, 0, 0, 0, "2", 0, 0, "2", "2", 0, 0, "20", "6", 0, 0, "15", 0, 0, 0], "TOT": ["22:15", "18:08", "08:03", "20:28", "10:59", "19:23", "02:42", "22:30", "19:34", "01:08", "21:18", "15:17", "20:30", "17:27", "25:22", "18:27", "09:45", "17:17", "59:27", 0, "16:17", "16:48", "10:31", "16:41", "15:39", "22:24", "21:09", "17:58", "22:11", "18:21", "23:53", "15:31", "00:52", "17:34", "15:46", "18:24", "01:03", "16:52", "20:00", "40:00"], "SHF": ["30", "26", "13", "30", "20", "29", "4", "29", "29", "2", "30", "24", "27", "25", "34", "31", "15", "30", 0, 0, "26", "26", "16", "20", "25", "33", "29", "30", "28", "25", "32", "22", "2", "26", "21", "28", "2", "26", 0, 0], "AVG TOI/SH": ["00:44", "00:41", "00:37", "00:40", "00:32", "00:40", "00:40", "00:46", "00:40", "00:34", "00:42", "00:38", "00:45", "00:41", "00:44", "00:35", "00:39", "00:34", 0, 0, "00:37", "00:38", "00:39", "00:50", "00:37", "00:40", "00:43", "00:35", "00:47", "00:44", "00:44", "00:42", "00:26", "00:40", "00:45", "00:39", "00:31", "00:38", 0, 0], "PP": ["04:30", "05:25", "00:23", "05:20", "00:39", "05:08", "00:00", "00:34", "04:53", "00:00", "00:16", "02:08", "02:33", "00:29", "02:54", "02:31", "00:00", "02:32", "08:03", 0, "00:00", "00:02", "00:00", "05:05", "01:58", "01:29", "04:09", "01:19", "04:49", "03:21", "02:21", "00:49", "00:00", "02:36", "00:00", "01:26", "00:00", "01:48", "01:18", "05:06"], "SH": ["01:46", "02:16", "00:40", "02:36", "00:00", "00:00", "00:00", "02:11", "03:00", "00:00", "04:13", "00:00", "00:00", "02:10", "04:38", "00:50", "00:28", "00:00", "06:24", 0, "04:45", "02:23", "00:03", "00:00", "02:26", "03:01", "03:00", "02:49", "00:48", "00:00", "04:15", "00:11", "00:00", "01:44", "02:36", "03:03", "00:00", "00:41", "02:36", "05:27"], "EV": ["15:59", "10:27", "07:00", "12:32", "10:20", "14:15", "02:42", "19:45", "11:41", "01:08", "16:49", "13:09", "17:57", "14:48", "17:50", "15:06", "09:17", "14:45", "45:00", 0, "11:32", "14:23", "10:28", "11:36", "11:15", "17:54", "14:00", "13:50", "16:34", "15:00", "17:17", "14:31", "00:52", "13:14", "13:10", "13:55", "01:03", "14:23", "16:06", "29:27"], "S": ["3", "4", 0, "6", "2", "1", 0, "2", "4", 0, 0, "2", "1", "3", "3", "2", "3", "3", 0, 0, "1", "3", 0, "2", "2", "3", "1", "2", "3", "2", "1", "3", 0, 0, "1", 0, 0, "3", 0, 0], "A/B": ["1", "3", "1", "2", 0, 0, 0, 0, "2", 0, 0, 0, "1", 0, 0, 0, 0, 0, 0, 0, "1", 0, 0, "2", "1", "1", "2", "1", "2", "1", "2", "1", 0, 0, "1", "1", 0, "2", 0, 0], "MS": ["1", "1", 0, "1", 0, "3", 0, "1", "1", 0, "2", "1", 0, "1", "2", "2", 0, 0, 0, 0, 0, 0, 0, "1", "2", 0, "1", "2", "1", 0, "1", "1", 0, 0, "1", "3", 0, "1", 0, 0], "HT": [0, "1", "3", 0, 0, 0, "1", 0, 0, 0, 0, 0, "1", "2", "1", 0, 0, "1", 0, 0, "2", 0, 0, 0, "1", "1", 0, "2", "2", "2", 0, 0, 0, "4", "1", 0, "1", "2", 0, 0], "GV": [0, 0, 0, 0, 0, "1", 0, 0, 0, 0, 0, 0, 0, 0, 0, 0, 0, 0, 0, 0, 0, 0, 0, 0, 0, 0, 0, "1", "1", 0, 0, 0, 0, 0, 0, 0, 0, 0, 0, 0], "TK": ["1", 0, 0, 0, 0, 0, 0, 0, 0, 0, 0, "1", 0, 0, 0, "2", 0, 0, 0, 0, 0, "1", 0, 0, "1", 0, "1", 0, 0, "1", 0, 0, 0, 0, 0, 0, 0, "1", 0, 0], "BS": [0, "2", 0, 0, "1", 0, 0, "2", "5", 0, 0, 0, "2", "2", "4", 0, 0, 0, 0, 0, "2", 0, 0, 0, 0, 0, 0, "1", 0, 0, "3", 0, 0, "1", "3", 0, 0, 0, 0, 0], "FW": [0, "6", "1", 0, 0, "8", 0, 0, "10", 0, 0, "0", 0, 0, 0, "2", 0, "4", 0, 0, 0, "1", 0, "5", "5", 0, "4", "8", 0, "0", 0, 0, 0, "4", 0, "2", 0, 0, 0, 0], "FL": [0, "4", "2", 0, 0, "9", 0, 0, "6", 0, 0, "1", 0, 0, 0, "3", 0, "4", 0, 0, 0, "0", 0, "6", "4", 0, "5", "8", 0, "1", 0, 0, 0, "7", 0, "0", 0, 0, 0, 0], "F%": [0, "60", "33", 0, 0, "47", 0, 0, "63", 0, 0, "0", 0, 0, 0, "40", 0, "50", 0, 0, 0, "100", 0, "45", "56", 0, "44", "50", 0, "0", 0, 0, 0, "36", 0, "100", 0, 0, 0, 0], "team": ["SAN JOSE SHARKS ", "SAN JOSE SHARKS ", "SAN JOSE SHARKS ", "SAN JOSE SHARKS ", "SAN JOSE SHARKS ", "SAN JOSE SHARKS ", "SAN JOSE SHARKS ", "SAN JOSE SHARKS ", "SAN JOSE SHARKS ", "SAN JOSE SHARKS ", "SAN JOSE SHARKS ", "SAN JOSE SHARKS ", "SAN JOSE SHARKS ", "SAN JOSE SHARKS ", "SAN JOSE SHARKS ", "SAN JOSE SHARKS ", "SAN JOSE SHARKS ", "SAN JOSE SHARKS ", "SAN JOSE SHARKS ", "SAN JOSE SHARKS ", "ST. LOUIS BLUES ", "ST. LOUIS BLUES ", "ST. LOUIS BLUES ", "ST. LOUIS BLUES ", "ST. LOUIS BLUES ", "ST. LOUIS BLUES ", "ST. LOUIS BLUES ", "ST. LOUIS BLUES ", "ST. LOUIS BLUES ", "ST. LOUIS BLUES ", "ST. LOUIS BLUES ", "ST. LOUIS BLUES ", "ST. LOUIS BLUES ", "ST. LOUIS BLUES ", "ST. LOUIS BLUES ", "ST. LOUIS BLUES ", "ST. LOUIS BLUES ", "ST. LOUIS BLUES ", "ST. LOUIS BLUES ", "ST. LOUIS BLUES "], "GA": [0, 0, 0, 0, 0, 0, 0, 0, 0, 0, 0, 0, 0, 0, 0, 0, 0, 0, "2", 0, 0, 0, 0, 0, 0, 0, 0, 0, 0, 0, 0, 0, 0, 0, 0, 0, 0, 0, "2", "4"], "SA": [0, 0, 0, 0, 0, 0, 0, 0, 0, 0, 0, 0, 0, 0, 0, 0, 0, 0, "27", 0, 0, 0, 0, 0, 0, 0, 0, 0, 0, 0, 0, 0, 0, 0, 0, 0, 0, 0, "13", "26"]}}