{"game_info": {"date": "2014-01-29", "visitor": "SAN JOSE SHARKS ", "home": "EDMONTON OILERS ", "game_id": 807, "status": "final"}, "player_stats": {"number": ["5", "7", "8", "9", "10", "12", "18", "19", "22", "27", "38", "44", "57", "61", "76", "81", "83", "88", "31", "32", "2", "4", "6", "14", "15", "19", "20", "23", "27", "28", "36", "57", "64", "77", "85", "89", "93", "94", "30", "80"], "position": ["D", "D", "C", "R", "C", "C", "R", "C", "D", "D", "C", "D", "C", "D", "R", "C", "L", "R", "G", "G", "D", "L", "L", "C", "D", "D", "L", "C", "C", "L", "D", "L", "R", "D", "D", "C", "C", "L", "G", "G"], "name": ["DEMERS, JASON", "STUART, BRAD", "PAVELSKI, JOE", "HAVLAT, MARTY", "DESJARDINS, ANDREW", "MARLEAU, PATRICK", "BROWN, MIKE", "THORNTON, JOE", "BOYLE, DAN", "HANNAN, SCOTT", "KEARNS, BRACKEN", "VLASIC, MARC-EDOUARD", "WINGELS, TOMMY", "BRAUN, JUSTIN", "HAYES, ERIAH", "KENNEDY, TYLER", "NIETO, MATT", "BURNS, BRENT", "NIEMI, ANTTI", "STALOCK, ALEX", "PETRY, JEFF", "HALL, TAYLOR", "JOENSUU, JESSE", "EBERLE, JORDAN", "SCHULTZ, NICK", "SCHULTZ, JUSTIN", "GAZDIC, LUKE", "HENDRICKS, MATT", "GORDON, BOYD", "JONES, RYAN", "LARSEN, PHILIP", "PERRON, DAVID", "YAKUPOV, NAIL", "BELOV, ANTON", "MARINCIN, MARTIN", "GAGNER, SAM", "NUGENT-HOPKINS, RYAN", "SMYTH, RYAN", "SCRIVENS, BEN", "BRYZGALOV, ILYA"], "G": [0, 0, 0, 0, 0, 0, 0, 0, 0, 0, 0, 0, 0, 0, 0, 0, 0, 0, 0, 0, 0, "1", 0, "1", 0, "1", 0, 0, 0, 0, 0, 0, 0, 0, 0, 0, 0, 0, 0, 0], "A": [0, 0, 0, 0, 0, 0, 0, 0, 0, 0, 0, 0, 0, 0, 0, 0, 0, 0, 0, 0, 0, "2", 0, "1", "1", 0, 0, 0, 0, 0, 0, 0, 0, 0, 0, 0, "2", 0, 0, 0], "P": [0, 0, 0, 0, 0, 0, 0, 0, 0, 0, 0, 0, 0, 0, 0, 0, 0, 0, 0, 0, 0, "3", 0, "2", "1", "1", 0, 0, 0, 0, 0, 0, 0, 0, 0, 0, "2", 0, 0, 0], "+/-": ["-1", 0, 0, "-1", 0, "-2", 0, 0, 0, "-1", 0, "-1", "-2", "-1", 0, 0, "-1", 0, 0, 0, "+1", "+2", 0, "+2", "+1", "+1", 0, 0, 0, 0, 0, 0, 0, 0, "+1", 0, "+2", 0, 0, 0], "PN": [0, 0, 0, 0, 0, 0, "1", 0, "1", 0, 0, "1", 0, 0, 0, 0, 0, "1", 0, 0, 0, 0, 0, "1", 0, 0, 0, "1", 0, 0, 0, 0, 0, "1", "1", "1", 0, 0, 0, 0], "PIM": [0, 0, 0, 0, 0, 0, "5", 0, "2", 0, 0, "2", 0, 0, 0, 0, 0, "2", 0, 0, 0, 0, 0, "2", 0, 0, 0, "5", 0, 0, 0, 0, 0, "2", "2", "2", 0, 0, 0, 0], "TOT": ["20:15", "18:56", "23:28", "15:45", "15:13", "23:01", "04:31", "21:52", "22:26", "16:02", "13:02", "20:31", "19:07", "19:21", "08:04", "02:55", "11:52", "19:03", "59:47", 0, "20:42", "19:58", "07:02", "20:48", "20:23", "22:30", "04:53", "05:22", "16:01", "15:17", "18:46", "19:26", "11:20", "16:29", "19:17", "16:52", "21:46", "15:08", "60:00", 0], "SHF": ["25", "24", "30", "24", "23", "30", "9", "27", "24", "20", "18", "25", "27", "25", "12", "7", "18", "28", 0, 0, "26", "29", "12", "27", "29", "31", "8", "11", "27", "24", "24", "25", "16", "25", "26", "23", "30", "20", 0, 0], "AVG TOI/SH": ["00:48", "00:47", "00:46", "00:39", "00:39", "00:46", "00:30", "00:48", "00:56", "00:48", "00:43", "00:49", "00:42", "00:46", "00:40", "00:25", "00:39", "00:40", 0, 0, "00:47", "00:41", "00:35", "00:46", "00:42", "00:43", "00:36", "00:29", "00:35", "00:38", "00:46", "00:46", "00:42", "00:39", "00:44", "00:44", "00:43", "00:45", 0, 0], "PP": ["03:41", "00:16", "04:25", "01:32", "00:16", "04:12", "00:00", "04:12", "04:15", "00:00", "00:16", "01:29", "01:47", "00:02", "00:00", "00:16", "01:04", "02:17", "06:00", 0, "00:00", "01:43", "00:54", "01:47", "00:00", "02:03", "00:00", "00:00", "00:00", "00:00", "00:46", "01:02", "01:06", "00:49", "00:00", "01:11", "01:38", "01:06", "02:49", 0], "SH": ["01:06", "00:54", "01:07", "00:36", "00:42", "01:50", "00:00", "00:00", "00:00", "01:06", "00:28", "00:49", "00:31", "01:43", "00:00", "00:00", "00:24", "00:00", "02:49", 0, "04:00", "00:04", "00:00", "00:00", "02:00", "02:14", "00:00", "02:08", "02:45", "02:07", "00:11", "00:00", "00:00", "00:11", "03:24", "00:09", "02:19", "02:28", "06:00", 0], "EV": ["15:28", "17:46", "17:56", "13:37", "14:15", "16:59", "04:31", "17:40", "18:11", "14:56", "12:18", "18:13", "16:49", "17:36", "08:04", "02:39", "10:24", "16:46", "50:58", 0, "16:42", "18:11", "06:08", "19:01", "18:23", "18:13", "04:53", "03:14", "13:16", "13:10", "17:49", "18:24", "10:14", "15:29", "15:53", "15:32", "17:49", "11:34", "51:11", 0], "S": ["4", "5", 0, "4", "2", "5", "1", "3", "3", "2", "3", "2", "6", "2", "2", "3", "4", "8", 0, 0, 0, "5", 0, "5", 0, "2", 0, 0, "4", "1", "4", "1", 0, 0, 0, 0, "5", 0, 0, 0], "A/B": ["3", 0, "3", "1", "4", 0, 0, 0, 0, "1", 0, "2", "2", "2", 0, 0, "1", "3", 0, 0, "1", "1", 0, 0, "1", 0, 0, 0, 0, "1", "1", 0, 0, "1", "1", 0, 0, 0, 0, 0], "MS": [0, 0, "1", "1", "2", "3", "2", "1", "1", "1", 0, "3", 0, 0, "2", "1", "1", 0, 0, 0, 0, 0, "1", "1", 0, 0, 0, 0, 0, 0, 0, 0, "1", 0, "1", 0, 0, 0, 0, 0], "HT": [0, "1", "2", "1", "3", 0, "2", "2", "2", "1", 0, 0, "4", "1", 0, 0, 0, "2", 0, 0, "1", 0, 0, "1", "1", 0, "2", "1", 0, "2", "1", "1", 0, "2", 0, 0, "2", 0, 0, 0], "GV": ["3", 0, "1", 0, "1", 0, 0, "3", "1", 0, 0, "1", 0, "1", "1", 0, 0, 0, 0, 0, "4", "1", 0, 0, "1", "3", 0, "1", "1", "2", 0, "1", "1", 0, "2", "3", "1", "1", "1", 0], "TK": ["3", 0, 0, "2", "1", "2", 0, 0, "1", 0, 0, "1", "1", 0, 0, 0, 0, "1", 0, 0, 0, "1", "1", "2", 0, 0, 0, 0, "2", 0, "1", "1", 0, 0, "1", "1", "3", 0, 0, 0], "BS": [0, 0, "1", 0, 0, "1", 0, "1", 0, 0, 0, "1", "1", "1", 0, 0, 0, "1", 0, 0, "2", 0, 0, 0, "3", "2", 0, 0, "5", "5", "2", 0, "1", 0, 0, 0, 0, "2", 0, 0], "FW": [0, 0, "8", 0, "8", "9", 0, "7", 0, 0, "2", 0, "0", 0, 0, 0, "0", 0, 0, 0, 0, 0, 0, "1", 0, 0, "1", 0, "14", "1", 0, "1", 0, 0, 0, "6", "9", "3", 0, 0], "FL": [0, 0, "6", 0, "8", "13", 0, "5", 0, 0, "2", 0, "1", 0, 0, 0, "1", 0, 0, 0, 0, 0, 0, "0", 0, 0, "0", 0, "10", "0", 0, "1", 0, 0, 0, "12", "10", "1", 0, 0], "F%": [0, 0, "57", 0, "50", "41", 0, "58", 0, 0, "50", 0, "0", 0, 0, 0, "0", 0, 0, 0, 0, 0, 0, "100", 0, 0, "100", 0, "58", "100", 0, "50", 0, 0, 0, "33", "47", "75", 0, 0], "team": ["SAN JOSE SHARKS ", "SAN JOSE SHARKS ", "SAN JOSE SHARKS ", "SAN JOSE SHARKS ", "SAN JOSE SHARKS ", "SAN JOSE SHARKS ", "SAN JOSE SHARKS ", "SAN JOSE SHARKS ", "SAN JOSE SHARKS ", "SAN JOSE SHARKS ", "SAN JOSE SHARKS ", "SAN JOSE SHARKS ", "SAN JOSE SHARKS ", "SAN JOSE SHARKS ", "SAN JOSE SHARKS ", "SAN JOSE SHARKS ", "SAN JOSE SHARKS ", "SAN JOSE SHARKS ", "SAN JOSE SHARKS ", "SAN JOSE SHARKS ", "EDMONTON OILERS ", "EDMONTON OILERS ", "EDMONTON OILERS ", "EDMONTON OILERS ", "EDMONTON OILERS ", "EDMONTON OILERS ", "EDMONTON OILERS ", "EDMONTON OILERS ", "EDMONTON OILERS ", "EDMONTON OILERS ", "EDMONTON OILERS ", "EDMONTON OILERS ", "EDMONTON OILERS ", "EDMONTON OILERS ", "EDMONTON OILERS ", "EDMONTON OILERS ", "EDMONTON OILERS ", "EDMONTON OILERS ", "EDMONTON OILERS ", "EDMONTON OILERS "], "GA": [0, 0, 0, 0, 0, 0, 0, 0, 0, 0, 0, 0, 0, 0, 0, 0, 0, 0, "3", 0, 0, 0, 0, 0, 0, 0, 0, 0, 0, 0, 0, 0, 0, 0, 0, 0, 0, 0, "0", 0], "SA": [0, 0, 0, 0, 0, 0, 0, 0, 0, 0, 0, 0, 0, 0, 0, 0, 0, 0, "27", 0, 0, 0, 0, 0, 0, 0, 0, 0, 0, 0, 0, 0, 0, 0, 0, 0, 0, 0, "59", 0]}}