{"game_info": {"date": "2013-11-29", "visitor": "CHICAGO BLACKHAWKS ", "home": "DALLAS STARS ", "game_id": 391, "status": "final"}, "player_stats": {"number": ["2", "4", "7", "8", "10", "16", "17", "19", "20", "23", "26", "27", "28", "37", "52", "65", "81", "88", "31", "50", "3", "4", "6", "10", "12", "13", "14", "16", "17", "20", "21", "24", "33", "38", "43", "55", "72", "91", "30", "32"], "position": ["D", "D", "D", "D", "R", "C", "D", "C", "L", "R", "C", "D", "R", "C", "L", "C", "R", "R", "G", "G", "D", "D", "D", "C", "R", "L", "L", "C", "C", "C", "L", "D", "D", "L", "R", "D", "L", "C", "G", "G"], "name": ["KEITH, DUNCAN", "HJALMARSSON, NIKLAS", "SEABROOK, BRENT", "LEDDY, NICK", "SHARP, PATRICK", "KRUGER, MARCUS", "BROOKBANK, SHELDON", "TOEWS, JONATHAN", "SAAD, BRANDON", "VERSTEEG, KRIS", "HANDZUS, MICHAL", "ODUYA, JOHNNY", "SMITH, BEN", "PIRRI, BRANDON", "BOLLIG, BRANDON", "SHAW, ANDREW", "HOSSA, MARIAN", "KANE, PATRICK", "RAANTA, ANTTI", "CRAWFORD, COREY", "ROBIDAS, STEPHANE", "DILLON, BRENDEN", "DALEY, TREVOR", "HORCOFF, SHAWN", "CHIASSON, ALEX", "WHITNEY, RAY", "BENN, JAMIE", "GARBUTT, RYAN", "PEVERLEY, RICH", "EAKIN, CODY", "ROUSSEL, ANTOINE", "BENN, JORDIE", "GOLIGOSKI, ALEX", "FIDDLER, VERNON", "NICHUSHKIN, VALERI", "GONCHAR, SERGEI", "COLE, ERIK", "SEGUIN, TYLER", "ELLIS, DAN", "LEHTONEN, KARI"], "G": [0, 0, 0, 0, "1", 0, 0, 0, 0, 0, 0, 0, 0, 0, 0, 0, 0, 0, 0, 0, 0, 0, 0, 0, 0, 0, 0, 0, "1", 0, 0, 0, 0, 0, 0, 0, 0, 0, 0, 0], "A": ["1", 0, 0, 0, 0, 0, 0, 0, 0, 0, 0, 0, 0, 0, 0, 0, 0, 0, 0, 0, 0, 0, 0, "1", 0, 0, 0, 0, 0, 0, 0, 0, 0, 0, 0, 0, 0, 0, 0, 0], "P": ["1", 0, 0, 0, "1", 0, 0, 0, 0, 0, 0, 0, 0, 0, 0, 0, 0, 0, 0, 0, 0, 0, 0, "1", 0, 0, 0, 0, "1", 0, 0, 0, 0, 0, 0, 0, 0, 0, 0, 0], "+/-": ["+1", 0, "+1", "-1", 0, 0, "-1", 0, "+1", 0, 0, 0, 0, 0, 0, 0, "-1", 0, 0, 0, 0, 0, "-1", "+1", 0, 0, 0, "-1", "+1", 0, "-1", 0, 0, "-1", 0, "+1", "+1", 0, 0, 0], "PN": [0, "1", 0, 0, "1", 0, 0, 0, 0, 0, 0, 0, 0, 0, 0, 0, 0, 0, 0, 0, 0, 0, "1", 0, 0, 0, 0, 0, "1", 0, 0, 0, 0, 0, 0, 0, 0, 0, 0, 0], "PIM": [0, "2", 0, 0, "2", 0, 0, 0, 0, 0, 0, 0, 0, 0, 0, 0, 0, 0, 0, 0, 0, 0, "2", 0, 0, 0, 0, 0, "2", 0, 0, 0, 0, 0, 0, 0, 0, 0, 0, 0], "TOT": ["26:48", "24:23", "23:22", "15:43", "19:24", "14:46", "15:18", "19:55", "18:25", "16:19", "12:12", "23:28", "11:53", "09:52", "10:29", "15:07", "18:02", "20:34", 0, "65:00", "12:24", "28:02", "24:13", "14:31", "16:29", "14:54", "19:51", "13:58", "14:54", "15:55", "13:37", "20:26", "23:20", "13:25", "15:22", "21:42", "13:23", "19:34", 0, "65:00"], "SHF": ["37", "41", "34", "23", "28", "23", "23", "30", "26", "22", "20", "41", "17", "15", "16", "22", "28", "27", 0, 0, "15", "35", "30", "21", "22", "19", "24", "22", "22", "21", "23", "24", "35", "23", "20", "25", "20", "24", 0, 0], "AVG TOI/SH": ["00:43", "00:35", "00:41", "00:41", "00:41", "00:38", "00:39", "00:39", "00:42", "00:44", "00:36", "00:34", "00:41", "00:39", "00:39", "00:41", "00:38", "00:45", 0, 0, "00:49", "00:48", "00:48", "00:41", "00:44", "00:47", "00:49", "00:38", "00:40", "00:45", "00:35", "00:51", "00:40", "00:35", "00:46", "00:52", "00:40", "00:48", 0, 0], "PP": ["01:03", "00:05", "00:52", "00:57", "01:08", "00:00", "00:00", "01:08", "00:52", "00:52", "00:00", "00:00", "00:00", "00:00", "00:00", "01:03", "00:52", "01:08", 0, "02:00", "00:00", "00:00", "01:06", "00:00", "01:25", "01:25", "01:25", "00:04", "00:00", "00:31", "00:04", "00:34", "00:58", "00:04", "00:00", "01:22", "00:31", "00:31", 0, "02:00"], "SH": ["01:04", "00:00", "01:04", "00:00", "00:04", "00:54", "00:56", "00:35", "00:31", "00:00", "00:54", "00:56", "00:00", "00:00", "00:00", "00:31", "00:31", "00:00", 0, "02:00", "00:34", "00:19", "01:41", "00:00", "00:37", "00:00", "00:07", "00:00", "00:00", "00:37", "01:16", "00:07", "01:19", "01:16", "00:00", "00:00", "00:00", "00:07", 0, "02:00"], "EV": ["24:41", "24:18", "21:26", "14:46", "18:12", "13:52", "14:22", "18:12", "17:02", "15:27", "11:18", "22:32", "11:53", "09:52", "10:29", "13:33", "16:39", "19:26", 0, "61:00", "11:50", "27:43", "21:26", "14:31", "14:27", "13:29", "18:19", "13:54", "14:54", "14:47", "12:17", "19:45", "21:03", "12:05", "15:22", "20:20", "12:52", "18:56", 0, "61:00"], "S": ["1", "1", "3", "1", "4", 0, "2", "1", "1", "1", 0, "2", "2", 0, 0, 0, "2", "5", 0, 0, 0, "1", 0, 0, "1", "2", "7", "4", "3", 0, "2", 0, "1", "1", "2", "3", 0, "2", 0, 0], "A/B": ["3", "1", "2", "1", "1", "1", "4", "2", 0, 0, 0, "2", "1", "1", 0, "1", "4", "1", 0, 0, 0, 0, "1", "1", "1", "1", "1", "2", "1", "2", 0, "2", "1", 0, 0, 0, 0, 0, 0, 0], "MS": ["1", "1", "1", 0, 0, 0, "1", 0, 0, "1", 0, "1", 0, 0, 0, "1", "1", "1", 0, 0, 0, "1", "1", 0, "2", 0, 0, "2", "1", "2", "1", 0, "1", 0, "1", "1", 0, "1", 0, 0], "HT": [0, "1", "3", 0, "2", "1", "1", "1", 0, "1", 0, 0, 0, 0, "1", "1", 0, "1", 0, 0, "3", "4", 0, "1", 0, 0, "1", "2", 0, "1", "2", "4", 0, 0, "3", "3", "1", "2", 0, 0], "GV": ["2", "1", "2", 0, 0, "2", "2", "1", 0, 0, 0, 0, "1", "1", 0, 0, 0, "1", 0, 0, "2", "2", 0, "1", "1", "1", "3", 0, 0, 0, 0, "1", 0, "2", 0, 0, "1", "2", 0, "1"], "TK": ["1", 0, "3", "1", 0, 0, 0, 0, "1", 0, 0, 0, 0, "2", 0, "1", "2", "1", 0, 0, "1", "2", "2", "4", "1", 0, "1", "1", 0, "1", 0, 0, 0, "1", 0, 0, 0, "2", 0, 0], "BS": [0, "1", "5", 0, "1", "1", "1", "1", 0, 0, "1", 0, 0, 0, "1", "1", 0, 0, 0, 0, "1", "6", "4", 0, 0, 0, 0, "1", 0, "3", "1", "2", "3", 0, 0, "3", "1", 0, 0, 0], "FW": [0, 0, 0, 0, 0, "5", 0, "9", "0", "1", "5", 0, "2", "1", 0, "1", "1", 0, 0, 0, 0, 0, 0, "4", "1", 0, "7", 0, "2", "5", 0, 0, 0, "9", 0, 0, 0, "1", 0, 0], "FL": [0, 0, 0, 0, 0, "3", 0, "10", "1", "2", "3", 0, "5", "4", 0, "1", "0", 0, 0, 0, 0, 0, 0, "0", "1", 0, "4", 0, "2", "5", 0, 0, 0, "8", 0, 0, 0, "5", 0, 0], "F%": [0, 0, 0, 0, 0, "63", 0, "47", "0", "33", "63", 0, "29", "20", 0, "50", "100", 0, 0, 0, 0, 0, 0, "100", "50", 0, "64", 0, "50", "50", 0, 0, 0, "53", 0, 0, 0, "17", 0, 0], "team": ["CHICAGO BLACKHAWKS ", "CHICAGO BLACKHAWKS ", "CHICAGO BLACKHAWKS ", "CHICAGO BLACKHAWKS ", "CHICAGO BLACKHAWKS ", "CHICAGO BLACKHAWKS ", "CHICAGO BLACKHAWKS ", "CHICAGO BLACKHAWKS ", "CHICAGO BLACKHAWKS ", "CHICAGO BLACKHAWKS ", "CHICAGO BLACKHAWKS ", "CHICAGO BLACKHAWKS ", "CHICAGO BLACKHAWKS ", "CHICAGO BLACKHAWKS ", "CHICAGO BLACKHAWKS ", "CHICAGO BLACKHAWKS ", "CHICAGO BLACKHAWKS ", "CHICAGO BLACKHAWKS ", "CHICAGO BLACKHAWKS ", "CHICAGO BLACKHAWKS ", "DALLAS STARS ", "DALLAS STARS ", "DALLAS STARS ", "DALLAS STARS ", "DALLAS STARS ", "DALLAS STARS ", "DALLAS STARS ", "DALLAS STARS ", "DALLAS STARS ", "DALLAS STARS ", "DALLAS STARS ", "DALLAS STARS ", "DALLAS STARS ", "DALLAS STARS ", "DALLAS STARS ", "DALLAS STARS ", "DALLAS STARS ", "DALLAS STARS ", "DALLAS STARS ", "DALLAS STARS "], "GA": [0, 0, 0, 0, 0, 0, 0, 0, 0, 0, 0, 0, 0, 0, 0, 0, 0, 0, 0.0, "1", 0, 0, 0, 0, 0, 0, 0, 0, 0, 0, 0, 0, 0, 0, 0, 0, 0, 0, 0, "1"], "SA": [0, 0, 0, 0, 0, 0, 0, 0, 0, 0, 0, 0, 0, 0, 0, 0, 0, 0, 0.0, "29", 0, 0, 0, 0, 0, 0, 0, 0, 0, 0, 0, 0, 0, 0, 0, 0, 0, 0, 0, "26"]}}