{"game_info": {"date": "2013-11-20", "visitor": "NEW JERSEY DEVILS ", "home": "ANAHEIM DUCKS ", "game_id": 325, "status": "final"}, "player_stats": {"number": ["2", "5", "6", "7", "8", "10", "11", "12", "14", "17", "18", "19", "20", "21", "22", "25", "26", "68", "30", "35", "4", "5", "6", "7", "8", "10", "13", "15", "17", "21", "22", "23", "34", "39", "47", "55", "65", "77", "1", "30"], "position": ["D", "D", "D", "D", "C", "D", "R", "C", "C", "R", "R", "C", "C", "C", "D", "R", "L", "R", "G", "G", "D", "D", "D", "C", "R", "R", "C", "C", "R", "C", "C", "D", "C", "L", "D", "D", "R", "R", "G", "G"], "name": ["ZIDLICKY, MAREK", "LARSSON, ADAM", "GREENE, ANDY", "FAYNE, MARK", "ZUBRUS, DAINIUS", "HARROLD, PETER", "GIONTA, STEPHEN", "BRUNNER, DAMIEN", "HENRIQUE, ADAM", "RYDER, MICHAEL", "BERNIER, STEVE", "ZAJAC, TRAVIS", "CARTER, RYAN", "LOKTIONOV, ANDREI", "GELINAS, ERIC", "JANSSEN, CAM", "ELIAS, PATRIK", "JAGR, JAROMIR", "BRODEUR, MARTIN", "SCHNEIDER, CORY", "FOWLER, CAM", "SBISA, LUCA", "LOVEJOY, BEN", "COGLIANO, ANDREW", "SELANNE, TEEMU", "PERRY, COREY", "BONINO, NICK", "GETZLAF, RYAN", "PENNER, DUSTIN", "PALMIERI, KYLE", "PERREAULT, MATHIEU", "BEAUCHEMIN, FRANCOIS", "WINNIK, DANIEL", "BELESKEY, MATT", "LINDHOLM, HAMPUS", "ALLEN, BRYAN", "ETEM, EMERSON", "SMITH-PELLY, DEVANTE", "HILLER, JONAS", "FASTH, VIKTOR"], "G": ["1", 0, 0, 0, 0, 0, 0, 0, 0, 0, 0, "1", 0, 0, "1", 0, 0, "1", 0, 0, 0, 0, 0, 0, 0, 0, "1", "1", 0, 0, 0, 0, 0, "1", 0, 0, 0, 0, 0, 0], "A": [0, 0, 0, 0, "1", 0, 0, 0, "1", 0, 0, 0, 0, 0, "1", 0, "3", 0, 0, 0, "1", 0, 0, 0, 0, 0, "1", 0, "2", "1", 0, 0, 0, 0, "1", 0, 0, 0, 0, 0], "P": ["1", 0, 0, 0, "1", 0, 0, 0, "1", 0, 0, "1", 0, 0, "2", 0, "3", "1", 0, 0, "1", 0, 0, 0, 0, 0, "2", "1", "2", "1", 0, 0, 0, "1", "1", 0, 0, 0, 0, 0], "+/-": ["+2", "-1", "+1", 0, "+2", 0, "-1", 0, 0, 0, 0, "+2", "-1", 0, 0, "-1", "+1", "+1", 0, 0, 0, 0, "-1", 0, 0, "-1", 0, "-1", 0, "+1", 0, 0, 0, 0, "-1", 0, 0, "-1", 0, 0], "PN": ["1", "1", 0, 0, 0, "1", 0, 0, 0, 0, 0, 0, 0, 0, "1", "1", 0, 0, 0, 0, 0, 0, 0, 0, "1", "1", 0, 0, "1", 0, 0, 0, 0, 0, 0, 0, 0, 0, 0, 0], "PIM": ["2", "2", 0, 0, 0, "2", 0, 0, 0, 0, 0, 0, 0, 0, "2", "2", 0, 0, 0, 0, 0, 0, 0, 0, "4", "2", 0, 0, "2", 0, 0, 0, 0, 0, 0, 0, 0, 0, 0, 0], "TOT": ["21:08", "19:51", "25:00", "19:40", "20:02", "18:50", "10:13", "12:48", "19:00", "15:10", "15:52", "21:28", "08:51", "11:02", "17:01", "05:22", "19:37", "20:14", "61:27", 0, "24:31", "20:07", "21:20", "14:18", "12:12", "21:24", "16:02", "23:24", "19:08", "10:56", "12:15", "12:38", "17:39", "10:23", "20:33", "18:54", "12:26", "13:31", "61:58", 0], "SHF": ["28", "26", "31", "26", "25", "26", "16", "17", "28", "21", "21", "27", "15", "14", "25", "10", "26", "20", 0, 0, "32", "22", "27", "21", "15", "24", "19", "26", "21", "15", "15", "13", "23", "14", "24", "23", "17", "19", 0, 0], "AVG TOI/SH": ["00:45", "00:45", "00:48", "00:45", "00:48", "00:43", "00:38", "00:45", "00:40", "00:43", "00:45", "00:47", "00:35", "00:47", "00:40", "00:32", "00:45", "01:00", 0, 0, "00:45", "00:54", "00:47", "00:40", "00:48", "00:53", "00:50", "00:54", "00:54", "00:43", "00:49", "00:58", "00:46", "00:44", "00:51", "00:49", "00:43", "00:42", 0, 0], "PP": ["04:17", "00:00", "01:54", "00:00", "00:17", "00:00", "00:00", "02:56", "02:48", "03:12", "02:42", "03:09", "00:00", "00:57", "03:29", "00:00", "02:34", "02:40", "06:11", 0, "03:39", "01:01", "00:00", "00:13", "02:53", "04:29", "04:16", "04:29", "03:48", "01:24", "02:25", "00:48", "00:13", "00:00", "02:27", "00:00", "00:13", "02:12", "06:54", 0], "SH": ["01:03", "00:57", "05:38", "04:46", "02:17", "01:17", "02:18", "00:00", "02:46", "00:00", "00:00", "01:50", "01:37", "00:18", "00:00", "00:00", "02:22", "00:07", "06:54", 0, "02:40", "01:27", "01:19", "02:03", "00:00", "00:41", "01:02", "03:15", "00:10", "00:00", "00:00", "03:24", "04:14", "00:00", "00:16", "03:16", "00:00", "00:57", "06:11", 0], "EV": ["15:48", "18:54", "17:28", "14:54", "17:28", "17:33", "07:55", "09:52", "13:26", "11:58", "13:10", "16:29", "07:14", "09:47", "13:32", "05:22", "14:41", "17:27", "48:22", 0, "18:12", "17:39", "20:01", "12:02", "09:19", "16:14", "10:44", "15:40", "15:10", "09:32", "09:50", "08:26", "13:12", "10:23", "17:50", "15:38", "12:13", "10:22", "48:53", 0], "S": ["3", 0, "3", 0, "1", 0, "3", 0, 0, "2", "1", "2", 0, 0, "4", "1", "1", "4", 0, 0, 0, 0, 0, 0, 0, "4", "1", "4", 0, "1", "3", "1", "2", "1", "3", 0, "4", "1", 0, 0], "A/B": [0, 0, "2", "2", "1", 0, "2", 0, 0, 0, 0, "1", "2", 0, "2", 0, "1", "1", 0, 0, "1", 0, "3", 0, "1", "1", "1", "1", "1", 0, 0, 0, "2", 0, "1", "1", 0, "1", 0, 0], "MS": ["1", "2", "3", 0, "1", 0, 0, "1", 0, 0, "1", 0, 0, "2", 0, 0, 0, "2", 0, 0, 0, 0, 0, 0, "2", "1", "1", "2", 0, 0, 0, 0, 0, 0, "1", 0, 0, "1", 0, 0], "HT": ["1", "2", "1", "1", "2", "1", "1", "1", "2", "3", "1", 0, "1", 0, "4", "3", 0, 0, 0, 0, "1", "4", "4", "1", 0, "2", 0, "2", "1", "2", 0, "4", "1", "6", "1", "1", "1", "2", 0, 0], "GV": ["4", 0, 0, 0, 0, 0, 0, 0, "1", 0, 0, 0, "1", 0, "2", 0, 0, 0, "2", 0, 0, 0, 0, 0, "1", 0, 0, "1", 0, 0, "1", 0, "3", 0, "3", 0, 0, 0, 0, 0], "TK": ["1", 0, "1", "1", 0, 0, 0, 0, 0, 0, 0, 0, 0, 0, 0, 0, "1", 0, 0, 0, 0, 0, 0, 0, 0, 0, "1", "3", 0, 0, 0, 0, "2", 0, 0, 0, 0, 0, 0, 0], "BS": ["2", "1", "3", "1", 0, "5", 0, 0, "1", 0, 0, 0, 0, 0, 0, 0, "1", 0, 0, 0, "1", 0, "2", "1", 0, 0, 0, 0, "1", "3", "1", "1", 0, 0, "1", "2", "1", 0, 0, 0], "FW": [0, 0, 0, 0, "2", 0, "1", 0, "6", 0, "0", "10", 0, "2", 0, 0, "3", 0, 0, 0, 0, 0, 0, 0, 0, 0, "14", "12", "0", 0, "4", 0, "9", 0, 0, 0, 0, 0, 0, 0], "FL": [0, 0, 0, 0, "1", 0, "8", 0, "10", 0, "1", "13", 0, "3", 0, 0, "3", 0, 0, 0, 0, 0, 0, 0, 0, 0, "6", "7", "3", 0, "5", 0, "3", 0, 0, 0, 0, 0, 0, 0], "F%": [0, 0, 0, 0, "67", 0, "11", 0, "38", 0, "0", "43", 0, "40", 0, 0, "50", 0, 0, 0, 0, 0, 0, 0, 0, 0, "70", "63", "0", 0, "44", 0, "75", 0, 0, 0, 0, 0, 0, 0], "team": ["NEW JERSEY DEVILS ", "NEW JERSEY DEVILS ", "NEW JERSEY DEVILS ", "NEW JERSEY DEVILS ", "NEW JERSEY DEVILS ", "NEW JERSEY DEVILS ", "NEW JERSEY DEVILS ", "NEW JERSEY DEVILS ", "NEW JERSEY DEVILS ", "NEW JERSEY DEVILS ", "NEW JERSEY DEVILS ", "NEW JERSEY DEVILS ", "NEW JERSEY DEVILS ", "NEW JERSEY DEVILS ", "NEW JERSEY DEVILS ", "NEW JERSEY DEVILS ", "NEW JERSEY DEVILS ", "NEW JERSEY DEVILS ", "NEW JERSEY DEVILS ", "NEW JERSEY DEVILS ", "ANAHEIM DUCKS ", "ANAHEIM DUCKS ", "ANAHEIM DUCKS ", "ANAHEIM DUCKS ", "ANAHEIM DUCKS ", "ANAHEIM DUCKS ", "ANAHEIM DUCKS ", "ANAHEIM DUCKS ", "ANAHEIM DUCKS ", "ANAHEIM DUCKS ", "ANAHEIM DUCKS ", "ANAHEIM DUCKS ", "ANAHEIM DUCKS ", "ANAHEIM DUCKS ", "ANAHEIM DUCKS ", "ANAHEIM DUCKS ", "ANAHEIM DUCKS ", "ANAHEIM DUCKS ", "ANAHEIM DUCKS ", "ANAHEIM DUCKS "], "GA": [0, 0, 0, 0, 0, 0, 0, 0, 0, 0, 0, 0, 0, 0, 0, 0, 0, 0, "3", 0, 0, 0, 0, 0, 0, 0, 0, 0, 0, 0, 0, 0, 0, 0, 0, 0, 0, 0, "4", 0], "SA": [0, 0, 0, 0, 0, 0, 0, 0, 0, 0, 0, 0, 0, 0, 0, 0, 0, 0, "25", 0, 0, 0, 0, 0, 0, 0, 0, 0, 0, 0, 0, 0, 0, 0, 0, 0, 0, 0, "25", 0]}}