{"game_info": {"date": "2013-11-30", "visitor": "BUFFALO SABRES ", "home": "NEW JERSEY DEVILS ", "game_id": 396, "status": "final"}, "player_stats": {"number": ["3", "6", "9", "10", "19", "20", "21", "23", "26", "27", "28", "32", "52", "57", "63", "65", "72", "82", "1", "30", "2", "6", "7", "8", "12", "14", "16", "17", "18", "19", "20", "21", "22", "25", "26", "28", "34", "68", "30", "35"], "position": ["D", "D", "C", "D", "C", "D", "R", "L", "L", "R", "C", "L", "D", "D", "C", "C", "C", "L", "G", "G", "D", "D", "D", "C", "C", "C", "C", "R", "R", "C", "C", "C", "D", "R", "L", "D", "D", "R", "G", "G"], "name": ["PYSYK, MARK", "WEBER, MIKE", "OTT, STEVE", "EHRHOFF, CHRISTIAN", "HODGSON, CODY", "TALLINDER, HENRIK", "STAFFORD, DREW", "LEINO, VILLE", "MOULSON, MATT", "D'AGOSTINI, MATT", "GIRGENSONS, ZEMGUS", "SCOTT, JOHN", "SULZER, ALEXANDER", "MYERS, TYLER", "ENNIS, TYLER", "FLYNN, BRIAN", "ADAM, LUKE", "FOLIGNO, MARCUS", "ENROTH, JHONAS", "MILLER, RYAN", "ZIDLICKY, MAREK", "GREENE, ANDY", "FAYNE, MARK", "ZUBRUS, DAINIUS", "BRUNNER, DAMIEN", "HENRIQUE, ADAM", "JOSEFSON, JACOB", "RYDER, MICHAEL", "BERNIER, STEVE", "ZAJAC, TRAVIS", "CARTER, RYAN", "LOKTIONOV, ANDREI", "GELINAS, ERIC", "JANSSEN, CAM", "ELIAS, PATRIK", "VOLCHENKOV, ANTON", "MERRILL, JON", "JAGR, JAROMIR", "BRODEUR, MARTIN", "SCHNEIDER, CORY"], "G": [0, 0, 0, 0, 0, 0, 0, 0, 0, 0, 0, 0, 0, 0, 0, 0, 0, 0, 0, 0, 0, 0, 0, 0, 0, 0, 0, 0, "1", 0, 0, 0, 0, 0, 0, 0, 0, 0, 0, 0], "A": [0, 0, 0, 0, 0, 0, 0, 0, 0, 0, 0, 0, 0, 0, 0, 0, 0, 0, 0, 0, 0, "1", 0, 0, 0, "1", 0, 0, 0, 0, 0, 0, 0, 0, 0, 0, 0, 0, 0, 0], "P": [0, 0, 0, 0, 0, 0, 0, 0, 0, 0, 0, 0, 0, 0, 0, 0, 0, 0, 0, 0, 0, "1", 0, 0, 0, "1", 0, 0, "1", 0, 0, 0, 0, 0, 0, 0, 0, 0, 0, 0], "+/-": ["-1", "-1", "-1", 0, 0, 0, 0, 0, "-1", 0, 0, 0, 0, 0, 0, 0, 0, 0, 0, 0, 0, "+1", "+1", 0, 0, "+1", 0, 0, "+1", 0, 0, 0, 0, 0, 0, 0, 0, 0, 0, 0], "PN": [0, 0, "1", "1", 0, 0, 0, 0, 0, 0, 0, 0, 0, 0, 0, "1", 0, "1", 0, 0, "1", 0, "1", 0, 0, "1", 0, 0, 0, 0, "1", "1", 0, 0, 0, 0, 0, 0, 0, 0], "PIM": [0, 0, "2", "2", 0, 0, 0, 0, 0, 0, 0, 0, 0, 0, 0, "2", 0, "5", 0, 0, "2", 0, "2", 0, 0, "2", 0, 0, 0, 0, "5", "2", 0, 0, 0, 0, 0, 0, 0, 0], "TOT": ["19:51", "16:04", "20:21", "25:20", "18:37", "21:10", "19:39", "21:05", "18:09", "19:38", "13:52", "06:12", "19:54", "22:56", "17:42", "08:39", "12:45", "11:31", "64:10", 0, "20:31", "26:26", "17:58", "23:45", "11:00", "21:10", "10:50", "17:04", "13:55", "23:18", "00:12", "14:41", "19:57", "03:27", "22:16", "19:45", "21:48", "23:34", 0, "63:58"], "SHF": ["22", "21", "27", "28", "22", "29", "23", "22", "21", "23", "15", "8", "25", "30", "18", "12", "15", "14", 0, 0, "28", "28", "25", "28", "12", "27", "16", "20", "18", "28", "1", "21", "23", "7", "29", "23", "25", "28", 0, 0], "AVG TOI/SH": ["00:54", "00:45", "00:45", "00:54", "00:50", "00:43", "00:51", "00:57", "00:51", "00:51", "00:55", "00:46", "00:47", "00:45", "00:59", "00:43", "00:51", "00:49", 0, 0, "00:43", "00:56", "00:43", "00:50", "00:55", "00:47", "00:40", "00:51", "00:46", "00:49", "00:12", "00:41", "00:52", "00:29", "00:46", "00:51", "00:52", "00:50", 0, 0], "PP": ["02:01", "00:00", "02:26", "03:59", "03:34", "00:00", "03:34", "02:26", "03:34", "02:07", "00:00", "00:00", "00:00", "02:26", "03:53", "00:00", "00:00", "00:00", "06:00", 0, "02:00", "02:00", "00:00", "01:13", "02:00", "01:13", "00:00", "02:00", "00:47", "02:00", "00:00", "00:00", "00:58", "00:00", "02:47", "00:00", "00:15", "02:47", 0, "04:00"], "SH": ["01:34", "01:34", "02:07", "00:38", "00:42", "01:48", "01:18", "00:00", "00:00", "00:00", "01:11", "00:00", "00:38", "01:48", "00:00", "00:49", "00:00", "01:53", "04:00", 0, "00:04", "05:18", "00:38", "02:45", "00:00", "02:13", "01:54", "00:00", "00:00", "00:47", "00:00", "01:09", "00:00", "00:00", "03:08", "04:45", "01:15", "00:04", 0, "06:00"], "EV": ["16:16", "14:30", "15:48", "20:43", "14:21", "19:22", "14:47", "18:39", "14:35", "17:31", "12:41", "06:12", "19:16", "18:42", "13:49", "07:50", "12:45", "09:38", "54:10", 0, "18:27", "19:08", "17:20", "19:47", "09:00", "17:44", "08:56", "15:04", "13:08", "20:31", "00:12", "13:32", "18:59", "03:27", "16:21", "15:00", "20:18", "20:43", 0, "53:58"], "S": [0, "1", "1", "1", "1", 0, "1", 0, "3", "1", "2", 0, "1", "1", "2", 0, 0, 0, 0, 0, "2", "3", "1", 0, "1", "1", "1", 0, "3", "4", 0, "1", "2", 0, "2", "3", 0, 0, 0, 0], "A/B": ["1", 0, 0, 0, "2", 0, 0, 0, 0, "1", 0, 0, "1", "1", 0, 0, "2", 0, 0, 0, "2", "2", 0, 0, 0, 0, 0, "2", "1", "1", 0, 0, "3", 0, 0, "2", "1", 0, 0, 0], "MS": [0, 0, "1", 0, 0, 0, "2", "1", "4", "1", "1", 0, "1", 0, 0, 0, 0, "1", 0, 0, 0, "1", 0, 0, 0, "3", 0, "1", "1", 0, 0, "1", "1", 0, "1", "1", "2", "2", 0, 0], "HT": ["1", "4", "2", "1", "1", "1", 0, 0, "2", 0, "1", "1", 0, 0, "1", 0, 0, "1", 0, 0, "1", 0, 0, 0, 0, "1", 0, "2", "2", "1", 0, 0, "1", "2", "1", "3", 0, 0, 0, 0], "GV": ["1", 0, 0, 0, 0, "1", 0, 0, 0, 0, 0, 0, "1", 0, 0, 0, 0, 0, "1", 0, "1", 0, 0, 0, 0, "1", 0, "1", 0, "1", 0, 0, 0, 0, 0, 0, 0, "1", 0, "1"], "TK": [0, 0, 0, "1", 0, 0, "1", "2", 0, "1", 0, 0, 0, 0, "1", "1", 0, 0, 0, 0, 0, 0, 0, 0, 0, "1", 0, 0, 0, 0, 0, 0, 0, 0, "1", 0, 0, "1", 0, 0], "BS": ["1", "2", 0, "2", 0, "1", 0, "1", 0, "2", "1", "1", "1", "1", 0, 0, 0, "1", 0, 0, "1", 0, "2", "1", 0, "1", 0, 0, 0, 0, 0, "1", "1", 0, "1", 0, 0, 0, 0, 0], "FW": [0, 0, "12", 0, "7", 0, 0, "2", 0, 0, 0, 0, 0, 0, "4", "1", "1", "0", 0, 0, 0, 0, 0, "1", 0, "1", "0", 0, 0, "11", 0, "1", 0, 0, "6", 0, 0, 0, 0, 0], "FL": [0, 0, "6", 0, "7", 0, 0, "2", 0, 0, 0, 0, 0, 0, "2", "0", "2", "1", 0, 0, 0, 0, 0, "2", 0, "2", "5", 0, 0, "8", 0, "3", 0, 0, "7", 0, 0, 0, 0, 0], "F%": [0, 0, "67", 0, "50", 0, 0, "50", 0, 0, 0, 0, 0, 0, "67", "100", "33", "0", 0, 0, 0, 0, 0, "33", 0, "33", "0", 0, 0, "58", 0, "25", 0, 0, "46", 0, 0, 0, 0, 0], "team": ["BUFFALO SABRES ", "BUFFALO SABRES ", "BUFFALO SABRES ", "BUFFALO SABRES ", "BUFFALO SABRES ", "BUFFALO SABRES ", "BUFFALO SABRES ", "BUFFALO SABRES ", "BUFFALO SABRES ", "BUFFALO SABRES ", "BUFFALO SABRES ", "BUFFALO SABRES ", "BUFFALO SABRES ", "BUFFALO SABRES ", "BUFFALO SABRES ", "BUFFALO SABRES ", "BUFFALO SABRES ", "BUFFALO SABRES ", "BUFFALO SABRES ", "BUFFALO SABRES ", "NEW JERSEY DEVILS ", "NEW JERSEY DEVILS ", "NEW JERSEY DEVILS ", "NEW JERSEY DEVILS ", "NEW JERSEY DEVILS ", "NEW JERSEY DEVILS ", "NEW JERSEY DEVILS ", "NEW JERSEY DEVILS ", "NEW JERSEY DEVILS ", "NEW JERSEY DEVILS ", "NEW JERSEY DEVILS ", "NEW JERSEY DEVILS ", "NEW JERSEY DEVILS ", "NEW JERSEY DEVILS ", "NEW JERSEY DEVILS ", "NEW JERSEY DEVILS ", "NEW JERSEY DEVILS ", "NEW JERSEY DEVILS ", "NEW JERSEY DEVILS ", "NEW JERSEY DEVILS "], "GA": [0, 0, 0, 0, 0, 0, 0, 0, 0, 0, 0, 0, 0, 0, 0, 0, 0, 0, "1", 0, 0, 0, 0, 0, 0, 0, 0, 0, 0, 0, 0, 0, 0, 0, 0, 0, 0, 0, 0, "0"], "SA": [0, 0, 0, 0, 0, 0, 0, 0, 0, 0, 0, 0, 0, 0, 0, 0, 0, 0, "24", 0, 0, 0, 0, 0, 0, 0, 0, 0, 0, 0, 0, 0, 0, 0, 0, 0, 0, 0, 0, "15"]}}