{"game_info": {"date": "2014-02-27", "visitor": "TAMPA BAY LIGHTNING ", "home": "NASHVILLE PREDATORS ", "game_id": 893, "status": "final"}, "player_stats": {"number": ["2", "6", "7", "8", "9", "11", "12", "16", "17", "18", "19", "23", "25", "26", "44", "65", "77", "86", "30", "37", 0, "3", "4", "5", "6", "7", "11", "12", "15", "16", "21", "24", "25", "27", "28", "33", "42", "57", "59", "30", "40"], "position": ["D", "D", "D", "D", "C", "C", "L", "R", "C", "L", "R", "R", "D", "R", "C", "C", "D", "R", "G", "G", 0, "D", "D", "D", "D", "C", "C", "C", "C", "L", "C", "L", "L", "R", "C", "C", "D", "L", "D", "G", "G"], "name": ["BREWER, ERIC", "SALO, SAMI", "GUDAS, RADKO", "BARBERIO, MARK", "JOHNSON, TYLER", "PYATT, TOM", "MALONE, RYAN", "PURCELL, TEDDY", "KILLORN, ALEX", "PALAT, ONDREJ", "CROMBEEN, B.J.", "BROWN, J.T.", "CARLE, MATTHEW", "ST. LOUIS, MARTIN", "THOMPSON, NATE", "NAMESTNIKOV, VLADISLAV", "HEDMAN, VICTOR", "KUCHEROV, NIKITA", "BISHOP, BEN", "GUDLEVSKIS, KRISTERS", "TEAM PENALTY", "JONES, SETH", "ELLIS, RYAN", "DEL ZOTTO, MICHAEL", "WEBER, SHEA", "CULLEN, MATT", "LEGWAND, DAVID", "FISHER, MIKE", "SMITH, CRAIG", "CLUNE, RICH", "MOSER, SIMON", "NYSTROM, ERIC", "STALBERG, VIKTOR", "HORNQVIST, PATRIC", "GAUSTAD, PAUL", "WILSON, COLIN", "EKHOLM, MATTIAS", "BOURQUE, GABRIEL", "JOSI, ROMAN", "HUTTON, CARTER", "DUBNYK, DEVAN"], "G": [0, 0, 0, 0, 0, 0, 0, 0, 0, 0, 0, 0, 0, "2", 0, 0, 0, 0, 0, 0, 0, 0, 0, 0, 0, "1", 0, 0, 0, 0, 0, 0, 0, "1", 0, 0, 0, 0, "1", 0, 0], "A": [0, 0, 0, 0, 0, 0, 0, "1", 0, "1", 0, 0, 0, 0, 0, 0, 0, "1", 0, 0, 0, 0, "1", 0, "2", 0, 0, "1", "1", 0, 0, 0, 0, 0, 0, 0, 0, 0, 0, 0, 0], "P": [0, 0, 0, 0, 0, 0, 0, "1", 0, "1", 0, 0, 0, "2", 0, 0, 0, "1", 0, 0, 0, 0, "1", 0, "2", "1", 0, "1", "1", 0, 0, 0, 0, "1", 0, 0, 0, 0, "1", 0, 0], "+/-": [0, 0, "+1", 0, "+1", 0, 0, 0, 0, "+1", 0, 0, "+1", "+1", 0, 0, 0, 0, 0, 0, 0, "-1", 0, 0, "-1", 0, "-1", 0, "-1", 0, 0, 0, 0, 0, 0, 0, 0, "-1", 0, 0, 0], "PN": ["1", 0, 0, 0, 0, 0, "1", 0, 0, 0, "1", "1", 0, 0, 0, "1", 0, 0, 0, 0, "1", 0, "1", 0, 0, 0, 0, 0, "1", "1", 0, 0, "1", 0, "1", 0, 0, 0, 0, 0, 0], "PIM": ["2", 0, 0, 0, 0, 0, "2", 0, 0, 0, "5", "2", 0, 0, 0, "2", 0, 0, 0, 0, "2", 0, "2", 0, 0, 0, 0, 0, "2", "5", 0, 0, "2", 0, "2", 0, 0, 0, 0, 0, 0], "TOT": ["18:05", "14:54", "22:04", "16:50", "21:53", "16:17", "13:44", "16:33", "13:54", "18:52", "12:04", "08:49", "24:58", "19:44", "14:55", "08:10", "20:05", "11:22", "58:44", 0, 0, "14:59", "19:14", "17:33", "28:18", "15:49", "18:55", "22:16", "17:10", "06:06", "08:22", "15:42", "13:00", "16:17", "11:17", "14:32", "12:47", "14:04", "27:09", "60:00", 0], "SHF": ["21", "24", "23", "17", "28", "19", "18", "17", "18", "24", "15", "14", "25", "25", "20", "14", "25", "16", 0, 0, 0, "19", "23", "21", "27", "21", "24", "25", "23", "11", "12", "22", "18", "20", "20", "19", "16", "22", "27", 0, 0], "AVG TOI/SH": ["00:51", "00:37", "00:57", "00:59", "00:46", "00:51", "00:45", "00:58", "00:46", "00:47", "00:48", "00:37", "00:59", "00:47", "00:44", "00:35", "00:48", "00:42", 0, 0, 0, "00:47", "00:50", "00:50", "01:02", "00:45", "00:47", "00:53", "00:44", "00:33", "00:41", "00:42", "00:43", "00:48", "00:33", "00:45", "00:47", "00:38", "01:00", 0, 0], "PP": ["00:00", "01:00", "00:00", "00:00", "03:20", "00:00", "01:00", "03:20", "01:00", "01:00", "00:00", "00:00", "01:00", "03:20", "00:00", "00:00", "03:20", "03:20", "04:20", 0, 0, "01:08", "00:56", "00:00", "04:57", "01:08", "04:45", "04:45", "01:08", "00:00", "00:00", "00:00", "00:00", "04:39", "00:06", "01:08", "00:00", "00:00", "04:45", "05:53", 0], "SH": ["02:04", "01:38", "03:06", "00:00", "01:54", "03:00", "00:00", "00:00", "00:00", "01:54", "00:00", "00:21", "03:49", "01:09", "03:28", "00:00", "01:09", "00:00", "05:53", 0, 0, "01:21", "00:00", "00:00", "02:59", "00:00", "00:03", "02:23", "00:00", "00:00", "00:33", "03:22", "00:00", "00:00", "01:34", "00:00", "01:21", "00:45", "02:59", "04:20", 0], "EV": ["16:01", "12:16", "18:58", "16:50", "16:39", "13:17", "12:44", "13:13", "12:54", "15:58", "12:04", "08:28", "20:09", "15:15", "11:27", "08:10", "15:36", "08:02", "48:31", 0, 0, "12:30", "18:18", "17:33", "20:22", "14:41", "14:07", "15:08", "16:02", "06:06", "07:49", "12:20", "13:00", "11:38", "09:37", "13:24", "11:26", "13:19", "19:25", "49:47", 0], "S": ["1", 0, "1", 0, "2", 0, "1", "2", 0, 0, "3", 0, 0, "2", "1", 0, "2", "1", 0, 0, 0, "1", "1", "1", "3", "1", 0, "1", "5", 0, "1", "2", 0, "4", 0, "1", "1", "3", "4", 0, 0], "A/B": [0, "2", 0, 0, "1", 0, "2", 0, 0, "1", 0, "1", "1", "1", 0, 0, "3", 0, 0, 0, 0, "1", 0, "1", "3", "2", "1", 0, "3", 0, 0, 0, 0, "1", 0, "1", "1", 0, "1", 0, 0], "MS": ["2", 0, 0, 0, 0, 0, 0, 0, 0, "1", "1", 0, "1", 0, "1", 0, 0, "2", 0, 0, 0, 0, "2", 0, "2", 0, 0, "2", "1", 0, 0, 0, 0, "3", 0, "1", 0, 0, 0, 0, 0], "HT": ["1", "1", "4", 0, 0, 0, "1", 0, "3", 0, "2", "1", 0, 0, "2", 0, "2", 0, 0, 0, 0, 0, "1", "1", "3", 0, "1", "1", 0, 0, "1", "3", 0, 0, "3", "3", "1", "1", 0, 0, 0], "GV": [0, 0, 0, "2", 0, 0, "1", "1", 0, "2", 0, 0, "1", 0, 0, 0, "1", 0, "1", 0, 0, 0, 0, "1", "2", 0, "1", 0, 0, 0, 0, 0, 0, "2", "1", 0, "1", 0, 0, 0, 0], "TK": [0, "1", 0, 0, 0, 0, "1", 0, "1", "1", 0, "2", 0, 0, 0, 0, 0, 0, 0, 0, 0, "1", 0, "1", "2", "2", 0, 0, 0, 0, 0, 0, 0, 0, 0, 0, "2", 0, "1", 0, 0], "BS": ["1", 0, "2", "3", "1", "1", 0, 0, 0, "1", 0, "1", "2", 0, "2", 0, "1", 0, 0, 0, 0, "1", "1", "2", "1", "1", 0, "3", 0, 0, 0, "2", 0, 0, 0, 0, 0, 0, "1", 0, 0], "FW": [0, 0, 0, 0, "8", "9", 0, 0, 0, 0, 0, 0, 0, "0", "4", "1", 0, "1", 0, 0, 0, 0, 0, 0, 0, "1", "9", "6", 0, 0, 0, 0, 0, 0, "10", "6", 0, 0, 0, 0, 0], "FL": [0, 0, 0, 0, "12", "3", 0, 0, 0, 0, 0, 0, 0, "3", "10", "4", 0, "0", 0, 0, 0, 0, 0, 0, 0, "2", "4", "5", 0, 0, 0, 0, 0, 0, "7", "5", 0, 0, 0, 0, 0], "F%": [0, 0, 0, 0, "40", "75", 0, 0, 0, 0, 0, 0, 0, "0", "29", "20", 0, "100", 0, 0, 0, 0, 0, 0, 0, "33", "69", "55", 0, 0, 0, 0, 0, 0, "59", "55", 0, 0, 0, 0, 0], "team": ["TAMPA BAY LIGHTNING ", "TAMPA BAY LIGHTNING ", "TAMPA BAY LIGHTNING ", "TAMPA BAY LIGHTNING ", "TAMPA BAY LIGHTNING ", "TAMPA BAY LIGHTNING ", "TAMPA BAY LIGHTNING ", "TAMPA BAY LIGHTNING ", "TAMPA BAY LIGHTNING ", "TAMPA BAY LIGHTNING ", "TAMPA BAY LIGHTNING ", "TAMPA BAY LIGHTNING ", "TAMPA BAY LIGHTNING ", "TAMPA BAY LIGHTNING ", "TAMPA BAY LIGHTNING ", "TAMPA BAY LIGHTNING ", "TAMPA BAY LIGHTNING ", "TAMPA BAY LIGHTNING ", "TAMPA BAY LIGHTNING ", "TAMPA BAY LIGHTNING ", "TAMPA BAY LIGHTNING ", "NASHVILLE PREDATORS ", "NASHVILLE PREDATORS ", "NASHVILLE PREDATORS ", "NASHVILLE PREDATORS ", "NASHVILLE PREDATORS ", "NASHVILLE PREDATORS ", "NASHVILLE PREDATORS ", "NASHVILLE PREDATORS ", "NASHVILLE PREDATORS ", "NASHVILLE PREDATORS ", "NASHVILLE PREDATORS ", "NASHVILLE PREDATORS ", "NASHVILLE PREDATORS ", "NASHVILLE PREDATORS ", "NASHVILLE PREDATORS ", "NASHVILLE PREDATORS ", "NASHVILLE PREDATORS ", "NASHVILLE PREDATORS ", "NASHVILLE PREDATORS ", "NASHVILLE PREDATORS "], "GA": [0, 0, 0, 0, 0, 0, 0, 0, 0, 0, 0, 0, 0, 0, 0, 0, 0, 0, "3", 0, 0, 0, 0, 0, 0, 0, 0, 0, 0, 0, 0, 0, 0, 0, 0, 0, 0, 0, 0, "2", 0], "SA": [0, 0, 0, 0, 0, 0, 0, 0, 0, 0, 0, 0, 0, 0, 0, 0, 0, 0, "29", 0, 0, 0, 0, 0, 0, 0, 0, 0, 0, 0, 0, 0, 0, 0, 0, 0, 0, 0, 0, "16", 0]}}