{"game_info": {"date": "2013-10-03", "visitor": "LOS ANGELES KINGS ", "home": "MINNESOTA WILD ", "game_id": 11, "status": "final"}, "player_stats": {"number": ["2", "6", "8", "10", "11", "13", "14", "21", "22", "23", "24", "26", "28", "33", "44", "71", "74", "77", "32", "54", "2", "3", "4", "6", "9", "11", "14", "15", "17", "20", "21", "22", "24", "25", "28", "29", "46", "64", "32", "37"], "position": ["D", "D", "D", "C", "C", "L", "R", "R", "C", "L", "C", "D", "C", "D", "D", "C", "L", "C", "G", "G", "D", "C", "D", "D", "C", "L", "R", "L", "C", "D", "C", "R", "L", "D", "C", "R", "D", "C", "G", "G"], "name": ["GREENE, MATT", "MUZZIN, JAKE", "DOUGHTY, DREW", "RICHARDS, MIKE", "KOPITAR, ANZE", "CLIFFORD, KYLE", "WILLIAMS, JUSTIN", "FRATTIN, MATT", "LEWIS, TREVOR", "BROWN, DUSTIN", "FRASER, COLIN", "VOYNOV, SLAVA", "STOLL, JARRET", "MITCHELL, WILLIE", "REGEHR, ROBYN", "NOLAN, JORDAN", "KING, DWIGHT", "CARTER, JEFF", "QUICK, JONATHAN", "SCRIVENS, BEN", "BALLARD, KEITH", "COYLE, CHARLIE", "STONER, CLAYTON", "SCANDELLA, MARCO", "KOIVU, MIKKO", "PARISE, ZACH", "FONTAINE, JUSTIN", "HEATLEY, DANY", "MITCHELL, TORREY", "SUTER, RYAN", "BRODZIAK, KYLE", "NIEDERREITER, NINO", "COOKE, MATT", "BRODIN, JONAS", "KONOPKA, ZENON", "POMINVILLE, JASON", "SPURGEON, JARED", "GRANLUND, MIKAEL", "BACKSTROM, NIKLAS", "HARDING, JOSH"], "G": [0, 0, "1", 0, 0, 0, 0, 0, 0, 0, 0, 0, 0, 0, 0, 0, 0, "1", 0, 0, 0, 0, 0, 0, 0, 0, 0, 0, 0, 0, 0, 0, "1", "1", 0, 0, 0, 0, 0, 0], "A": [0, 0, 0, 0, "1", 0, 0, "1", 0, 0, 0, "1", 0, 0, "1", 0, 0, 0, 0, 0, 0, 0, 0, 0, 0, 0, 0, 0, 0, 0, "1", "1", 0, 0, 0, 0, 0, "2", 0, 0], "P": [0, 0, "1", 0, "1", 0, 0, "1", 0, 0, 0, "1", 0, 0, "1", 0, 0, "1", 0, 0, 0, 0, 0, 0, 0, 0, 0, 0, 0, 0, "1", "1", "1", "1", 0, 0, 0, "2", 0, 0], "+/-": ["-1", "-1", 0, 0, 0, 0, 0, 0, 0, 0, 0, "+1", 0, 0, "+1", 0, 0, 0, 0, 0, 0, "-1", 0, "+1", 0, 0, 0, "-1", 0, "-1", "+1", "-1", "+1", "-1", 0, 0, "+1", "+1", 0, 0], "PN": ["1", 0, 0, 0, 0, "3", 0, 0, 0, 0, "2", 0, 0, "1", 0, 0, 0, 0, 0, 0, "1", "1", 0, 0, 0, 0, 0, 0, 0, 0, 0, "1", 0, 0, "2", 0, 0, 0, 0, 0], "PIM": ["2", 0, 0, 0, 0, "9", 0, 0, 0, 0, "7", 0, 0, "2", 0, 0, 0, 0, 0, 0, "5", "2", 0, 0, 0, 0, 0, 0, 0, 0, 0, "2", 0, 0, "7", 0, 0, 0, 0, 0], "TOT": ["15:59", "18:04", "27:51", "18:11", "22:55", "08:21", "18:43", "14:32", "14:54", "16:11", "08:20", "21:50", "18:53", "24:28", "20:03", "08:04", "13:40", "19:35", "65:00", 0, "14:07", "16:59", "15:37", "16:05", "21:51", "23:41", "06:42", "16:30", "10:40", "30:16", "17:46", "15:33", "14:50", "26:49", "05:45", "25:16", "21:08", "14:54", "65:00", 0], "SHF": ["21", "24", "34", "29", "29", "12", "28", "20", "22", "23", "11", "29", "24", "31", "30", "12", "18", "28", 0, 0, "21", "23", "22", "26", "30", "29", "13", "20", "19", "32", "24", "21", "20", "31", "12", "28", "29", "18", 0, 0], "AVG TOI/SH": ["00:45", "00:45", "00:49", "00:37", "00:47", "00:41", "00:40", "00:43", "00:40", "00:42", "00:45", "00:45", "00:47", "00:47", "00:40", "00:40", "00:45", "00:41", 0, 0, "00:40", "00:44", "00:42", "00:37", "00:43", "00:49", "00:30", "00:49", "00:33", "00:56", "00:44", "00:44", "00:44", "00:51", "00:28", "00:54", "00:43", "00:49", 0, 0], "PP": ["00:16", "03:10", "02:21", "02:42", "02:49", "00:00", "02:06", "02:42", "00:59", "02:25", "00:00", "02:46", "02:29", "00:00", "00:00", "00:00", "00:24", "02:26", "05:31", 0, "00:00", "04:03", "00:00", "00:00", "05:05", "05:23", "00:00", "05:23", "00:00", "05:33", "00:00", "04:03", "00:00", "03:28", "00:00", "05:58", "03:53", "04:21", "09:26", 0], "SH": ["03:20", "00:41", "05:06", "03:11", "03:44", "00:00", "01:37", "00:00", "02:43", "01:30", "00:04", "01:00", "03:02", "04:27", "04:18", "00:00", "00:00", "03:01", "09:26", 0, "01:26", "00:16", "01:26", "01:30", "01:25", "01:10", "00:00", "00:00", "01:22", "02:37", "02:43", "00:00", "02:13", "02:35", "00:15", "01:38", "01:28", "00:00", "05:31", 0], "EV": ["12:23", "14:13", "20:24", "12:18", "16:22", "08:21", "15:00", "11:50", "11:12", "12:16", "08:16", "18:04", "13:22", "20:01", "15:45", "08:04", "13:16", "14:08", "50:03", 0, "12:41", "12:40", "14:11", "14:35", "15:21", "17:08", "06:42", "11:07", "09:18", "22:06", "15:03", "11:30", "12:37", "20:46", "05:30", "17:40", "15:47", "10:33", "50:03", 0], "S": ["1", "1", "1", "1", "1", 0, "2", "3", "1", "1", 0, "1", "1", 0, 0, "1", 0, "3", 0, 0, "1", "4", 0, 0, "1", "8", 0, "1", "1", "3", "3", "3", "1", "1", 0, "1", 0, "1", 0, 0], "A/B": [0, "2", "2", "1", "2", "1", "2", 0, 0, "1", 0, "3", "1", "1", 0, "1", "1", "2", 0, 0, "1", "2", 0, 0, 0, "1", "1", 0, 0, "1", 0, "1", "2", "2", 0, "1", "1", "1", 0, 0], "MS": [0, 0, "1", "1", 0, 0, "1", "1", 0, 0, 0, "2", 0, 0, 0, 0, "1", "1", 0, 0, 0, 0, 0, 0, "1", 0, 0, 0, 0, "1", "1", 0, 0, 0, 0, "1", "1", 0, 0, 0], "HT": ["2", "1", "1", "1", "1", "1", 0, "1", "1", "1", "1", "2", "3", "1", 0, "1", 0, "2", 0, 0, "2", "1", 0, "1", 0, 0, 0, 0, "2", "1", "3", "1", "3", 0, "1", 0, "3", "1", 0, 0], "GV": [0, 0, 0, 0, 0, 0, "2", 0, 0, 0, 0, 0, 0, 0, 0, 0, 0, "1", 0, 0, 0, 0, 0, "1", 0, "2", 0, 0, 0, "2", 0, 0, 0, 0, 0, "1", "1", "1", "1", 0], "TK": [0, 0, 0, 0, "1", 0, 0, 0, 0, 0, 0, 0, 0, 0, 0, 0, 0, 0, 0, 0, 0, 0, 0, 0, "2", "2", 0, "1", 0, 0, 0, 0, 0, 0, 0, 0, 0, 0, 0, 0], "BS": ["3", "2", "1", 0, 0, 0, 0, 0, "2", 0, 0, "1", 0, "1", "3", 0, 0, "1", 0, 0, "1", 0, "2", "3", 0, "2", 0, 0, "1", "3", "1", 0, "2", "1", 0, "1", "1", "2", 0, 0], "FW": [0, 0, 0, "2", "5", 0, 0, 0, 0, 0, "2", 0, "5", 0, 0, 0, 0, "5", 0, 0, 0, "6", 0, 0, "16", 0, 0, 0, 0, 0, "7", 0, 0, 0, "3", 0, 0, "0", 0, 0], "FL": [0, 0, 0, "4", "14", 0, 0, 0, 0, 0, "1", 0, "9", 0, 0, 0, 0, "4", 0, 0, 0, "9", 0, 0, "7", 0, 0, 0, 0, 0, "2", 0, 0, 0, "0", 0, 0, "1", 0, 0], "F%": [0, 0, 0, "33", "26", 0, 0, 0, 0, 0, "67", 0, "36", 0, 0, 0, 0, "56", 0, 0, 0, "40", 0, 0, "70", 0, 0, 0, 0, 0, "78", 0, 0, 0, "100", 0, 0, "0", 0, 0], "team": ["LOS ANGELES KINGS ", "LOS ANGELES KINGS ", "LOS ANGELES KINGS ", "LOS ANGELES KINGS ", "LOS ANGELES KINGS ", "LOS ANGELES KINGS ", "LOS ANGELES KINGS ", "LOS ANGELES KINGS ", "LOS ANGELES KINGS ", "LOS ANGELES KINGS ", "LOS ANGELES KINGS ", "LOS ANGELES KINGS ", "LOS ANGELES KINGS ", "LOS ANGELES KINGS ", "LOS ANGELES KINGS ", "LOS ANGELES KINGS ", "LOS ANGELES KINGS ", "LOS ANGELES KINGS ", "LOS ANGELES KINGS ", "LOS ANGELES KINGS ", "MINNESOTA WILD ", "MINNESOTA WILD ", "MINNESOTA WILD ", "MINNESOTA WILD ", "MINNESOTA WILD ", "MINNESOTA WILD ", "MINNESOTA WILD ", "MINNESOTA WILD ", "MINNESOTA WILD ", "MINNESOTA WILD ", "MINNESOTA WILD ", "MINNESOTA WILD ", "MINNESOTA WILD ", "MINNESOTA WILD ", "MINNESOTA WILD ", "MINNESOTA WILD ", "MINNESOTA WILD ", "MINNESOTA WILD ", "MINNESOTA WILD ", "MINNESOTA WILD "], "GA": [0, 0, 0, 0, 0, 0, 0, 0, 0, 0, 0, 0, 0, 0, 0, 0, 0, 0, "2", 0, 0, 0, 0, 0, 0, 0, 0, 0, 0, 0, 0, 0, 0, 0, 0, 0, 0, 0, "2", 0], "SA": [0, 0, 0, 0, 0, 0, 0, 0, 0, 0, 0, 0, 0, 0, 0, 0, 0, 0, "29", 0, 0, 0, 0, 0, 0, 0, 0, 0, 0, 0, 0, 0, 0, 0, 0, 0, 0, 0, "18", 0]}}