{"game_info": {"date": "2013-12-27", "visitor": "MINNESOTA WILD ", "home": "WINNIPEG JETS ", "game_id": 573, "status": "final"}, "player_stats": {"number": ["2", "3", "6", "9", "14", "15", "17", "19", "20", "21", "22", "24", "25", "28", "29", "39", "46", "64", "31", "32", "2", "7", "8", "9", "12", "14", "16", "17", "18", "22", "26", "27", "33", "39", "40", "55", "67", "71", "31", "35"], "position": ["D", "C", "D", "C", "R", "L", "C", "L", "D", "C", "R", "L", "D", "C", "R", "D", "D", "C", "G", "G", "D", "D", "D", "L", "C", "R", "L", "C", "C", "R", "R", "L", "D", "D", "R", "C", "R", "D", "G", "G"], "name": ["BALLARD, KEITH", "COYLE, CHARLIE", "SCANDELLA, MARCO", "KOIVU, MIKKO", "FONTAINE, JUSTIN", "HEATLEY, DANY", "MITCHELL, TORREY", "VEILLEUX, STEPHANE", "SUTER, RYAN", "BRODZIAK, KYLE", "NIEDERREITER, NINO", "COOKE, MATT", "BRODIN, JONAS", "KONOPKA, ZENON", "POMINVILLE, JASON", "PROSSER, NATE", "SPURGEON, JARED", "GRANLUND, MIKAEL", "GUSTAFSSON, JOHAN", "BACKSTROM, NIKLAS", "PARDY, ADAM", "ELLERBY, KEATON", "TROUBA, JACOB", "KANE, EVANDER", "JOKINEN, OLLI", "PELUSO, ANTHONY", "LADD, ANDREW", "WRIGHT, JAMES", "LITTLE, BRYAN", "THORBURN, CHRIS", "WHEELER, BLAKE", "TANGRADI, ERIC", "BYFUGLIEN, DUSTIN", "ENSTROM, TOBIAS", "SETOGUCHI, DEVIN", "SCHEIFELE, MARK", "FROLIK, MICHAEL", "MELCHIORI, JULIAN", "PAVELEC, ONDREJ", "MONTOYA, AL"], "G": [0, 0, 0, "1", "1", "1", 0, "1", 0, 0, 0, 0, 0, 0, 0, 0, 0, 0, 0, 0, 0, 0, 0, "1", "1", 0, 0, 0, 0, 0, "2", 0, "1", "1", 0, 0, 0, 0, 0, 0], "A": [0, "1", 0, 0, 0, 0, "1", 0, 0, "1", 0, "1", 0, 0, "2", 0, "1", "1", 0, 0, "1", 0, "1", 0, "1", 0, "2", 0, "1", "1", 0, "1", 0, 0, "1", 0, "1", 0, 0, 0], "P": [0, "1", 0, "1", "1", "1", "1", "1", 0, "1", 0, "1", 0, 0, "2", 0, "1", "1", 0, 0, "1", 0, "1", "1", "2", 0, "2", 0, "1", "1", "2", "1", "1", "1", "1", 0, "1", 0, 0, 0], "+/-": ["-1", "-2", 0, "-3", 0, 0, "+1", "+1", "-3", "-1", "-2", 0, 0, 0, "-2", "-1", 0, "-3", 0, 0, 0, "-1", "+4", 0, "+1", 0, "+3", 0, "+3", 0, "+2", 0, 0, "+4", 0, "-1", 0, "-1", 0, 0], "PN": [0, 0, 0, 0, "1", 0, 0, 0, 0, 0, 0, 0, 0, 0, "1", 0, 0, 0, 0, 0, 0, 0, 0, 0, "1", 0, 0, "1", 0, 0, 0, 0, 0, 0, 0, 0, "1", 0, 0, 0], "PIM": [0, 0, 0, 0, "2", 0, 0, 0, 0, 0, 0, 0, 0, 0, "2", 0, 0, 0, 0, 0, 0, 0, 0, 0, "2", 0, 0, "2", 0, 0, 0, 0, 0, 0, 0, 0, "2", 0, 0, 0], "TOT": ["13:36", "21:11", "18:04", "21:40", "13:06", "16:02", "09:37", "07:49", "27:33", "16:05", "15:46", "16:07", "22:16", "07:47", "18:58", "13:30", "21:05", "17:23", 0, "58:25", "12:24", "20:51", "24:49", "23:17", "15:27", "05:49", "18:34", "08:41", "18:34", "12:43", "16:18", "05:53", "25:24", "27:07", "14:01", "19:23", "17:12", "08:41", "07:04", "52:52"], "SHF": ["17", "21", "26", "24", "17", "20", "15", "12", "30", "20", "20", "20", "28", "13", "21", "17", "26", "20", 0, 0, "17", "24", "34", "25", "23", "9", "24", "14", "24", "18", "22", "10", "30", "30", "20", "21", "21", "14", 0, 0], "AVG TOI/SH": ["00:48", "01:00", "00:41", "00:54", "00:46", "00:48", "00:38", "00:39", "00:55", "00:48", "00:47", "00:48", "00:47", "00:35", "00:54", "00:47", "00:48", "00:52", 0, 0, "00:43", "00:52", "00:43", "00:55", "00:40", "00:38", "00:46", "00:37", "00:46", "00:42", "00:44", "00:35", "00:50", "00:54", "00:42", "00:55", "00:49", "00:37", 0, 0], "PP": ["00:46", "03:41", "00:00", "03:58", "01:01", "01:03", "00:00", "00:00", "03:51", "00:29", "00:15", "00:00", "00:00", "00:00", "03:56", "00:00", "00:51", "03:39", 0, "04:42", "00:00", "00:00", "01:57", "01:49", "01:33", "00:00", "01:52", "00:00", "01:52", "00:00", "02:13", "00:00", "01:49", "03:03", "00:43", "01:54", "00:05", "00:00", "00:00", "03:46"], "SH": ["00:00", "00:05", "01:23", "00:50", "00:00", "00:00", "01:53", "00:41", "01:56", "01:48", "00:00", "02:15", "02:23", "00:00", "00:00", "00:00", "01:50", "00:00", 0, "03:46", "01:52", "00:00", "02:50", "02:22", "00:00", "00:00", "02:20", "01:20", "02:20", "00:00", "00:17", "00:00", "01:23", "03:19", "00:00", "00:00", "00:45", "00:00", "02:00", "02:42"], "EV": ["12:50", "17:25", "16:41", "16:52", "12:05", "14:59", "07:44", "07:08", "21:46", "13:48", "15:31", "13:52", "19:53", "07:47", "15:02", "13:30", "18:24", "13:44", 0, "49:57", "10:32", "20:51", "20:02", "19:06", "13:54", "05:49", "14:22", "07:21", "14:22", "12:43", "13:48", "05:53", "22:12", "20:45", "13:18", "17:29", "16:22", "08:41", "05:04", "46:24"], "S": ["1", "6", 0, "4", "1", "1", 0, "2", "1", "1", "3", "2", "2", 0, "3", 0, "2", 0, 0, 0, 0, "4", "4", "8", "2", 0, "1", "1", "4", "2", "4", 0, "3", "2", 0, "2", "1", 0, 0, 0], "A/B": ["1", "2", 0, 0, 0, 0, "1", 0, "1", "2", 0, 0, 0, 0, 0, "1", "4", 0, 0, 0, "2", 0, "1", "2", 0, 0, "4", 0, "3", "1", "1", 0, "1", "1", "1", "1", "1", 0, 0, 0], "MS": [0, 0, 0, "1", 0, 0, 0, 0, 0, 0, 0, 0, "1", 0, "1", 0, "1", 0, 0, 0, 0, 0, "3", "1", 0, 0, 0, 0, 0, 0, 0, "1", 0, 0, 0, "1", 0, 0, 0, 0], "HT": [0, "1", "1", 0, 0, 0, "1", "1", 0, "1", "1", "1", 0, 0, 0, "1", 0, "1", 0, 0, "1", "2", "3", "2", "1", "3", "1", "2", 0, "3", "3", "2", "2", 0, "2", 0, 0, "1", 0, 0], "GV": [0, 0, 0, "2", "1", 0, 0, 0, 0, 0, 0, 0, 0, 0, "1", "1", 0, 0, 0, "2", 0, "2", "3", 0, "1", 0, 0, 0, 0, 0, "1", 0, "3", "1", 0, 0, 0, "1", 0, "1"], "TK": [0, 0, 0, "2", 0, 0, 0, "1", 0, 0, 0, 0, 0, 0, "1", 0, "1", 0, 0, 0, 0, 0, "1", 0, 0, 0, "1", 0, "1", 0, "1", 0, "2", 0, 0, "1", "1", 0, 0, 0], "BS": ["1", "1", "3", "3", 0, 0, 0, 0, "3", 0, 0, "1", "1", 0, 0, "3", "2", "1", 0, 0, "1", 0, "1", 0, 0, 0, 0, 0, 0, 0, "1", "1", "2", "3", "1", "1", 0, "1", 0, 0], "FW": [0, 0, 0, "13", 0, 0, 0, 0, 0, "13", 0, 0, 0, "5", "0", 0, 0, "4", 0, 0, 0, 0, 0, "0", "4", 0, "1", "2", "7", "1", 0, 0, 0, 0, "1", "13", 0, 0, 0, 0], "FL": [0, 0, 0, "7", 0, 0, 0, 0, 0, "9", 0, 0, 0, "4", "2", 0, 0, "7", 0, 0, 0, 0, 0, "1", "10", 0, "0", "5", "9", "1", 0, 0, 0, 0, "0", "9", 0, 0, 0, 0], "F%": [0, 0, 0, "65", 0, 0, 0, 0, 0, "59", 0, 0, 0, "56", "0", 0, 0, "36", 0, 0, 0, 0, 0, "0", "29", 0, "100", "29", "44", "50", 0, 0, 0, 0, "100", "59", 0, 0, 0, 0], "team": ["MINNESOTA WILD ", "MINNESOTA WILD ", "MINNESOTA WILD ", "MINNESOTA WILD ", "MINNESOTA WILD ", "MINNESOTA WILD ", "MINNESOTA WILD ", "MINNESOTA WILD ", "MINNESOTA WILD ", "MINNESOTA WILD ", "MINNESOTA WILD ", "MINNESOTA WILD ", "MINNESOTA WILD ", "MINNESOTA WILD ", "MINNESOTA WILD ", "MINNESOTA WILD ", "MINNESOTA WILD ", "MINNESOTA WILD ", "MINNESOTA WILD ", "MINNESOTA WILD ", "WINNIPEG JETS ", "WINNIPEG JETS ", "WINNIPEG JETS ", "WINNIPEG JETS ", "WINNIPEG JETS ", "WINNIPEG JETS ", "WINNIPEG JETS ", "WINNIPEG JETS ", "WINNIPEG JETS ", "WINNIPEG JETS ", "WINNIPEG JETS ", "WINNIPEG JETS ", "WINNIPEG JETS ", "WINNIPEG JETS ", "WINNIPEG JETS ", "WINNIPEG JETS ", "WINNIPEG JETS ", "WINNIPEG JETS ", "WINNIPEG JETS ", "WINNIPEG JETS "], "GA": [0, 0, 0, 0, 0, 0, 0, 0, 0, 0, 0, 0, 0, 0, 0, 0, 0, 0, 0.0, "5", 0, 0, 0, 0, 0, 0, 0, 0, 0, 0, 0, 0, 0, 0, 0, 0, 0, 0, "3", "1"], "SA": [0, 0, 0, 0, 0, 0, 0, 0, 0, 0, 0, 0, 0, 0, 0, 0, 0, 0, 0.0, "37", 0, 0, 0, 0, 0, 0, 0, 0, 0, 0, 0, 0, 0, 0, 0, 0, 0, 0, "6", "23"]}}