{"game_info": {"date": "2014-02-26", "visitor": "BOSTON BRUINS ", "home": "BUFFALO SABRES ", "game_id": 882, "status": "final"}, "player_stats": {"number": ["11", "12", "17", "18", "20", "21", "22", "23", "27", "33", "34", "37", "43", "46", "47", "55", "63", "86", "30", "72", 0, "4", "6", "8", "9", "10", "19", "20", "21", "23", "26", "27", "28", "32", "37", "52", "57", "65", "82", "1", "30"], "position": ["C", "R", "L", "R", "L", "L", "L", "C", "D", "D", "C", "C", "D", "C", "D", "D", "C", "D", "G", "G", 0, "D", "D", "C", "C", "D", "C", "D", "R", "L", "L", "R", "C", "L", "L", "D", "D", "C", "L", "G", "G"], "name": ["CAMPBELL, GREGORY", "IGINLA, JAROME", "LUCIC, MILAN", "SMITH, REILLY", "PAILLE, DANIEL", "ERIKSSON, LOUI", "THORNTON, SHAWN", "KELLY, CHRIS", "HAMILTON, DOUGIE", "CHARA, ZDENO", "SODERBERG, CARL", "BERGERON, PATRICE", "BARTKOWSKI, MATT", "KREJCI, DAVID", "KRUG, TOREY", "BOYCHUK, JOHNNY", "MARCHAND, BRAD", "MILLER, KEVAN", "JOHNSON, CHAD", "SVEDBERG, NIKLAS", "TEAM PENALTY", "MCBAIN, JAMIE", "WEBER, MIKE", "MCCORMICK, CODY", "OTT, STEVE", "EHRHOFF, CHRISTIAN", "HODGSON, CODY", "TALLINDER, HENRIK", "STAFFORD, DREW", "LEINO, VILLE", "MOULSON, MATT", "D'AGOSTINI, MATT", "GIRGENSONS, ZEMGUS", "SCOTT, JOHN", "ELLIS, MATT", "SULZER, ALEXANDER", "MYERS, TYLER", "FLYNN, BRIAN", "FOLIGNO, MARCUS", "ENROTH, JHONAS", "MILLER, RYAN"], "G": [0, 0, "1", 0, 0, 0, 0, "1", 0, "1", 0, 0, 0, 0, 0, 0, "1", 0, 0, 0, 0, 0, 0, 0, 0, 0, 0, 0, 0, 0, "1", "1", "1", 0, 0, 0, "1", "1", 0, 0, 0], "A": [0, "1", "1", "1", 0, 0, 0, 0, 0, 0, "1", 0, "1", 0, "2", 0, 0, 0, 0, 0, 0, "2", 0, 0, 0, "1", "1", 0, 0, "2", 0, 0, "1", 0, 0, 0, 0, "1", 0, 0, 0], "P": [0, "1", "2", "1", 0, 0, 0, "1", 0, "1", "1", 0, "1", 0, "2", 0, "1", 0, 0, 0, 0, "2", 0, 0, 0, "1", "1", 0, 0, "2", "1", "1", "2", 0, 0, 0, "1", "2", 0, 0, 0], "+/-": [0, "-3", "-3", "+1", 0, 0, 0, 0, 0, "-1", 0, "+1", "+1", "-3", "-2", 0, "+1", "-1", 0, 0, 0, 0, "+1", "-1", 0, "+2", "-1", 0, "+1", "+2", "+1", "-1", "+2", 0, 0, "+1", 0, "+2", "+1", 0, 0], "PN": [0, 0, "1", 0, 0, 0, 0, 0, 0, 0, "1", 0, 0, 0, 0, "1", "1", "1", 0, 0, "1", 0, 0, 0, 0, 0, 0, 0, 0, 0, "1", 0, "1", "1", 0, 0, 0, 0, "1", 0, 0], "PIM": [0, 0, "2", 0, 0, 0, 0, 0, 0, 0, "2", 0, 0, 0, 0, "2", "2", "2", 0, 0, "2", 0, 0, 0, 0, 0, 0, 0, 0, 0, "4", 0, "2", "2", 0, 0, 0, 0, "2", 0, 0], "TOT": ["08:35", "16:23", "17:10", "15:20", "09:32", "18:37", "06:07", "14:57", "19:24", "24:09", "13:46", "18:00", "22:25", "16:33", "15:58", "21:34", "17:21", "14:46", "60:14", 0, 0, "18:17", "18:16", "08:49", "21:51", "21:17", "17:20", "16:46", "20:10", "17:46", "20:53", "16:57", "14:09", "07:16", "05:28", "19:01", "20:33", "14:04", "15:06", "60:02", 0], "SHF": ["14", "20", "21", "20", "14", "23", "9", "22", "23", "29", "20", "26", "26", "20", "22", "26", "26", "19", 0, 0, 0, "19", "21", "12", "28", "22", "21", "21", "23", "21", "21", "22", "22", "11", "9", "23", "24", "21", "19", 0, 0], "AVG TOI/SH": ["00:36", "00:49", "00:49", "00:46", "00:40", "00:48", "00:40", "00:40", "00:50", "00:49", "00:41", "00:41", "00:51", "00:49", "00:43", "00:49", "00:40", "00:46", 0, 0, 0, "00:57", "00:52", "00:44", "00:46", "00:58", "00:49", "00:47", "00:52", "00:50", "00:59", "00:46", "00:38", "00:39", "00:36", "00:49", "00:51", "00:40", "00:47", 0, 0], "PP": ["00:00", "03:10", "03:05", "02:31", "00:00", "02:39", "00:00", "00:00", "03:04", "03:05", "02:39", "02:39", "00:08", "03:10", "02:37", "00:13", "00:05", "00:00", "05:49", 0, 0, "04:30", "00:00", "00:00", "03:38", "05:37", "04:45", "00:00", "05:05", "04:14", "05:37", "03:38", "00:00", "00:00", "00:00", "03:22", "04:29", "00:00", "00:00", "08:59", 0], "SH": ["02:00", "00:00", "00:00", "00:00", "02:00", "04:43", "00:00", "04:09", "00:54", "04:08", "00:00", "02:16", "04:49", "00:02", "00:17", "03:51", "02:48", "03:59", "08:59", 0, 0, "01:39", "01:22", "01:28", "02:50", "02:33", "00:00", "01:54", "01:07", "00:00", "00:00", "00:00", "01:33", "00:00", "00:26", "02:22", "01:48", "02:31", "01:43", "05:49", 0], "EV": ["06:35", "13:13", "14:05", "12:49", "07:32", "11:15", "06:07", "10:48", "15:26", "16:56", "11:07", "13:05", "17:28", "13:21", "13:04", "17:30", "14:28", "10:47", "45:26", 0, 0, "12:08", "16:54", "07:21", "15:23", "13:07", "12:35", "14:52", "13:58", "13:32", "15:16", "13:19", "12:36", "07:16", "05:02", "13:17", "14:16", "11:33", "13:23", "45:14", 0], "S": [0, 0, "2", "2", "1", "5", 0, "4", "1", "5", "2", "1", "2", 0, "5", "1", "2", 0, 0, 0, 0, "1", 0, 0, "1", "1", "3", 0, "6", 0, "3", "3", "2", 0, "1", "2", "1", "2", 0, 0, 0], "A/B": ["1", "1", "1", "2", 0, "2", 0, "1", 0, "2", "1", 0, "1", "1", "4", "1", 0, 0, 0, 0, 0, 0, 0, 0, 0, 0, "1", 0, 0, "1", 0, 0, 0, 0, 0, 0, "1", 0, 0, 0, 0], "MS": [0, "1", 0, "1", 0, 0, 0, "1", "1", "1", "2", "2", 0, "2", 0, 0, "1", "2", 0, 0, 0, 0, 0, 0, 0, "1", 0, 0, 0, 0, "1", "2", 0, 0, 0, 0, "2", 0, 0, 0, 0], "HT": ["1", 0, 0, 0, 0, 0, 0, "1", 0, "1", "1", 0, "2", 0, 0, 0, 0, "1", 0, 0, 0, 0, "3", "3", "4", 0, "1", 0, 0, 0, 0, "1", 0, "1", 0, 0, 0, 0, "1", 0, 0], "GV": [0, 0, "1", 0, 0, 0, 0, 0, 0, "1", 0, 0, 0, 0, 0, "1", 0, 0, 0, 0, 0, 0, 0, 0, 0, 0, 0, 0, 0, "1", "1", 0, 0, 0, 0, "1", 0, 0, 0, "1", 0], "TK": [0, 0, 0, "1", 0, 0, 0, 0, 0, "2", 0, "1", 0, 0, 0, 0, 0, 0, 0, 0, 0, 0, 0, 0, 0, 0, 0, 0, 0, "1", "1", 0, "1", 0, 0, 0, 0, 0, 0, 0, 0], "BS": [0, 0, 0, 0, 0, 0, 0, 0, 0, "1", 0, 0, 0, 0, "1", 0, 0, "1", 0, 0, 0, "2", "2", 0, "1", "1", 0, "2", 0, "2", "2", 0, "1", 0, 0, 0, "1", "3", "1", 0, 0], "FW": ["4", 0, "1", 0, 0, 0, 0, "3", 0, 0, "6", "10", 0, "7", 0, 0, 0, 0, 0, 0, 0, 0, 0, "4", "9", 0, "2", 0, "2", "2", 0, 0, "4", 0, 0, 0, 0, "1", 0, 0, 0], "FL": ["4", 0, "1", 0, 0, 0, 0, "2", 0, 0, "5", "7", 0, "5", 0, 0, 0, 0, 0, 0, 0, 0, 0, "3", "6", 0, "7", 0, "2", "5", 0, 0, "6", 0, 0, 0, 0, "2", 0, 0, 0], "F%": ["50", 0, "50", 0, 0, 0, 0, "60", 0, 0, "55", "59", 0, "58", 0, 0, 0, 0, 0, 0, 0, 0, 0, "57", "60", 0, "22", 0, "50", "29", 0, 0, "40", 0, 0, 0, 0, "33", 0, 0, 0], "team": ["BOSTON BRUINS ", "BOSTON BRUINS ", "BOSTON BRUINS ", "BOSTON BRUINS ", "BOSTON BRUINS ", "BOSTON BRUINS ", "BOSTON BRUINS ", "BOSTON BRUINS ", "BOSTON BRUINS ", "BOSTON BRUINS ", "BOSTON BRUINS ", "BOSTON BRUINS ", "BOSTON BRUINS ", "BOSTON BRUINS ", "BOSTON BRUINS ", "BOSTON BRUINS ", "BOSTON BRUINS ", "BOSTON BRUINS ", "BOSTON BRUINS ", "BOSTON BRUINS ", "BOSTON BRUINS ", "BUFFALO SABRES ", "BUFFALO SABRES ", "BUFFALO SABRES ", "BUFFALO SABRES ", "BUFFALO SABRES ", "BUFFALO SABRES ", "BUFFALO SABRES ", "BUFFALO SABRES ", "BUFFALO SABRES ", "BUFFALO SABRES ", "BUFFALO SABRES ", "BUFFALO SABRES ", "BUFFALO SABRES ", "BUFFALO SABRES ", "BUFFALO SABRES ", "BUFFALO SABRES ", "BUFFALO SABRES ", "BUFFALO SABRES ", "BUFFALO SABRES ", "BUFFALO SABRES "], "GA": [0, 0, 0, 0, 0, 0, 0, 0, 0, 0, 0, 0, 0, 0, 0, 0, 0, 0, "5", 0, 0, 0, 0, 0, 0, 0, 0, 0, 0, 0, 0, 0, 0, 0, 0, 0, 0, 0, 0, "4", 0], "SA": [0, 0, 0, 0, 0, 0, 0, 0, 0, 0, 0, 0, 0, 0, 0, 0, 0, 0, "26", 0, 0, 0, 0, 0, 0, 0, 0, 0, 0, 0, 0, 0, 0, 0, 0, 0, 0, 0, 0, "33", 0]}}