{"game_info": {"date": "2013-12-17", "visitor": "VANCOUVER CANUCKS ", "home": "MINNESOTA WILD ", "game_id": 518, "status": "final"}, "player_stats": {"number": ["2", "3", "5", "6", "7", "8", "9", "15", "17", "18", "20", "21", "22", "25", "29", "32", "33", "36", "1", "31", "2", "3", "4", "6", "9", "11", "15", "17", "20", "21", "22", "24", "25", "28", "29", "46", "54", "56", "32", "37"], "position": ["D", "D", "D", "D", "L", "D", "R", "R", "C", "D", "L", "C", "L", "C", "L", "R", "C", "R", "G", "G", "D", "C", "D", "D", "C", "L", "L", "C", "D", "C", "R", "L", "D", "C", "R", "D", "R", "L", "G", "G"], "name": ["HAMHUIS, DAN", "BIEKSA, KEVIN", "GARRISON, JASON", "WEBER, YANNICK", "BOOTH, DAVID", "TANEV, CHRISTOPHER", "KASSIAN, ZACK", "RICHARDSON, BRAD", "KESLER, RYAN", "STANTON, RYAN", "HIGGINS, CHRIS", "DALPE, ZAC", "SEDIN, DANIEL", "SANTORELLI, MIKE", "SESTITO, TOM", "WEISE, DALE", "SEDIN, HENRIK", "HANSEN, JANNIK", "LUONGO, ROBERTO", "LACK, EDDIE", "BALLARD, KEITH", "COYLE, CHARLIE", "STONER, CLAYTON", "SCANDELLA, MARCO", "KOIVU, MIKKO", "PARISE, ZACH", "HEATLEY, DANY", "MITCHELL, TORREY", "SUTER, RYAN", "BRODZIAK, KYLE", "NIEDERREITER, NINO", "COOKE, MATT", "BRODIN, JONAS", "KONOPKA, ZENON", "POMINVILLE, JASON", "SPURGEON, JARED", "BULMER, BRETT", "HAULA, ERIK", "BACKSTROM, NIKLAS", "HARDING, JOSH"], "G": [0, 0, 0, 0, "1", 0, 0, 0, 0, 0, 0, 0, 0, 0, 0, 0, 0, "1", 0, 0, 0, "1", 0, 0, 0, "1", 0, 0, 0, 0, 0, 0, 0, 0, 0, 0, 0, 0, 0, 0], "A": [0, 0, 0, "1", 0, 0, 0, 0, 0, 0, 0, 0, "1", "1", 0, 0, "1", 0, 0, 0, 0, 0, 0, 0, "2", 0, 0, 0, "1", 0, 0, 0, "1", 0, 0, 0, 0, 0, 0, 0], "P": [0, 0, 0, "1", "1", 0, 0, 0, 0, 0, 0, 0, "1", "1", 0, 0, "1", "1", 0, 0, 0, "1", 0, 0, "2", "1", 0, 0, "1", 0, 0, 0, "1", 0, 0, 0, 0, 0, 0, 0], "+/-": [0, "+1", 0, "+1", "+1", "-1", "+1", 0, "-1", "+1", "-1", 0, "+1", 0, 0, 0, "+1", "+1", 0, 0, 0, 0, 0, "+1", 0, 0, 0, 0, "-2", "-1", 0, "-1", 0, 0, "-1", "-1", 0, 0, 0, 0], "PN": [0, "1", 0, 0, 0, 0, 0, 0, 0, 0, "1", 0, 0, 0, 0, "1", 0, 0, 0, 0, "1", 0, 0, 0, 0, 0, 0, 0, 0, 0, 0, 0, 0, "2", 0, 0, 0, 0, 0, 0], "PIM": [0, "2", 0, 0, 0, 0, 0, 0, 0, 0, "2", 0, 0, 0, 0, "5", 0, 0, 0, 0, "2", 0, 0, 0, 0, 0, 0, 0, 0, 0, 0, 0, 0, "7", 0, 0, 0, 0, 0, 0], "TOT": ["30:46", "26:28", "27:53", "12:17", "12:31", "26:01", "12:00", "14:12", "25:35", "06:42", "21:56", "05:28", "21:36", "21:29", "06:10", "05:41", "22:04", "18:00", "65:00", 0, "09:49", "19:26", "09:30", "22:32", "22:29", "22:54", "11:03", "06:30", "32:34", "20:56", "14:47", "17:35", "26:38", "06:24", "17:00", "29:01", "13:06", "13:57", 0, "64:49"], "SHF": ["42", "36", "42", "18", "18", "39", "18", "23", "31", "12", "29", "9", "30", "28", "9", "9", "31", "25", 0, 0, "18", "25", "17", "31", "31", "29", "17", "13", "35", "29", "19", "26", "34", "10", "22", "35", "18", "20", 0, 0], "AVG TOI/SH": ["00:43", "00:44", "00:39", "00:40", "00:41", "00:40", "00:40", "00:37", "00:49", "00:33", "00:45", "00:36", "00:43", "00:46", "00:41", "00:37", "00:42", "00:43", 0, 0, "00:32", "00:46", "00:33", "00:43", "00:43", "00:47", "00:39", "00:30", "00:55", "00:43", "00:46", "00:40", "00:47", "00:38", "00:46", "00:49", "00:43", "00:41", 0, 0], "PP": ["02:13", "01:26", "02:13", "01:26", "00:00", "00:00", "00:00", "00:00", "02:13", "00:00", "01:26", "00:00", "02:13", "01:26", "00:00", "00:00", "02:13", "01:26", "03:39", 0, "00:53", "00:49", "00:00", "00:00", "01:57", "01:57", "00:49", "00:00", "02:01", "00:04", "00:49", "00:04", "00:57", "00:00", "01:53", "01:53", "00:04", "00:00", 0, "02:50"], "SH": ["01:37", "00:23", "01:13", "00:00", "00:00", "01:37", "00:00", "00:56", "01:19", "00:50", "00:56", "00:00", "00:58", "00:33", "00:00", "00:00", "00:58", "00:00", "02:50", 0, "00:38", "00:00", "00:38", "01:34", "01:33", "01:05", "00:11", "00:43", "01:27", "02:01", "00:00", "01:41", "01:17", "00:00", "00:00", "01:44", "00:00", "00:15", 0, "03:28"], "EV": ["26:56", "24:39", "24:27", "10:51", "12:31", "24:24", "12:00", "13:16", "22:03", "05:52", "19:34", "05:28", "18:25", "19:30", "06:10", "05:41", "18:53", "16:34", "58:31", 0, "08:18", "18:37", "08:52", "20:58", "18:59", "19:52", "10:03", "05:47", "29:06", "18:51", "13:58", "15:50", "24:24", "06:24", "15:07", "25:24", "13:02", "13:42", 0, "58:31"], "S": ["6", 0, "3", "1", "2", "1", "2", 0, "6", 0, "2", "2", "3", "1", 0, 0, "1", "1", 0, 0, "1", "3", "1", "2", "4", "3", "2", 0, "1", "2", 0, "3", 0, 0, "4", "2", "1", "3", 0, 0], "A/B": ["1", "1", "1", 0, 0, "1", "1", 0, 0, 0, "2", 0, 0, "2", 0, 0, 0, 0, 0, 0, "1", 0, 0, "2", "1", "1", 0, 0, "3", 0, 0, "3", "1", 0, "2", "2", "1", 0, 0, 0], "MS": [0, "1", 0, 0, 0, "1", "1", 0, "2", 0, "1", "1", "1", 0, 0, 0, "1", "1", 0, 0, 0, 0, 0, 0, 0, "1", "1", 0, "1", "1", "1", "1", "1", "1", 0, "1", 0, "2", 0, 0], "HT": ["1", "1", "1", 0, "2", "1", "1", 0, "2", 0, "1", 0, 0, 0, 0, 0, 0, "3", 0, 0, 0, 0, 0, 0, "1", 0, 0, "1", 0, 0, "3", "4", 0, "1", 0, "1", "3", 0, 0, 0], "GV": [0, 0, 0, "1", 0, 0, 0, 0, 0, 0, 0, 0, 0, 0, 0, 0, 0, 0, 0, 0, 0, 0, 0, 0, 0, "1", 0, 0, "1", "2", 0, "1", 0, 0, 0, 0, 0, 0, 0, 0], "TK": ["1", 0, "1", 0, 0, "1", 0, 0, "2", 0, "1", 0, 0, 0, "2", 0, 0, 0, 0, 0, 0, 0, "1", "1", "1", "1", 0, "1", "1", 0, 0, 0, 0, 0, "1", 0, "1", 0, 0, 0], "BS": ["2", "1", "3", "1", "1", "3", 0, "2", "1", 0, "1", 0, 0, "1", 0, 0, 0, "1", 0, 0, 0, 0, 0, "1", "1", 0, 0, 0, "2", 0, 0, "1", "2", 0, 0, "1", 0, "1", 0, 0], "FW": [0, 0, 0, 0, 0, 0, 0, "4", "12", 0, 0, "0", 0, "1", 0, 0, "13", 0, 0, 0, 0, "0", 0, 0, "13", 0, 0, 0, 0, "9", 0, "1", 0, "2", "3", 0, 0, "4", 0, 0], "FL": [0, 0, 0, 0, 0, 0, 0, "10", "11", 0, 0, "1", 0, "3", 0, 0, "7", 0, 0, 0, 0, "1", 0, 0, "13", 0, 0, 0, 0, "12", 0, "0", 0, "0", "0", 0, 0, "4", 0, 0], "F%": [0, 0, 0, 0, 0, 0, 0, "29", "52", 0, 0, "0", 0, "25", 0, 0, "65", 0, 0, 0, 0, "0", 0, 0, "50", 0, 0, 0, 0, "43", 0, "100", 0, "100", "100", 0, 0, "50", 0, 0], "team": ["VANCOUVER CANUCKS ", "VANCOUVER CANUCKS ", "VANCOUVER CANUCKS ", "VANCOUVER CANUCKS ", "VANCOUVER CANUCKS ", "VANCOUVER CANUCKS ", "VANCOUVER CANUCKS ", "VANCOUVER CANUCKS ", "VANCOUVER CANUCKS ", "VANCOUVER CANUCKS ", "VANCOUVER CANUCKS ", "VANCOUVER CANUCKS ", "VANCOUVER CANUCKS ", "VANCOUVER CANUCKS ", "VANCOUVER CANUCKS ", "VANCOUVER CANUCKS ", "VANCOUVER CANUCKS ", "VANCOUVER CANUCKS ", "VANCOUVER CANUCKS ", "VANCOUVER CANUCKS ", "MINNESOTA WILD ", "MINNESOTA WILD ", "MINNESOTA WILD ", "MINNESOTA WILD ", "MINNESOTA WILD ", "MINNESOTA WILD ", "MINNESOTA WILD ", "MINNESOTA WILD ", "MINNESOTA WILD ", "MINNESOTA WILD ", "MINNESOTA WILD ", "MINNESOTA WILD ", "MINNESOTA WILD ", "MINNESOTA WILD ", "MINNESOTA WILD ", "MINNESOTA WILD ", "MINNESOTA WILD ", "MINNESOTA WILD ", "MINNESOTA WILD ", "MINNESOTA WILD "], "GA": [0, 0, 0, 0, 0, 0, 0, 0, 0, 0, 0, 0, 0, 0, 0, 0, 0, 0, "2", 0, 0, 0, 0, 0, 0, 0, 0, 0, 0, 0, 0, 0, 0, 0, 0, 0, 0, 0, 0, "2"], "SA": [0, 0, 0, 0, 0, 0, 0, 0, 0, 0, 0, 0, 0, 0, 0, 0, 0, 0, "32", 0, 0, 0, 0, 0, 0, 0, 0, 0, 0, 0, 0, 0, 0, 0, 0, 0, 0, 0, 0, "31"]}}