{"game_info": {"date": "2014-01-22", "visitor": "PHOENIX COYOTES ", "home": "CALGARY FLAMES ", "game_id": 758, "status": "final"}, "player_stats": {"number": ["2", "3", "4", "14", "17", "18", "19", "23", "24", "26", "28", "29", "34", "36", "50", "53", "63", "89", "1", "41", "3", "4", "5", "6", "7", "8", "11", "15", "16", "17", "18", "19", "22", "23", "24", "39", "44", "54", "29", "31"], "position": ["D", "D", "D", "C", "R", "R", "R", "D", "C", "D", "L", "R", "L", "C", "C", "D", "C", "L", "G", "G", "D", "D", "D", "D", "D", "C", "C", "R", "R", "L", "C", "C", "R", "C", "C", "L", "D", "R", "G", "G"], "name": ["RUNDBLAD, DAVID", "YANDLE, KEITH", "MICHALEK, ZBYNEK", "HALPERN, JEFF", "VRBATA, RADIM", "MOSS, DAVID", "DOAN, SHANE", "EKMAN-LARSSON, OLIVER", "CHIPCHURA, KYLE", "STONE, MICHAEL", "KORPIKOSKI, LAURI", "SZWARZ, JORDAN", "KENNEDY, TIM", "KLINKHAMMER, ROB", "VERMETTE, ANTOINE", "MORRIS, DEREK", "RIBEIRO, MIKE", "BOEDKER, MIKKEL", "GREISS, THOMAS", "SMITH, MIKE", "SMID, LADISLAV", "RUSSELL, KRIS", "GIORDANO, MARK", "WIDEMAN, DENNIS", "BRODIE, TJ", "COLBORNE, JOE", "BACKLUND, MIKAEL", "WESTGARTH, KEVIN", "MCGRATTAN, BRIAN", "BOUMA, LANCE", "STAJAN, MATT", "JONES, BLAIR", "STEMPNIAK, LEE", "MONAHAN, SEAN", "HUDLER, JIRI", "GALIARDI, TJ", "BUTLER, CHRIS", "JONES, DAVID", "BERRA, RETO", "RAMO, KARRI"], "G": [0, 0, 0, 0, 0, 0, "1", 0, 0, 0, 0, 0, 0, 0, "1", 0, 0, 0, 0, 0, 0, 0, 0, 0, 0, 0, 0, 0, 0, "1", "1", 0, 0, "1", 0, 0, 0, 0, 0, 0], "A": [0, "1", 0, 0, 0, 0, 0, 0, 0, "1", "1", 0, 0, 0, 0, 0, "1", 0, 0, 0, 0, 0, "1", 0, "1", "1", 0, 0, 0, 0, 0, 0, 0, 0, 0, "1", 0, "1", 0, "1"], "P": [0, "1", 0, 0, 0, 0, "1", 0, 0, "1", "1", 0, 0, 0, "1", 0, "1", 0, 0, 0, 0, 0, "1", 0, "1", "1", 0, 0, 0, "1", "1", 0, 0, "1", 0, "1", 0, "1", 0, "1"], "+/-": [0, "-1", 0, 0, 0, "-1", 0, "-1", 0, "-1", 0, 0, "-2", "-1", 0, "+1", "+1", "-1", 0, 0, 0, "-1", "+1", 0, "+2", "+1", 0, 0, 0, "+1", 0, 0, 0, "+1", 0, "+1", 0, "-1", 0, 0], "PN": [0, 0, 0, 0, 0, 0, 0, "1", 0, 0, 0, 0, 0, 0, 0, 0, 0, "1", 0, 0, 0, 0, 0, 0, 0, 0, 0, "2", 0, 0, 0, 0, 0, 0, 0, 0, 0, 0, 0, 0], "PIM": [0, 0, 0, 0, 0, 0, 0, "2", 0, 0, 0, 0, 0, 0, 0, 0, 0, "2", 0, 0, 0, 0, 0, 0, 0, 0, 0, "4", 0, 0, 0, 0, 0, 0, 0, 0, 0, 0, 0, 0], "TOT": ["11:46", "27:44", "20:30", "12:15", "18:58", "12:28", "20:18", "32:52", "11:24", "07:11", "18:05", "09:38", "11:48", "07:56", "17:36", "20:04", "18:52", "18:04", 0, "58:31", "16:39", "21:09", "22:25", "15:07", "23:04", "13:35", "22:36", "05:28", "04:55", "15:58", "17:04", "06:48", "22:39", "15:07", "21:06", "15:51", "21:36", "14:53", 0, "60:00"], "SHF": ["14", "34", "24", "19", "24", "20", "26", "37", "17", "10", "25", "15", "16", "12", "25", "28", "23", "24", 0, 0, "20", "26", "25", "20", "26", "21", "26", "13", "11", "25", "25", "13", "27", "22", "26", "22", "28", "24", 0, 0], "AVG TOI/SH": ["00:50", "00:48", "00:51", "00:38", "00:47", "00:37", "00:46", "00:53", "00:40", "00:43", "00:43", "00:38", "00:44", "00:39", "00:42", "00:43", "00:49", "00:45", 0, 0, "00:49", "00:48", "00:53", "00:45", "00:53", "00:38", "00:52", "00:25", "00:26", "00:38", "00:40", "00:31", "00:50", "00:41", "00:48", "00:43", "00:46", "00:37", 0, 0], "PP": ["01:01", "03:00", "00:08", "00:00", "02:19", "00:00", "01:41", "02:59", "00:00", "00:52", "02:19", "00:00", "00:00", "00:00", "01:41", "00:00", "02:19", "01:41", 0, "04:00", "00:00", "02:07", "01:56", "02:04", "01:53", "00:40", "01:54", "00:00", "00:00", "00:01", "00:01", "00:00", "02:06", "02:05", "02:33", "00:47", "00:00", "01:53", 0, "04:00"], "SH": ["00:00", "00:34", "02:08", "01:45", "00:32", "01:47", "00:00", "01:32", "00:00", "02:02", "01:50", "00:00", "00:13", "00:00", "01:40", "01:44", "00:00", "00:13", 0, "04:00", "01:59", "00:00", "02:01", "00:00", "02:39", "00:00", "02:31", "00:00", "00:00", "01:22", "01:29", "00:42", "01:56", "00:00", "00:00", "00:00", "01:21", "00:00", 0, "04:00"], "EV": ["10:45", "24:10", "18:14", "10:30", "16:07", "10:41", "18:37", "28:21", "11:24", "04:17", "13:56", "09:38", "11:35", "07:56", "14:15", "18:20", "16:33", "16:10", 0, "50:31", "14:40", "19:02", "18:28", "13:03", "18:32", "12:55", "18:11", "05:28", "04:55", "14:35", "15:34", "06:06", "18:37", "13:02", "18:33", "15:04", "20:15", "13:00", 0, "52:00"], "S": ["1", "2", "3", 0, "2", "1", "6", "1", "1", 0, "2", "2", "2", 0, "3", "2", "2", "2", 0, 0, 0, 0, "3", 0, "2", "1", "1", 0, "1", "2", "1", 0, "3", "5", "2", "2", 0, "3", 0, 0], "A/B": [0, "7", "2", "1", "2", "1", "2", "4", 0, 0, 0, "1", 0, 0, 0, "1", "1", "2", 0, 0, 0, 0, "2", "1", 0, "1", "2", 0, 0, 0, 0, 0, 0, "1", 0, 0, 0, "1", 0, 0], "MS": [0, "2", 0, 0, "2", "1", 0, "1", "1", 0, 0, 0, 0, "2", 0, 0, "1", 0, 0, 0, 0, 0, "1", 0, 0, "1", 0, 0, 0, 0, "1", 0, "1", "1", 0, 0, 0, "1", 0, 0], "HT": [0, 0, "1", 0, 0, "1", "2", 0, "3", 0, "1", "1", "1", 0, 0, "1", 0, "1", 0, 0, "3", 0, 0, 0, 0, "3", "1", 0, 0, "2", "3", 0, "2", "1", 0, "1", "1", "2", 0, 0], "GV": [0, 0, 0, 0, 0, "1", "1", 0, 0, 0, 0, 0, 0, "1", 0, 0, "1", "2", 0, 0, 0, 0, 0, "1", "2", "1", 0, 0, 0, 0, 0, 0, "1", "1", 0, "1", 0, 0, 0, "1"], "TK": [0, 0, "1", "1", 0, 0, 0, "1", 0, 0, "1", "1", "1", 0, 0, 0, 0, 0, 0, 0, 0, 0, "1", 0, "2", 0, "1", 0, 0, 0, 0, 0, "1", "2", 0, 0, 0, 0, 0, 0], "BS": [0, "1", "2", 0, 0, 0, 0, "2", 0, 0, 0, 0, 0, 0, 0, "1", "1", "1", 0, 0, "4", "1", "4", "1", "1", 0, "1", "1", "1", "3", "1", 0, 0, 0, 0, "1", "5", 0, 0, 0], "FW": [0, 0, 0, "6", 0, 0, 0, 0, "3", 0, 0, 0, "6", 0, "10", 0, "6", 0, 0, 0, 0, 0, 0, 0, 0, 0, "13", 0, 0, "0", "12", "5", 0, "4", 0, 0, 0, 0, 0, 0], "FL": [0, 0, 0, "6", 0, 0, 0, 0, "0", 0, 0, 0, "3", 0, "14", 0, "11", 0, 0, 0, 0, 0, 0, 0, 0, 0, "9", 0, 0, "2", "10", "3", 0, "7", 0, 0, 0, 0, 0, 0], "F%": [0, 0, 0, "50", 0, 0, 0, 0, "100", 0, 0, 0, "67", 0, "42", 0, "35", 0, 0, 0, 0, 0, 0, 0, 0, 0, "59", 0, 0, "0", "55", "63", 0, "36", 0, 0, 0, 0, 0, 0], "team": ["PHOENIX COYOTES ", "PHOENIX COYOTES ", "PHOENIX COYOTES ", "PHOENIX COYOTES ", "PHOENIX COYOTES ", "PHOENIX COYOTES ", "PHOENIX COYOTES ", "PHOENIX COYOTES ", "PHOENIX COYOTES ", "PHOENIX COYOTES ", "PHOENIX COYOTES ", "PHOENIX COYOTES ", "PHOENIX COYOTES ", "PHOENIX COYOTES ", "PHOENIX COYOTES ", "PHOENIX COYOTES ", "PHOENIX COYOTES ", "PHOENIX COYOTES ", "PHOENIX COYOTES ", "PHOENIX COYOTES ", "CALGARY FLAMES ", "CALGARY FLAMES ", "CALGARY FLAMES ", "CALGARY FLAMES ", "CALGARY FLAMES ", "CALGARY FLAMES ", "CALGARY FLAMES ", "CALGARY FLAMES ", "CALGARY FLAMES ", "CALGARY FLAMES ", "CALGARY FLAMES ", "CALGARY FLAMES ", "CALGARY FLAMES ", "CALGARY FLAMES ", "CALGARY FLAMES ", "CALGARY FLAMES ", "CALGARY FLAMES ", "CALGARY FLAMES ", "CALGARY FLAMES ", "CALGARY FLAMES "], "GA": [0, 0, 0, 0, 0, 0, 0, 0, 0, 0, 0, 0, 0, 0, 0, 0, 0, 0, 0.0, "3", 0, 0, 0, 0, 0, 0, 0, 0, 0, 0, 0, 0, 0, 0, 0, 0, 0, 0, 0, "2"], "SA": [0, 0, 0, 0, 0, 0, 0, 0, 0, 0, 0, 0, 0, 0, 0, 0, 0, 0, 0.0, "26", 0, 0, 0, 0, 0, 0, 0, 0, 0, 0, 0, 0, 0, 0, 0, 0, 0, 0, 0, "32"]}}