{"game_info": {"date": "2014-04-10", "visitor": "NEW YORK ISLANDERS ", "home": "MONTREAL CANADIENS ", "game_id": 1196, "status": "final"}, "player_stats": {"number": ["3", "7", "12", "13", "14", "17", "18", "24", "27", "28", "29", "42", "43", "46", "51", "53", "56", "59", "20", "45", "6", "11", "14", "15", "17", "20", "21", "22", "26", "43", "48", "49", "51", "53", "67", "74", "76", "79", "30", "31"], "position": ["D", "D", "C", "R", "D", "L", "C", "D", "C", "C", "C", "D", "L", "D", "C", "C", "L", "L", "G", "G", "D", "R", "C", "R", "R", "L", "R", "R", "D", "D", "C", "L", "C", "C", "L", "D", "D", "D", "G", "G"], "name": ["HAMONIC, TRAVIS", "CARKNER, MATT", "BAILEY, JOSH", "MCDONALD, COLIN", "HICKEY, THOMAS", "MARTIN, MATT", "STROME, RYAN", "CZUCZMAN, KEVIN", "LEE, ANDERS", "SUNDSTROM, JOHAN", "NELSON, BROCK", "MAYFIELD, SCOTT", "HALMO, MIKE", "DONOVAN, MATT", "NIELSEN, FRANS", "CIZIKAS, CASEY", "PERSSON, JOHN", "GALLANT, BRETT", "NABOKOV, EVGENI", "NILSSON, ANDERS", "MURRAY, DOUGLAS", "GALLAGHER, BRENDAN", "PLEKANEC, TOMAS", "PARROS, GEORGE", "BOURQUE, RENE", "VANEK, THOMAS", "GIONTA, BRIAN", "WEISE, DALE", "GORGES, JOSH", "WEAVER, MIKE", "BRIERE, DANIEL", "BOURNIVAL, MICHAEL", "DESHARNAIS, DAVID", "WHITE, RYAN", "PACIORETTY, MAX", "EMELIN, ALEXEI", "SUBBAN, P.K.", "MARKOV, ANDREI", "BUDAJ, PETER", "PRICE, CAREY"], "G": [0, 0, 0, 0, 0, 0, "1", 0, 0, 0, "1", 0, 0, 0, 0, 0, 0, 0, 0, 0, 0, 0, 0, 0, 0, 0, 0, 0, 0, 0, 0, 0, 0, 0, 0, 0, 0, 0, 0, 0], "A": [0, 0, "1", 0, "1", 0, 0, 0, 0, 0, 0, 0, 0, "1", 0, 0, 0, 0, "1", 0, 0, 0, 0, 0, 0, 0, 0, 0, 0, 0, 0, 0, 0, 0, 0, 0, 0, 0, 0, 0], "P": [0, 0, "1", 0, "1", 0, "1", 0, 0, 0, "1", 0, 0, "1", 0, 0, 0, 0, "1", 0, 0, 0, 0, 0, 0, 0, 0, 0, 0, 0, 0, 0, 0, 0, 0, 0, 0, 0, 0, 0], "+/-": [0, 0, 0, 0, 0, 0, 0, 0, 0, 0, 0, 0, 0, 0, 0, 0, 0, 0, 0, 0, 0, 0, 0, 0, 0, 0, 0, 0, 0, 0, 0, 0, 0, 0, 0, 0, 0, 0, 0, 0], "PN": [0, "1", 0, 0, 0, 0, 0, "1", "1", 0, 0, 0, 0, 0, 0, 0, "1", "1", 0, 0, "2", 0, 0, "1", 0, "1", 0, 0, 0, 0, 0, 0, 0, 0, 0, 0, 0, 0, 0, 0], "PIM": [0, "2", 0, 0, 0, 0, 0, "2", "2", 0, 0, 0, 0, 0, 0, 0, "2", "5", 0, 0, "15", 0, 0, "5", 0, "2", 0, 0, 0, 0, 0, 0, 0, 0, 0, 0, 0, 0, 0, 0], "TOT": ["26:41", "12:40", "20:34", "14:14", "25:11", "15:32", "18:12", "18:36", "16:30", "05:17", "17:33", "19:35", "08:22", "15:15", "18:54", "18:19", "14:34", "07:17", "59:21", 0, "06:29", "13:16", "17:00", "02:27", "13:08", "22:36", "17:32", "12:39", "19:23", "17:22", "15:19", "09:09", "22:50", "08:04", "23:35", "24:52", "22:28", "27:24", 0, "58:25"], "SHF": ["28", "18", "24", "19", "28", "20", "22", "23", "22", "9", "27", "24", "12", "21", "28", "27", "21", "11", 0, 0, "12", "19", "23", "3", "16", "22", "22", "18", "28", "23", "20", "12", "22", "11", "22", "29", "26", "29", 0, 0], "AVG TOI/SH": ["00:57", "00:42", "00:51", "00:44", "00:53", "00:46", "00:49", "00:48", "00:45", "00:35", "00:39", "00:48", "00:41", "00:43", "00:40", "00:40", "00:41", "00:39", 0, 0, "00:32", "00:41", "00:44", "00:49", "00:49", "01:01", "00:47", "00:42", "00:41", "00:45", "00:45", "00:45", "01:02", "00:44", "01:04", "00:51", "00:51", "00:56", 0, 0], "PP": ["01:33", "00:00", "03:08", "00:28", "01:15", "00:28", "03:16", "00:14", "02:48", "00:00", "00:20", "00:00", "00:00", "02:03", "02:13", "00:14", "00:00", "00:00", "03:36", 0, "00:00", "00:27", "00:27", "00:00", "00:00", "04:30", "00:00", "00:00", "00:00", "00:00", "01:50", "00:00", "04:30", "00:00", "04:30", "00:27", "02:56", "04:57", 0, "03:34"], "SH": ["03:32", "00:00", "01:40", "00:00", "03:14", "00:00", "00:00", "00:00", "00:00", "00:00", "01:43", "01:43", "00:00", "01:25", "02:10", "02:47", "00:00", "00:00", "04:57", 0, "00:00", "00:00", "01:53", "00:00", "00:00", "00:00", "01:58", "00:32", "02:07", "02:08", "00:00", "00:58", "00:07", "01:37", "00:07", "01:22", "00:14", "01:21", 0, "03:36"], "EV": ["21:36", "12:40", "15:46", "13:46", "20:42", "15:04", "14:56", "18:22", "13:42", "05:17", "15:30", "17:52", "08:22", "11:47", "14:31", "15:18", "14:34", "07:17", "50:48", 0, "06:29", "12:49", "14:40", "02:27", "13:08", "18:06", "15:34", "12:07", "17:16", "15:14", "13:29", "08:11", "18:13", "06:27", "18:58", "23:03", "19:18", "21:06", 0, "51:15"], "S": ["2", 0, "1", "1", "1", "2", "3", "1", 0, "4", "5", "1", "1", 0, "2", "3", "2", "1", 0, 0, "1", "1", 0, 0, "1", "1", "2", "2", 0, 0, "4", 0, 0, 0, "4", 0, "1", "2", 0, 0], "A/B": ["4", 0, "2", 0, "2", "2", 0, "1", "2", 0, "2", "3", "1", "1", 0, 0, "3", 0, 0, 0, 0, "1", "2", 0, 0, "6", "1", 0, "1", 0, "1", "1", 0, 0, "1", 0, 0, "4", 0, 0], "MS": ["2", 0, "2", "3", "2", 0, 0, 0, "4", 0, "1", 0, 0, "1", "1", "1", "1", 0, 0, 0, 0, "2", 0, 0, 0, "1", "1", 0, 0, 0, "1", 0, "1", 0, 0, 0, "1", "1", 0, 0], "HT": [0, 0, 0, 0, 0, "2", 0, "1", "2", "1", "1", "2", "6", "1", 0, "4", "2", "2", 0, 0, "1", 0, 0, 0, 0, 0, 0, "1", "1", "1", 0, 0, 0, "1", 0, "2", 0, "1", 0, 0], "GV": [0, 0, 0, 0, "2", 0, 0, "1", 0, 0, 0, 0, 0, 0, 0, 0, 0, 0, 0, 0, 0, 0, "1", 0, 0, "1", "1", "1", 0, "2", 0, 0, "2", 0, "1", 0, "1", 0, 0, "2"], "TK": [0, 0, 0, 0, "1", "1", 0, 0, 0, "1", 0, "1", 0, 0, 0, 0, 0, 0, 0, 0, 0, 0, 0, 0, 0, "2", 0, 0, "1", 0, "1", 0, 0, 0, 0, 0, "3", 0, 0, 0], "BS": ["4", "3", 0, 0, "4", 0, 0, "1", 0, 0, 0, "2", 0, "4", 0, 0, 0, 0, 0, 0, "1", "1", "1", "1", 0, 0, 0, "1", 0, "3", 0, 0, "2", "3", "2", "5", "2", "1", 0, 0], "FW": [0, 0, "2", 0, 0, 0, "1", 0, 0, "0", "1", 0, "0", 0, "5", "5", 0, 0, 0, 0, 0, 0, "10", 0, 0, "2", 0, 0, 0, 0, "7", "1", "9", "4", 0, 0, 0, 0, 0, 0], "FL": [0, 0, "0", 0, 0, 0, "3", 0, 0, "3", "8", 0, "3", 0, "9", "7", 0, 0, 0, 0, 0, 0, "6", 0, 0, "0", 0, 0, 0, 0, "4", "1", "3", "0", 0, 0, 0, 0, 0, 0], "F%": [0, 0, "100", 0, 0, 0, "25", 0, 0, "0", "11", 0, "0", 0, "36", "42", 0, 0, 0, 0, 0, 0, "63", 0, 0, "100", 0, 0, 0, 0, "64", "50", "75", "100", 0, 0, 0, 0, 0, 0], "team": ["NEW YORK ISLANDERS ", "NEW YORK ISLANDERS ", "NEW YORK ISLANDERS ", "NEW YORK ISLANDERS ", "NEW YORK ISLANDERS ", "NEW YORK ISLANDERS ", "NEW YORK ISLANDERS ", "NEW YORK ISLANDERS ", "NEW YORK ISLANDERS ", "NEW YORK ISLANDERS ", "NEW YORK ISLANDERS ", "NEW YORK ISLANDERS ", "NEW YORK ISLANDERS ", "NEW YORK ISLANDERS ", "NEW YORK ISLANDERS ", "NEW YORK ISLANDERS ", "NEW YORK ISLANDERS ", "NEW YORK ISLANDERS ", "NEW YORK ISLANDERS ", "NEW YORK ISLANDERS ", "MONTREAL CANADIENS ", "MONTREAL CANADIENS ", "MONTREAL CANADIENS ", "MONTREAL CANADIENS ", "MONTREAL CANADIENS ", "MONTREAL CANADIENS ", "MONTREAL CANADIENS ", "MONTREAL CANADIENS ", "MONTREAL CANADIENS ", "MONTREAL CANADIENS ", "MONTREAL CANADIENS ", "MONTREAL CANADIENS ", "MONTREAL CANADIENS ", "MONTREAL CANADIENS ", "MONTREAL CANADIENS ", "MONTREAL CANADIENS ", "MONTREAL CANADIENS ", "MONTREAL CANADIENS ", "MONTREAL CANADIENS ", "MONTREAL CANADIENS "], "GA": [0, 0, 0, 0, 0, 0, 0, 0, 0, 0, 0, 0, 0, 0, 0, 0, 0, 0, "0", 0, 0, 0, 0, 0, 0, 0, 0, 0, 0, 0, 0, 0, 0, 0, 0, 0, 0, 0, 0, "2"], "SA": [0, 0, 0, 0, 0, 0, 0, 0, 0, 0, 0, 0, 0, 0, 0, 0, 0, 0, "19", 0, 0, 0, 0, 0, 0, 0, 0, 0, 0, 0, 0, 0, 0, 0, 0, 0, 0, 0, 0, "30"]}}