{"game_info": {"date": "2013-12-23", "visitor": "PHOENIX COYOTES ", "home": "BUFFALO SABRES ", "game_id": 553, "status": "final"}, "player_stats": {"number": ["3", "5", "11", "12", "14", "16", "17", "18", "23", "24", "26", "28", "34", "36", "50", "53", "63", "89", "1", "41", "3", "4", "6", "9", "10", "20", "21", "22", "26", "27", "28", "32", "37", "57", "63", "65", "1", "30"], "position": ["D", "D", "C", "L", "C", "D", "R", "R", "D", "C", "D", "L", "L", "C", "C", "D", "C", "L", "G", "G", "D", "D", "D", "C", "D", "D", "R", "L", "L", "R", "C", "L", "L", "D", "C", "C", "G", "G"], "name": ["YANDLE, KEITH", "MURPHY, CONNOR", "HANZAL, MARTIN", "BISSONNETTE, PAUL", "HALPERN, JEFF", "KLESLA, ROSTISLAV", "VRBATA, RADIM", "MOSS, DAVID", "EKMAN-LARSSON, OLIVER", "CHIPCHURA, KYLE", "STONE, MICHAEL", "KORPIKOSKI, LAURI", "KENNEDY, TIM", "KLINKHAMMER, ROB", "VERMETTE, ANTOINE", "MORRIS, DEREK", "RIBEIRO, MIKE", "BOEDKER, MIKKEL", "GREISS, THOMAS", "SMITH, MIKE", "PYSYK, MARK", "MCBAIN, JAMIE", "WEBER, MIKE", "OTT, STEVE", "EHRHOFF, CHRISTIAN", "TALLINDER, HENRIK", "STAFFORD, DREW", "LARSSON, JOHAN", "MOULSON, MATT", "D'AGOSTINI, MATT", "GIRGENSONS, ZEMGUS", "SCOTT, JOHN", "ELLIS, MATT", "MYERS, TYLER", "ENNIS, TYLER", "FLYNN, BRIAN", "ENROTH, JHONAS", "MILLER, RYAN"], "G": [0, 0, "1", 0, 0, 0, 0, 0, 0, 0, 0, 0, 0, 0, 0, 0, 0, 0, 0, 0, "1", 0, 0, 0, 0, 0, 0, 0, 0, 0, 0, 0, 0, 0, "1", 0, 0, 0], "A": [0, "1", 0, 0, 0, 0, 0, 0, 0, 0, 0, 0, "1", 0, 0, 0, 0, 0, 0, 0, 0, 0, 0, 0, "1", 0, 0, 0, "1", 0, "1", 0, 0, 0, 0, 0, 0, 0], "P": [0, "1", "1", 0, 0, 0, 0, 0, 0, 0, 0, 0, "1", 0, 0, 0, 0, 0, 0, 0, "1", 0, 0, 0, "1", 0, 0, 0, "1", 0, "1", 0, 0, 0, "1", 0, 0, 0], "+/-": [0, "+1", 0, 0, "-1", "-2", 0, 0, "+1", 0, "-2", 0, "+1", 0, "-1", "-1", 0, 0, 0, 0, "+2", 0, 0, 0, "+1", "-1", 0, 0, "+1", 0, 0, 0, 0, 0, "+1", 0, 0, 0], "PN": [0, 0, "1", 0, 0, 0, 0, 0, 0, 0, "1", 0, 0, 0, 0, "1", "1", 0, 0, 0, 0, 0, 0, 0, 0, 0, "2", 0, "2", 0, 0, "1", 0, 0, 0, 0, 0, 0], "PIM": [0, 0, "2", 0, 0, 0, 0, 0, 0, 0, "2", 0, 0, 0, 0, "2", "2", 0, 0, 0, 0, 0, 0, 0, 0, 0, "15", 0, "4", 0, 0, "2", 0, 0, 0, 0, 0, 0], "TOT": ["26:59", "21:38", "21:22", "03:15", "10:20", "14:24", "21:14", "17:16", "26:24", "09:24", "16:46", "16:33", "14:35", "10:56", "20:29", "21:37", "15:13", "18:49", 0, "63:41", "21:25", "18:47", "16:27", "22:02", "23:09", "19:33", "11:22", "18:51", "23:36", "16:49", "22:01", "08:50", "14:48", "25:03", "21:58", "19:27", 0, "63:47"], "SHF": ["25", "24", "28", "5", "14", "21", "27", "23", "28", "12", "24", "21", "19", "16", "27", "27", "18", "24", 0, 0, "31", "21", "21", "31", "28", "29", "15", "26", "30", "22", "32", "14", "22", "30", "28", "26", 0, 0], "AVG TOI/SH": ["01:04", "00:54", "00:45", "00:39", "00:44", "00:41", "00:47", "00:45", "00:56", "00:47", "00:41", "00:47", "00:46", "00:41", "00:45", "00:48", "00:50", "00:47", 0, 0, "00:41", "00:53", "00:47", "00:42", "00:49", "00:40", "00:45", "00:43", "00:47", "00:45", "00:41", "00:37", "00:40", "00:50", "00:47", "00:44", 0, 0], "PP": ["05:58", "00:00", "04:54", "00:00", "00:00", "00:00", "04:25", "03:13", "04:37", "00:00", "02:27", "01:05", "00:16", "00:00", "02:44", "02:14", "03:01", "03:16", 0, "07:38", "01:37", "03:01", "00:00", "02:06", "03:01", "00:00", "00:16", "02:08", "02:18", "00:44", "01:46", "01:45", "00:11", "01:37", "02:18", "00:22", 0, "04:38"], "SH": ["00:00", "02:45", "01:09", "00:00", "01:53", "01:45", "00:18", "02:16", "02:53", "00:00", "00:32", "01:09", "00:00", "00:00", "02:31", "01:21", "00:00", "00:00", 0, "04:38", "03:47", "00:00", "02:22", "02:45", "03:07", "02:33", "01:13", "02:02", "00:00", "00:40", "02:36", "00:00", "02:45", "03:27", "00:00", "03:15", 0, "07:38"], "EV": ["21:01", "18:53", "15:19", "03:15", "08:27", "12:39", "16:31", "11:47", "18:54", "09:24", "13:47", "14:19", "14:19", "10:56", "15:14", "18:02", "12:12", "15:33", 0, "51:25", "16:01", "15:46", "14:05", "17:11", "17:01", "17:00", "09:53", "14:41", "21:18", "15:25", "17:39", "07:05", "11:52", "19:59", "19:40", "15:50", 0, "51:31"], "S": ["2", "1", "2", "1", 0, "4", "8", "2", "1", 0, "1", "7", "1", "1", "2", 0, "1", "3", 0, 0, "5", "3", 0, "2", "3", 0, "1", 0, "1", "1", "7", 0, "1", "2", "5", "1", 0, 0], "A/B": ["3", 0, 0, 0, 0, "1", "1", "2", "1", 0, "1", "3", 0, 0, "1", "2", 0, 0, 0, 0, "2", "1", 0, 0, "4", 0, "1", 0, "1", "1", 0, 0, 0, 0, 0, 0, 0, 0], "MS": ["1", "1", "3", 0, 0, 0, 0, "2", "1", 0, 0, "1", 0, 0, "1", 0, 0, "1", 0, 0, "1", 0, 0, 0, "1", 0, "1", 0, 0, 0, "1", "1", "1", "2", "1", "1", 0, 0], "HT": [0, "2", "2", 0, 0, "3", 0, "1", 0, 0, "1", 0, "1", "1", 0, "1", 0, "2", 0, 0, 0, "2", "2", "1", 0, 0, "1", "1", "1", 0, "3", "2", 0, "4", 0, 0, 0, 0], "GV": [0, 0, 0, 0, 0, 0, "1", 0, 0, 0, 0, 0, 0, 0, 0, 0, "3", 0, 0, 0, 0, 0, 0, "2", "1", "1", 0, 0, 0, 0, 0, 0, 0, "1", 0, 0, 0, 0], "TK": ["1", 0, 0, 0, 0, 0, 0, 0, 0, 0, 0, 0, 0, 0, 0, 0, 0, "1", 0, 0, "2", "1", 0, 0, 0, 0, 0, "1", 0, 0, "2", 0, "2", 0, "2", 0, 0, 0], "BS": ["1", "1", "1", 0, 0, "1", "1", 0, 0, 0, 0, 0, "2", 0, "1", "1", 0, "1", 0, 0, 0, "2", "5", 0, "1", "1", 0, "3", 0, 0, "2", 0, 0, "1", 0, 0, 0, 0], "FW": [0, 0, "11", 0, "1", 0, "1", "0", 0, "0", 0, 0, 0, 0, "17", 0, "8", 0, 0, 0, 0, 0, 0, "5", 0, 0, 0, "5", 0, 0, "0", 0, "3", 0, "4", "4", 0, 0], "FL": [0, 0, "8", 0, "2", 0, "0", "1", 0, "1", 0, 0, 0, 0, "4", 0, "5", 0, 0, 0, 0, 0, 0, "6", 0, 0, 0, "11", 0, 0, "1", 0, "2", 0, "13", "5", 0, 0], "F%": [0, 0, "58", 0, "33", 0, "100", "0", 0, "0", 0, 0, 0, 0, "81", 0, "62", 0, 0, 0, 0, 0, 0, "45", 0, 0, 0, "31", 0, 0, "0", 0, "60", 0, "24", "44", 0, 0], "team": ["PHOENIX COYOTES ", "PHOENIX COYOTES ", "PHOENIX COYOTES ", "PHOENIX COYOTES ", "PHOENIX COYOTES ", "PHOENIX COYOTES ", "PHOENIX COYOTES ", "PHOENIX COYOTES ", "PHOENIX COYOTES ", "PHOENIX COYOTES ", "PHOENIX COYOTES ", "PHOENIX COYOTES ", "PHOENIX COYOTES ", "PHOENIX COYOTES ", "PHOENIX COYOTES ", "PHOENIX COYOTES ", "PHOENIX COYOTES ", "PHOENIX COYOTES ", "PHOENIX COYOTES ", "PHOENIX COYOTES ", "BUFFALO SABRES ", "BUFFALO SABRES ", "BUFFALO SABRES ", "BUFFALO SABRES ", "BUFFALO SABRES ", "BUFFALO SABRES ", "BUFFALO SABRES ", "BUFFALO SABRES ", "BUFFALO SABRES ", "BUFFALO SABRES ", "BUFFALO SABRES ", "BUFFALO SABRES ", "BUFFALO SABRES ", "BUFFALO SABRES ", "BUFFALO SABRES ", "BUFFALO SABRES ", "BUFFALO SABRES ", "BUFFALO SABRES "], "GA": [0, 0, 0, 0, 0, 0, 0, 0, 0, 0, 0, 0, 0, 0, 0, 0, 0, 0, 0.0, "2", 0, 0, 0, 0, 0, 0, 0, 0, 0, 0, 0, 0, 0, 0, 0, 0, 0, "1"], "SA": [0, 0, 0, 0, 0, 0, 0, 0, 0, 0, 0, 0, 0, 0, 0, 0, 0, 0, 0.0, "32", 0, 0, 0, 0, 0, 0, 0, 0, 0, 0, 0, 0, 0, 0, 0, 0, 0, "37"]}}