{"game_info": {"date": "2013-12-14", "visitor": "ST. LOUIS BLUES ", "home": "COLUMBUS BLUE JACKETS ", "game_id": 494, "status": "final"}, "player_stats": {"number": ["5", "9", "10", "12", "17", "19", "20", "21", "22", "25", "27", "28", "40", "42", "46", "74", "79", "91", "1", "41", "6", "7", "11", "13", "14", "17", "18", "19", "24", "26", "27", "38", "42", "47", "51", "55", "58", "71", "30", "35"], "position": ["D", "C", "L", "C", "C", "D", "L", "C", "D", "R", "D", "D", "C", "R", "D", "C", "R", "R", "G", "G", "D", "D", "L", "R", "L", "C", "C", "C", "C", "R", "D", "C", "C", "D", "D", "C", "D", "L", "G", "G"], "name": ["JACKMAN, BARRET", "SCHWARTZ, JADEN", "MORROW, BRENDEN", "ROY, DEREK", "SOBOTKA, VLADIMIR", "BOUWMEESTER, JAY", "STEEN, ALEXANDER", "BERGLUND, PATRIK", "SHATTENKIRK, KEVIN", "STEWART, CHRIS", "PIETRANGELO, ALEX", "COLE, IAN", "LAPIERRE, MAXIM", "BACKES, DAVID", "POLAK, ROMAN", "OSHIE, T.J.", "CRACKNELL, ADAM", "TARASENKO, VLADIMIR", "ELLIOTT, BRIAN", "HALAK, JAROSLAV", "NIKITIN, NIKITA", "JOHNSON, JACK", "CALVERT, MATT", "ATKINSON, CAM", "COMEAU, BLAKE", "DUBINSKY, BRANDON", "UMBERGER, RJ", "JOHANSEN, RYAN", "MACKENZIE, DEREK", "TROPP, COREY", "MURRAY, RYAN", "JENNER, BOONE", "ANISIMOV, ARTEM", "PROUT, DALTON", "TYUTIN, FEDOR", "LETESTU, MARK", "SAVARD, DAVID", "FOLIGNO, NICK", "MCKENNA, MIKE", "SMITH, JEREMY"], "G": [0, 0, 0, 0, 0, 0, 0, 0, 0, "1", 0, 0, 0, "1", 0, 0, 0, "2", 0, 0, 0, 0, 0, 0, 0, 0, 0, "1", 0, 0, 0, 0, "1", 0, "1", 0, 0, 0, 0, 0], "A": [0, 0, "2", "1", 0, "1", 0, 0, 0, 0, "1", "1", 0, 0, 0, 0, 0, 0, 0, 0, 0, "1", 0, 0, "1", "1", 0, 0, 0, 0, 0, 0, 0, 0, 0, 0, 0, 0, 0, 0], "P": [0, 0, "2", "1", 0, "1", 0, 0, 0, "1", "1", "1", 0, "1", 0, 0, 0, "2", 0, 0, 0, "1", 0, 0, "1", "1", 0, "1", 0, 0, 0, 0, "1", 0, "1", 0, 0, 0, 0, 0], "+/-": [0, 0, 0, "+1", 0, "+1", 0, "+2", "-1", "+1", "+1", "+1", "-2", "+1", 0, "-2", 0, "+1", 0, 0, 0, 0, "-1", 0, "+1", "-1", 0, 0, 0, 0, "-1", 0, "-1", 0, 0, 0, "-1", 0, 0, 0], "PN": ["1", 0, "1", "1", 0, 0, 0, 0, 0, "1", 0, "2", 0, "1", "2", 0, 0, "1", 0, 0, "1", "1", "1", 0, 0, 0, 0, 0, 0, "1", 0, 0, 0, "1", 0, 0, 0, "1", 0, 0], "PIM": ["2", 0, "2", "2", 0, 0, 0, 0, 0, "5", 0, "7", 0, "2", "4", 0, 0, "2", 0, 0, "2", "2", "5", 0, 0, 0, 0, 0, 0, "2", 0, 0, 0, "5", 0, 0, 0, "2", 0, 0], "TOT": ["18:38", "18:34", "10:55", "14:17", "09:25", "27:29", "20:59", "16:19", "15:43", "08:00", "26:05", "13:23", "09:54", "19:32", "17:55", "20:05", "05:20", "15:31", 0, "60:19", "14:53", "29:03", "14:30", "14:37", "09:56", "20:06", "21:13", "20:42", "09:35", "06:33", "20:50", "12:41", "15:52", "11:42", "26:47", "08:53", "17:44", "21:39", "60:20", 0], "SHF": ["27", "27", "16", "20", "16", "38", "31", "29", "22", "14", "38", "18", "14", "31", "26", "31", "7", "23", 0, 0, "21", "29", "23", "22", "17", "23", "27", "28", "16", "14", "24", "19", "21", "16", "29", "16", "20", "26", 0, 0], "AVG TOI/SH": ["00:41", "00:41", "00:40", "00:42", "00:35", "00:43", "00:40", "00:33", "00:42", "00:34", "00:41", "00:44", "00:42", "00:37", "00:41", "00:38", "00:45", "00:40", 0, 0, "00:42", "01:00", "00:37", "00:39", "00:35", "00:52", "00:47", "00:44", "00:35", "00:28", "00:52", "00:40", "00:45", "00:43", "00:55", "00:33", "00:53", "00:49", 0, 0], "PP": ["00:00", "01:47", "01:20", "01:53", "01:43", "02:29", "01:28", "00:38", "02:10", "00:00", "02:21", "00:00", "00:00", "01:07", "00:00", "01:53", "00:50", "01:31", 0, "04:14", "03:08", "08:38", "03:46", "03:23", "00:03", "05:37", "06:27", "07:46", "00:00", "00:00", "05:34", "01:40", "03:29", "00:03", "07:32", "00:02", "01:23", "07:16", "13:07", 0], "SH": ["04:50", "01:55", "00:24", "01:13", "01:44", "07:19", "04:05", "04:01", "00:26", "00:00", "07:37", "01:50", "03:11", "03:38", "03:34", "04:43", "00:00", "01:48", 0, "13:09", "00:23", "02:52", "00:23", "00:12", "00:00", "01:48", "01:08", "00:00", "01:51", "00:00", "00:14", "00:00", "01:41", "01:08", "02:52", "01:25", "00:59", "00:00", "04:14", 0], "EV": ["13:48", "14:52", "09:11", "11:11", "05:58", "17:41", "15:26", "11:40", "13:07", "08:00", "16:07", "11:33", "06:43", "14:47", "14:21", "13:29", "04:30", "12:12", 0, "42:56", "11:22", "17:33", "10:21", "11:02", "09:53", "12:41", "13:38", "12:56", "07:44", "06:33", "15:02", "11:01", "10:42", "10:31", "16:23", "07:26", "15:22", "14:23", "42:59", 0], "S": ["1", "3", "1", "5", 0, "1", "2", "1", "2", "2", "2", 0, 0, "2", "3", "1", "1", "4", 0, 0, "2", "1", "3", 0, 0, "5", "1", "5", 0, "1", "1", "1", "2", "1", "6", 0, 0, "4", 0, 0], "A/B": ["1", 0, 0, "1", "2", "1", "2", 0, "2", "1", "2", "1", "1", "1", "1", 0, 0, 0, 0, 0, "1", "1", 0, "2", "1", "2", "1", "1", 0, "1", "1", 0, "1", 0, "2", 0, "1", 0, 0, 0], "MS": [0, "1", 0, 0, "2", 0, "2", 0, 0, 0, 0, 0, "1", "1", 0, 0, 0, 0, 0, 0, "1", 0, 0, 0, "1", "1", "2", "1", 0, 0, "2", 0, "2", 0, "1", "2", 0, 0, 0, 0], "HT": ["1", 0, "1", 0, 0, 0, "1", "2", 0, "2", "1", "1", "1", "6", "4", "1", "2", 0, 0, 0, "1", "3", "3", "1", "2", "3", 0, "2", "4", "2", "1", "1", "1", "1", 0, 0, "1", "1", 0, 0], "GV": [0, 0, 0, 0, 0, 0, "1", "1", "1", 0, "1", 0, 0, 0, 0, 0, 0, 0, 0, 0, "1", 0, 0, "2", 0, 0, 0, 0, 0, 0, 0, 0, 0, 0, 0, 0, 0, 0, "1", 0], "TK": [0, 0, 0, 0, 0, 0, 0, 0, "1", 0, 0, 0, 0, "2", 0, 0, "1", 0, 0, 0, 0, 0, 0, 0, 0, 0, 0, 0, 0, 0, 0, 0, "1", "1", 0, 0, 0, "1", 0, 0], "BS": ["1", "1", "1", 0, 0, 0, "1", 0, "1", "1", "3", 0, 0, "1", "4", "1", 0, 0, 0, 0, 0, "1", "2", 0, 0, 0, "1", 0, "2", "1", "2", "1", "1", "1", "2", 0, 0, "2", 0, 0], "FW": [0, "0", 0, "3", "3", "1", "1", "8", 0, 0, 0, 0, "3", "7", 0, 0, 0, 0, 0, 0, 0, 0, 0, 0, 0, "14", "1", "14", "2", 0, 0, 0, "5", 0, 0, "1", 0, "0", 0, 0], "FL": [0, "1", 0, "4", "2", "0", "6", "8", 0, 0, 0, 0, "4", "12", 0, 0, 0, 0, 0, 0, 0, 0, 0, 0, 0, "8", "0", "8", "1", 0, 0, 0, "5", 0, 0, "3", 0, "1", 0, 0], "F%": [0, "0", 0, "43", "60", "100", "14", "50", 0, 0, 0, 0, "43", "37", 0, 0, 0, 0, 0, 0, 0, 0, 0, 0, 0, "64", "100", "64", "67", 0, 0, 0, "50", 0, 0, "25", 0, "0", 0, 0], "team": ["ST. LOUIS BLUES ", "ST. LOUIS BLUES ", "ST. LOUIS BLUES ", "ST. LOUIS BLUES ", "ST. LOUIS BLUES ", "ST. LOUIS BLUES ", "ST. LOUIS BLUES ", "ST. LOUIS BLUES ", "ST. LOUIS BLUES ", "ST. LOUIS BLUES ", "ST. LOUIS BLUES ", "ST. LOUIS BLUES ", "ST. LOUIS BLUES ", "ST. LOUIS BLUES ", "ST. LOUIS BLUES ", "ST. LOUIS BLUES ", "ST. LOUIS BLUES ", "ST. LOUIS BLUES ", "ST. LOUIS BLUES ", "ST. LOUIS BLUES ", "COLUMBUS BLUE JACKETS ", "COLUMBUS BLUE JACKETS ", "COLUMBUS BLUE JACKETS ", "COLUMBUS BLUE JACKETS ", "COLUMBUS BLUE JACKETS ", "COLUMBUS BLUE JACKETS ", "COLUMBUS BLUE JACKETS ", "COLUMBUS BLUE JACKETS ", "COLUMBUS BLUE JACKETS ", "COLUMBUS BLUE JACKETS ", "COLUMBUS BLUE JACKETS ", "COLUMBUS BLUE JACKETS ", "COLUMBUS BLUE JACKETS ", "COLUMBUS BLUE JACKETS ", "COLUMBUS BLUE JACKETS ", "COLUMBUS BLUE JACKETS ", "COLUMBUS BLUE JACKETS ", "COLUMBUS BLUE JACKETS ", "COLUMBUS BLUE JACKETS ", "COLUMBUS BLUE JACKETS "], "GA": [0, 0, 0, 0, 0, 0, 0, 0, 0, 0, 0, 0, 0, 0, 0, 0, 0, 0, 0.0, "3", 0, 0, 0, 0, 0, 0, 0, 0, 0, 0, 0, 0, 0, 0, 0, 0, 0, 0, "4", 0], "SA": [0, 0, 0, 0, 0, 0, 0, 0, 0, 0, 0, 0, 0, 0, 0, 0, 0, 0, 0.0, "33", 0, 0, 0, 0, 0, 0, 0, 0, 0, 0, 0, 0, 0, 0, 0, 0, 0, 0, "31", 0]}}