{"game_info": {"date": "2013-10-26", "visitor": "WASHINGTON CAPITALS ", "home": "CALGARY FLAMES ", "game_id": 165, "status": "final"}, "player_stats": {"number": ["4", "8", "10", "16", "19", "20", "21", "24", "25", "27", "42", "43", "52", "61", "74", "84", "88", "90", "30", "70", "4", "6", "7", "8", "11", "13", "16", "17", "18", "20", "23", "24", "27", "39", "44", "47", "54", "55", "31", "35"], "position": ["D", "L", "R", "R", "C", "R", "C", "L", "L", "D", "R", "R", "D", "D", "D", "C", "D", "C", "G", "G", "D", "D", "D", "C", "C", "L", "R", "L", "C", "L", "C", "C", "D", "L", "D", "L", "R", "D", "G", "G"], "name": ["ERSKINE, JOHN", "OVECHKIN, ALEX", "ERAT, MARTIN", "FEHR, ERIC", "BACKSTROM, NICKLAS", "BROUWER, TROY", "LAICH, BROOKS", "VOLPATTI, AARON", "CHIMERA, JASON", "ALZNER, KARL", "WARD, JOEL", "WILSON, TOM", "GREEN, MIKE", "OLEKSY, STEVE", "CARLSON, JOHN", "GRABOVSKI, MIKHAIL", "SCHMIDT, NATE", "JOHANSSON, MARCUS", "NEUVIRTH, MICHAL", "HOLTBY, BRADEN", "RUSSELL, KRIS", "WIDEMAN, DENNIS", "BRODIE, TJ", "COLBORNE, JOE", "BACKLUND, MIKAEL", "CAMMALLERI, MIKE", "MCGRATTAN, BRIAN", "BOUMA, LANCE", "STAJAN, MATT", "GLENCROSS, CURTIS", "MONAHAN, SEAN", "HUDLER, JIRI", "SMITH, DEREK", "GALIARDI, TJ", "BUTLER, CHRIS", "BAERTSCHI, SVEN", "JONES, DAVID", "O'BRIEN, SHANE", "RAMO, KARRI", "MACDONALD, JOEY"], "G": [0, 0, 0, 0, 0, 0, 0, "1", "1", 0, 0, 0, 0, 0, 0, 0, 0, 0, 0, 0, "1", 0, 0, 0, 0, "2", 0, 0, 0, "1", 0, "1", 0, 0, 0, 0, 0, 0, 0, 0], "A": [0, 0, 0, "1", 0, 0, 0, 0, 0, 0, 0, 0, "1", 0, 0, "1", "1", 0, 0, 0, "1", "2", 0, "1", 0, "1", 0, 0, "1", 0, "1", 0, 0, "1", 0, "1", 0, 0, 0, 0], "P": [0, 0, 0, "1", 0, 0, 0, "1", "1", 0, 0, 0, "1", 0, 0, "1", "1", 0, 0, 0, "2", "2", 0, "1", 0, "3", 0, 0, "1", "1", "1", "1", 0, "1", 0, "1", 0, 0, 0, 0], "+/-": [0, "-1", "-4", "+1", 0, "-1", "-3", "+1", 0, "-1", "-2", 0, "-2", 0, "-1", 0, "-2", 0, 0, 0, "+5", "+5", 0, "+2", 0, "+2", 0, 0, "+1", "+1", 0, 0, "-2", "+3", 0, 0, 0, "-2", 0, 0], "PN": [0, 0, 0, 0, 0, 0, "1", 0, "1", 0, 0, 0, 0, "1", 0, 0, 0, 0, 0, 0, 0, 0, 0, 0, 0, "1", "1", 0, "1", 0, 0, 0, 0, 0, 0, 0, "1", 0, 0, 0], "PIM": [0, 0, 0, 0, 0, 0, "2", 0, "2", 0, 0, 0, 0, "2", 0, 0, 0, 0, 0, 0, 0, 0, 0, 0, 0, "2", "2", 0, "2", 0, 0, 0, 0, 0, 0, 0, "2", 0, 0, 0], "TOT": ["14:51", "22:50", "16:23", "09:33", "20:46", "19:25", "16:46", "04:58", "15:07", "19:39", "16:07", "04:40", "25:19", "13:53", "21:30", "15:16", "17:00", "19:59", "47:10", "12:48", "27:12", "29:17", "26:18", "15:18", "09:54", "17:23", "06:09", "10:15", "16:13", "16:28", "16:07", "15:03", "06:15", "18:01", "24:45", "16:03", "15:13", "06:06", "60:00", 0], "SHF": ["20", "22", "20", "13", "22", "22", "22", "6", "19", "22", "21", "6", "23", "19", "23", "17", "16", "22", 0, 0, "40", "37", "34", "20", "16", "21", "9", "16", "26", "22", "21", "20", "7", "23", "32", "21", "22", "8", 0, 0], "AVG TOI/SH": ["00:44", "01:02", "00:49", "00:44", "00:56", "00:52", "00:45", "00:49", "00:47", "00:53", "00:46", "00:46", "01:06", "00:43", "00:56", "00:53", "01:03", "00:54", 0, 0, "00:40", "00:47", "00:46", "00:45", "00:37", "00:49", "00:41", "00:38", "00:37", "00:44", "00:46", "00:45", "00:53", "00:47", "00:46", "00:45", "00:41", "00:45", 0, 0], "PP": ["00:00", "07:44", "01:54", "00:00", "06:06", "05:32", "01:54", "00:00", "00:00", "00:00", "02:28", "00:00", "06:40", "00:00", "01:36", "00:00", "00:00", "06:06", "06:00", "02:00", "03:26", "04:41", "02:39", "01:50", "00:00", "02:49", "00:00", "00:00", "00:09", "02:49", "03:02", "01:36", "00:00", "00:00", "00:57", "03:09", "02:53", "00:00", "06:00", 0], "SH": ["01:57", "00:00", "01:53", "01:30", "00:11", "01:43", "02:14", "00:00", "01:09", "03:57", "02:36", "00:00", "00:41", "01:22", "03:57", "00:38", "00:06", "00:06", "04:00", "02:00", "03:07", "03:12", "04:48", "00:27", "03:05", "00:00", "00:07", "03:52", "03:46", "00:42", "00:00", "00:00", "00:00", "03:59", "04:53", "00:00", "00:02", "00:00", "08:00", 0], "EV": ["12:54", "15:06", "12:36", "08:03", "14:29", "12:10", "12:38", "04:58", "13:58", "15:42", "11:03", "04:40", "17:58", "12:31", "15:57", "14:38", "16:54", "13:47", "37:10", "08:48", "20:39", "21:24", "18:51", "13:01", "06:49", "14:34", "06:02", "06:23", "12:18", "12:57", "13:05", "13:27", "06:15", "14:02", "18:55", "12:54", "12:18", "06:06", "46:00", 0], "S": [0, "5", 0, "1", "3", "1", 0, "2", "6", "1", 0, "1", "2", "2", "3", 0, "2", 0, 0, 0, "3", "7", "2", "1", 0, "4", "2", 0, 0, "3", "2", "2", "1", 0, "1", "1", "4", 0, 0, 0], "A/B": ["1", "6", 0, 0, "1", 0, "1", 0, "1", "1", 0, 0, "4", 0, "2", 0, "1", 0, 0, 0, "1", "1", "1", 0, 0, 0, 0, 0, 0, "2", "2", 0, 0, 0, 0, 0, 0, 0, 0, 0], "MS": [0, "4", 0, 0, 0, "1", 0, 0, "1", 0, 0, 0, "2", "1", "2", 0, 0, 0, 0, 0, "1", "2", 0, 0, "1", 0, 0, 0, 0, 0, 0, 0, 0, 0, "2", 0, "1", 0, 0, 0], "HT": ["2", 0, 0, 0, "1", "3", "4", "2", "1", 0, 0, 0, 0, "2", 0, 0, 0, "1", 0, 0, 0, "1", "1", "2", 0, 0, "1", "2", "2", "1", 0, 0, "1", "1", 0, 0, "1", 0, 0, 0], "GV": [0, "2", 0, 0, "1", "1", "1", 0, 0, "1", "2", 0, 0, 0, "1", 0, "1", "1", "1", 0, "2", 0, "4", 0, "1", 0, 0, 0, "1", 0, "1", 0, 0, 0, "1", 0, 0, 0, 0, 0], "TK": [0, 0, 0, "1", "1", 0, 0, 0, 0, "1", 0, 0, 0, 0, "1", 0, 0, 0, 0, 0, "2", 0, 0, "1", "2", 0, 0, 0, 0, "1", "1", 0, "1", 0, 0, 0, "1", 0, 0, 0], "BS": [0, 0, 0, 0, 0, 0, 0, 0, "1", "2", 0, 0, "2", 0, "2", 0, 0, 0, 0, 0, "2", "6", "3", "2", 0, 0, 0, 0, "2", 0, 0, 0, 0, "1", "2", 0, 0, 0, 0, 0], "FW": [0, 0, 0, "4", "8", "2", "5", 0, "2", 0, 0, 0, 0, 0, 0, "4", 0, "1", 0, 0, 0, 0, 0, "10", "7", "0", 0, 0, "10", 0, "4", 0, 0, 0, 0, 0, "0", 0, 0, 0], "FL": [0, 0, 0, "4", "8", "2", "11", 0, "0", 0, 0, 0, 0, 0, 0, "6", 0, "0", 0, 0, 0, 0, 0, "4", "3", "3", 0, 0, "5", 0, "10", 0, 0, 0, 0, 0, "1", 0, 0, 0], "F%": [0, 0, 0, "50", "50", "50", "31", 0, "100", 0, 0, 0, 0, 0, 0, "40", 0, "100", 0, 0, 0, 0, 0, "71", "70", "0", 0, 0, "67", 0, "29", 0, 0, 0, 0, 0, "0", 0, 0, 0], "team": ["WASHINGTON CAPITALS ", "WASHINGTON CAPITALS ", "WASHINGTON CAPITALS ", "WASHINGTON CAPITALS ", "WASHINGTON CAPITALS ", "WASHINGTON CAPITALS ", "WASHINGTON CAPITALS ", "WASHINGTON CAPITALS ", "WASHINGTON CAPITALS ", "WASHINGTON CAPITALS ", "WASHINGTON CAPITALS ", "WASHINGTON CAPITALS ", "WASHINGTON CAPITALS ", "WASHINGTON CAPITALS ", "WASHINGTON CAPITALS ", "WASHINGTON CAPITALS ", "WASHINGTON CAPITALS ", "WASHINGTON CAPITALS ", "WASHINGTON CAPITALS ", "WASHINGTON CAPITALS ", "CALGARY FLAMES ", "CALGARY FLAMES ", "CALGARY FLAMES ", "CALGARY FLAMES ", "CALGARY FLAMES ", "CALGARY FLAMES ", "CALGARY FLAMES ", "CALGARY FLAMES ", "CALGARY FLAMES ", "CALGARY FLAMES ", "CALGARY FLAMES ", "CALGARY FLAMES ", "CALGARY FLAMES ", "CALGARY FLAMES ", "CALGARY FLAMES ", "CALGARY FLAMES ", "CALGARY FLAMES ", "CALGARY FLAMES ", "CALGARY FLAMES ", "CALGARY FLAMES "], "GA": [0, 0, 0, 0, 0, 0, 0, 0, 0, 0, 0, 0, 0, 0, 0, 0, 0, 0, "2", "3", 0, 0, 0, 0, 0, 0, 0, 0, 0, 0, 0, 0, 0, 0, 0, 0, 0, 0, "2", 0], "SA": [0, 0, 0, 0, 0, 0, 0, 0, 0, 0, 0, 0, 0, 0, 0, 0, 0, 0, "19", "14", 0, 0, 0, 0, 0, 0, 0, 0, 0, 0, 0, 0, 0, 0, 0, 0, 0, 0, "29", 0]}}