{"game_info": {"date": "2014-02-25", "visitor": "CAROLINA HURRICANES ", "home": "BUFFALO SABRES ", "game_id": 647, "status": "final"}, "player_stats": {"number": ["4", "11", "12", "14", "15", "18", "19", "20", "21", "22", "26", "27", "28", "39", "44", "53", "65", "73", "30", "31", "4", "6", "8", "9", "10", "19", "21", "23", "26", "27", "28", "32", "37", "52", "57", "63", "65", "82", "1", "30"], "position": ["D", "C", "C", "C", "R", "R", "C", "C", "L", "C", "D", "D", "R", "R", "D", "C", "D", "D", "G", "G", "D", "D", "C", "C", "D", "C", "R", "L", "L", "R", "C", "L", "L", "D", "D", "C", "C", "L", "G", "G"], "name": ["SEKERA, ANDREJ", "STAAL, JORDAN", "STAAL, ERIC", "GERBE, NATHAN", "RUUTU, TUOMO", "DVORAK, RADEK", "TLUSTY, JIRI", "NASH, RILEY", "BOWMAN, DRAYSON", "MALHOTRA, MANNY", "LILES, JOHN-MICHAEL", "FAULK, JUSTIN", "SEMIN, ALEXANDER", "DWYER, PATRICK", "HARRISON, JAY", "SKINNER, JEFF", "HAINSEY, RON", "BELLEMORE, BRETT", "WARD, CAM", "KHUDOBIN, ANTON", "MCBAIN, JAMIE", "WEBER, MIKE", "MCCORMICK, CODY", "OTT, STEVE", "EHRHOFF, CHRISTIAN", "HODGSON, CODY", "STAFFORD, DREW", "LEINO, VILLE", "MOULSON, MATT", "D'AGOSTINI, MATT", "GIRGENSONS, ZEMGUS", "SCOTT, JOHN", "ELLIS, MATT", "SULZER, ALEXANDER", "MYERS, TYLER", "ENNIS, TYLER", "FLYNN, BRIAN", "FOLIGNO, MARCUS", "ENROTH, JHONAS", "MILLER, RYAN"], "G": [0, 0, "1", 0, 0, 0, 0, 0, 0, 0, 0, 0, "1", 0, 0, 0, 0, 0, 0, 0, 0, 0, 0, 0, "2", 0, 0, 0, 0, 0, 0, 0, 0, 0, 0, "1", 0, 0, 0, 0], "A": ["1", 0, 0, 0, 0, 0, 0, 0, 0, 0, 0, "1", 0, 0, 0, 0, 0, 0, 0, 0, 0, 0, 0, 0, 0, 0, "2", 0, "1", 0, 0, 0, 0, 0, 0, 0, 0, 0, 0, "2"], "P": ["1", 0, "1", 0, 0, 0, 0, 0, 0, 0, 0, "1", "1", 0, 0, 0, 0, 0, 0, 0, 0, 0, 0, 0, "2", 0, "2", 0, "1", 0, 0, 0, 0, 0, 0, "1", 0, 0, 0, "2"], "+/-": [0, 0, "+2", 0, "-1", "-1", "+1", 0, "-1", "-2", "-1", "+1", "+2", 0, "+1", "-1", "-1", "+1", 0, 0, "+1", 0, 0, 0, "-1", "-1", "-1", 0, "-1", "-1", "+1", "+1", 0, 0, 0, 0, "+1", "+1", 0, 0], "PN": [0, 0, 0, 0, 0, 0, 0, "2", 0, 0, 0, 0, 0, 0, 0, 0, 0, "1", 0, 0, 0, 0, 0, 0, 0, 0, 0, 0, 0, "1", 0, "1", 0, 0, "1", 0, "1", "1", 0, 0], "PIM": [0, 0, 0, 0, 0, 0, 0, "4", 0, 0, 0, 0, 0, 0, 0, 0, 0, "2", 0, 0, 0, 0, 0, 0, 0, 0, 0, 0, 0, "2", 0, "2", 0, 0, "2", 0, "2", "2", 0, 0], "TOT": ["21:52", "17:31", "20:40", "16:06", "15:21", "10:21", "17:36", "11:23", "11:50", "11:27", "22:40", "22:33", "19:41", "12:51", "14:26", "15:49", "19:24", "13:57", "59:31", 0, "15:33", "22:21", "09:17", "17:11", "24:20", "12:49", "19:31", "12:53", "16:56", "13:29", "15:27", "11:01", "09:03", "21:45", "23:08", "14:02", "14:56", "16:18", 0, "60:00"], "SHF": ["28", "25", "27", "22", "18", "16", "25", "18", "17", "17", "23", "28", "26", "20", "19", "21", "24", "21", 0, 0, "21", "28", "13", "23", "30", "18", "25", "16", "21", "19", "21", "16", "12", "28", "30", "18", "24", "22", 0, 0], "AVG TOI/SH": ["00:46", "00:42", "00:45", "00:43", "00:51", "00:38", "00:42", "00:37", "00:41", "00:40", "00:59", "00:48", "00:45", "00:38", "00:45", "00:45", "00:48", "00:39", 0, 0, "00:44", "00:47", "00:42", "00:44", "00:48", "00:42", "00:46", "00:48", "00:48", "00:42", "00:44", "00:41", "00:45", "00:46", "00:46", "00:46", "00:37", "00:44", 0, 0], "PP": ["04:43", "05:08", "05:34", "04:42", "04:39", "00:02", "04:32", "00:00", "00:11", "00:02", "05:05", "05:02", "04:58", "00:00", "00:10", "05:00", "00:02", "00:10", "10:00", 0, "02:23", "00:00", "00:00", "02:27", "02:38", "02:34", "02:34", "02:27", "02:34", "02:27", "00:00", "00:00", "00:00", "00:00", "02:27", "02:34", "00:00", "00:00", 0, "05:01"], "SH": ["03:04", "01:28", "00:53", "00:00", "00:00", "00:55", "00:24", "00:25", "00:54", "01:51", "00:00", "03:04", "00:53", "02:19", "00:53", "00:00", "01:57", "01:04", "05:01", 0, "01:40", "04:22", "01:56", "03:50", "05:23", "00:00", "02:29", "00:03", "00:03", "00:00", "04:11", "00:00", "01:50", "04:41", "03:54", "00:00", "02:23", "03:15", 0, "10:00"], "EV": ["14:05", "10:55", "14:13", "11:24", "10:42", "09:24", "12:40", "10:58", "10:45", "09:34", "17:35", "14:27", "13:50", "10:32", "13:23", "10:49", "17:25", "12:43", "44:30", 0, "11:30", "17:59", "07:21", "10:54", "16:19", "10:15", "14:28", "10:23", "14:19", "11:02", "11:16", "11:01", "07:13", "17:04", "16:47", "11:28", "12:33", "13:03", 0, "44:59"], "S": [0, "2", "4", "1", "1", "2", "5", "3", 0, "1", "1", "1", "4", "3", "1", "7", "1", "1", 0, 0, 0, 0, 0, "1", "2", "1", "3", 0, "2", "3", 0, 0, 0, 0, "2", "2", "1", "1", 0, 0], "A/B": ["4", 0, "1", "1", 0, 0, "2", "1", 0, "1", 0, 0, "4", 0, "2", "1", 0, 0, 0, 0, "1", 0, 0, 0, "1", 0, "1", 0, 0, 0, "1", 0, "1", 0, 0, "1", 0, 0, 0, 0], "MS": [0, 0, "2", "1", "1", 0, "1", 0, 0, 0, "2", 0, "2", "1", "1", 0, 0, "1", 0, 0, 0, 0, "1", 0, 0, "1", 0, 0, "1", 0, 0, 0, 0, 0, "1", 0, 0, 0, 0, 0], "HT": [0, "2", "1", "1", 0, 0, "1", 0, 0, "1", "1", 0, 0, 0, 0, 0, 0, "1", 0, 0, "1", "3", "3", "4", "1", "1", 0, 0, "1", 0, 0, "2", "1", 0, "1", "1", "1", "4", 0, 0], "GV": [0, 0, 0, "2", 0, 0, 0, 0, 0, 0, 0, 0, 0, 0, 0, "1", 0, 0, 0, 0, 0, "2", 0, 0, "2", 0, 0, "1", 0, 0, 0, 0, 0, 0, "1", "1", 0, 0, 0, 0], "TK": [0, 0, 0, 0, 0, 0, 0, 0, 0, "1", 0, 0, 0, 0, 0, 0, 0, 0, 0, 0, 0, 0, 0, 0, 0, 0, 0, 0, 0, "1", 0, 0, 0, 0, 0, 0, "1", "1", 0, 0], "BS": ["1", 0, 0, 0, 0, 0, 0, 0, 0, "1", 0, "3", 0, 0, 0, 0, "1", 0, 0, 0, "1", "4", 0, 0, "3", 0, 0, 0, "1", "1", 0, "1", 0, "2", "2", "1", "1", 0, 0, 0], "FW": [0, "14", "13", 0, 0, 0, "0", "6", 0, "5", 0, 0, 0, 0, 0, "0", 0, 0, 0, 0, 0, 0, "0", "12", 0, "4", "5", "1", 0, 0, "2", 0, "1", 0, 0, "1", "3", 0, 0, 0], "FL": [0, "7", "9", 0, 0, 0, "1", "5", 0, "6", 0, 0, 0, 0, 0, "1", 0, 0, 0, 0, 0, 0, "2", "5", 0, "9", "4", "3", 0, 0, "8", 0, "0", 0, 0, "4", "3", 0, 0, 0], "F%": [0, "67", "59", 0, 0, 0, "0", "55", 0, "45", 0, 0, 0, 0, 0, "0", 0, 0, 0, 0, 0, 0, "0", "71", 0, "31", "56", "25", 0, 0, "20", 0, "100", 0, 0, "20", "50", 0, 0, 0], "team": ["CAROLINA HURRICANES ", "CAROLINA HURRICANES ", "CAROLINA HURRICANES ", "CAROLINA HURRICANES ", "CAROLINA HURRICANES ", "CAROLINA HURRICANES ", "CAROLINA HURRICANES ", "CAROLINA HURRICANES ", "CAROLINA HURRICANES ", "CAROLINA HURRICANES ", "CAROLINA HURRICANES ", "CAROLINA HURRICANES ", "CAROLINA HURRICANES ", "CAROLINA HURRICANES ", "CAROLINA HURRICANES ", "CAROLINA HURRICANES ", "CAROLINA HURRICANES ", "CAROLINA HURRICANES ", "CAROLINA HURRICANES ", "CAROLINA HURRICANES ", "BUFFALO SABRES ", "BUFFALO SABRES ", "BUFFALO SABRES ", "BUFFALO SABRES ", "BUFFALO SABRES ", "BUFFALO SABRES ", "BUFFALO SABRES ", "BUFFALO SABRES ", "BUFFALO SABRES ", "BUFFALO SABRES ", "BUFFALO SABRES ", "BUFFALO SABRES ", "BUFFALO SABRES ", "BUFFALO SABRES ", "BUFFALO SABRES ", "BUFFALO SABRES ", "BUFFALO SABRES ", "BUFFALO SABRES ", "BUFFALO SABRES ", "BUFFALO SABRES "], "GA": [0, 0, 0, 0, 0, 0, 0, 0, 0, 0, 0, 0, 0, 0, 0, 0, 0, 0, "3", 0, 0, 0, 0, 0, 0, 0, 0, 0, 0, 0, 0, 0, 0, 0, 0, 0, 0, 0, 0, "2"], "SA": [0, 0, 0, 0, 0, 0, 0, 0, 0, 0, 0, 0, 0, 0, 0, 0, 0, 0, "18", 0, 0, 0, 0, 0, 0, 0, 0, 0, 0, 0, 0, 0, 0, 0, 0, 0, 0, 0, 0, "38"]}}