{"game_info": {"date": "2013-10-28", "visitor": "MONTREAL CANADIENS ", "home": "NEW YORK RANGERS ", "game_id": 173, "status": "final"}, "player_stats": {"number": ["6", "11", "14", "17", "21", "26", "27", "45", "49", "51", "53", "55", "61", "71", "76", "79", "81", "82", "30", "31", "4", "5", "6", "10", "12", "14", "15", "16", "17", "18", "19", "20", "21", "22", "27", "28", "36", "67", "30", "33"], "position": ["D", "R", "C", "R", "R", "D", "C", "R", "L", "C", "C", "D", "D", "C", "D", "D", "C", "R", "G", "G", "D", "D", "D", "C", "R", "L", "R", "C", "D", "D", "C", "C", "C", "C", "D", "C", "C", "L", "G", "G"], "name": ["MURRAY, DOUGLAS", "GALLAGHER, BRENDAN", "PLEKANEC, TOMAS", "BOURQUE, RENE", "GIONTA, BRIAN", "GORGES, JOSH", "GALCHENYUK, ALEX", "BLUNDEN, MIKE", "BOURNIVAL, MICHAEL", "DESHARNAIS, DAVID", "WHITE, RYAN", "BOUILLON, FRANCIS", "DIAZ, RAPHAEL", "LEBLANC, LOUIS", "SUBBAN, P.K.", "MARKOV, ANDREI", "ELLER, LARS", "HOLLAND, PATRICK", "BUDAJ, PETER", "PRICE, CAREY", "DEL ZOTTO, MICHAEL", "GIRARDI, DAN", "STRALMAN, ANTON", "MILLER, J.T.", "FAST, JESPER", "PYATT, TAYLOR", "DORSETT, DEREK", "BRASSARD, DERICK", "MOORE, JOHN", "STAAL, MARC", "RICHARDS, BRAD", "KREIDER, CHRIS", "STEPAN, DEREK", "BOYLE, BRIAN", "MCDONAGH, RYAN", "MOORE, DOMINIC", "ZUCCARELLO, MATS", "POULIOT, BENOIT", "LUNDQVIST, HENRIK", "TALBOT, CAM"], "G": [0, 0, "1", 0, 0, 0, "1", 0, 0, 0, 0, 0, 0, 0, 0, 0, 0, 0, 0, 0, 0, 0, 0, 0, 0, 0, 0, 0, 0, 0, 0, 0, 0, 0, 0, 0, 0, 0, 0, 0], "A": [0, "1", 0, 0, "1", 0, 0, 0, "1", 0, 0, 0, 0, 0, 0, 0, "1", 0, 0, 0, 0, 0, 0, 0, 0, 0, 0, 0, 0, 0, 0, 0, 0, 0, 0, 0, 0, 0, 0, 0], "P": [0, "1", "1", 0, "1", 0, "1", 0, "1", 0, 0, 0, 0, 0, 0, 0, "1", 0, 0, 0, 0, 0, 0, 0, 0, 0, 0, 0, 0, 0, 0, 0, 0, 0, 0, 0, 0, 0, 0, 0], "+/-": [0, "+1", 0, 0, 0, 0, "+1", 0, 0, 0, 0, 0, 0, 0, "+1", "+1", "+1", 0, 0, 0, 0, "-1", 0, "-1", 0, 0, 0, "-1", "-1", 0, 0, "-1", 0, 0, 0, 0, 0, 0, 0, 0], "PN": ["1", 0, 0, 0, "3", 0, 0, 0, 0, 0, 0, 0, 0, "1", 0, "1", 0, 0, 0, 0, 0, 0, 0, 0, "1", "1", 0, 0, "1", 0, 0, "1", 0, "1", "1", 0, 0, "1", 0, 0], "PIM": ["2", 0, 0, 0, "6", 0, 0, 0, 0, 0, 0, 0, 0, "2", 0, "2", 0, 0, 0, 0, 0, 0, 0, 0, "2", "2", 0, 0, "2", 0, 0, "2", 0, "2", "2", 0, 0, "2", 0, 0], "TOT": ["14:21", "16:26", "19:38", "14:57", "18:19", "19:38", "14:15", "05:58", "15:09", "12:57", "11:10", "18:11", "20:40", "10:16", "21:37", "25:47", "19:42", "09:53", "59:09", 0, "18:38", "20:14", "17:27", "14:28", "08:09", "10:06", "11:01", "14:14", "18:00", "16:17", "20:43", "17:43", "21:57", "14:57", "24:56", "12:26", "13:49", "14:32", "57:45", 0], "SHF": ["22", "24", "27", "18", "26", "25", "20", "9", "21", "18", "16", "20", "28", "15", "27", "30", "28", "15", 0, 0, "21", "26", "27", "21", "15", "17", "18", "17", "23", "26", "22", "22", "27", "23", "29", "18", "18", "22", 0, 0], "AVG TOI/SH": ["00:39", "00:41", "00:43", "00:49", "00:42", "00:47", "00:42", "00:39", "00:43", "00:43", "00:41", "00:54", "00:44", "00:41", "00:48", "00:51", "00:42", "00:39", 0, 0, "00:53", "00:46", "00:38", "00:41", "00:32", "00:35", "00:36", "00:50", "00:46", "00:37", "00:56", "00:48", "00:48", "00:39", "00:51", "00:41", "00:46", "00:39", 0, 0], "PP": ["00:07", "03:49", "03:25", "03:35", "04:21", "00:00", "03:56", "00:00", "01:21", "01:29", "00:00", "02:43", "02:00", "00:49", "06:46", "06:29", "04:05", "00:00", "08:59", 0, "03:03", "00:29", "00:00", "03:04", "00:00", "00:00", "00:00", "04:32", "03:06", "00:00", "05:25", "05:12", "05:01", "00:00", "05:15", "00:00", "03:17", "03:06", "08:18", 0], "SH": ["03:01", "01:14", "03:35", "00:00", "02:26", "05:17", "00:00", "00:37", "01:28", "00:00", "02:18", "01:44", "05:07", "00:00", "00:00", "01:27", "02:29", "02:29", "08:18", 0, "00:00", "04:42", "04:17", "00:00", "02:48", "02:08", "01:45", "00:00", "00:00", "04:17", "00:09", "00:00", "03:44", "04:31", "04:42", "02:53", "00:00", "00:00", "08:59", 0], "EV": ["11:13", "11:23", "12:38", "11:22", "11:32", "14:21", "10:19", "05:21", "12:20", "11:28", "08:52", "13:44", "13:33", "09:27", "14:51", "17:51", "13:08", "07:24", "41:52", 0, "15:35", "15:03", "13:10", "11:24", "05:21", "07:58", "09:16", "09:42", "14:54", "12:00", "15:09", "12:31", "13:12", "10:26", "14:59", "09:33", "10:32", "11:26", "40:28", 0], "S": [0, "2", "3", 0, "2", 0, "2", 0, "2", "2", "2", "1", "1", "1", "3", "3", "3", 0, 0, 0, "3", "2", "2", "3", "2", 0, 0, "2", "3", 0, "1", "1", "1", "4", "1", 0, "2", 0, 0, 0], "A/B": [0, "2", "1", 0, "1", 0, "1", 0, "1", 0, 0, 0, "2", 0, "2", "1", 0, 0, 0, 0, "2", "1", "1", "2", 0, "1", "2", "4", "3", 0, "2", "2", "1", "2", "3", "1", 0, "1", 0, 0], "MS": [0, 0, "1", 0, "1", 0, "2", 0, 0, "1", 0, 0, "2", 0, "1", 0, 0, 0, 0, 0, 0, 0, 0, "1", 0, 0, 0, 0, "1", "2", 0, "2", 0, 0, "1", "1", "1", 0, 0, 0], "HT": ["1", 0, 0, "1", "1", "1", 0, "1", 0, 0, "1", 0, 0, 0, 0, 0, "5", "1", 0, 0, "1", "2", "1", 0, "1", 0, "4", 0, 0, "2", 0, "5", 0, 0, "1", "1", 0, "2", 0, 0], "GV": [0, 0, 0, 0, 0, 0, 0, 0, 0, 0, 0, 0, 0, 0, "2", 0, 0, 0, 0, 0, 0, "2", "1", 0, 0, 0, 0, "1", 0, 0, "1", 0, "2", "1", 0, 0, 0, 0, 0, 0], "TK": [0, 0, "1", 0, "1", "1", 0, 0, 0, "1", 0, 0, 0, 0, 0, 0, "1", 0, 0, 0, "1", 0, "1", 0, 0, "1", 0, 0, 0, "1", 0, "1", 0, "1", 0, 0, "2", 0, 0, 0], "BS": [0, "1", "2", 0, "1", "5", 0, 0, 0, 0, "1", "3", "3", 0, "2", "6", "2", "2", 0, 0, "2", "3", 0, "1", "1", 0, 0, 0, "1", 0, "1", "1", 0, "1", 0, 0, 0, 0, 0, 0], "FW": [0, "2", "10", 0, "1", 0, 0, 0, 0, "9", "4", 0, 0, 0, 0, 0, "6", 0, 0, 0, 0, 0, 0, "4", 0, 0, 0, "2", 0, 0, "1", 0, "8", "8", 0, "4", 0, 0, 0, 0], "FL": [0, "3", "9", 0, "1", 0, 0, 0, 0, "6", "3", 0, 0, 0, 0, 0, "5", 0, 0, 0, 0, 0, 0, "3", 0, 0, 0, "9", 0, 0, "4", 0, "8", "4", 0, "4", 0, 0, 0, 0], "F%": [0, "40", "53", 0, "50", 0, 0, 0, 0, "60", "57", 0, 0, 0, 0, 0, "55", 0, 0, 0, 0, 0, 0, "57", 0, 0, 0, "18", 0, 0, "20", 0, "50", "67", 0, "50", 0, 0, 0, 0], "team": ["MONTREAL CANADIENS ", "MONTREAL CANADIENS ", "MONTREAL CANADIENS ", "MONTREAL CANADIENS ", "MONTREAL CANADIENS ", "MONTREAL CANADIENS ", "MONTREAL CANADIENS ", "MONTREAL CANADIENS ", "MONTREAL CANADIENS ", "MONTREAL CANADIENS ", "MONTREAL CANADIENS ", "MONTREAL CANADIENS ", "MONTREAL CANADIENS ", "MONTREAL CANADIENS ", "MONTREAL CANADIENS ", "MONTREAL CANADIENS ", "MONTREAL CANADIENS ", "MONTREAL CANADIENS ", "MONTREAL CANADIENS ", "MONTREAL CANADIENS ", "NEW YORK RANGERS ", "NEW YORK RANGERS ", "NEW YORK RANGERS ", "NEW YORK RANGERS ", "NEW YORK RANGERS ", "NEW YORK RANGERS ", "NEW YORK RANGERS ", "NEW YORK RANGERS ", "NEW YORK RANGERS ", "NEW YORK RANGERS ", "NEW YORK RANGERS ", "NEW YORK RANGERS ", "NEW YORK RANGERS ", "NEW YORK RANGERS ", "NEW YORK RANGERS ", "NEW YORK RANGERS ", "NEW YORK RANGERS ", "NEW YORK RANGERS ", "NEW YORK RANGERS ", "NEW YORK RANGERS "], "GA": [0, 0, 0, 0, 0, 0, 0, 0, 0, 0, 0, 0, 0, 0, 0, 0, 0, 0, "0", 0, 0, 0, 0, 0, 0, 0, 0, 0, 0, 0, 0, 0, 0, 0, 0, 0, 0, 0, "2", 0], "SA": [0, 0, 0, 0, 0, 0, 0, 0, 0, 0, 0, 0, 0, 0, 0, 0, 0, 0, "27", 0, 0, 0, 0, 0, 0, 0, 0, 0, 0, 0, 0, 0, 0, 0, 0, 0, 0, 0, "27", 0]}}