{"game_info": {"date": "2013-12-19", "visitor": "EDMONTON OILERS ", "home": "COLORADO AVALANCHE ", "game_id": 532, "status": "final"}, "player_stats": {"number": ["2", "4", "14", "15", "19", "20", "21", "27", "28", "36", "51", "57", "64", "77", "83", "89", "93", "94", "40", "80", "4", "5", "6", "7", "8", "9", "11", "15", "16", "24", "25", "26", "29", "55", "58", "61", "90", "92", "1", "35"], "position": ["D", "L", "C", "D", "D", "L", "D", "C", "L", "D", "C", "L", "R", "D", "R", "C", "C", "L", "G", "G", "D", "D", "D", "C", "D", "C", "L", "R", "D", "R", "C", "C", "C", "L", "L", "D", "C", "L", "G", "G"], "name": ["PETRY, JEFF", "HALL, TAYLOR", "EBERLE, JORDAN", "SCHULTZ, NICK", "SCHULTZ, JUSTIN", "GAZDIC, LUKE", "FERENCE, ANDREW", "GORDON, BOYD", "JONES, RYAN", "LARSEN, PHILIP", "LANDER, ANTON", "PERRON, DAVID", "YAKUPOV, NAIL", "BELOV, ANTON", "HEMSKY, ALES", "GAGNER, SAM", "NUGENT-HOPKINS, RYAN", "SMYTH, RYAN", "DUBNYK, DEVAN", "BRYZGALOV, ILYA", "BARRIE, TYSON", "GUENIN, NATE", "JOHNSON, ERIK", "MITCHELL, JOHN", "HEJDA, JAN", "DUCHENE, MATT", "MCGINN, JAMIE", "PARENTEAU, PA", "SARICH, CORY", "CLICHE, MARC-ANDRE", "TALBOT, MAXIME", "STASTNY, PAUL", "MACKINNON, NATHAN", "MCLEOD, CODY", "BORDELEAU, PATRICK", "BENOIT, ANDRE", "O'REILLY, RYAN", "LANDESKOG, GABRIEL", "VARLAMOV, SEMYON", "GIGUERE, JEAN-SEBASTIEN"], "G": [0, "1", 0, 0, 0, 0, 0, 0, 0, 0, 0, 0, 0, 0, 0, 0, "1", 0, 0, 0, "1", 0, 0, 0, 0, "1", 0, 0, 0, 0, "1", 0, 0, 0, 0, 0, "1", 0, 0, 0], "A": ["1", "1", 0, 0, 0, 0, 0, 0, 0, 0, 0, 0, 0, 0, 0, 0, "1", 0, 0, 0, 0, 0, 0, 0, "1", "2", 0, 0, 0, "1", "1", "1", "1", 0, 0, 0, 0, 0, 0, 0], "P": ["1", "2", 0, 0, 0, 0, 0, 0, 0, 0, 0, 0, 0, 0, 0, 0, "2", 0, 0, 0, "1", 0, 0, 0, "1", "3", 0, 0, 0, "1", "2", "1", "1", 0, 0, 0, "1", 0, 0, 0], "+/-": ["+1", 0, 0, "-1", "-2", 0, "+1", "-2", 0, 0, 0, "-3", "-1", "+1", 0, 0, 0, 0, 0, 0, 0, "+1", 0, 0, "+1", "+2", 0, "-2", 0, "+1", "+2", "-2", "+1", 0, 0, 0, "+2", "-2", 0, 0], "PN": [0, "1", 0, 0, 0, 0, 0, 0, 0, 0, 0, 0, 0, 0, 0, "2", 0, 0, 0, 0, 0, 0, 0, 0, 0, 0, 0, 0, 0, 0, 0, 0, 0, 0, "1", 0, 0, 0, 0, 0], "PIM": [0, "2", 0, 0, 0, 0, 0, 0, 0, 0, 0, 0, 0, 0, 0, "15", 0, 0, 0, 0, 0, 0, 0, 0, 0, 0, 0, 0, 0, 0, 0, 0, 0, 0, "2", 0, 0, 0, 0, 0], "TOT": ["21:48", "19:03", "18:55", "17:03", "25:57", "06:20", "19:51", "19:40", "11:06", "17:03", "12:07", "19:06", "13:57", "15:18", "16:00", "05:11", "21:32", "15:52", "58:04", 0, "20:34", "17:52", "20:13", "15:16", "19:38", "19:50", "15:31", "18:01", "19:04", "07:32", "15:57", "18:50", "16:01", "07:41", "06:18", "21:32", "18:38", "19:42", "59:50", 0], "SHF": ["29", "26", "25", "22", "27", "9", "26", "29", "16", "22", "19", "25", "21", "20", "25", "8", "28", "27", 0, 0, "26", "24", "27", "20", "29", "21", "19", "24", "24", "12", "21", "24", "20", "13", "10", "27", "22", "24", 0, 0], "AVG TOI/SH": ["00:45", "00:43", "00:45", "00:46", "00:57", "00:42", "00:45", "00:40", "00:41", "00:46", "00:38", "00:45", "00:39", "00:45", "00:38", "00:38", "00:46", "00:35", 0, 0, "00:47", "00:44", "00:44", "00:45", "00:40", "00:56", "00:49", "00:45", "00:47", "00:37", "00:45", "00:47", "00:48", "00:35", "00:37", "00:47", "00:50", "00:49", 0, 0], "PP": ["00:51", "01:09", "01:09", "00:00", "01:09", "00:00", "00:00", "00:24", "00:00", "00:51", "00:00", "01:09", "00:27", "00:00", "00:51", "00:00", "01:09", "00:51", "02:00", 0, "03:56", "00:00", "02:59", "00:00", "00:06", "03:02", "00:20", "02:45", "00:00", "00:00", "00:00", "03:05", "01:55", "00:00", "00:00", "01:52", "01:55", "03:05", "05:00", 0], "SH": ["02:13", "00:00", "00:00", "02:47", "01:40", "00:00", "03:20", "03:14", "02:06", "00:00", "01:16", "01:06", "00:00", "00:00", "00:00", "00:00", "00:30", "00:41", "05:00", 0, "00:00", "01:09", "00:00", "01:04", "01:09", "00:00", "00:00", "00:00", "00:51", "00:56", "01:09", "00:00", "00:00", "00:51", "00:00", "00:51", "00:00", "00:00", "02:00", 0], "EV": ["18:44", "17:54", "17:46", "14:16", "23:08", "06:20", "16:31", "16:02", "09:00", "16:12", "10:51", "16:51", "13:30", "15:18", "15:09", "05:11", "19:53", "14:20", "51:04", 0, "16:38", "16:43", "17:14", "14:12", "18:23", "16:48", "15:11", "15:16", "18:13", "06:36", "14:48", "15:45", "14:06", "06:50", "06:18", "18:49", "16:43", "16:37", "52:50", 0], "S": ["1", "2", "4", "2", "3", 0, "1", "1", 0, 0, "1", "1", "1", "1", "2", 0, "6", "3", 0, 0, "1", 0, "2", "6", "5", "6", "1", "1", 0, "1", "2", "1", "1", "2", 0, "2", "3", "5", 0, 0], "A/B": [0, "2", 0, 0, 0, 0, "1", "1", 0, 0, 0, "1", "1", 0, "2", 0, 0, 0, 0, 0, "1", "1", "3", "2", "1", "4", "1", "2", 0, 0, 0, 0, "3", 0, "1", 0, "1", 0, 0, 0], "MS": ["3", "1", 0, 0, "1", 0, 0, 0, 0, 0, 0, "3", "1", 0, 0, 0, "1", 0, 0, 0, "1", 0, "1", 0, "1", 0, 0, "1", 0, 0, "1", "1", 0, 0, 0, 0, "2", "1", 0, 0], "HT": [0, "1", "3", 0, "1", "1", "1", 0, "2", "2", "1", "1", "1", "4", "2", 0, 0, "2", 0, 0, "2", "1", 0, 0, "3", 0, 0, 0, "3", "1", "1", 0, 0, "4", "1", "2", 0, "5", 0, 0], "GV": [0, 0, 0, "1", 0, 0, 0, 0, 0, 0, 0, 0, 0, 0, 0, 0, 0, 0, 0, 0, 0, 0, 0, 0, 0, 0, 0, "2", "1", 0, 0, 0, 0, 0, 0, 0, "1", 0, "1", 0], "TK": ["2", "1", "1", 0, 0, "1", 0, "1", "2", 0, 0, 0, "1", 0, "1", 0, "1", 0, 0, 0, "2", 0, 0, 0, 0, "1", "1", 0, "2", "3", "1", "1", "1", 0, 0, 0, "1", "1", 0, 0], "BS": ["2", 0, "1", "5", "3", "1", "2", "1", 0, 0, "1", 0, "1", 0, "1", 0, "2", 0, 0, 0, 0, "2", "2", "1", 0, 0, 0, 0, "1", 0, 0, 0, 0, "1", 0, "1", 0, 0, 0, 0], "FW": [0, "0", 0, 0, 0, 0, 0, "18", 0, 0, "6", "2", 0, 0, 0, "1", "7", "1", 0, 0, 0, 0, 0, "5", 0, "5", 0, 0, 0, "2", "2", "14", 0, 0, 0, 0, "5", "1", 0, 0], "FL": [0, "2", 0, 0, 0, 0, 0, "10", 0, 0, "5", "1", 0, 0, 0, "3", "12", "1", 0, 0, 0, 0, 0, "5", 0, "8", 0, 0, 0, "6", "0", "9", 0, 0, 0, 0, "7", "0", 0, 0], "F%": [0, "0", 0, 0, 0, 0, 0, "64", 0, 0, "55", "67", 0, 0, 0, "25", "37", "50", 0, 0, 0, 0, 0, "50", 0, "38", 0, 0, 0, "25", "100", "61", 0, 0, 0, 0, "42", "100", 0, 0], "team": ["EDMONTON OILERS ", "EDMONTON OILERS ", "EDMONTON OILERS ", "EDMONTON OILERS ", "EDMONTON OILERS ", "EDMONTON OILERS ", "EDMONTON OILERS ", "EDMONTON OILERS ", "EDMONTON OILERS ", "EDMONTON OILERS ", "EDMONTON OILERS ", "EDMONTON OILERS ", "EDMONTON OILERS ", "EDMONTON OILERS ", "EDMONTON OILERS ", "EDMONTON OILERS ", "EDMONTON OILERS ", "EDMONTON OILERS ", "EDMONTON OILERS ", "EDMONTON OILERS ", "COLORADO AVALANCHE ", "COLORADO AVALANCHE ", "COLORADO AVALANCHE ", "COLORADO AVALANCHE ", "COLORADO AVALANCHE ", "COLORADO AVALANCHE ", "COLORADO AVALANCHE ", "COLORADO AVALANCHE ", "COLORADO AVALANCHE ", "COLORADO AVALANCHE ", "COLORADO AVALANCHE ", "COLORADO AVALANCHE ", "COLORADO AVALANCHE ", "COLORADO AVALANCHE ", "COLORADO AVALANCHE ", "COLORADO AVALANCHE ", "COLORADO AVALANCHE ", "COLORADO AVALANCHE ", "COLORADO AVALANCHE ", "COLORADO AVALANCHE "], "GA": [0, 0, 0, 0, 0, 0, 0, 0, 0, 0, 0, 0, 0, 0, 0, 0, 0, 0, "3", 0, 0, 0, 0, 0, 0, 0, 0, 0, 0, 0, 0, 0, 0, 0, 0, 0, 0, 0, "2", 0], "SA": [0, 0, 0, 0, 0, 0, 0, 0, 0, 0, 0, 0, 0, 0, 0, 0, 0, 0, "38", 0, 0, 0, 0, 0, 0, 0, 0, 0, 0, 0, 0, 0, 0, 0, 0, 0, 0, 0, "29", 0]}}