{"game_info": {"date": "2014-03-02", "visitor": "PHILADELPHIA FLYERS ", "home": "WASHINGTON CAPITALS ", "game_id": 912, "status": "final"}, "player_stats": {"number": ["5", "8", "9", "10", "12", "14", "17", "18", "19", "22", "24", "28", "32", "36", "40", "41", "44", "93", "33", "35", "4", "8", "10", "16", "19", "20", "21", "25", "27", "42", "43", "52", "58", "74", "81", "83", "90", "94", "30", "70"], "position": ["D", "D", "R", "C", "L", "C", "R", "R", "L", "D", "R", "R", "D", "C", "C", "D", "D", "R", "G", "G", "D", "L", "R", "R", "C", "R", "C", "L", "D", "R", "R", "D", "D", "D", "D", "C", "C", "C", "G", "G"], "name": ["COBURN, BRAYDON", "GROSSMANN, NICKLAS", "DOWNIE, STEVE", "SCHENN, BRAYDEN", "RAFFL, MICHAEL", "COUTURIER, SEAN", "SIMMONDS, WAYNE", "HALL, ADAM", "HARTNELL, SCOTT", "SCHENN, LUKE", "READ, MATT", "GIROUX, CLAUDE", "STREIT, MARK", "RINALDO, ZAC", "LECAVALIER, VINCENT", "MESZAROS, ANDREJ", "TIMONEN, KIMMO", "VORACEK, JAKUB", "HEETER, CALVIN", "MASON, STEVE", "ERSKINE, JOHN", "OVECHKIN, ALEX", "ERAT, MARTIN", "FEHR, ERIC", "BACKSTROM, NICKLAS", "BROUWER, TROY", "LAICH, BROOKS", "CHIMERA, JASON", "ALZNER, KARL", "WARD, JOEL", "WILSON, TOM", "GREEN, MIKE", "CARRICK, CONNOR", "CARLSON, JOHN", "ORLOV, DMITRY", "BEAGLE, JAY", "JOHANSSON, MARCUS", "DESCHAMPS, NICOLAS", "NEUVIRTH, MICHAL", "HOLTBY, BRADEN"], "G": [0, 0, 0, 0, 0, 0, 0, "1", 0, 0, 0, "2", 0, 0, "1", 0, 0, "1", 0, 0, 0, 0, 0, 0, 0, 0, 0, 0, 0, 0, 0, 0, 0, 0, "2", "1", "1", 0, 0, 0], "A": ["2", 0, 0, 0, 0, "1", 0, 0, 0, 0, 0, "1", 0, 0, 0, 0, "3", "2", 0, 0, 0, 0, "1", "1", 0, "1", 0, "1", 0, "1", 0, "3", 0, 0, 0, 0, 0, 0, 0, 0], "P": ["2", 0, 0, 0, 0, "1", 0, "1", 0, 0, 0, "3", 0, 0, "1", 0, "3", "3", 0, 0, 0, 0, "1", "1", 0, "1", 0, "1", 0, "1", 0, "3", 0, 0, "2", "1", "1", 0, 0, 0], "+/-": ["+2", 0, "-1", "-1", 0, 0, "-1", "+1", 0, "-2", "-1", "-1", 0, 0, 0, "-3", 0, "+1", 0, 0, 0, "-3", "+2", "+1", "-1", 0, "-1", "+1", 0, "+3", 0, "+3", 0, "-2", "+2", "+1", 0, 0, 0, 0], "PN": [0, 0, "4", 0, 0, 0, "1", 0, "1", "1", "1", 0, 0, 0, 0, 0, 0, 0, 0, 0, "1", 0, 0, 0, 0, 0, "1", 0, "1", 0, "1", 0, 0, "1", "1", 0, 0, 0, 0, 0], "PIM": [0, 0, "8", 0, 0, 0, "2", 0, "2", "2", "2", 0, 0, 0, 0, 0, 0, 0, 0, 0, "2", 0, 0, 0, 0, 0, "2", 0, "2", 0, "2", 0, 0, "2", "5", 0, 0, 0, 0, 0], "TOT": ["23:26", "17:10", "10:26", "16:26", "10:34", "17:48", "17:11", "09:04", "17:16", "14:01", "15:54", "22:15", "25:53", "07:21", "16:14", "20:11", "19:57", "16:19", 0, "62:19", "10:44", "20:01", "15:12", "14:20", "23:03", "19:54", "21:17", "13:44", "21:32", "12:56", "08:59", "25:20", "11:26", "27:19", "20:43", "09:59", "15:58", "07:12", 0, "62:45"], "SHF": ["32", "26", "17", "20", "18", "27", "24", "17", "23", "24", "25", "27", "31", "10", "21", "29", "33", "24", 0, 0, "13", "22", "19", "19", "27", "27", "29", "20", "26", "19", "9", "30", "13", "28", "23", "12", "23", "8", 0, 0], "AVG TOI/SH": ["00:43", "00:39", "00:36", "00:49", "00:35", "00:39", "00:42", "00:32", "00:45", "00:35", "00:38", "00:49", "00:50", "00:44", "00:46", "00:41", "00:36", "00:40", 0, 0, "00:49", "00:54", "00:48", "00:45", "00:51", "00:44", "00:44", "00:41", "00:49", "00:40", "00:59", "00:50", "00:52", "00:58", "00:54", "00:49", "00:41", "00:54", 0, 0], "PP": ["00:00", "00:00", "00:36", "01:27", "00:19", "01:10", "04:26", "00:00", "03:35", "00:00", "01:10", "04:36", "03:19", "00:00", "02:38", "00:46", "03:44", "03:03", 0, "06:22", "00:00", "08:04", "00:30", "01:08", "05:02", "05:05", "05:11", "03:18", "00:13", "02:57", "00:00", "03:52", "00:02", "05:20", "00:35", "00:30", "03:18", "00:00", 0, "09:01"], "SH": ["05:06", "03:31", "00:00", "01:04", "01:51", "05:28", "00:13", "03:14", "00:35", "02:29", "04:11", "01:24", "00:51", "00:00", "00:00", "01:17", "04:48", "00:02", 0, "09:01", "00:59", "00:00", "00:00", "01:37", "02:24", "02:24", "03:29", "01:30", "03:37", "01:20", "00:00", "02:45", "00:45", "03:37", "00:00", "00:00", "00:00", "00:00", 0, "06:22"], "EV": ["18:20", "13:39", "09:50", "13:55", "08:24", "11:10", "12:32", "05:50", "13:06", "11:32", "10:33", "16:15", "21:43", "07:21", "13:36", "18:08", "11:25", "13:14", 0, "46:56", "09:45", "11:57", "14:42", "11:35", "15:37", "12:25", "12:37", "08:56", "17:42", "08:39", "08:59", "18:43", "10:39", "18:22", "20:08", "09:29", "12:40", "07:12", 0, "47:22"], "S": ["3", "4", 0, "2", "2", "1", "4", "3", "2", 0, "1", "5", "1", 0, "3", 0, "3", "2", 0, 0, 0, "6", "1", "6", "3", 0, 0, "1", 0, "1", 0, "2", 0, "2", "2", "1", "2", "2", 0, 0], "A/B": ["2", 0, "1", 0, 0, "1", "1", "1", "1", 0, "1", "4", "2", 0, "1", "1", "3", "3", 0, 0, 0, "4", 0, 0, "2", 0, 0, 0, "1", 0, 0, "2", "1", 0, 0, 0, "1", "1", 0, 0], "MS": ["1", 0, "2", 0, 0, 0, "1", 0, "3", 0, "3", 0, "1", "1", 0, "3", "1", "2", 0, 0, 0, "5", "1", 0, 0, "2", 0, 0, 0, 0, 0, "1", 0, 0, 0, "2", 0, 0, 0, 0], "HT": ["1", "3", 0, "5", "1", "1", "4", 0, "4", "1", 0, "4", 0, "1", "1", 0, "1", 0, 0, 0, "1", "2", "2", "2", 0, "1", "1", 0, "1", 0, "1", "1", "1", "1", "2", "1", 0, 0, 0, 0], "GV": ["1", 0, 0, 0, 0, "1", 0, 0, 0, 0, 0, "1", 0, 0, 0, 0, 0, 0, 0, "3", 0, "1", 0, 0, "2", 0, 0, 0, 0, 0, "1", "2", "1", "2", "2", 0, 0, 0, 0, "1"], "TK": [0, 0, 0, 0, 0, 0, 0, 0, "1", 0, "1", "1", 0, "1", 0, 0, 0, 0, 0, 0, 0, 0, 0, 0, "3", 0, "1", 0, 0, 0, 0, 0, 0, "4", 0, 0, "1", 0, 0, 0], "BS": ["1", 0, "1", "1", 0, 0, 0, 0, "1", "4", 0, "1", 0, 0, 0, "1", "2", 0, 0, 0, "2", 0, "1", 0, "2", 0, "2", 0, "5", 0, 0, "3", "1", "4", "2", 0, 0, 0, 0, 0], "FW": [0, 0, 0, "6", "2", "12", 0, "3", 0, 0, 0, "14", 0, 0, 0, 0, 0, "0", 0, 0, 0, 0, "0", "2", "6", "6", "0", 0, 0, "0", 0, 0, 0, 0, 0, "4", "5", 0, 0, 0], "FL": [0, 0, 0, "1", "2", "9", 0, "3", 0, 0, 0, "7", 0, 0, 0, 0, 0, "1", 0, 0, 0, 0, "1", "6", "12", "3", "5", 0, 0, "1", 0, 0, 0, 0, 0, "3", "6", 0, 0, 0], "F%": [0, 0, 0, "86", "50", "57", 0, "50", 0, 0, 0, "67", 0, 0, 0, 0, 0, "0", 0, 0, 0, 0, "0", "25", "33", "67", "0", 0, 0, "0", 0, 0, 0, 0, 0, "57", "45", 0, 0, 0], "team": ["PHILADELPHIA FLYERS ", "PHILADELPHIA FLYERS ", "PHILADELPHIA FLYERS ", "PHILADELPHIA FLYERS ", "PHILADELPHIA FLYERS ", "PHILADELPHIA FLYERS ", "PHILADELPHIA FLYERS ", "PHILADELPHIA FLYERS ", "PHILADELPHIA FLYERS ", "PHILADELPHIA FLYERS ", "PHILADELPHIA FLYERS ", "PHILADELPHIA FLYERS ", "PHILADELPHIA FLYERS ", "PHILADELPHIA FLYERS ", "PHILADELPHIA FLYERS ", "PHILADELPHIA FLYERS ", "PHILADELPHIA FLYERS ", "PHILADELPHIA FLYERS ", "PHILADELPHIA FLYERS ", "PHILADELPHIA FLYERS ", "WASHINGTON CAPITALS ", "WASHINGTON CAPITALS ", "WASHINGTON CAPITALS ", "WASHINGTON CAPITALS ", "WASHINGTON CAPITALS ", "WASHINGTON CAPITALS ", "WASHINGTON CAPITALS ", "WASHINGTON CAPITALS ", "WASHINGTON CAPITALS ", "WASHINGTON CAPITALS ", "WASHINGTON CAPITALS ", "WASHINGTON CAPITALS ", "WASHINGTON CAPITALS ", "WASHINGTON CAPITALS ", "WASHINGTON CAPITALS ", "WASHINGTON CAPITALS ", "WASHINGTON CAPITALS ", "WASHINGTON CAPITALS ", "WASHINGTON CAPITALS ", "WASHINGTON CAPITALS "], "GA": [0, 0, 0, 0, 0, 0, 0, 0, 0, 0, 0, 0, 0, 0, 0, 0, 0, 0, 0.0, "4", 0, 0, 0, 0, 0, 0, 0, 0, 0, 0, 0, 0, 0, 0, 0, 0, 0, 0, 0, "5"], "SA": [0, 0, 0, 0, 0, 0, 0, 0, 0, 0, 0, 0, 0, 0, 0, 0, 0, 0, 0.0, "29", 0, 0, 0, 0, 0, 0, 0, 0, 0, 0, 0, 0, 0, 0, 0, 0, 0, 0, 0, "36"]}}