{"game_info": {"date": "2013-11-17", "visitor": "LOS ANGELES KINGS ", "home": "NEW YORK RANGERS ", "game_id": 305, "status": "final"}, "player_stats": {"number": ["6", "8", "10", "11", "14", "17", "21", "22", "23", "26", "27", "28", "33", "44", "57", "70", "73", "74", "31", "54", 0, "5", "6", "10", "15", "16", "17", "18", "19", "20", "21", "22", "24", "27", "28", "36", "44", "62", "67", "30", "33"], "position": ["D", "D", "C", "C", "R", "L", "R", "C", "L", "D", "D", "C", "D", "D", "R", "L", "C", "L", "G", "G", 0, "D", "D", "C", "R", "C", "D", "D", "C", "C", "C", "C", "R", "D", "C", "C", "D", "L", "L", "G", "G"], "name": ["MUZZIN, JAKE", "DOUGHTY, DREW", "RICHARDS, MIKE", "KOPITAR, ANZE", "WILLIAMS, JUSTIN", "CARCILLO, DANIEL", "FRATTIN, MATT", "LEWIS, TREVOR", "BROWN, DUSTIN", "VOYNOV, SLAVA", "MARTINEZ, ALEC", "STOLL, JARRET", "MITCHELL, WILLIE", "REGEHR, ROBYN", "VEY, LINDEN", "PEARSON, TANNER", "TOFFOLI, TYLER", "KING, DWIGHT", "JONES, MARTIN", "SCRIVENS, BEN", "TEAM PENALTY", "GIRARDI, DAN", "STRALMAN, ANTON", "MILLER, J.T.", "DORSETT, DEREK", "BRASSARD, DERICK", "MOORE, JOHN", "STAAL, MARC", "RICHARDS, BRAD", "KREIDER, CHRIS", "STEPAN, DEREK", "BOYLE, BRIAN", "CALLAHAN, RYAN", "MCDONAGH, RYAN", "MOORE, DOMINIC", "ZUCCARELLO, MATS", "FALK, JUSTIN", "HAGELIN, CARL", "POULIOT, BENOIT", "LUNDQVIST, HENRIK", "TALBOT, CAM"], "G": [0, 0, 0, 0, 0, 0, 0, 0, 0, 0, 0, 0, 0, 0, 0, 0, "1", 0, 0, 0, 0, 0, 0, 0, 0, 0, 0, 0, 0, 0, 0, 0, 0, 0, 0, 0, 0, 0, 0, 0, 0], "A": [0, 0, "1", 0, 0, 0, 0, 0, 0, "1", 0, 0, 0, 0, 0, 0, 0, 0, 0, 0, 0, 0, 0, 0, 0, 0, 0, 0, 0, 0, 0, 0, 0, 0, 0, 0, 0, 0, 0, 0, 0], "P": [0, 0, "1", 0, 0, 0, 0, 0, 0, "1", 0, 0, 0, 0, 0, 0, "1", 0, 0, 0, 0, 0, 0, 0, 0, 0, 0, 0, 0, 0, 0, 0, 0, 0, 0, 0, 0, 0, 0, 0, 0], "+/-": [0, 0, "+1", 0, 0, 0, 0, 0, 0, "+1", 0, 0, "+1", 0, 0, 0, "+1", "+1", 0, 0, 0, 0, "-1", 0, 0, 0, 0, "-1", "-1", 0, 0, 0, "-1", 0, 0, 0, 0, "-1", 0, 0, 0], "PN": [0, 0, 0, 0, 0, 0, 0, "1", "1", 0, 0, 0, "2", 0, 0, 0, 0, 0, 0, 0, "1", 0, 0, 0, 0, 0, 0, 0, 0, 0, 0, "1", 0, 0, 0, 0, 0, 0, 0, 0, 0], "PIM": [0, 0, 0, 0, 0, 0, 0, "2", "2", 0, 0, 0, "4", 0, 0, 0, 0, 0, 0, 0, "2", 0, 0, 0, 0, 0, 0, 0, 0, 0, 0, "2", 0, 0, 0, 0, 0, 0, 0, 0, 0], "TOT": ["18:00", "24:32", "15:45", "20:48", "17:50", "12:04", "12:00", "12:52", "18:48", "20:54", "14:34", "15:44", "19:14", "21:50", "10:14", "08:34", "10:58", "15:19", 0, "60:00", 0, "20:09", "18:18", "09:14", "12:03", "18:16", "14:32", "22:54", "21:04", "17:48", "20:40", "10:46", "20:48", "25:38", "10:32", "20:43", "13:08", "12:27", "10:01", "58:59", 0], "SHF": ["30", "37", "26", "26", "21", "17", "16", "23", "26", "30", "21", "23", "31", "32", "15", "12", "18", "25", 0, 0, 0, "28", "24", "16", "20", "26", "21", "28", "27", "24", "28", "18", "27", "30", "19", "27", "19", "19", "18", 0, 0], "AVG TOI/SH": ["00:36", "00:39", "00:36", "00:48", "00:50", "00:42", "00:45", "00:33", "00:43", "00:41", "00:41", "00:41", "00:37", "00:40", "00:40", "00:42", "00:36", "00:36", 0, 0, 0, "00:43", "00:45", "00:34", "00:36", "00:42", "00:41", "00:49", "00:46", "00:44", "00:44", "00:35", "00:46", "00:51", "00:33", "00:46", "00:41", "00:39", "00:33", 0, 0], "PP": ["00:45", "01:15", "01:08", "01:15", "01:07", "00:00", "00:00", "00:00", "01:08", "00:45", "00:00", "00:00", "00:00", "00:07", "00:45", "00:45", "00:53", "00:07", 0, "02:00", 0, "00:00", "00:00", "00:00", "00:08", "03:07", "03:10", "03:31", "06:13", "03:15", "05:52", "00:14", "05:18", "06:07", "00:00", "05:38", "00:00", "01:29", "01:48", "09:10", 0], "SH": ["01:32", "04:52", "02:20", "03:23", "00:46", "00:00", "00:00", "02:14", "01:54", "04:18", "00:00", "04:10", "02:02", "05:47", "00:30", "00:00", "00:00", "02:02", 0, "09:10", 0, "00:55", "01:05", "00:00", "00:31", "00:03", "00:00", "01:05", "00:00", "00:00", "00:47", "00:00", "00:42", "00:55", "01:10", "00:47", "00:00", "00:00", "00:00", "02:00", 0], "EV": ["15:43", "18:25", "12:17", "16:10", "15:57", "12:04", "12:00", "10:38", "15:46", "15:51", "14:34", "11:34", "17:12", "15:56", "08:59", "07:49", "10:05", "13:10", 0, "48:50", 0, "19:14", "17:13", "09:14", "11:24", "15:06", "11:22", "18:18", "14:51", "14:33", "14:01", "10:32", "14:48", "18:36", "09:22", "14:18", "13:08", "10:58", "08:13", "47:49", 0], "S": ["1", "2", "2", "2", 0, 0, "3", "1", "6", "3", "2", "2", "1", "1", 0, 0, "3", "1", 0, 0, 0, "1", "3", "1", 0, "2", "1", 0, "7", "1", "3", 0, "5", "3", "4", "3", "1", "1", "1", 0, 0], "A/B": ["2", "3", 0, "1", "2", "1", "1", "1", "4", "1", "1", 0, "1", 0, 0, 0, 0, 0, 0, 0, 0, "1", "1", 0, 0, 0, "2", "3", "3", 0, "2", 0, "1", "1", 0, 0, "1", 0, 0, 0, 0], "MS": [0, "3", 0, 0, "2", 0, "1", 0, "1", "2", 0, 0, "1", "1", "1", "1", 0, 0, 0, 0, 0, "2", 0, 0, 0, 0, "1", 0, 0, "2", "2", 0, "2", 0, 0, "1", 0, 0, "1", 0, 0], "HT": [0, "1", 0, "1", 0, "2", "2", "1", "4", "2", "5", "2", "3", "4", "1", "1", 0, 0, 0, 0, 0, "4", "1", 0, "3", "3", 0, "2", 0, "2", 0, "3", "1", 0, "4", "2", "3", 0, "2", 0, 0], "GV": [0, 0, 0, 0, 0, 0, 0, 0, 0, 0, 0, 0, 0, 0, 0, 0, 0, 0, 0, 0, 0, "1", 0, 0, "1", 0, 0, 0, "2", 0, 0, 0, "1", "2", 0, 0, 0, 0, 0, 0, 0], "TK": [0, 0, 0, 0, "1", 0, 0, 0, 0, 0, 0, 0, "1", 0, 0, 0, 0, "1", 0, 0, 0, 0, "1", 0, 0, "1", 0, "2", 0, 0, "1", 0, 0, "1", 0, "1", 0, 0, 0, 0, 0], "BS": ["1", "1", "1", 0, 0, "1", 0, "2", 0, "2", 0, "1", "3", "2", 0, "1", 0, 0, 0, 0, 0, "4", 0, 0, "1", 0, "1", "1", "1", 0, "2", "3", 0, "2", 0, "2", "1", 0, 0, 0, 0], "FW": [0, 0, "7", "18", 0, 0, 0, 0, 0, 0, 0, "12", 0, 0, "3", 0, 0, 0, 0, 0, 0, 0, 0, 0, 0, "2", 0, 0, "8", 0, "10", "2", 0, 0, "1", 0, 0, 0, 0, 0, 0], "FL": [0, 0, "10", "4", 0, 0, 0, 0, 0, 0, 0, "7", 0, 0, "2", 0, 0, 0, 0, 0, 0, 0, 0, 0, 0, "7", 0, 0, "9", 0, "13", "5", 0, 0, "6", 0, 0, 0, 0, 0, 0], "F%": [0, 0, "41", "82", 0, 0, 0, 0, 0, 0, 0, "63", 0, 0, "60", 0, 0, 0, 0, 0, 0, 0, 0, 0, 0, "22", 0, 0, "47", 0, "43", "29", 0, 0, "14", 0, 0, 0, 0, 0, 0], "team": ["LOS ANGELES KINGS ", "LOS ANGELES KINGS ", "LOS ANGELES KINGS ", "LOS ANGELES KINGS ", "LOS ANGELES KINGS ", "LOS ANGELES KINGS ", "LOS ANGELES KINGS ", "LOS ANGELES KINGS ", "LOS ANGELES KINGS ", "LOS ANGELES KINGS ", "LOS ANGELES KINGS ", "LOS ANGELES KINGS ", "LOS ANGELES KINGS ", "LOS ANGELES KINGS ", "LOS ANGELES KINGS ", "LOS ANGELES KINGS ", "LOS ANGELES KINGS ", "LOS ANGELES KINGS ", "LOS ANGELES KINGS ", "LOS ANGELES KINGS ", "LOS ANGELES KINGS ", "NEW YORK RANGERS ", "NEW YORK RANGERS ", "NEW YORK RANGERS ", "NEW YORK RANGERS ", "NEW YORK RANGERS ", "NEW YORK RANGERS ", "NEW YORK RANGERS ", "NEW YORK RANGERS ", "NEW YORK RANGERS ", "NEW YORK RANGERS ", "NEW YORK RANGERS ", "NEW YORK RANGERS ", "NEW YORK RANGERS ", "NEW YORK RANGERS ", "NEW YORK RANGERS ", "NEW YORK RANGERS ", "NEW YORK RANGERS ", "NEW YORK RANGERS ", "NEW YORK RANGERS ", "NEW YORK RANGERS "], "GA": [0, 0, 0, 0, 0, 0, 0, 0, 0, 0, 0, 0, 0, 0, 0, 0, 0, 0, 0.0, "0", 0, 0, 0, 0, 0, 0, 0, 0, 0, 0, 0, 0, 0, 0, 0, 0, 0, 0, 0, "1", 0], "SA": [0, 0, 0, 0, 0, 0, 0, 0, 0, 0, 0, 0, 0, 0, 0, 0, 0, 0, 0.0, "37", 0, 0, 0, 0, 0, 0, 0, 0, 0, 0, 0, 0, 0, 0, 0, 0, 0, 0, 0, "30", 0]}}