{"game_info": {"date": "2014-02-27", "visitor": "SAN JOSE SHARKS ", "home": "PHILADELPHIA FLYERS ", "game_id": 889, "status": "final"}, "player_stats": {"number": ["5", "8", "9", "10", "12", "13", "18", "19", "22", "27", "37", "39", "44", "52", "57", "61", "83", "88", "31", "32", "5", "8", "9", "10", "12", "14", "17", "18", "19", "22", "24", "26", "28", "32", "36", "40", "41", "93", "29", "35"], "position": ["D", "C", "R", "C", "C", "L", "R", "C", "D", "D", "R", "C", "D", "D", "C", "D", "L", "R", "G", "G", "D", "D", "R", "C", "L", "C", "R", "R", "L", "D", "R", "D", "R", "D", "C", "C", "D", "R", "G", "G"], "name": ["DEMERS, JASON", "PAVELSKI, JOE", "HAVLAT, MARTY", "DESJARDINS, ANDREW", "MARLEAU, PATRICK", "TORRES, RAFFI", "BROWN, MIKE", "THORNTON, JOE", "BOYLE, DAN", "HANNAN, SCOTT", "BURISH, ADAM", "COUTURE, LOGAN", "VLASIC, MARC-EDOUARD", "IRWIN, MATT", "WINGELS, TOMMY", "BRAUN, JUSTIN", "NIETO, MATT", "BURNS, BRENT", "NIEMI, ANTTI", "STALOCK, ALEX", "COBURN, BRAYDON", "GROSSMANN, NICKLAS", "DOWNIE, STEVE", "SCHENN, BRAYDEN", "RAFFL, MICHAEL", "COUTURIER, SEAN", "SIMMONDS, WAYNE", "HALL, ADAM", "HARTNELL, SCOTT", "SCHENN, LUKE", "READ, MATT", "GUSTAFSSON, ERIK", "GIROUX, CLAUDE", "STREIT, MARK", "RINALDO, ZAC", "LECAVALIER, VINCENT", "MESZAROS, ANDREJ", "VORACEK, JAKUB", "EMERY, RAY", "MASON, STEVE"], "G": [0, "3", 0, 0, 0, "2", 0, 0, 0, 0, 0, "2", 0, 0, 0, 0, 0, 0, 0, 0, 0, 0, 0, "1", 0, 0, 0, 0, 0, 0, "1", 0, 0, 0, 0, 0, "1", 0, 0, 0], "A": ["2", 0, 0, "2", "2", 0, "1", "1", "1", 0, 0, 0, "1", "1", "1", 0, 0, 0, 0, 0, 0, "1", "1", 0, 0, "1", "1", 0, 0, 0, "1", 0, 0, 0, 0, "1", 0, 0, 0, 0], "P": ["2", "3", 0, "2", "2", "2", "1", "1", "1", 0, 0, "2", "1", "1", "1", 0, 0, 0, 0, 0, 0, "1", "1", "1", 0, "1", "1", 0, 0, 0, "2", 0, 0, 0, 0, "1", "1", 0, 0, 0], "+/-": [0, "+2", 0, "+1", 0, "+1", "+1", "+2", "+2", 0, "-1", "+1", "+3", "+1", 0, 0, "-1", "+2", 0, 0, 0, 0, 0, "+1", "-1", "-1", "-1", "-2", "-3", "-1", "+1", "-2", "-2", "-2", "-1", 0, 0, "-1", 0, 0], "PN": [0, 0, 0, 0, 0, 0, 0, 0, "1", "1", "1", 0, 0, "1", 0, "1", 0, 0, 0, 0, 0, 0, "1", 0, "1", 0, 0, 0, "3", 0, 0, 0, 0, "1", 0, 0, 0, 0, 0, 0], "PIM": [0, 0, 0, 0, 0, 0, 0, 0, "2", "2", "2", 0, 0, "2", 0, "2", 0, 0, 0, 0, 0, 0, "2", 0, "2", 0, 0, 0, "14", 0, 0, 0, 0, "2", 0, 0, 0, 0, 0, 0], "TOT": ["20:31", "17:00", "12:39", "13:04", "16:28", "08:26", "09:00", "15:53", "21:33", "19:02", "14:44", "15:14", "21:57", "17:30", "17:29", "18:46", "15:30", "15:15", 0, "59:59", "19:34", "18:26", "14:43", "16:19", "08:58", "18:39", "15:39", "09:27", "17:06", "18:50", "16:13", "21:26", "19:21", "18:18", "08:16", "15:58", "17:12", "17:00", "20:02", "39:58"], "SHF": ["25", "24", "22", "23", "24", "16", "16", "23", "25", "24", "25", "24", "30", "22", "27", "27", "24", "23", 0, 0, "27", "26", "22", "24", "17", "25", "20", "17", "25", "25", "25", "26", "25", "25", "14", "23", "25", "23", 0, 0], "AVG TOI/SH": ["00:49", "00:42", "00:34", "00:34", "00:41", "00:31", "00:33", "00:41", "00:51", "00:47", "00:35", "00:38", "00:43", "00:47", "00:38", "00:41", "00:38", "00:39", 0, 0, "00:43", "00:42", "00:40", "00:40", "00:31", "00:44", "00:46", "00:33", "00:41", "00:45", "00:38", "00:49", "00:46", "00:43", "00:35", "00:41", "00:41", "00:44", 0, 0], "PP": ["01:37", "02:01", "01:23", "00:54", "02:06", "01:27", "01:07", "02:38", "04:22", "00:25", "01:13", "01:04", "00:50", "03:08", "02:34", "01:15", "01:13", "01:58", 0, "06:15", "00:04", "00:00", "02:26", "03:42", "00:16", "02:51", "03:18", "00:16", "03:37", "00:00", "00:55", "00:41", "04:08", "04:08", "00:00", "03:58", "04:18", "03:42", "03:59", "03:41"], "SH": ["03:38", "01:22", "00:49", "02:28", "02:02", "00:00", "00:00", "00:00", "01:03", "03:33", "02:01", "03:04", "04:19", "00:00", "02:17", "02:47", "01:17", "00:00", 0, "07:40", "03:45", "03:38", "00:00", "00:19", "02:11", "03:35", "00:00", "02:06", "00:10", "02:28", "03:09", "02:37", "00:10", "00:02", "00:50", "00:00", "00:00", "00:00", "01:59", "04:16"], "EV": ["15:16", "13:37", "10:27", "09:42", "12:20", "06:59", "07:53", "13:15", "16:08", "15:04", "11:30", "11:06", "16:48", "14:22", "12:38", "14:44", "13:00", "13:17", 0, "46:04", "15:45", "14:48", "12:17", "12:18", "06:31", "12:13", "12:21", "07:05", "13:19", "16:22", "12:09", "18:08", "15:03", "14:08", "07:26", "12:00", "12:54", "13:18", "14:04", "32:01"], "S": ["2", "3", 0, "1", "2", "2", "3", 0, "2", 0, "1", "6", "2", "1", "1", "1", "1", "1", 0, 0, "3", "3", "1", "2", 0, "1", 0, 0, "3", "2", "1", "1", "2", "1", "3", "1", "5", "1", 0, 0], "A/B": [0, "1", 0, 0, "1", 0, "1", 0, "2", 0, 0, 0, 0, 0, 0, "1", "2", "2", 0, 0, 0, "1", "1", 0, 0, "1", 0, 0, 0, 0, 0, "1", 0, "3", 0, "2", "1", "1", 0, 0], "MS": ["1", "1", 0, "1", "1", "1", "2", 0, "1", 0, 0, "1", "3", "1", "4", "1", 0, 0, 0, 0, "1", 0, 0, "1", 0, "1", "2", 0, 0, 0, 0, 0, "2", 0, 0, 0, "1", "2", 0, 0], "HT": [0, 0, 0, "4", 0, "1", "2", 0, 0, 0, "1", 0, "2", "1", "1", 0, 0, "1", 0, 0, 0, "2", "3", "1", 0, "1", 0, "1", "1", "2", "1", "1", 0, 0, "3", 0, "3", 0, 0, 0], "GV": [0, 0, 0, "1", 0, 0, "1", 0, 0, 0, 0, "1", 0, 0, 0, 0, 0, 0, 0, 0, 0, "1", 0, 0, 0, "1", 0, 0, 0, "1", 0, 0, "2", 0, 0, 0, "1", 0, 0, 0], "TK": [0, 0, 0, 0, 0, 0, 0, "1", 0, 0, 0, 0, 0, 0, 0, 0, 0, 0, 0, 0, 0, 0, 0, 0, 0, 0, 0, 0, 0, 0, "1", 0, 0, 0, 0, 0, 0, 0, 0, 0], "BS": ["2", "1", 0, "1", "2", 0, "1", 0, "1", "1", 0, "1", 0, 0, 0, "1", 0, 0, 0, 0, 0, "1", 0, 0, 0, "1", 0, "2", 0, "1", "1", "2", 0, "2", 0, 0, 0, 0, 0, 0], "FW": [0, "10", 0, "6", "2", 0, 0, "6", 0, 0, "5", "8", 0, "0", "1", 0, 0, "0", 0, 0, 0, 0, 0, "5", "3", "8", 0, "4", 0, 0, 0, 0, "14", 0, 0, "2", 0, 0, 0, 0], "FL": [0, "7", 0, "10", "2", 0, 0, "2", 0, 0, "5", "7", 0, "1", "1", 0, 0, "1", 0, 0, 0, 0, 0, "10", "2", "13", 0, "1", 0, 0, 0, 0, "10", 0, 0, "2", 0, 0, 0, 0], "F%": [0, "59", 0, "38", "50", 0, 0, "75", 0, 0, "50", "53", 0, "0", "50", 0, 0, "0", 0, 0, 0, 0, 0, "33", "60", "38", 0, "80", 0, 0, 0, 0, "58", 0, 0, "50", 0, 0, 0, 0], "team": ["SAN JOSE SHARKS ", "SAN JOSE SHARKS ", "SAN JOSE SHARKS ", "SAN JOSE SHARKS ", "SAN JOSE SHARKS ", "SAN JOSE SHARKS ", "SAN JOSE SHARKS ", "SAN JOSE SHARKS ", "SAN JOSE SHARKS ", "SAN JOSE SHARKS ", "SAN JOSE SHARKS ", "SAN JOSE SHARKS ", "SAN JOSE SHARKS ", "SAN JOSE SHARKS ", "SAN JOSE SHARKS ", "SAN JOSE SHARKS ", "SAN JOSE SHARKS ", "SAN JOSE SHARKS ", "SAN JOSE SHARKS ", "SAN JOSE SHARKS ", "PHILADELPHIA FLYERS ", "PHILADELPHIA FLYERS ", "PHILADELPHIA FLYERS ", "PHILADELPHIA FLYERS ", "PHILADELPHIA FLYERS ", "PHILADELPHIA FLYERS ", "PHILADELPHIA FLYERS ", "PHILADELPHIA FLYERS ", "PHILADELPHIA FLYERS ", "PHILADELPHIA FLYERS ", "PHILADELPHIA FLYERS ", "PHILADELPHIA FLYERS ", "PHILADELPHIA FLYERS ", "PHILADELPHIA FLYERS ", "PHILADELPHIA FLYERS ", "PHILADELPHIA FLYERS ", "PHILADELPHIA FLYERS ", "PHILADELPHIA FLYERS ", "PHILADELPHIA FLYERS ", "PHILADELPHIA FLYERS "], "GA": [0, 0, 0, 0, 0, 0, 0, 0, 0, 0, 0, 0, 0, 0, 0, 0, 0, 0, 0.0, "3", 0, 0, 0, 0, 0, 0, 0, 0, 0, 0, 0, 0, 0, 0, 0, 0, 0, 0, "3", "4"], "SA": [0, 0, 0, 0, 0, 0, 0, 0, 0, 0, 0, 0, 0, 0, 0, 0, 0, 0, 0.0, "30", 0, 0, 0, 0, 0, 0, 0, 0, 0, 0, 0, 0, 0, 0, 0, 0, 0, 0, "13", "16"]}}