{"game_info": {"date": "2013-12-12", "visitor": "TORONTO MAPLE LEAFS ", "home": "ST. LOUIS BLUES ", "game_id": 477, "status": "final"}, "player_stats": {"number": ["2", "4", "11", "12", "15", "19", "21", "23", "24", "29", "36", "38", "41", "43", "44", "51", "71", "81", "34", "45", "5", "9", "10", "12", "17", "19", "20", "21", "22", "25", "27", "28", "40", "42", "46", "74", "79", "91", "1", "41"], "position": ["D", "D", "C", "L", "D", "R", "L", "C", "C", "R", "D", "L", "L", "C", "D", "D", "R", "C", "G", "G", "D", "C", "L", "C", "C", "D", "L", "C", "D", "R", "D", "D", "C", "R", "D", "C", "R", "R", "G", "G"], "name": ["FRASER, MARK", "FRANSON, CODY", "MCCLEMENT, JAY", "RAYMOND, MASON", "RANGER, PAUL", "LUPUL, JOFFREY", "VAN RIEMSDYK, JAMES", "SMITH, TREVOR", "HOLLAND, PETER", "D'AMIGO, JERRY", "GUNNARSSON, CARL", "MCLAREN, FRAZER", "KULEMIN, NIKOLAI", "KADRI, NAZEM", "RIELLY, MORGAN", "GARDINER, JAKE", "CLARKSON, DAVID", "KESSEL, PHIL", "REIMER, JAMES", "BERNIER, JONATHAN", "JACKMAN, BARRET", "SCHWARTZ, JADEN", "MORROW, BRENDEN", "ROY, DEREK", "SOBOTKA, VLADIMIR", "BOUWMEESTER, JAY", "STEEN, ALEXANDER", "BERGLUND, PATRIK", "SHATTENKIRK, KEVIN", "STEWART, CHRIS", "PIETRANGELO, ALEX", "COLE, IAN", "LAPIERRE, MAXIM", "BACKES, DAVID", "POLAK, ROMAN", "OSHIE, T.J.", "CRACKNELL, ADAM", "TARASENKO, VLADIMIR", "ELLIOTT, BRIAN", "HALAK, JAROSLAV"], "G": [0, 0, 0, 0, 0, 0, "1", 0, 0, 0, 0, 0, "1", "1", 0, 0, 0, 0, 0, 0, 0, "1", 0, "1", 0, 0, "1", 0, 0, "1", 0, 0, 0, "2", 0, 0, 0, 0, 0, 0], "A": [0, 0, 0, "1", 0, 0, 0, "1", 0, 0, 0, 0, 0, 0, 0, 0, 0, "1", 0, 0, "1", "2", 0, 0, "2", "1", "1", 0, 0, "1", "1", 0, 0, 0, 0, "1", 0, 0, 0, 0], "P": [0, 0, 0, "1", 0, 0, "1", "1", 0, 0, 0, 0, "1", "1", 0, 0, 0, "1", 0, 0, "1", "3", 0, "1", "2", "1", "2", 0, 0, "2", "1", 0, 0, "2", 0, "1", 0, 0, 0, 0], "+/-": ["-3", 0, "-1", 0, "-2", "-2", "-1", "+1", "-1", "-1", "+1", "-1", "-1", "-2", 0, "-2", 0, "-1", 0, 0, "+3", "+2", 0, 0, "+2", 0, "+1", "+1", "+1", "+3", 0, 0, "-1", "+1", "+2", 0, 0, 0, 0, 0], "PN": [0, 0, "1", 0, 0, 0, 0, 0, 0, 0, 0, 0, 0, 0, 0, 0, "3", 0, 0, 0, "1", 0, 0, 0, 0, 0, "1", 0, 0, 0, 0, "1", 0, 0, "1", 0, 0, 0, 0, 0], "PIM": [0, 0, "2", 0, 0, 0, 0, 0, 0, 0, 0, 0, 0, 0, 0, 0, "9", 0, 0, 0, "2", 0, 0, 0, 0, 0, "2", 0, 0, 0, 0, "2", 0, 0, "5", 0, 0, 0, 0, 0], "TOT": ["18:45", "20:53", "10:34", "16:14", "19:56", "19:10", "21:21", "11:36", "14:50", "08:01", "17:47", "04:59", "16:02", "16:55", "19:13", "23:26", "14:54", "20:58", "16:10", "42:16", "17:12", "16:58", "11:46", "14:01", "16:33", "23:15", "19:42", "14:56", "19:43", "12:52", "25:01", "16:02", "10:47", "18:48", "16:53", "17:25", "08:48", "13:18", "60:00", 0], "SHF": ["26", "29", "15", "22", "25", "20", "23", "18", "16", "12", "25", "9", "19", "20", "23", "22", "22", "22", 0, 0, "25", "23", "17", "17", "22", "29", "26", "19", "24", "18", "30", "23", "17", "26", "23", "23", "13", "18", 0, 0], "AVG TOI/SH": ["00:43", "00:43", "00:42", "00:44", "00:47", "00:57", "00:55", "00:38", "00:55", "00:40", "00:42", "00:33", "00:50", "00:50", "00:50", "01:03", "00:40", "00:57", 0, 0, "00:41", "00:44", "00:41", "00:49", "00:45", "00:48", "00:45", "00:47", "00:49", "00:42", "00:50", "00:41", "00:38", "00:43", "00:44", "00:45", "00:40", "00:44", 0, 0], "PP": ["00:00", "03:27", "00:00", "02:35", "00:05", "02:46", "02:59", "00:00", "00:08", "00:00", "01:12", "00:00", "00:08", "02:56", "02:15", "04:25", "02:35", "02:59", "02:00", "03:42", "00:00", "02:10", "01:17", "03:16", "02:06", "01:25", "02:58", "00:24", "03:58", "00:42", "03:02", "00:24", "00:00", "02:15", "00:00", "01:48", "00:00", "02:45", "05:42", 0], "SH": ["02:33", "03:03", "02:03", "02:07", "02:56", "00:15", "00:23", "00:39", "00:00", "02:29", "02:40", "00:00", "03:28", "00:00", "00:06", "00:06", "00:00", "00:00", "02:00", "03:42", "01:43", "02:31", "00:00", "00:00", "02:20", "03:18", "00:46", "01:35", "00:02", "00:00", "02:54", "00:41", "01:12", "01:47", "02:46", "01:13", "00:00", "00:00", "05:42", 0], "EV": ["16:12", "14:23", "08:31", "11:32", "16:55", "16:09", "17:59", "10:57", "14:42", "05:32", "13:55", "04:59", "12:26", "13:59", "16:52", "18:55", "12:19", "17:59", "12:10", "34:52", "15:29", "12:17", "10:29", "10:45", "12:07", "18:32", "15:58", "12:57", "15:43", "12:10", "19:05", "14:57", "09:35", "14:46", "14:07", "14:24", "08:48", "10:33", "48:36", 0], "S": ["1", 0, 0, 0, "1", "2", "3", "1", "2", "1", 0, 0, "2", "3", "2", "1", "1", "2", 0, 0, 0, "4", "1", "2", "2", 0, "4", 0, "3", "1", "4", "1", 0, "4", "2", "3", "2", "3", 0, 0], "A/B": [0, "1", "1", "1", "1", "2", "2", 0, "1", 0, 0, 0, 0, 0, 0, "2", "1", 0, 0, 0, 0, "1", 0, "2", 0, 0, "2", 0, "1", "1", "1", 0, 0, 0, 0, 0, "1", 0, 0, 0], "MS": [0, "1", 0, 0, 0, "1", 0, "1", 0, 0, 0, 0, 0, "1", "1", "1", 0, 0, 0, 0, 0, "1", 0, 0, 0, "2", "1", "2", "2", "1", "4", "1", 0, "1", 0, 0, 0, "1", 0, 0], "HT": ["4", "2", 0, 0, "2", "2", 0, 0, 0, 0, "2", 0, "1", "3", "1", 0, "3", 0, 0, 0, "4", "1", 0, 0, 0, 0, "1", "1", 0, 0, 0, "1", "2", "1", 0, "1", "1", 0, 0, 0], "GV": [0, 0, 0, 0, 0, 0, 0, 0, 0, 0, 0, 0, 0, 0, 0, 0, "1", 0, 0, 0, 0, 0, 0, 0, 0, 0, 0, 0, "1", 0, 0, "1", 0, 0, 0, "1", 0, 0, "1", 0], "TK": [0, 0, "1", 0, 0, 0, 0, 0, "2", 0, 0, 0, 0, 0, 0, 0, "2", 0, 0, 0, "1", 0, 0, 0, "1", "1", "1", "2", "4", 0, "1", 0, 0, "1", 0, "1", 0, 0, 0, 0], "BS": ["2", "1", "1", "1", 0, "1", 0, 0, 0, 0, "2", 0, "1", 0, 0, 0, 0, 0, 0, 0, "3", 0, 0, 0, 0, "2", 0, 0, 0, 0, "2", "2", 0, 0, "2", 0, 0, "1", 0, 0], "FW": [0, 0, "4", 0, 0, "0", "3", "3", "8", "0", 0, 0, "0", "8", 0, 0, 0, 0, 0, 0, 0, "1", 0, "2", "8", 0, "2", "5", 0, "0", 0, 0, "9", "10", 0, 0, 0, 0, 0, 0], "FL": [0, 0, "6", 0, 0, "1", "0", "10", "8", "1", 0, 0, "1", "10", 0, 0, 0, 0, 0, 0, 0, "0", 0, "0", "7", 0, "1", "7", 0, "1", 0, 0, "3", "7", 0, 0, 0, 0, 0, 0], "F%": [0, 0, "40", 0, 0, "0", "100", "23", "50", "0", 0, 0, "0", "44", 0, 0, 0, 0, 0, 0, 0, "100", 0, "100", "53", 0, "67", "42", 0, "0", 0, 0, "75", "59", 0, 0, 0, 0, 0, 0], "team": ["TORONTO MAPLE LEAFS ", "TORONTO MAPLE LEAFS ", "TORONTO MAPLE LEAFS ", "TORONTO MAPLE LEAFS ", "TORONTO MAPLE LEAFS ", "TORONTO MAPLE LEAFS ", "TORONTO MAPLE LEAFS ", "TORONTO MAPLE LEAFS ", "TORONTO MAPLE LEAFS ", "TORONTO MAPLE LEAFS ", "TORONTO MAPLE LEAFS ", "TORONTO MAPLE LEAFS ", "TORONTO MAPLE LEAFS ", "TORONTO MAPLE LEAFS ", "TORONTO MAPLE LEAFS ", "TORONTO MAPLE LEAFS ", "TORONTO MAPLE LEAFS ", "TORONTO MAPLE LEAFS ", "TORONTO MAPLE LEAFS ", "TORONTO MAPLE LEAFS ", "ST. LOUIS BLUES ", "ST. LOUIS BLUES ", "ST. LOUIS BLUES ", "ST. LOUIS BLUES ", "ST. LOUIS BLUES ", "ST. LOUIS BLUES ", "ST. LOUIS BLUES ", "ST. LOUIS BLUES ", "ST. LOUIS BLUES ", "ST. LOUIS BLUES ", "ST. LOUIS BLUES ", "ST. LOUIS BLUES ", "ST. LOUIS BLUES ", "ST. LOUIS BLUES ", "ST. LOUIS BLUES ", "ST. LOUIS BLUES ", "ST. LOUIS BLUES ", "ST. LOUIS BLUES ", "ST. LOUIS BLUES ", "ST. LOUIS BLUES "], "GA": [0, 0, 0, 0, 0, 0, 0, 0, 0, 0, 0, 0, 0, 0, 0, 0, 0, 0, "3", "2", 0, 0, 0, 0, 0, 0, 0, 0, 0, 0, 0, 0, 0, 0, 0, 0, 0, 0, "3", 0], "SA": [0, 0, 0, 0, 0, 0, 0, 0, 0, 0, 0, 0, 0, 0, 0, 0, 0, 0, "15", "20", 0, 0, 0, 0, 0, 0, 0, 0, 0, 0, 0, 0, 0, 0, 0, 0, 0, 0, "22", 0]}}