{"game_info": {"date": "2013-10-17", "visitor": "ST. LOUIS BLUES ", "home": "CHICAGO BLACKHAWKS ", "game_id": 104, "status": "final"}, "player_stats": {"number": ["5", "9", "10", "12", "17", "19", "20", "21", "22", "25", "27", "33", "42", "46", "56", "74", "75", "91", "1", "41", "2", "4", "7", "8", "10", "16", "17", "19", "20", "26", "27", "29", "37", "42", "52", "65", "81", "88", "39", "50"], "position": ["D", "C", "L", "C", "C", "D", "C", "C", "D", "R", "D", "D", "R", "D", "L", "C", "R", "R", "G", "G", "D", "D", "D", "D", "R", "C", "D", "C", "L", "C", "D", "L", "C", "C", "L", "C", "R", "R", "G", "G"], "name": ["JACKMAN, BARRET", "SCHWARTZ, JADEN", "MORROW, BRENDEN", "ROY, DEREK", "SOBOTKA, VLADIMIR", "BOUWMEESTER, JAY", "STEEN, ALEXANDER", "BERGLUND, PATRIK", "SHATTENKIRK, KEVIN", "STEWART, CHRIS", "PIETRANGELO, ALEX", "LEOPOLD, JORDAN", "BACKES, DAVID", "POLAK, ROMAN", "PAAJARVI, MAGNUS", "OSHIE, T.J.", "REAVES, RYAN", "TARASENKO, VLADIMIR", "ELLIOTT, BRIAN", "HALAK, JAROSLAV", "KEITH, DUNCAN", "HJALMARSSON, NIKLAS", "SEABROOK, BRENT", "LEDDY, NICK", "SHARP, PATRICK", "KRUGER, MARCUS", "BROOKBANK, SHELDON", "TOEWS, JONATHAN", "SAAD, BRANDON", "HANDZUS, MICHAL", "ODUYA, JOHNNY", "BICKELL, BRYAN", "PIRRI, BRANDON", "NORDSTROM, JOAKIM", "BOLLIG, BRANDON", "SHAW, ANDREW", "HOSSA, MARIAN", "KANE, PATRICK", "KHABIBULIN, NIKOLAI", "CRAWFORD, COREY"], "G": [0, 0, 0, 0, 0, 0, "1", 0, 0, 0, 0, 0, "1", 0, 0, 0, 0, 0, 0, 0, 0, 0, 0, 0, 0, 0, 0, 0, 0, 0, 0, 0, "1", 0, 0, 0, "1", 0, 0, 0], "A": [0, 0, 0, 0, 0, "2", 0, 0, 0, 0, "1", 0, 0, 0, 0, "1", 0, 0, 0, 0, 0, "1", 0, 0, 0, 0, 0, 0, 0, 0, 0, 0, 0, 0, 0, 0, "1", 0, 0, 0], "P": [0, 0, 0, 0, 0, "2", "1", 0, 0, 0, "1", 0, "1", 0, 0, "1", 0, 0, 0, 0, 0, "1", 0, 0, 0, 0, 0, 0, 0, 0, 0, 0, "1", 0, 0, 0, "2", 0, 0, 0], "+/-": ["-2", "-2", 0, 0, 0, 0, "+1", "-2", 0, "-1", "+1", 0, "+1", "-1", 0, 0, 0, 0, 0, 0, "+1", "+1", 0, 0, "+1", 0, 0, "+1", 0, "-1", 0, 0, "+1", 0, 0, 0, "+1", 0, 0, 0], "PN": ["2", 0, "1", 0, "1", 0, 0, 0, 0, 0, 0, 0, 0, "2", 0, 0, 0, 0, 0, 0, 0, 0, 0, 0, 0, 0, 0, "1", 0, "1", 0, 0, 0, 0, "3", "1", 0, 0, 0, 0], "PIM": ["4", 0, "2", 0, "2", 0, 0, 0, 0, 0, 0, 0, 0, "7", 0, 0, 0, 0, 0, 0, 0, 0, 0, 0, 0, 0, 0, "2", 0, "2", 0, 0, 0, 0, "17", "2", 0, 0, 0, 0], "TOT": ["17:50", "19:23", "10:32", "13:41", "17:43", "29:46", "19:47", "17:31", "18:31", "13:23", "30:45", "16:22", "20:42", "15:47", "08:17", "21:39", "07:46", "12:35", 0, "65:00", "29:13", "20:10", "26:10", "17:15", "21:17", "11:44", "13:41", "22:18", "16:27", "14:27", "19:09", "17:09", "09:34", "10:39", "06:34", "16:56", "20:59", "22:19", 0, "64:54"], "SHF": ["30", "27", "15", "18", "26", "37", "29", "29", "27", "19", "38", "23", "31", "25", "14", "32", "13", "20", 0, 0, "30", "31", "33", "23", "22", "20", "19", "29", "22", "19", "28", "22", "12", "17", "11", "20", "27", "26", 0, 0], "AVG TOI/SH": ["00:35", "00:43", "00:42", "00:45", "00:40", "00:48", "00:40", "00:36", "00:41", "00:42", "00:48", "00:42", "00:40", "00:37", "00:35", "00:40", "00:35", "00:37", 0, 0, "00:58", "00:39", "00:47", "00:45", "00:58", "00:35", "00:43", "00:46", "00:44", "00:45", "00:41", "00:46", "00:47", "00:37", "00:35", "00:50", "00:46", "00:51", 0, 0], "PP": ["00:05", "00:00", "00:00", "01:16", "00:00", "02:31", "01:00", "02:03", "00:53", "01:07", "02:31", "00:02", "02:08", "00:00", "00:00", "02:08", "00:00", "01:16", 0, "03:24", "04:59", "00:04", "02:16", "02:53", "05:10", "00:00", "00:00", "04:22", "02:26", "00:00", "00:04", "03:03", "00:04", "00:00", "00:00", "03:28", "02:53", "04:53", 0, "07:19"], "SH": ["01:52", "00:10", "00:00", "00:00", "01:05", "04:24", "04:35", "02:28", "01:09", "00:00", "03:40", "00:36", "03:03", "02:47", "00:00", "03:27", "00:00", "00:00", 0, "07:19", "01:04", "02:20", "01:04", "00:00", "00:00", "02:01", "00:00", "01:23", "00:19", "00:28", "02:20", "00:00", "00:00", "01:22", "00:00", "00:00", "01:15", "00:00", 0, "03:24"], "EV": ["15:53", "19:13", "10:32", "12:25", "16:38", "22:51", "14:12", "13:00", "16:29", "12:16", "24:34", "15:44", "15:31", "13:00", "08:17", "16:04", "07:46", "11:19", 0, "54:17", "23:10", "17:46", "22:50", "14:22", "16:07", "09:43", "13:41", "16:33", "13:42", "13:59", "16:45", "14:06", "09:30", "09:17", "06:34", "13:28", "16:51", "17:26", 0, "54:11"], "S": ["2", "3", 0, 0, "2", "3", "2", "5", "2", "3", "2", "1", "1", 0, 0, "1", 0, "1", 0, 0, "2", 0, "2", "3", "3", 0, 0, "1", "2", "1", "1", 0, "2", "1", "2", "2", "5", "2", 0, 0], "A/B": [0, "2", "1", 0, "1", "3", 0, 0, "2", "1", "1", 0, 0, 0, "1", 0, 0, 0, 0, 0, "2", "1", "1", 0, 0, 0, "2", "1", "1", 0, "1", 0, 0, "1", 0, 0, "2", "2", 0, 0], "MS": ["1", "1", 0, "1", "1", 0, "2", 0, 0, 0, 0, 0, "1", 0, 0, 0, 0, "1", 0, 0, "2", 0, 0, "1", "3", 0, 0, "2", 0, 0, 0, "1", "1", 0, 0, 0, 0, 0, 0, 0], "HT": [0, "1", 0, "1", "2", "1", 0, "2", "1", "1", "1", "1", "5", "4", 0, "1", "3", 0, 0, 0, 0, 0, "6", 0, 0, "1", 0, 0, "2", 0, "2", "4", 0, "1", "3", "6", "1", 0, 0, 0], "GV": [0, 0, 0, 0, 0, 0, 0, 0, 0, 0, "1", "1", 0, "1", 0, 0, 0, 0, 0, 0, "1", "2", "2", 0, 0, 0, "1", "1", 0, "1", 0, 0, 0, 0, 0, 0, 0, "1", 0, 0], "TK": ["1", 0, 0, 0, "2", 0, "1", 0, 0, 0, "2", 0, "1", "1", 0, 0, 0, "1", 0, 0, "2", 0, "2", "1", "1", 0, 0, "2", "2", 0, "1", 0, 0, 0, 0, "2", "3", "1", 0, 0], "BS": ["1", "2", 0, 0, 0, "1", "1", 0, "2", "1", "4", 0, "1", "1", 0, 0, 0, 0, 0, 0, "2", "2", "2", "1", 0, 0, "1", 0, 0, 0, "3", 0, 0, 0, "1", 0, 0, 0, 0, 0], "FW": [0, 0, 0, "3", "12", 0, "4", "3", 0, 0, 0, 0, "8", 0, 0, 0, 0, 0, 0, 0, 0, 0, 0, 0, "2", "10", 0, "10", 0, "5", 0, 0, "4", "1", 0, "1", 0, "0", 0, 0], "FL": [0, 0, 0, "8", "4", 0, "1", "10", 0, 0, 0, 0, "10", 0, 0, 0, 0, 0, 0, 0, 0, 0, 0, 0, "3", "5", 0, "10", 0, "7", 0, 0, "2", "0", 0, "2", 0, "1", 0, 0], "F%": [0, 0, 0, "27", "75", 0, "80", "23", 0, 0, 0, 0, "44", 0, 0, 0, 0, 0, 0, 0, 0, 0, 0, 0, "40", "67", 0, "50", 0, "42", 0, 0, "67", "100", 0, "33", 0, "0", 0, 0], "team": ["ST. LOUIS BLUES ", "ST. LOUIS BLUES ", "ST. LOUIS BLUES ", "ST. LOUIS BLUES ", "ST. LOUIS BLUES ", "ST. LOUIS BLUES ", "ST. LOUIS BLUES ", "ST. LOUIS BLUES ", "ST. LOUIS BLUES ", "ST. LOUIS BLUES ", "ST. LOUIS BLUES ", "ST. LOUIS BLUES ", "ST. LOUIS BLUES ", "ST. LOUIS BLUES ", "ST. LOUIS BLUES ", "ST. LOUIS BLUES ", "ST. LOUIS BLUES ", "ST. LOUIS BLUES ", "ST. LOUIS BLUES ", "ST. LOUIS BLUES ", "CHICAGO BLACKHAWKS ", "CHICAGO BLACKHAWKS ", "CHICAGO BLACKHAWKS ", "CHICAGO BLACKHAWKS ", "CHICAGO BLACKHAWKS ", "CHICAGO BLACKHAWKS ", "CHICAGO BLACKHAWKS ", "CHICAGO BLACKHAWKS ", "CHICAGO BLACKHAWKS ", "CHICAGO BLACKHAWKS ", "CHICAGO BLACKHAWKS ", "CHICAGO BLACKHAWKS ", "CHICAGO BLACKHAWKS ", "CHICAGO BLACKHAWKS ", "CHICAGO BLACKHAWKS ", "CHICAGO BLACKHAWKS ", "CHICAGO BLACKHAWKS ", "CHICAGO BLACKHAWKS ", "CHICAGO BLACKHAWKS ", "CHICAGO BLACKHAWKS "], "GA": [0, 0, 0, 0, 0, 0, 0, 0, 0, 0, 0, 0, 0, 0, 0, 0, 0, 0, 0.0, "2", 0, 0, 0, 0, 0, 0, 0, 0, 0, 0, 0, 0, 0, 0, 0, 0, 0, 0, 0, "2"], "SA": [0, 0, 0, 0, 0, 0, 0, 0, 0, 0, 0, 0, 0, 0, 0, 0, 0, 0, 0.0, "29", 0, 0, 0, 0, 0, 0, 0, 0, 0, 0, 0, 0, 0, 0, 0, 0, 0, 0, 0, "28"]}}