{"game_info": {"date": "2013-11-27", "visitor": "MONTREAL CANADIENS ", "home": "BUFFALO SABRES ", "game_id": 365, "status": "final"}, "player_stats": {"number": ["6", "8", "11", "14", "21", "26", "27", "32", "48", "49", "51", "53", "61", "67", "74", "76", "79", "81", "30", "31", "3", "9", "10", "19", "20", "21", "23", "25", "26", "28", "32", "44", "52", "57", "63", "65", "72", "82", "1", "30"], "position": ["D", "L", "R", "C", "R", "D", "C", "L", "C", "L", "C", "C", "D", "L", "D", "D", "D", "C", "G", "G", "D", "C", "D", "C", "D", "R", "L", "C", "L", "C", "L", "D", "D", "D", "C", "C", "C", "L", "G", "G"], "name": ["MURRAY, DOUGLAS", "PRUST, BRANDON", "GALLAGHER, BRENDAN", "PLEKANEC, TOMAS", "GIONTA, BRIAN", "GORGES, JOSH", "GALCHENYUK, ALEX", "MOEN, TRAVIS", "BRIERE, DANIEL", "BOURNIVAL, MICHAEL", "DESHARNAIS, DAVID", "WHITE, RYAN", "DIAZ, RAPHAEL", "PACIORETTY, MAX", "EMELIN, ALEXEI", "SUBBAN, P.K.", "MARKOV, ANDREI", "ELLER, LARS", "BUDAJ, PETER", "PRICE, CAREY", "PYSYK, MARK", "OTT, STEVE", "EHRHOFF, CHRISTIAN", "HODGSON, CODY", "TALLINDER, HENRIK", "STAFFORD, DREW", "LEINO, VILLE", "GRIGORENKO, MIKHAIL", "MOULSON, MATT", "GIRGENSONS, ZEMGUS", "SCOTT, JOHN", "MCNABB, BRAYDEN", "SULZER, ALEXANDER", "MYERS, TYLER", "ENNIS, TYLER", "FLYNN, BRIAN", "ADAM, LUKE", "FOLIGNO, MARCUS", "ENROTH, JHONAS", "MILLER, RYAN"], "G": [0, 0, "1", 0, 0, 0, "1", 0, 0, 0, "1", 0, 0, 0, 0, 0, 0, 0, 0, 0, 0, 0, 0, 0, 0, 0, 0, 0, "1", 0, 0, 0, 0, 0, 0, 0, 0, 0, 0, 0], "A": [0, 0, 0, 0, 0, 0, 0, 0, 0, 0, "1", 0, 0, 0, 0, "1", "3", "1", 0, 0, 0, 0, 0, 0, 0, "1", 0, 0, 0, 0, 0, 0, 0, 0, 0, 0, 0, 0, 0, 0], "P": [0, 0, "1", 0, 0, 0, "1", 0, 0, 0, "2", 0, 0, 0, 0, "1", "3", "1", 0, 0, 0, 0, 0, 0, 0, "1", 0, 0, "1", 0, 0, 0, 0, 0, 0, 0, 0, 0, 0, 0], "+/-": [0, "+1", "-1", 0, 0, "-1", "+1", 0, 0, 0, "-1", 0, 0, "-1", 0, 0, "+1", "+1", 0, 0, "-1", 0, 0, 0, "+1", 0, 0, 0, 0, 0, 0, "-1", 0, "+1", 0, 0, 0, 0, 0, 0], "PN": ["1", 0, 0, 0, 0, 0, "1", 0, 0, 0, 0, 0, 0, 0, 0, 0, 0, 0, 0, 0, 0, 0, 0, 0, 0, 0, 0, 0, "1", 0, "1", 0, 0, "1", "1", 0, 0, "1", 0, 0], "PIM": ["5", 0, 0, 0, 0, 0, "4", 0, 0, 0, 0, 0, 0, 0, 0, 0, 0, 0, 0, 0, 0, 0, 0, 0, 0, 0, 0, 0, "2", 0, "5", 0, 0, "2", "2", 0, 0, "2", 0, 0], "TOT": ["11:04", "14:07", "16:27", "17:54", "17:43", "23:08", "13:35", "13:31", "13:25", "09:39", "16:48", "11:23", "14:25", "17:14", "18:52", "24:54", "27:37", "14:14", 0, "60:00", "16:25", "22:00", "23:40", "18:01", "21:13", "16:49", "19:23", "12:47", "15:56", "14:24", "07:12", "15:07", "21:10", "21:32", "19:14", "09:57", "11:44", "08:29", 0, "58:24"], "SHF": ["14", "18", "20", "22", "20", "27", "17", "19", "15", "13", "20", "15", "18", "21", "23", "25", "29", "19", 0, 0, "23", "24", "26", "23", "26", "21", "21", "15", "20", "18", "8", "22", "23", "27", "19", "13", "15", "13", 0, 0], "AVG TOI/SH": ["00:47", "00:47", "00:49", "00:48", "00:53", "00:51", "00:47", "00:42", "00:53", "00:44", "00:50", "00:45", "00:48", "00:49", "00:49", "00:59", "00:57", "00:44", 0, 0, "00:42", "00:55", "00:54", "00:47", "00:48", "00:48", "00:55", "00:51", "00:47", "00:48", "00:54", "00:41", "00:55", "00:47", "01:00", "00:45", "00:46", "00:39", 0, 0], "PP": ["00:00", "00:00", "04:55", "00:39", "00:39", "00:17", "00:59", "00:00", "01:38", "00:00", "04:55", "00:00", "00:00", "04:55", "00:00", "06:33", "06:16", "00:59", 0, "06:33", "01:52", "00:00", "02:22", "01:48", "00:00", "01:03", "01:03", "01:09", "02:05", "01:09", "00:24", "01:38", "00:10", "01:58", "01:48", "00:00", "00:46", "00:45", 0, "04:00"], "SH": ["01:24", "01:20", "00:00", "01:46", "00:53", "02:01", "00:00", "01:10", "00:00", "00:00", "00:26", "00:52", "01:08", "00:37", "01:15", "00:44", "01:28", "00:56", 0, "04:00", "01:05", "04:01", "02:30", "02:20", "04:03", "01:20", "00:00", "00:00", "00:00", "01:29", "00:00", "00:00", "02:23", "03:05", "00:00", "02:48", "00:00", "01:08", 0, "06:33"], "EV": ["09:40", "12:47", "11:32", "15:29", "16:11", "20:50", "12:36", "12:21", "11:47", "09:39", "11:27", "10:31", "13:17", "11:42", "17:37", "17:37", "19:53", "12:19", 0, "49:27", "13:28", "17:59", "18:48", "13:53", "17:10", "14:26", "18:20", "11:38", "13:51", "11:46", "06:48", "13:29", "18:37", "16:29", "17:26", "07:09", "10:58", "06:36", 0, "47:51"], "S": ["1", "1", "2", 0, "4", "2", "1", "1", "3", "4", "2", "1", "1", "4", "2", "1", "1", 0, 0, 0, "2", "1", "1", "3", "1", "1", "3", "1", "4", "1", 0, "1", 0, "2", "1", 0, "2", "1", 0, 0], "A/B": [0, "1", 0, "1", 0, 0, 0, 0, "1", "2", "1", "2", "1", "2", 0, "3", 0, 0, 0, 0, 0, "1", "3", 0, "2", "2", 0, "1", "1", 0, 0, "1", 0, "1", "1", 0, 0, 0, 0, 0], "MS": [0, 0, 0, 0, "3", 0, 0, "1", 0, 0, 0, 0, 0, 0, 0, "4", 0, 0, 0, 0, "1", 0, "1", 0, 0, 0, 0, 0, "1", "1", 0, "1", 0, "1", "2", 0, "3", 0, 0, 0], "HT": ["1", "4", 0, 0, "1", "1", "1", "1", "1", "1", 0, "2", 0, "1", "3", 0, "1", 0, 0, 0, "1", "7", 0, "1", "1", "1", 0, 0, 0, "3", "2", "1", "2", "2", "1", 0, "2", "4", 0, 0], "GV": [0, 0, "1", 0, 0, 0, 0, 0, 0, 0, "1", 0, 0, 0, "1", "1", "1", 0, 0, 0, 0, 0, 0, 0, 0, 0, 0, "1", 0, "1", 0, "1", "1", "1", "1", 0, 0, 0, 0, 0], "TK": [0, 0, 0, 0, 0, 0, 0, 0, "1", "1", 0, 0, 0, 0, 0, "1", 0, 0, 0, 0, 0, 0, 0, 0, 0, "1", "1", 0, 0, 0, 0, 0, 0, "1", 0, 0, 0, 0, 0, 0], "BS": [0, "2", 0, 0, "1", "1", 0, "1", "1", "1", 0, 0, "1", "2", "1", 0, "1", "1", 0, 0, 0, 0, "3", 0, "2", 0, "2", "1", 0, 0, 0, 0, "2", "2", 0, "1", 0, "1", 0, 0], "FW": [0, 0, "2", "10", 0, 0, 0, 0, "0", 0, "8", "2", 0, 0, 0, 0, 0, "9", 0, 0, 0, "7", 0, "9", 0, 0, "1", "6", 0, "1", 0, 0, 0, 0, "1", "0", 0, "1", 0, 0], "FL": [0, 0, "1", "6", 0, 0, 0, 0, "1", 0, "7", "5", 0, 0, 0, 0, 0, "6", 0, 0, 0, "9", 0, "9", 0, 0, "4", "5", 0, "0", 0, 0, 0, 0, "0", "3", 0, "1", 0, 0], "F%": [0, 0, "67", "63", 0, 0, 0, 0, "0", 0, "53", "29", 0, 0, 0, 0, 0, "60", 0, 0, 0, "44", 0, "50", 0, 0, "20", "55", 0, "100", 0, 0, 0, 0, "100", "0", 0, "50", 0, 0], "team": ["MONTREAL CANADIENS ", "MONTREAL CANADIENS ", "MONTREAL CANADIENS ", "MONTREAL CANADIENS ", "MONTREAL CANADIENS ", "MONTREAL CANADIENS ", "MONTREAL CANADIENS ", "MONTREAL CANADIENS ", "MONTREAL CANADIENS ", "MONTREAL CANADIENS ", "MONTREAL CANADIENS ", "MONTREAL CANADIENS ", "MONTREAL CANADIENS ", "MONTREAL CANADIENS ", "MONTREAL CANADIENS ", "MONTREAL CANADIENS ", "MONTREAL CANADIENS ", "MONTREAL CANADIENS ", "MONTREAL CANADIENS ", "MONTREAL CANADIENS ", "BUFFALO SABRES ", "BUFFALO SABRES ", "BUFFALO SABRES ", "BUFFALO SABRES ", "BUFFALO SABRES ", "BUFFALO SABRES ", "BUFFALO SABRES ", "BUFFALO SABRES ", "BUFFALO SABRES ", "BUFFALO SABRES ", "BUFFALO SABRES ", "BUFFALO SABRES ", "BUFFALO SABRES ", "BUFFALO SABRES ", "BUFFALO SABRES ", "BUFFALO SABRES ", "BUFFALO SABRES ", "BUFFALO SABRES ", "BUFFALO SABRES ", "BUFFALO SABRES "], "GA": [0, 0, 0, 0, 0, 0, 0, 0, 0, 0, 0, 0, 0, 0, 0, 0, 0, 0, 0.0, "1", 0, 0, 0, 0, 0, 0, 0, 0, 0, 0, 0, 0, 0, 0, 0, 0, 0, 0, 0, "3"], "SA": [0, 0, 0, 0, 0, 0, 0, 0, 0, 0, 0, 0, 0, 0, 0, 0, 0, 0, 0.0, "25", 0, 0, 0, 0, 0, 0, 0, 0, 0, 0, 0, 0, 0, 0, 0, 0, 0, 0, 0, "31"]}}