{"game_info": {"date": "2014-03-23", "visitor": "MINNESOTA WILD ", "home": "DETROIT RED WINGS ", "game_id": 1070, "status": "final"}, "player_stats": {"number": ["3", "6", "7", "9", "11", "14", "15", "20", "21", "22", "24", "25", "26", "29", "39", "46", "56", "64", "30", "35", "2", "4", "11", "14", "15", "17", "18", "20", "21", "23", "25", "27", "29", "41", "43", "55", "65", "93", "35", "50"], "position": ["C", "D", "D", "C", "L", "R", "L", "D", "C", "R", "L", "D", "L", "R", "D", "D", "L", "C", "G", "G", "D", "D", "R", "C", "C", "C", "C", "L", "C", "D", "C", "D", "C", "C", "C", "D", "D", "C", "G", "G"], "name": ["COYLE, CHARLIE", "SCANDELLA, MARCO", "BLUM, JONATHON", "KOIVU, MIKKO", "PARISE, ZACH", "FONTAINE, JUSTIN", "HEATLEY, DANY", "SUTER, RYAN", "BRODZIAK, KYLE", "NIEDERREITER, NINO", "COOKE, MATT", "BRODIN, JONAS", "MOULSON, MATT", "POMINVILLE, JASON", "PROSSER, NATE", "SPURGEON, JARED", "HAULA, ERIK", "GRANLUND, MIKAEL", "BRYZGALOV, ILYA", "KUEMPER, DARCY", "SMITH, BRENDAN", "KINDL, JAKUB", "ALFREDSSON, DANIEL", "NYQUIST, GUSTAV", "SHEAHAN, RILEY", "LEGWAND, DAVID", "ANDERSSON, JOAKIM", "MILLER, DREW", "TATAR, TOMAS", "LASHOFF, BRIAN", "EMMERTON, CORY", "QUINCEY, KYLE", "FERRARO, LANDON", "GLENDENING, LUKE", "HELM, DARREN", "KRONWALL, NIKLAS", "DEKEYSER, DANNY", "FRANZEN, JOHAN", "HOWARD, JIMMY", "GUSTAVSSON, JONAS"], "G": ["1", 0, 0, 0, "1", 0, 0, 0, 0, 0, 0, 0, "1", "1", 0, 0, 0, 0, 0, 0, 0, 0, 0, "2", 0, 0, 0, 0, "1", 0, 0, 0, 0, 0, 0, 0, 0, 0, 0, 0], "A": ["1", 0, 0, "2", 0, 0, 0, "1", 0, 0, 0, "1", "1", 0, 0, "1", 0, "1", 0, 0, "1", 0, "1", 0, 0, 0, 0, 0, "1", 0, 0, 0, 0, 0, 0, "1", 0, 0, 0, 0], "P": ["2", 0, 0, "2", "1", 0, 0, "1", 0, 0, 0, "1", "2", "1", 0, "1", 0, "1", 0, 0, "1", 0, "1", "2", 0, 0, 0, 0, "2", 0, 0, 0, 0, 0, 0, "1", 0, 0, 0, 0], "+/-": ["+2", 0, 0, "+1", 0, "-1", "-1", "+1", 0, 0, 0, "+1", "+2", 0, 0, 0, "-2", "+1", 0, 0, "+1", 0, "-1", "+2", "+2", "-1", 0, "-2", "+2", "-2", 0, 0, 0, "-1", "-2", 0, "-1", "-1", 0, 0], "PN": ["1", 0, 0, 0, 0, 0, 0, 0, 0, "1", 0, 0, 0, 0, 0, 0, 0, 0, 0, 0, 0, 0, 0, 0, 0, "1", 0, 0, 0, "1", 0, "1", 0, 0, 0, 0, 0, 0, 0, 0], "PIM": ["2", 0, 0, 0, 0, 0, 0, 0, 0, "2", 0, 0, 0, 0, 0, 0, 0, 0, 0, 0, 0, 0, 0, 0, 0, "2", 0, 0, 0, "2", 0, "2", 0, 0, 0, 0, 0, 0, 0, 0], "TOT": ["15:37", "17:41", "14:26", "19:33", "20:07", "08:10", "10:32", "27:56", "14:00", "13:42", "15:32", "18:53", "16:41", "20:21", "15:56", "27:00", "08:12", "20:52", "62:15", 0, "21:23", "18:47", "18:53", "16:08", "14:33", "19:48", "11:07", "18:29", "15:43", "16:11", "07:02", "19:58", "06:49", "18:10", "17:11", "23:46", "22:23", "19:01", "61:43", 0], "SHF": ["23", "22", "19", "22", "26", "12", "14", "31", "20", "17", "21", "22", "22", "22", "20", "30", "15", "23", 0, 0, "29", "22", "27", "21", "21", "28", "16", "26", "21", "22", "12", "29", "11", "24", "24", "33", "34", "27", 0, 0], "AVG TOI/SH": ["00:40", "00:48", "00:45", "00:53", "00:46", "00:40", "00:45", "00:54", "00:42", "00:48", "00:44", "00:51", "00:45", "00:55", "00:47", "00:54", "00:32", "00:54", 0, 0, "00:44", "00:51", "00:41", "00:46", "00:41", "00:42", "00:41", "00:42", "00:44", "00:44", "00:35", "00:41", "00:37", "00:45", "00:42", "00:43", "00:39", "00:42", 0, 0], "PP": ["01:30", "00:12", "00:02", "02:38", "02:38", "00:00", "01:32", "02:38", "00:12", "00:02", "00:00", "01:30", "02:38", "02:38", "00:00", "01:20", "00:00", "01:20", "04:10", 0, "00:00", "01:58", "02:09", "01:40", "01:58", "02:07", "01:51", "00:00", "02:09", "00:00", "00:00", "00:00", "00:00", "00:00", "00:00", "01:42", "01:49", "01:42", "03:49", 0], "SH": ["00:00", "01:52", "00:24", "00:48", "01:02", "00:00", "00:00", "00:58", "01:45", "00:00", "02:12", "01:19", "00:00", "00:00", "01:50", "01:15", "01:12", "00:39", "03:49", 0, "00:45", "00:00", "00:14", "00:00", "00:00", "00:00", "01:44", "02:12", "00:00", "01:08", "00:00", "01:53", "00:00", "02:19", "01:37", "02:17", "02:17", "00:14", "04:10", 0], "EV": ["14:07", "15:37", "14:00", "16:07", "16:27", "08:10", "09:00", "24:20", "12:03", "13:40", "13:20", "16:04", "14:03", "17:43", "14:06", "24:25", "07:00", "18:53", "54:16", 0, "20:38", "16:49", "16:30", "14:28", "12:35", "17:41", "07:32", "16:17", "13:34", "15:03", "07:02", "18:05", "06:49", "15:51", "15:34", "19:47", "18:17", "17:05", "53:44", 0], "S": ["3", "1", "3", "2", "2", "1", 0, 0, "2", "1", 0, "3", "3", "3", 0, 0, 0, "1", 0, 0, 0, "1", 0, "3", "1", "1", "1", "3", "1", 0, 0, 0, "1", "1", "1", 0, "1", "1", 0, 0], "A/B": [0, "3", "2", "1", "2", 0, 0, "2", 0, 0, 0, "1", 0, "1", 0, 0, 0, 0, 0, 0, 0, 0, "1", "1", 0, 0, 0, 0, "1", "1", 0, 0, 0, 0, "2", "1", "1", 0, 0, 0], "MS": ["2", "1", 0, "1", "3", 0, 0, "1", "1", 0, 0, "1", 0, 0, 0, "1", "1", 0, 0, 0, "2", 0, "1", "2", 0, "1", "1", "1", 0, 0, 0, "2", 0, "1", "1", 0, 0, 0, 0, 0], "HT": ["5", "2", "2", 0, "2", 0, 0, "3", "1", "1", "1", "1", 0, 0, 0, "1", "2", 0, 0, 0, "3", "1", 0, 0, "3", "1", "1", "3", "2", 0, 0, "1", "3", "4", "3", "2", 0, "2", 0, 0], "GV": [0, "2", 0, 0, 0, 0, 0, "2", "1", "1", 0, 0, 0, 0, 0, 0, 0, 0, 0, 0, "2", "1", "2", 0, 0, 0, 0, 0, 0, 0, 0, 0, "1", 0, "1", 0, 0, 0, 0, 0], "TK": [0, 0, 0, 0, 0, 0, 0, 0, "1", 0, 0, 0, 0, 0, 0, 0, 0, 0, 0, 0, 0, 0, 0, 0, 0, 0, 0, "1", "1", 0, 0, 0, 0, 0, 0, 0, 0, 0, 0, 0], "BS": [0, "1", "3", 0, 0, 0, 0, 0, 0, 0, 0, "1", 0, 0, "1", "1", 0, "1", 0, 0, "1", "1", 0, 0, "1", "2", 0, "1", 0, "1", 0, 0, 0, "1", 0, "2", "2", 0, 0, 0], "FW": ["1", 0, 0, "12", 0, 0, 0, 0, "9", 0, 0, 0, 0, "3", 0, 0, "3", "6", 0, 0, 0, 0, 0, 0, "7", "2", "2", 0, "0", 0, "0", 0, 0, "6", "1", 0, 0, "2", 0, 0], "FL": ["0", 0, 0, "3", 0, 0, 0, 0, "5", 0, 0, 0, 0, "2", 0, 0, "3", "7", 0, 0, 0, 0, 0, 0, "4", "11", "5", 0, "1", 0, "2", 0, 0, "7", "3", 0, 0, "1", 0, 0], "F%": ["100", 0, 0, "80", 0, 0, 0, 0, "64", 0, 0, 0, 0, "60", 0, 0, "50", "46", 0, 0, 0, 0, 0, 0, "64", "15", "29", 0, "0", 0, "0", 0, 0, "46", "25", 0, 0, "67", 0, 0], "team": ["MINNESOTA WILD ", "MINNESOTA WILD ", "MINNESOTA WILD ", "MINNESOTA WILD ", "MINNESOTA WILD ", "MINNESOTA WILD ", "MINNESOTA WILD ", "MINNESOTA WILD ", "MINNESOTA WILD ", "MINNESOTA WILD ", "MINNESOTA WILD ", "MINNESOTA WILD ", "MINNESOTA WILD ", "MINNESOTA WILD ", "MINNESOTA WILD ", "MINNESOTA WILD ", "MINNESOTA WILD ", "MINNESOTA WILD ", "MINNESOTA WILD ", "MINNESOTA WILD ", "DETROIT RED WINGS ", "DETROIT RED WINGS ", "DETROIT RED WINGS ", "DETROIT RED WINGS ", "DETROIT RED WINGS ", "DETROIT RED WINGS ", "DETROIT RED WINGS ", "DETROIT RED WINGS ", "DETROIT RED WINGS ", "DETROIT RED WINGS ", "DETROIT RED WINGS ", "DETROIT RED WINGS ", "DETROIT RED WINGS ", "DETROIT RED WINGS ", "DETROIT RED WINGS ", "DETROIT RED WINGS ", "DETROIT RED WINGS ", "DETROIT RED WINGS ", "DETROIT RED WINGS ", "DETROIT RED WINGS "], "GA": [0, 0, 0, 0, 0, 0, 0, 0, 0, 0, 0, 0, 0, 0, 0, 0, 0, 0, "3", 0, 0, 0, 0, 0, 0, 0, 0, 0, 0, 0, 0, 0, 0, 0, 0, 0, 0, 0, "4", 0], "SA": [0, 0, 0, 0, 0, 0, 0, 0, 0, 0, 0, 0, 0, 0, 0, 0, 0, 0, "16", 0, 0, 0, 0, 0, 0, 0, 0, 0, 0, 0, 0, 0, 0, 0, 0, 0, 0, 0, "25", 0]}}