{"game_info": {"date": "2014-04-09", "visitor": "DETROIT RED WINGS ", "home": "PITTSBURGH PENGUINS ", "game_id": 1191, "status": "final"}, "player_stats": {"number": ["2", "4", "8", "11", "13", "14", "15", "17", "20", "21", "23", "26", "27", "41", "43", "55", "65", "93", "35", "50", "2", "3", "4", "7", "14", "15", "16", "17", "18", "19", "22", "27", "36", "44", "45", "49", "58", "87", "29", "37"], "position": ["D", "D", "L", "R", "C", "C", "C", "C", "L", "C", "D", "R", "D", "C", "C", "D", "D", "C", "G", "G", "D", "D", "D", "D", "L", "L", "C", "L", "L", "R", "R", "R", "L", "D", "C", "C", "D", "C", "G", "G"], "name": ["SMITH, BRENDAN", "KINDL, JAKUB", "ABDELKADER, JUSTIN", "ALFREDSSON, DANIEL", "DATSYUK, PAVEL", "NYQUIST, GUSTAV", "SHEAHAN, RILEY", "LEGWAND, DAVID", "MILLER, DREW", "TATAR, TOMAS", "LASHOFF, BRIAN", "JURCO, TOMAS", "QUINCEY, KYLE", "GLENDENING, LUKE", "HELM, DARREN", "KRONWALL, NIKLAS", "DEKEYSER, DANNY", "FRANZEN, JOHAN", "HOWARD, JIMMY", "GUSTAVSSON, JONAS", "NISKANEN, MATT", "MAATTA, OLLI", "SCUDERI, ROB", "MARTIN, PAUL", "KUNITZ, CHRIS", "GLASS, TANNER", "SUTTER, BRANDON", "PYATT, TAYLOR", "NEAL, JAMES", "BENNETT, BEAU", "STEMPNIAK, LEE", "ADAMS, CRAIG", "JOKINEN, JUSSI", "ORPIK, BROOKS", "PAYERL, ADAM", "GIBBONS, BRIAN", "LETANG, KRIS", "CROSBY, SIDNEY", "FLEURY, MARC-ANDRE", "ZATKOFF, JEFF"], "G": [0, "1", 0, 0, 0, 0, "1", 0, 0, 0, 0, "1", 0, 0, 0, 0, 0, 0, 0, 0, 0, 0, 0, 0, 0, 0, 0, 0, "2", 0, 0, 0, "1", 0, 0, 0, 0, 0, 0, 0], "A": [0, 0, 0, "1", 0, "1", 0, 0, 0, "1", 0, 0, 0, 0, "1", "1", 0, 0, 0, 0, "2", 0, 0, "2", 0, 0, 0, 0, 0, 0, 0, 0, 0, 0, 0, 0, "1", "1", 0, 0], "P": [0, "1", 0, "1", 0, "1", "1", 0, 0, "1", 0, "1", 0, 0, "1", "1", 0, 0, 0, 0, "2", 0, 0, "2", 0, 0, 0, 0, "2", 0, 0, 0, "1", 0, 0, 0, "1", "1", 0, 0], "+/-": [0, "+1", 0, "+1", 0, "+1", "+2", "-1", "-1", "+2", "+1", "+2", "+1", "-1", "+1", 0, "+1", 0, 0, 0, "-1", 0, "+1", "-2", "-2", 0, "-1", "-1", 0, 0, "-1", "-1", "+1", "-1", "-1", 0, "-1", 0, 0, 0], "PN": [0, 0, 0, 0, 0, 0, 0, "1", 0, 0, "1", 0, "1", "1", 0, 0, 0, 0, 0, 0, 0, 0, 0, 0, 0, 0, 0, 0, 0, 0, 0, 0, "1", 0, 0, "1", 0, 0, 0, 0], "PIM": [0, 0, 0, 0, 0, 0, 0, "2", 0, 0, "2", 0, "2", "2", 0, 0, 0, 0, 0, 0, 0, 0, 0, 0, 0, 0, 0, 0, 0, 0, 0, 0, "2", 0, 0, "2", 0, 0, 0, 0], "TOT": ["26:14", "14:02", "16:01", "11:23", "21:15", "14:44", "15:02", "14:02", "17:02", "15:26", "12:47", "13:06", "23:35", "16:45", "13:51", "27:50", "22:27", "19:48", 0, "65:00", "21:29", "16:17", "19:17", "27:33", "21:03", "12:38", "19:18", "09:08", "20:04", "16:34", "16:24", "11:16", "16:31", "22:54", "08:45", "11:57", "22:30", "22:22", "65:00", 0], "SHF": ["33", "22", "23", "17", "28", "20", "22", "18", "21", "22", "23", "19", "32", "21", "20", "37", "33", "27", 0, 0, "24", "23", "23", "28", "26", "21", "23", "12", "24", "22", "23", "14", "26", "28", "12", "18", "25", "28", 0, 0], "AVG TOI/SH": ["00:47", "00:38", "00:41", "00:40", "00:45", "00:44", "00:41", "00:46", "00:48", "00:42", "00:33", "00:41", "00:44", "00:47", "00:41", "00:45", "00:40", "00:44", 0, 0, "00:53", "00:42", "00:50", "00:59", "00:48", "00:36", "00:50", "00:45", "00:50", "00:45", "00:42", "00:48", "00:38", "00:49", "00:43", "00:39", "00:54", "00:47", 0, 0], "PP": ["00:11", "00:00", "00:00", "01:26", "02:14", "02:14", "01:20", "02:14", "00:09", "01:31", "00:00", "01:37", "00:26", "00:26", "00:09", "02:14", "01:35", "02:14", 0, "04:00", "04:00", "00:40", "00:00", "03:30", "03:24", "00:00", "01:10", "00:00", "03:30", "01:10", "00:00", "00:07", "01:09", "00:00", "00:00", "00:00", "01:10", "03:30", "04:40", 0], "SH": ["00:59", "00:00", "00:47", "00:00", "00:06", "00:00", "00:00", "00:00", "03:47", "00:00", "01:01", "00:00", "01:07", "03:05", "01:35", "03:17", "02:56", "00:00", 0, "04:40", "00:31", "00:31", "01:14", "02:15", "00:12", "01:05", "02:09", "00:00", "00:00", "00:00", "01:14", "02:37", "00:00", "02:15", "00:00", "00:25", "01:14", "00:18", "04:00", 0], "EV": ["25:04", "14:02", "15:14", "09:57", "18:55", "12:30", "13:42", "11:48", "13:06", "13:55", "11:46", "11:29", "22:02", "13:14", "12:07", "22:19", "17:56", "17:34", 0, "56:20", "16:58", "15:06", "18:03", "21:48", "17:27", "11:33", "15:59", "09:08", "16:34", "15:24", "15:10", "08:32", "15:22", "20:39", "08:45", "11:32", "20:06", "18:34", "56:20", 0], "S": ["2", "3", "1", "3", "2", "2", "2", "1", "1", "4", "3", "1", "1", 0, "3", "1", "3", "4", 0, 0, 0, "2", 0, "2", "4", "1", 0, "1", "6", 0, "2", "1", "1", 0, "1", 0, "2", "1", 0, 0], "A/B": ["1", 0, 0, 0, "3", 0, "1", "1", "1", "2", 0, "1", 0, "1", "1", "3", "1", "1", 0, 0, "1", 0, 0, "4", "1", 0, "1", 0, "1", 0, "2", 0, 0, 0, 0, 0, "2", "3", 0, 0], "MS": ["1", "1", 0, 0, "1", "1", 0, 0, 0, "2", 0, 0, 0, 0, "2", "2", 0, 0, 0, 0, 0, "2", 0, "1", "2", 0, "1", 0, "1", 0, 0, 0, "1", 0, 0, 0, "1", "2", 0, 0], "HT": [0, 0, "2", "1", "2", "2", "1", "1", 0, "1", "2", "3", "2", "2", "4", 0, 0, "1", 0, 0, 0, "3", 0, "1", "5", "3", "1", 0, "2", "1", "3", "3", 0, "3", "2", 0, "1", "2", 0, 0], "GV": [0, 0, 0, 0, 0, 0, "1", "1", 0, 0, "1", 0, 0, 0, "1", 0, 0, "1", 0, 0, 0, 0, 0, "1", 0, 0, 0, 0, 0, 0, 0, 0, "2", 0, 0, "1", "2", "1", 0, 0], "TK": [0, 0, 0, 0, 0, 0, 0, 0, 0, "1", 0, "1", 0, 0, 0, 0, "1", "1", 0, 0, 0, 0, 0, 0, 0, 0, 0, 0, 0, 0, 0, 0, 0, 0, 0, 0, 0, "1", 0, 0], "BS": ["1", 0, 0, "1", 0, 0, 0, 0, 0, 0, "1", 0, "1", "1", "1", "6", "3", 0, 0, 0, "1", 0, "2", "3", 0, "3", "1", 0, 0, 0, "1", 0, 0, "2", "1", 0, "3", 0, 0, 0], "FW": [0, 0, 0, 0, "8", 0, "3", "1", 0, 0, 0, 0, 0, "2", "6", 0, 0, 0, 0, 0, 0, 0, 0, 0, 0, 0, "10", 0, 0, 0, 0, "3", "9", 0, 0, 0, 0, "13", 0, 0], "FL": [0, 0, 0, 0, "12", 0, "10", "3", 0, 0, 0, 0, 0, "7", "3", 0, 0, 0, 0, 0, 0, 0, 0, 0, 0, 0, "2", 0, 0, 0, 0, "5", "4", 0, 0, 0, 0, "9", 0, 0], "F%": [0, 0, 0, 0, "40", 0, "23", "25", 0, 0, 0, 0, 0, "22", "67", 0, 0, 0, 0, 0, 0, 0, 0, 0, 0, 0, "83", 0, 0, 0, 0, "38", "69", 0, 0, 0, 0, "59", 0, 0], "team": ["DETROIT RED WINGS ", "DETROIT RED WINGS ", "DETROIT RED WINGS ", "DETROIT RED WINGS ", "DETROIT RED WINGS ", "DETROIT RED WINGS ", "DETROIT RED WINGS ", "DETROIT RED WINGS ", "DETROIT RED WINGS ", "DETROIT RED WINGS ", "DETROIT RED WINGS ", "DETROIT RED WINGS ", "DETROIT RED WINGS ", "DETROIT RED WINGS ", "DETROIT RED WINGS ", "DETROIT RED WINGS ", "DETROIT RED WINGS ", "DETROIT RED WINGS ", "DETROIT RED WINGS ", "DETROIT RED WINGS ", "PITTSBURGH PENGUINS ", "PITTSBURGH PENGUINS ", "PITTSBURGH PENGUINS ", "PITTSBURGH PENGUINS ", "PITTSBURGH PENGUINS ", "PITTSBURGH PENGUINS ", "PITTSBURGH PENGUINS ", "PITTSBURGH PENGUINS ", "PITTSBURGH PENGUINS ", "PITTSBURGH PENGUINS ", "PITTSBURGH PENGUINS ", "PITTSBURGH PENGUINS ", "PITTSBURGH PENGUINS ", "PITTSBURGH PENGUINS ", "PITTSBURGH PENGUINS ", "PITTSBURGH PENGUINS ", "PITTSBURGH PENGUINS ", "PITTSBURGH PENGUINS ", "PITTSBURGH PENGUINS ", "PITTSBURGH PENGUINS "], "GA": [0, 0, 0, 0, 0, 0, 0, 0, 0, 0, 0, 0, 0, 0, 0, 0, 0, 0, 0.0, "3", 0, 0, 0, 0, 0, 0, 0, 0, 0, 0, 0, 0, 0, 0, 0, 0, 0, 0, "3", 0], "SA": [0, 0, 0, 0, 0, 0, 0, 0, 0, 0, 0, 0, 0, 0, 0, 0, 0, 0, 0.0, "24", 0, 0, 0, 0, 0, 0, 0, 0, 0, 0, 0, 0, 0, 0, 0, 0, 0, 0, "37", 0]}}