{"game_info": {"date": "2014-01-13", "visitor": "CALGARY FLAMES ", "home": "CAROLINA HURRICANES ", "game_id": 692, "status": "final"}, "player_stats": {"number": ["3", "5", "6", "7", "8", "11", "15", "16", "17", "18", "22", "23", "24", "32", "38", "39", "44", "55", "29", "31", "4", "7", "11", "12", "14", "15", "16", "18", "19", "20", "22", "26", "27", "28", "39", "53", "65", "73", "31", "35"], "position": ["D", "D", "D", "D", "C", "C", "R", "R", "L", "C", "R", "C", "C", "C", "C", "L", "D", "D", "G", "G", "D", "D", "C", "C", "C", "R", "C", "R", "C", "C", "C", "D", "D", "R", "R", "C", "D", "D", "G", "G"], "name": ["SMID, LADISLAV", "GIORDANO, MARK", "WIDEMAN, DENNIS", "BRODIE, TJ", "COLBORNE, JOE", "BACKLUND, MIKAEL", "WESTGARTH, KEVIN", "MCGRATTAN, BRIAN", "BOUMA, LANCE", "STAJAN, MATT", "STEMPNIAK, LEE", "MONAHAN, SEAN", "HUDLER, JIRI", "BYRON, PAUL", "STREET, BEN", "GALIARDI, TJ", "BUTLER, CHRIS", "O'BRIEN, SHANE", "BERRA, RETO", "RAMO, KARRI", "SEKERA, ANDREJ", "MURPHY, RYAN", "STAAL, JORDAN", "STAAL, ERIC", "GERBE, NATHAN", "RUUTU, TUOMO", "LINDHOLM, ELIAS", "DVORAK, RADEK", "TLUSTY, JIRI", "NASH, RILEY", "MALHOTRA, MANNY", "LILES, JOHN-MICHAEL", "FAULK, JUSTIN", "SEMIN, ALEXANDER", "DWYER, PATRICK", "SKINNER, JEFF", "HAINSEY, RON", "BELLEMORE, BRETT", "KHUDOBIN, ANTON", "PETERS, JUSTIN"], "G": [0, 0, 0, 0, 0, "1", 0, 0, 0, 0, 0, "1", 0, 0, 0, 0, 0, 0, 0, 0, 0, 0, 0, 0, 0, 0, 0, 0, 0, 0, 0, 0, 0, 0, 0, 0, 0, 0, 0, 0], "A": [0, 0, "1", 0, 0, 0, 0, 0, 0, 0, 0, 0, "1", "1", 0, "1", 0, 0, 0, 0, 0, 0, 0, 0, 0, 0, 0, 0, 0, 0, 0, 0, 0, 0, 0, 0, 0, 0, 0, 0], "P": [0, 0, "1", 0, 0, "1", 0, 0, 0, 0, 0, "1", "1", "1", 0, "1", 0, 0, 0, 0, 0, 0, 0, 0, 0, 0, 0, 0, 0, 0, 0, 0, 0, 0, 0, 0, 0, 0, 0, 0], "+/-": ["+1", 0, 0, 0, 0, 0, 0, 0, 0, 0, 0, "+1", 0, "+1", 0, "+1", "+1", 0, 0, 0, 0, 0, 0, 0, 0, "-1", "-1", 0, 0, 0, 0, 0, 0, 0, 0, "-1", "-1", "-1", 0, 0], "PN": [0, 0, 0, 0, 0, 0, 0, 0, 0, 0, 0, 0, 0, "1", 0, 0, 0, "1", 0, 0, 0, 0, 0, 0, 0, 0, 0, 0, 0, 0, 0, 0, 0, "2", "1", 0, 0, "1", 0, 0], "PIM": [0, 0, 0, 0, 0, 0, 0, 0, 0, 0, 0, 0, 0, "2", 0, 0, 0, "2", 0, 0, 0, 0, 0, 0, 0, 0, 0, 0, 0, 0, 0, 0, 0, "4", "2", 0, 0, "2", 0, 0], "TOT": ["23:11", "24:27", "14:05", "23:55", "14:23", "21:26", "06:40", "06:03", "15:32", "19:43", "22:01", "13:45", "20:09", "15:35", "05:06", "15:30", "24:07", "10:25", 0, "59:57", "22:53", "19:34", "19:36", "21:25", "18:59", "08:05", "14:42", "07:41", "14:31", "06:06", "11:11", "21:19", "24:40", "19:32", "14:12", "19:30", "17:05", "13:56", "59:13", 0], "SHF": ["30", "32", "20", "30", "20", "29", "8", "8", "22", "25", "29", "20", "29", "20", "7", "21", "31", "16", 0, 0, "26", "24", "24", "25", "24", "12", "18", "10", "20", "10", "17", "22", "28", "23", "21", "27", "27", "24", 0, 0], "AVG TOI/SH": ["00:46", "00:45", "00:42", "00:47", "00:43", "00:44", "00:50", "00:45", "00:42", "00:47", "00:45", "00:41", "00:41", "00:46", "00:43", "00:44", "00:46", "00:39", 0, 0, "00:52", "00:48", "00:49", "00:51", "00:47", "00:40", "00:49", "00:46", "00:43", "00:36", "00:39", "00:58", "00:52", "00:50", "00:40", "00:43", "00:37", "00:34", 0, 0], "PP": ["00:00", "03:09", "02:00", "01:35", "00:41", "02:54", "00:00", "00:00", "00:00", "00:15", "03:09", "00:41", "03:09", "00:41", "00:00", "00:00", "00:56", "00:00", 0, "03:50", "01:03", "00:00", "01:03", "00:57", "01:03", "00:00", "00:57", "00:00", "01:03", "00:00", "00:00", "00:57", "01:03", "00:57", "00:00", "00:57", "00:00", "00:00", "02:00", 0], "SH": ["01:05", "00:55", "00:00", "01:05", "00:00", "01:05", "00:00", "00:00", "00:55", "00:55", "01:05", "00:00", "00:00", "00:00", "00:00", "00:00", "00:55", "00:00", 0, "02:00", "01:58", "00:00", "01:50", "01:30", "00:47", "00:00", "00:00", "01:03", "00:14", "00:00", "01:03", "00:43", "03:07", "00:00", "01:13", "00:47", "01:09", "00:43", "03:03", 0], "EV": ["22:06", "20:23", "12:05", "21:15", "13:42", "17:27", "06:40", "06:03", "14:37", "18:33", "17:47", "13:04", "17:00", "14:54", "05:06", "15:30", "22:16", "10:25", 0, "54:07", "19:52", "19:34", "16:43", "18:58", "17:09", "08:05", "13:45", "06:38", "13:14", "06:06", "10:08", "19:39", "20:30", "18:35", "12:59", "17:46", "15:56", "13:13", "54:10", 0], "S": ["2", "5", "3", "1", "1", "2", 0, "1", 0, "6", "1", "3", "1", "1", 0, "1", "1", 0, 0, 0, "1", "1", "3", "2", "4", "1", "2", 0, "2", 0, 0, "1", "1", "1", 0, "3", 0, "1", 0, 0], "A/B": ["1", "4", 0, "1", 0, "3", 0, 0, "1", 0, 0, 0, 0, "1", 0, 0, 0, "1", 0, 0, "1", "2", 0, "1", "1", 0, 0, "2", "1", "1", "1", 0, "2", "2", 0, "2", "1", "1", 0, 0], "MS": [0, "2", 0, "2", 0, "1", 0, 0, 0, "2", "4", "1", "2", 0, 0, 0, 0, "1", 0, 0, "2", 0, "2", 0, 0, "1", 0, "1", "2", 0, "1", "1", 0, "2", "1", 0, 0, 0, 0, 0], "HT": ["4", "2", "1", "1", 0, 0, "2", 0, "4", 0, "4", 0, "1", "1", "1", "3", "1", 0, 0, 0, 0, "1", "3", 0, 0, 0, "2", 0, "1", "3", "1", "2", "1", 0, "4", 0, "1", "6", 0, 0], "GV": ["3", "1", 0, "1", 0, "1", 0, 0, 0, "1", "1", 0, "2", 0, 0, 0, 0, 0, 0, 0, "1", "2", 0, "2", 0, 0, "1", 0, "2", 0, 0, "3", "1", "1", "1", "1", "2", "2", "2", 0], "TK": ["1", 0, "1", 0, "1", "1", 0, "1", "1", "2", "1", "1", 0, "4", 0, "1", 0, "1", 0, 0, "1", "2", 0, 0, "1", 0, 0, 0, 0, "2", "1", "2", "2", "1", 0, 0, "1", 0, 0, 0], "BS": ["4", "4", 0, "5", 0, "1", 0, 0, "1", 0, 0, 0, 0, 0, "1", 0, "2", 0, 0, 0, "2", "2", 0, 0, 0, 0, "2", "1", 0, 0, 0, 0, 0, "1", "1", "1", "2", 0, 0, 0], "FW": [0, 0, 0, 0, 0, "9", 0, 0, 0, "9", "0", "3", 0, 0, "2", 0, 0, 0, 0, 0, 0, 0, "10", "8", 0, "0", "2", 0, 0, "1", "6", 0, 0, 0, "1", 0, 0, 0, 0, 0], "FL": [0, 0, 0, 0, 0, "9", 0, 0, 0, "10", "1", "6", 0, 0, "2", 0, 0, 0, 0, 0, 0, 0, "7", "7", 0, "1", "1", 0, 0, "4", "3", 0, 0, 0, "0", 0, 0, 0, 0, 0], "F%": [0, 0, 0, 0, 0, "50", 0, 0, 0, "47", "0", "33", 0, 0, "50", 0, 0, 0, 0, 0, 0, 0, "59", "53", 0, "0", "67", 0, 0, "20", "67", 0, 0, 0, "100", 0, 0, 0, 0, 0], "team": ["CALGARY FLAMES ", "CALGARY FLAMES ", "CALGARY FLAMES ", "CALGARY FLAMES ", "CALGARY FLAMES ", "CALGARY FLAMES ", "CALGARY FLAMES ", "CALGARY FLAMES ", "CALGARY FLAMES ", "CALGARY FLAMES ", "CALGARY FLAMES ", "CALGARY FLAMES ", "CALGARY FLAMES ", "CALGARY FLAMES ", "CALGARY FLAMES ", "CALGARY FLAMES ", "CALGARY FLAMES ", "CALGARY FLAMES ", "CALGARY FLAMES ", "CALGARY FLAMES ", "CAROLINA HURRICANES ", "CAROLINA HURRICANES ", "CAROLINA HURRICANES ", "CAROLINA HURRICANES ", "CAROLINA HURRICANES ", "CAROLINA HURRICANES ", "CAROLINA HURRICANES ", "CAROLINA HURRICANES ", "CAROLINA HURRICANES ", "CAROLINA HURRICANES ", "CAROLINA HURRICANES ", "CAROLINA HURRICANES ", "CAROLINA HURRICANES ", "CAROLINA HURRICANES ", "CAROLINA HURRICANES ", "CAROLINA HURRICANES ", "CAROLINA HURRICANES ", "CAROLINA HURRICANES ", "CAROLINA HURRICANES ", "CAROLINA HURRICANES "], "GA": [0, 0, 0, 0, 0, 0, 0, 0, 0, 0, 0, 0, 0, 0, 0, 0, 0, 0, 0.0, "0", 0, 0, 0, 0, 0, 0, 0, 0, 0, 0, 0, 0, 0, 0, 0, 0, 0, 0, "2", 0], "SA": [0, 0, 0, 0, 0, 0, 0, 0, 0, 0, 0, 0, 0, 0, 0, 0, 0, 0, 0.0, "23", 0, 0, 0, 0, 0, 0, 0, 0, 0, 0, 0, 0, 0, 0, 0, 0, 0, 0, "29", 0]}}