{"game_info": {"date": "2014-03-11", "visitor": "PHOENIX COYOTES ", "home": "FLORIDA PANTHERS ", "game_id": 980, "status": "final"}, "player_stats": {"number": ["3", "4", "10", "14", "17", "18", "19", "20", "21", "23", "24", "26", "28", "33", "38", "50", "63", "89", "1", "41", "4", "7", "10", "11", "12", "14", "19", "20", "21", "22", "23", "24", "27", "51", "55", "67", "73", "77", "1", "39"], "position": ["D", "D", "R", "C", "R", "R", "R", "D", "C", "D", "C", "D", "L", "D", "C", "C", "C", "L", "G", "G", "D", "D", "R", "C", "R", "L", "R", "L", "R", "D", "C", "R", "C", "D", "D", "C", "C", "D", "G", "G"], "name": ["YANDLE, KEITH", "MICHALEK, ZBYNEK", "ERAT, MARTIN", "HALPERN, JEFF", "VRBATA, RADIM", "MOSS, DAVID", "DOAN, SHANE", "SUMMERS, CHRIS", "MIELE, ANDY", "EKMAN-LARSSON, OLIVER", "CHIPCHURA, KYLE", "STONE, MICHAEL", "KORPIKOSKI, LAURI", "GORMLEY, BRANDON", "MCMILLAN, BRANDON", "VERMETTE, ANTOINE", "RIBEIRO, MIKE", "BOEDKER, MIKKEL", "GREISS, THOMAS", "SMITH, MIKE", "OLSEN, DYLAN", "KULIKOV, DMITRY", "CRABB, JOEY", "HUBERDEAU, JONATHAN", "HAYES, JIMMY", "FLEISCHMANN, TOMAS", "UPSHALL, SCOTTIE", "BERGENHEIM, SEAN", "BARCH, KRYS", "MOTTAU, MIKE", "GOMEZ, SCOTT", "BOYES, BRAD", "BJUGSTAD, NICK", "CAMPBELL, BRIAN", "JOVANOVSKI, ED", "TROCHECK, VINCENT", "PIRRI, BRANDON", "GILBERT, TOM", "LUONGO, ROBERTO", "ELLIS, DAN"], "G": [0, 0, 0, 0, "1", 0, 0, 0, 0, "1", 0, 0, 0, 0, 0, 0, "1", 0, 0, 0, 0, 0, 0, 0, 0, 0, 0, 0, 0, 0, 0, 0, 0, 0, 0, 0, "1", 0, 0, 0], "A": ["1", 0, 0, 0, "2", 0, 0, 0, 0, 0, 0, 0, "1", 0, 0, "1", 0, "1", 0, 0, 0, "1", 0, 0, 0, 0, 0, 0, 0, 0, 0, 0, "1", 0, 0, 0, 0, 0, 0, 0], "P": ["1", 0, 0, 0, "3", 0, 0, 0, 0, "1", 0, 0, "1", 0, 0, "1", "1", "1", 0, 0, 0, "1", 0, 0, 0, 0, 0, 0, 0, 0, 0, 0, "1", 0, 0, 0, "1", 0, 0, 0], "+/-": ["+1", "+1", 0, 0, "+2", 0, 0, 0, "+1", "+1", 0, "+1", "+1", 0, 0, "+1", 0, "+1", 0, 0, "-1", "-1", 0, 0, 0, "-2", "-2", 0, 0, "-1", 0, 0, 0, 0, "-1", "-2", 0, 0, 0, 0], "PN": [0, 0, 0, "1", "1", "1", 0, 0, 0, 0, 0, 0, "1", "1", 0, 0, 0, 0, 0, 0, 0, 0, "1", 0, 0, 0, 0, 0, 0, 0, 0, 0, 0, "1", 0, "1", 0, 0, 0, 0], "PIM": [0, 0, 0, "2", "2", "2", 0, 0, 0, 0, 0, 0, "2", "2", 0, 0, 0, 0, 0, 0, 0, 0, "2", 0, 0, 0, 0, 0, 0, 0, 0, 0, 0, "2", 0, "2", 0, 0, 0, 0], "TOT": ["20:36", "24:52", "02:13", "08:34", "17:53", "16:48", "20:11", "14:38", "08:17", "26:45", "09:38", "21:20", "17:00", "11:49", "15:41", "18:15", "21:01", "16:55", 0, "59:44", "15:28", "24:40", "11:10", "16:45", "13:18", "19:24", "14:52", "14:22", "02:17", "08:55", "11:04", "21:38", "18:48", "28:03", "15:57", "20:03", "17:05", "22:35", "58:25", 0], "SHF": ["24", "34", "4", "17", "27", "29", "25", "24", "15", "32", "12", "33", "28", "20", "23", "31", "23", "24", 0, 0, "22", "34", "16", "24", "16", "30", "23", "22", "4", "15", "15", "30", "28", "32", "26", "29", "22", "29", 0, 0], "AVG TOI/SH": ["00:51", "00:43", "00:33", "00:30", "00:39", "00:34", "00:48", "00:36", "00:33", "00:50", "00:48", "00:38", "00:36", "00:35", "00:40", "00:35", "00:54", "00:42", 0, 0, "00:42", "00:43", "00:41", "00:41", "00:49", "00:38", "00:38", "00:39", "00:34", "00:35", "00:44", "00:43", "00:40", "00:52", "00:36", "00:41", "00:46", "00:46", 0, 0], "PP": ["05:02", "00:09", "00:00", "00:00", "03:07", "00:26", "02:04", "00:00", "00:00", "02:06", "00:00", "03:05", "02:25", "00:00", "00:00", "01:24", "03:47", "02:20", 0, "05:11", "01:04", "04:18", "00:00", "01:45", "03:29", "04:22", "00:41", "03:28", "00:00", "00:00", "00:14", "04:14", "04:05", "03:14", "00:14", "03:31", "02:37", "02:28", "07:16", 0], "SH": ["00:00", "05:13", "00:43", "02:14", "00:47", "02:36", "00:00", "02:30", "00:00", "05:10", "00:00", "02:37", "03:04", "00:10", "01:59", "04:11", "00:06", "00:00", 0, "07:50", "02:10", "03:01", "00:37", "00:00", "00:00", "01:44", "01:40", "02:22", "00:00", "00:00", "00:00", "02:15", "00:35", "01:45", "02:49", "01:09", "00:00", "00:37", "05:11", 0], "EV": ["15:34", "19:30", "01:30", "06:20", "13:59", "13:46", "18:07", "12:08", "08:17", "19:29", "09:38", "15:38", "11:31", "11:39", "13:42", "12:40", "17:08", "14:35", 0, "46:43", "12:14", "17:21", "10:33", "15:00", "09:49", "13:18", "12:31", "08:32", "02:17", "08:55", "10:50", "15:09", "14:08", "23:04", "12:54", "15:23", "14:28", "19:30", "45:58", 0], "S": ["4", "2", "1", 0, "3", "2", "4", "1", 0, "2", "1", "1", "1", 0, 0, 0, "1", "3", 0, 0, 0, 0, 0, "3", "1", "1", "3", "1", 0, 0, "2", "2", "5", "2", "3", "1", "5", "3", 0, 0], "A/B": ["1", 0, 0, 0, "1", 0, 0, 0, "1", "1", "1", 0, 0, 0, 0, 0, 0, 0, 0, 0, "1", 0, 0, "1", 0, "2", 0, 0, 0, 0, 0, "2", 0, "1", 0, "2", 0, "2", 0, 0], "MS": ["2", 0, 0, 0, "1", 0, "1", 0, "1", "1", 0, 0, 0, 0, "1", "1", 0, "1", 0, 0, 0, 0, 0, "1", "1", "4", "2", "1", 0, 0, 0, "1", "1", "3", 0, "2", "1", 0, 0, 0], "HT": [0, "1", 0, 0, 0, "2", "1", 0, "2", "3", 0, "2", "1", "1", "5", "2", 0, 0, 0, 0, "2", "4", "3", 0, "3", "1", "4", "3", 0, 0, "1", "1", "5", 0, "1", "1", "4", 0, 0, 0], "GV": [0, 0, 0, 0, 0, 0, 0, 0, 0, "1", 0, 0, 0, 0, "1", 0, 0, 0, 0, 0, 0, 0, 0, 0, 0, 0, "1", 0, 0, 0, 0, 0, 0, 0, 0, 0, "1", 0, 0, 0], "TK": ["1", 0, 0, 0, 0, "1", "1", 0, 0, 0, "2", 0, "1", 0, 0, "1", "1", 0, 0, 0, 0, "1", 0, 0, 0, 0, 0, 0, 0, 0, 0, "1", 0, 0, 0, 0, 0, 0, 0, 0], "BS": ["1", "2", 0, 0, 0, 0, "1", 0, 0, "2", 0, "1", "3", "1", 0, 0, 0, 0, 0, 0, 0, "1", "1", 0, 0, 0, 0, 0, 0, 0, 0, 0, 0, 0, 0, 0, "1", "2", 0, 0], "FW": [0, 0, 0, "4", 0, 0, 0, 0, "5", 0, "2", 0, 0, 0, 0, "11", "7", 0, 0, 0, 0, 0, "1", "0", 0, 0, "0", "0", 0, 0, "8", "1", "10", 0, 0, "13", "2", 0, 0, 0], "FL": [0, 0, 0, "4", 0, 0, 0, 0, "6", 0, "8", 0, 0, 0, 0, "11", "6", 0, 0, 0, 0, 0, "0", "1", 0, 0, "1", "1", 0, 0, "4", "1", "8", 0, 0, "10", "3", 0, 0, 0], "F%": [0, 0, 0, "50", 0, 0, 0, 0, "45", 0, "20", 0, 0, 0, 0, "50", "54", 0, 0, 0, 0, 0, "100", "0", 0, 0, "0", "0", 0, 0, "67", "50", "56", 0, 0, "57", "40", 0, 0, 0], "team": ["PHOENIX COYOTES ", "PHOENIX COYOTES ", "PHOENIX COYOTES ", "PHOENIX COYOTES ", "PHOENIX COYOTES ", "PHOENIX COYOTES ", "PHOENIX COYOTES ", "PHOENIX COYOTES ", "PHOENIX COYOTES ", "PHOENIX COYOTES ", "PHOENIX COYOTES ", "PHOENIX COYOTES ", "PHOENIX COYOTES ", "PHOENIX COYOTES ", "PHOENIX COYOTES ", "PHOENIX COYOTES ", "PHOENIX COYOTES ", "PHOENIX COYOTES ", "PHOENIX COYOTES ", "PHOENIX COYOTES ", "FLORIDA PANTHERS ", "FLORIDA PANTHERS ", "FLORIDA PANTHERS ", "FLORIDA PANTHERS ", "FLORIDA PANTHERS ", "FLORIDA PANTHERS ", "FLORIDA PANTHERS ", "FLORIDA PANTHERS ", "FLORIDA PANTHERS ", "FLORIDA PANTHERS ", "FLORIDA PANTHERS ", "FLORIDA PANTHERS ", "FLORIDA PANTHERS ", "FLORIDA PANTHERS ", "FLORIDA PANTHERS ", "FLORIDA PANTHERS ", "FLORIDA PANTHERS ", "FLORIDA PANTHERS ", "FLORIDA PANTHERS ", "FLORIDA PANTHERS "], "GA": [0, 0, 0, 0, 0, 0, 0, 0, 0, 0, 0, 0, 0, 0, 0, 0, 0, 0, 0.0, "1", 0, 0, 0, 0, 0, 0, 0, 0, 0, 0, 0, 0, 0, 0, 0, 0, 0, 0, "3", 0], "SA": [0, 0, 0, 0, 0, 0, 0, 0, 0, 0, 0, 0, 0, 0, 0, 0, 0, 0, 0.0, "32", 0, 0, 0, 0, 0, 0, 0, 0, 0, 0, 0, 0, 0, 0, 0, 0, 0, 0, "26", 0]}}