{"game_info": {"date": "2013-11-28", "visitor": "EDMONTON OILERS ", "home": "NASHVILLE PREDATORS ", "game_id": 379, "status": "final"}, "player_stats": {"number": ["2", "4", "6", "14", "15", "19", "21", "26", "27", "28", "37", "57", "64", "77", "83", "89", "93", "94", "40", "80", "3", "4", "6", "7", "8", "11", "12", "13", "15", "16", "24", "25", "26", "28", "33", "57", "59", "64", "30", "39"], "position": ["D", "L", "L", "C", "D", "D", "D", "R", "C", "L", "D", "L", "R", "D", "R", "C", "C", "L", "G", "G", "D", "D", "D", "C", "D", "C", "C", "C", "C", "L", "L", "L", "C", "C", "C", "L", "D", "D", "G", "G"], "name": ["PETRY, JEFF", "HALL, TAYLOR", "JOENSUU, JESSE", "EBERLE, JORDAN", "SCHULTZ, NICK", "SCHULTZ, JUSTIN", "FERENCE, ANDREW", "ARCOBELLO, MARK", "GORDON, BOYD", "JONES, RYAN", "GREBESHKOV, DENIS", "PERRON, DAVID", "YAKUPOV, NAIL", "BELOV, ANTON", "HEMSKY, ALES", "GAGNER, SAM", "NUGENT-HOPKINS, RYAN", "SMYTH, RYAN", "DUBNYK, DEVAN", "BRYZGALOV, ILYA", "JONES, SETH", "ELLIS, RYAN", "WEBER, SHEA", "CULLEN, MATT", "KLEIN, KEVIN", "LEGWAND, DAVID", "FISHER, MIKE", "SPALING, NICK", "SMITH, CRAIG", "CLUNE, RICH", "NYSTROM, ERIC", "STALBERG, VIKTOR", "HENDRICKS, MATT", "GAUSTAD, PAUL", "WILSON, COLIN", "BOURQUE, GABRIEL", "JOSI, ROMAN", "BARTLEY, VICTOR", "HUTTON, CARTER", "MAZANEC, MAREK"], "G": [0, "1", 0, "1", 0, 0, 0, 0, 0, 0, 0, 0, 0, 0, 0, 0, "1", 0, 0, 0, 0, 0, 0, 0, 0, 0, 0, 0, 0, 0, 0, 0, 0, 0, 0, 0, 0, 0, 0, 0], "A": ["1", "1", 0, "1", "1", 0, 0, 0, 0, 0, 0, 0, 0, 0, 0, "1", 0, 0, 0, 0, 0, 0, 0, 0, 0, 0, 0, 0, 0, 0, 0, 0, 0, 0, 0, 0, 0, 0, 0, 0], "P": ["1", "2", 0, "2", "1", 0, 0, 0, 0, 0, 0, 0, 0, 0, 0, "1", "1", 0, 0, 0, 0, 0, 0, 0, 0, 0, 0, 0, 0, 0, 0, 0, 0, 0, 0, 0, 0, 0, 0, 0], "+/-": ["+2", "+2", 0, "+2", "+1", "+1", "+1", 0, 0, 0, "+1", 0, 0, 0, 0, "+2", "+1", 0, 0, 0, "-1", "-1", "-1", 0, "-1", "-2", "-1", 0, 0, 0, 0, "-1", "-1", 0, "-1", "-2", "-1", "-1", 0, 0], "PN": [0, 0, 0, "1", 0, 0, 0, 0, 0, "1", 0, "1", 0, 0, 0, 0, 0, "1", 0, 0, "1", "1", 0, 0, 0, 0, 0, 0, 0, "2", 0, 0, 0, "1", 0, 0, 0, 0, 0, 0], "PIM": [0, 0, 0, "2", 0, 0, 0, 0, 0, "2", 0, "2", 0, 0, 0, 0, 0, "2", 0, 0, "2", "2", 0, 0, 0, 0, 0, 0, 0, "4", 0, 0, 0, "2", 0, 0, 0, 0, 0, 0], "TOT": ["24:11", "17:12", "11:45", "15:45", "16:26", "18:23", "22:09", "11:20", "15:19", "11:12", "18:39", "18:29", "12:54", "17:31", "12:42", "15:12", "18:12", "16:39", 0, "60:00", "23:16", "15:18", "15:53", "16:37", "19:58", "14:33", "17:45", "15:59", "15:26", "08:50", "16:16", "12:34", "11:21", "12:45", "16:24", "14:38", "25:50", "20:28", 0, "58:09"], "SHF": ["27", "24", "16", "23", "20", "24", "25", "17", "23", "16", "23", "25", "19", "20", "20", "23", "25", "24", 0, 0, "27", "21", "18", "18", "23", "17", "25", "18", "17", "15", "21", "17", "15", "19", "20", "18", "28", "27", 0, 0], "AVG TOI/SH": ["00:53", "00:43", "00:44", "00:41", "00:49", "00:45", "00:53", "00:40", "00:39", "00:42", "00:48", "00:44", "00:40", "00:52", "00:38", "00:39", "00:43", "00:41", 0, 0, "00:51", "00:43", "00:52", "00:55", "00:52", "00:51", "00:42", "00:53", "00:54", "00:35", "00:46", "00:44", "00:45", "00:40", "00:49", "00:48", "00:55", "00:45", 0, 0], "PP": ["00:17", "02:20", "00:00", "02:33", "00:00", "02:28", "00:17", "00:00", "00:00", "00:00", "01:25", "02:07", "01:51", "01:34", "01:44", "01:59", "02:28", "00:32", 0, "04:19", "01:19", "00:46", "01:14", "01:28", "00:00", "00:51", "00:51", "00:00", "01:28", "00:00", "00:00", "00:00", "00:00", "00:00", "01:28", "00:51", "01:00", "00:19", 0, "02:19"], "SH": ["01:46", "00:47", "00:00", "00:00", "00:33", "00:00", "01:46", "01:07", "01:26", "00:22", "00:00", "00:00", "00:00", "00:33", "00:00", "00:31", "00:00", "00:25", 0, "02:19", "00:40", "00:00", "01:32", "00:26", "02:07", "00:00", "02:28", "01:05", "00:00", "00:00", "01:12", "00:00", "02:04", "01:12", "00:00", "00:11", "02:52", "01:27", 0, "04:19"], "EV": ["22:08", "14:05", "11:45", "13:12", "15:53", "15:55", "20:06", "10:13", "13:53", "10:50", "17:14", "16:22", "11:03", "15:24", "10:58", "12:42", "15:44", "15:42", 0, "53:22", "21:17", "14:32", "13:07", "14:43", "17:51", "13:42", "14:26", "14:54", "13:58", "08:50", "15:04", "12:34", "09:17", "11:33", "14:56", "13:36", "21:58", "18:42", 0, "51:31"], "S": [0, "5", 0, "4", 0, "1", "1", "1", "1", "3", 0, 0, "3", "2", "1", "2", "1", "3", 0, 0, "3", "1", "5", "4", "1", "2", "5", "2", 0, 0, "2", "1", "2", "1", 0, 0, "4", 0, 0, 0], "A/B": ["1", 0, "1", "1", "1", "1", "1", "2", 0, "2", 0, "3", "2", 0, 0, "1", "1", "1", 0, 0, 0, 0, "1", 0, 0, 0, "1", 0, 0, "1", "1", "1", 0, "1", "1", 0, 0, "1", 0, 0], "MS": [0, "1", 0, "2", 0, "2", 0, 0, "1", 0, 0, "1", "2", 0, "1", 0, "1", "1", 0, 0, 0, "1", "3", 0, 0, "1", "1", "1", "1", 0, 0, 0, "1", 0, 0, "1", "1", "2", 0, 0], "HT": ["4", "1", "2", 0, 0, 0, 0, 0, 0, "3", 0, "2", 0, "1", "1", 0, 0, 0, 0, 0, "3", 0, "4", 0, "3", "1", "3", 0, "1", "2", 0, 0, "2", "4", "1", "4", 0, "2", 0, 0], "GV": ["1", "1", 0, 0, 0, "1", "1", 0, 0, "1", 0, 0, 0, "1", 0, 0, 0, 0, 0, 0, "1", 0, "1", 0, 0, "2", 0, 0, "2", 0, "1", 0, 0, "1", 0, 0, "1", 0, 0, "1"], "TK": [0, "1", 0, 0, 0, 0, 0, 0, "1", 0, 0, 0, 0, 0, 0, 0, "1", "1", 0, 0, "1", 0, "1", 0, 0, 0, 0, "1", 0, "1", 0, 0, 0, 0, 0, 0, 0, 0, 0, 0], "BS": [0, 0, 0, "1", "2", 0, "2", 0, 0, 0, "2", 0, 0, "1", 0, 0, 0, 0, 0, 0, "3", "2", "3", "1", "1", 0, "1", 0, 0, 0, 0, "1", 0, 0, 0, 0, "1", "5", 0, 0], "FW": [0, "0", 0, 0, 0, 0, 0, "2", "8", 0, 0, 0, 0, 0, 0, "7", "7", 0, 0, 0, 0, 0, 0, "10", 0, "7", "6", "1", 0, 0, 0, 0, "1", "4", 0, 0, 0, 0, 0, 0], "FL": [0, "1", 0, 0, 0, 0, 0, "2", "8", 0, 0, 0, 0, 0, 0, "6", "12", 0, 0, 0, 0, 0, 0, "6", 0, "4", "8", "1", 0, 0, 0, 0, "0", "5", 0, 0, 0, 0, 0, 0], "F%": [0, "0", 0, 0, 0, 0, 0, "50", "50", 0, 0, 0, 0, 0, 0, "54", "37", 0, 0, 0, 0, 0, 0, "63", 0, "64", "43", "50", 0, 0, 0, 0, "100", "44", 0, 0, 0, 0, 0, 0], "team": ["EDMONTON OILERS ", "EDMONTON OILERS ", "EDMONTON OILERS ", "EDMONTON OILERS ", "EDMONTON OILERS ", "EDMONTON OILERS ", "EDMONTON OILERS ", "EDMONTON OILERS ", "EDMONTON OILERS ", "EDMONTON OILERS ", "EDMONTON OILERS ", "EDMONTON OILERS ", "EDMONTON OILERS ", "EDMONTON OILERS ", "EDMONTON OILERS ", "EDMONTON OILERS ", "EDMONTON OILERS ", "EDMONTON OILERS ", "EDMONTON OILERS ", "EDMONTON OILERS ", "NASHVILLE PREDATORS ", "NASHVILLE PREDATORS ", "NASHVILLE PREDATORS ", "NASHVILLE PREDATORS ", "NASHVILLE PREDATORS ", "NASHVILLE PREDATORS ", "NASHVILLE PREDATORS ", "NASHVILLE PREDATORS ", "NASHVILLE PREDATORS ", "NASHVILLE PREDATORS ", "NASHVILLE PREDATORS ", "NASHVILLE PREDATORS ", "NASHVILLE PREDATORS ", "NASHVILLE PREDATORS ", "NASHVILLE PREDATORS ", "NASHVILLE PREDATORS ", "NASHVILLE PREDATORS ", "NASHVILLE PREDATORS ", "NASHVILLE PREDATORS ", "NASHVILLE PREDATORS "], "GA": [0, 0, 0, 0, 0, 0, 0, 0, 0, 0, 0, 0, 0, 0, 0, 0, 0, 0, 0.0, "0", 0, 0, 0, 0, 0, 0, 0, 0, 0, 0, 0, 0, 0, 0, 0, 0, 0, 0, 0, "2"], "SA": [0, 0, 0, 0, 0, 0, 0, 0, 0, 0, 0, 0, 0, 0, 0, 0, 0, 0, 0.0, "33", 0, 0, 0, 0, 0, 0, 0, 0, 0, 0, 0, 0, 0, 0, 0, 0, 0, 0, 0, "27"]}}