{"game_info": {"date": "2014-04-08", "visitor": "WASHINGTON CAPITALS ", "home": "ST. LOUIS BLUES ", "game_id": 1186, "status": "final"}, "player_stats": {"number": ["8", "16", "17", "19", "20", "23", "25", "27", "42", "43", "58", "59", "74", "81", "83", "84", "90", "92", "41", "70", "5", "9", "10", "12", "13", "17", "19", "20", "21", "22", "26", "27", "29", "40", "42", "46", "74", "75", "1", "39"], "position": ["L", "R", "R", "C", "R", "D", "L", "D", "R", "R", "D", "D", "D", "D", "C", "C", "C", "C", "G", "G", "D", "C", "L", "C", "D", "C", "D", "L", "C", "D", "R", "D", "C", "C", "R", "D", "C", "R", "G", "G"], "name": ["OVECHKIN, ALEX", "FEHR, ERIC", "PENNER, DUSTIN", "BACKSTROM, NICKLAS", "BROUWER, TROY", "STRACHAN, TYSON", "CHIMERA, JASON", "ALZNER, KARL", "WARD, JOEL", "WILSON, TOM", "CARRICK, CONNOR", "BROUILLETTE, JULIEN", "CARLSON, JOHN", "ORLOV, DMITRY", "BEAGLE, JAY", "GRABOVSKI, MIKHAIL", "JOHANSSON, MARCUS", "KUZNETSOV, EVGENY", "HALAK, JAROSLAV", "HOLTBY, BRADEN", "JACKMAN, BARRET", "SCHWARTZ, JADEN", "MORROW, BRENDEN", "ROY, DEREK", "COLAIACOVO, CARLO", "SOBOTKA, VLADIMIR", "BOUWMEESTER, JAY", "STEEN, ALEXANDER", "BERGLUND, PATRIK", "SHATTENKIRK, KEVIN", "JASKIN, DMITRIJ", "PIETRANGELO, ALEX", "OTT, STEVE", "LAPIERRE, MAXIM", "BACKES, DAVID", "POLAK, ROMAN", "OSHIE, T.J.", "REAVES, RYAN", "ELLIOTT, BRIAN", "MILLER, RYAN"], "G": ["1", 0, 0, "2", 0, 0, 0, 0, 0, 0, 0, 0, 0, 0, 0, "1", 0, 0, 0, 0, 0, 0, 0, 0, 0, 0, 0, 0, 0, 0, 0, 0, 0, "1", 0, 0, 0, 0, 0, 0], "A": ["2", "1", 0, 0, 0, 0, 0, 0, "1", 0, 0, 0, "2", "1", 0, 0, 0, 0, 0, "1", 0, 0, 0, 0, 0, 0, 0, 0, 0, 0, 0, 0, "1", 0, 0, 0, 0, "1", 0, 0], "P": ["3", "1", 0, "2", 0, 0, 0, 0, "1", 0, 0, 0, "2", "1", 0, "1", 0, 0, 0, "1", 0, 0, 0, 0, 0, 0, 0, 0, 0, 0, 0, 0, "1", "1", 0, 0, 0, "1", 0, 0], "+/-": ["+1", "+1", 0, "+1", "-1", "+1", 0, 0, 0, 0, 0, 0, 0, "+1", 0, "+2", "-1", "-1", 0, 0, 0, 0, "-1", 0, "-1", "-1", "-1", 0, 0, "+1", 0, "-1", 0, 0, 0, 0, "-1", "+1", 0, 0], "PN": [0, 0, 0, 0, 0, "1", 0, 0, "1", 0, 0, 0, 0, 0, 0, 0, 0, "2", 0, 0, 0, "1", 0, "1", "1", 0, "1", 0, 0, "1", 0, 0, 0, 0, 0, 0, 0, 0, 0, 0], "PIM": [0, 0, 0, 0, 0, "2", 0, 0, "2", 0, 0, 0, 0, 0, 0, 0, 0, "4", 0, 0, 0, "2", 0, "2", "2", 0, "2", 0, 0, "2", 0, 0, 0, 0, 0, 0, 0, 0, 0, 0], "TOT": ["16:37", "14:08", "08:58", "19:30", "17:35", "19:46", "16:08", "20:35", "16:12", "11:37", "14:29", "13:41", "26:35", "20:03", "14:05", "12:21", "16:59", "12:43", 0, "59:58", "17:24", "16:30", "10:51", "12:28", "16:36", "15:44", "19:22", "18:41", "17:20", "22:29", "12:55", "22:50", "16:23", "15:18", "08:12", "18:24", "19:20", "13:10", 0, "59:19"], "SHF": ["21", "18", "12", "25", "21", "25", "21", "20", "20", "15", "17", "16", "23", "24", "18", "17", "20", "16", 0, 0, "24", "21", "13", "15", "19", "22", "28", "23", "24", "22", "17", "28", "22", "18", "13", "24", "25", "15", 0, 0], "AVG TOI/SH": ["00:47", "00:47", "00:44", "00:46", "00:50", "00:47", "00:46", "01:01", "00:48", "00:46", "00:51", "00:51", "01:09", "00:50", "00:46", "00:43", "00:50", "00:47", 0, 0, "00:43", "00:47", "00:50", "00:49", "00:52", "00:42", "00:41", "00:48", "00:43", "01:01", "00:45", "00:48", "00:44", "00:51", "00:37", "00:46", "00:46", "00:52", 0, 0], "PP": ["04:40", "00:00", "00:00", "03:56", "03:48", "00:00", "00:48", "00:04", "00:52", "00:04", "00:00", "00:00", "04:44", "00:00", "00:04", "00:00", "03:52", "00:48", 0, "04:44", "00:00", "01:22", "01:55", "04:05", "02:16", "01:35", "00:14", "04:36", "01:37", "04:59", "00:00", "01:22", "00:13", "00:25", "01:06", "00:02", "04:00", "00:13", 0, "06:00"], "SH": ["00:00", "00:22", "00:00", "03:23", "03:00", "00:36", "01:13", "04:26", "01:29", "00:00", "01:21", "00:37", "04:47", "00:13", "01:09", "00:00", "01:24", "00:00", 0, "06:00", "01:42", "00:59", "00:00", "00:04", "00:00", "00:44", "01:52", "00:59", "02:10", "01:10", "00:00", "02:42", "01:11", "00:32", "00:28", "02:02", "02:21", "00:00", 0, "04:44"], "EV": ["11:57", "13:46", "08:58", "12:11", "10:47", "19:10", "14:07", "16:05", "13:51", "11:33", "13:08", "13:04", "17:04", "19:50", "12:52", "12:21", "11:43", "11:55", 0, "49:14", "15:42", "14:09", "08:56", "08:19", "14:20", "13:25", "17:16", "13:06", "13:33", "16:20", "12:55", "18:46", "14:59", "14:21", "06:38", "16:20", "12:59", "12:57", 0, "48:35"], "S": ["2", 0, 0, "6", "2", 0, "2", 0, 0, "1", "1", 0, "4", "1", 0, "1", "2", 0, 0, 0, "4", 0, 0, 0, "1", "3", "3", "2", 0, "2", 0, "4", "1", "2", "1", "1", "3", "2", 0, 0], "A/B": ["2", "2", 0, 0, 0, 0, 0, 0, 0, 0, 0, 0, "1", 0, "1", 0, 0, 0, 0, 0, "2", "1", 0, "2", 0, 0, "2", "5", "1", "2", "3", "2", "1", "1", 0, "3", "1", 0, 0, 0], "MS": [0, 0, 0, 0, "1", 0, 0, 0, 0, 0, 0, 0, "1", "1", 0, 0, 0, "1", 0, 0, "2", "5", 0, "3", 0, "2", 0, "1", "2", "2", 0, 0, "1", "2", 0, "1", "2", "2", 0, 0], "HT": ["1", 0, 0, 0, "1", "1", "1", "1", "1", "1", "1", "1", 0, "1", 0, 0, 0, 0, 0, 0, "1", "1", "1", "1", "1", "1", "1", 0, "2", "2", "4", 0, 0, "1", 0, "4", "1", "2", 0, 0], "GV": ["1", 0, 0, "1", 0, "1", 0, 0, 0, 0, 0, 0, 0, "1", 0, 0, "1", 0, 0, 0, "1", "1", 0, 0, 0, 0, "1", 0, 0, 0, 0, 0, 0, 0, "1", 0, 0, 0, 0, 0], "TK": [0, 0, 0, 0, "2", 0, 0, 0, 0, 0, "1", 0, "1", 0, 0, 0, 0, 0, 0, 0, "1", 0, 0, "1", 0, 0, 0, 0, "1", 0, 0, 0, 0, 0, "1", 0, 0, 0, 0, 0], "BS": ["1", 0, "2", "2", 0, "2", "3", "6", 0, 0, "2", "2", "4", "1", "1", 0, 0, 0, 0, 0, "2", 0, 0, 0, "1", 0, 0, 0, 0, 0, 0, "1", 0, 0, 0, "1", "1", 0, 0, 0], "FW": [0, "2", "1", "5", "2", 0, "0", 0, "1", 0, 0, 0, 0, 0, "4", "0", "1", "0", 0, 0, 0, "1", 0, "5", 0, "14", 0, "8", "2", 0, 0, 0, "3", "3", "6", 0, 0, 0, 0, 0], "FL": [0, "8", "0", "11", "3", 0, "2", 0, "1", 0, 0, 0, 0, 0, "8", "1", "6", "2", 0, 0, 0, "0", 0, "3", 0, "5", 0, "2", "2", 0, 0, 0, "2", "2", "0", 0, 0, 0, 0, 0], "F%": [0, "20", "100", "31", "40", 0, "0", 0, "50", 0, 0, 0, 0, 0, "33", "0", "14", "0", 0, 0, 0, "100", 0, "63", 0, "74", 0, "80", "50", 0, 0, 0, "60", "60", "100", 0, 0, 0, 0, 0], "team": ["WASHINGTON CAPITALS ", "WASHINGTON CAPITALS ", "WASHINGTON CAPITALS ", "WASHINGTON CAPITALS ", "WASHINGTON CAPITALS ", "WASHINGTON CAPITALS ", "WASHINGTON CAPITALS ", "WASHINGTON CAPITALS ", "WASHINGTON CAPITALS ", "WASHINGTON CAPITALS ", "WASHINGTON CAPITALS ", "WASHINGTON CAPITALS ", "WASHINGTON CAPITALS ", "WASHINGTON CAPITALS ", "WASHINGTON CAPITALS ", "WASHINGTON CAPITALS ", "WASHINGTON CAPITALS ", "WASHINGTON CAPITALS ", "WASHINGTON CAPITALS ", "WASHINGTON CAPITALS ", "ST. LOUIS BLUES ", "ST. LOUIS BLUES ", "ST. LOUIS BLUES ", "ST. LOUIS BLUES ", "ST. LOUIS BLUES ", "ST. LOUIS BLUES ", "ST. LOUIS BLUES ", "ST. LOUIS BLUES ", "ST. LOUIS BLUES ", "ST. LOUIS BLUES ", "ST. LOUIS BLUES ", "ST. LOUIS BLUES ", "ST. LOUIS BLUES ", "ST. LOUIS BLUES ", "ST. LOUIS BLUES ", "ST. LOUIS BLUES ", "ST. LOUIS BLUES ", "ST. LOUIS BLUES ", "ST. LOUIS BLUES ", "ST. LOUIS BLUES "], "GA": [0, 0, 0, 0, 0, 0, 0, 0, 0, 0, 0, 0, 0, 0, 0, 0, 0, 0, 0.0, "1", 0, 0, 0, 0, 0, 0, 0, 0, 0, 0, 0, 0, 0, 0, 0, 0, 0, 0, 0, "4"], "SA": [0, 0, 0, 0, 0, 0, 0, 0, 0, 0, 0, 0, 0, 0, 0, 0, 0, 0, 0.0, "29", 0, 0, 0, 0, 0, 0, 0, 0, 0, 0, 0, 0, 0, 0, 0, 0, 0, 0, 0, "22"]}}