{"game_info": {"date": "2014-03-11", "visitor": "NEW YORK RANGERS ", "home": "CAROLINA HURRICANES ", "game_id": 978, "status": "final"}, "player_stats": {"number": ["5", "6", "8", "15", "16", "17", "18", "19", "20", "21", "22", "26", "27", "28", "36", "61", "62", "67", "30", "33", "4", "5", "7", "8", "11", "12", "14", "16", "19", "20", "21", "22", "28", "39", "44", "53", "65", "73", "30", "31"], "position": ["D", "D", "D", "R", "C", "D", "D", "C", "C", "C", "C", "R", "D", "C", "C", "L", "L", "L", "G", "G", "D", "D", "D", "C", "C", "C", "C", "C", "C", "C", "L", "C", "R", "R", "D", "C", "D", "D", "G", "G"], "name": ["GIRARDI, DAN", "STRALMAN, ANTON", "KLEIN, KEVIN", "DORSETT, DEREK", "BRASSARD, DERICK", "MOORE, JOHN", "STAAL, MARC", "RICHARDS, BRAD", "KREIDER, CHRIS", "STEPAN, DEREK", "BOYLE, BRIAN", "ST. LOUIS, MARTIN", "MCDONAGH, RYAN", "MOORE, DOMINIC", "ZUCCARELLO, MATS", "NASH, RICK", "HAGELIN, CARL", "POULIOT, BENOIT", "LUNDQVIST, HENRIK", "TALBOT, CAM", "SEKERA, ANDREJ", "KOMISAREK, MIKE", "MURPHY, RYAN", "LOKTIONOV, ANDREI", "STAAL, JORDAN", "STAAL, ERIC", "GERBE, NATHAN", "LINDHOLM, ELIAS", "TLUSTY, JIRI", "NASH, RILEY", "BOWMAN, DRAYSON", "MALHOTRA, MANNY", "SEMIN, ALEXANDER", "DWYER, PATRICK", "HARRISON, JAY", "SKINNER, JEFF", "HAINSEY, RON", "BELLEMORE, BRETT", "WARD, CAM", "KHUDOBIN, ANTON"], "G": [0, 0, "1", 0, 0, 0, 0, 0, 0, 0, 0, 0, 0, 0, 0, 0, 0, 0, 0, 0, 0, 0, 0, 0, "1", 0, 0, "1", "1", 0, 0, 0, 0, 0, 0, 0, 0, 0, 0, 0], "A": [0, 0, 0, 0, 0, 0, 0, 0, 0, 0, 0, 0, 0, 0, "1", 0, 0, "1", 0, 0, "1", 0, 0, 0, "1", "1", 0, 0, "1", 0, 0, 0, "1", 0, 0, "1", 0, 0, 0, 0], "P": [0, 0, "1", 0, 0, 0, 0, 0, 0, 0, 0, 0, 0, 0, "1", 0, 0, "1", 0, 0, "1", 0, 0, 0, "2", "1", 0, "1", "2", 0, 0, 0, "1", 0, 0, "1", 0, 0, 0, 0], "+/-": [0, "-3", "+1", 0, 0, "+1", "-3", 0, "-2", "-2", 0, 0, 0, 0, 0, "-2", 0, 0, 0, 0, "+1", "-1", "+1", 0, "+2", 0, 0, 0, "+2", 0, 0, 0, "+2", 0, 0, 0, "+2", "+1", 0, 0], "PN": [0, "1", 0, 0, 0, "1", 0, 0, 0, 0, 0, 0, "2", 0, "1", 0, 0, 0, 0, 0, 0, 0, "1", 0, 0, "1", 0, 0, 0, 0, 0, "1", 0, 0, 0, 0, 0, "1", 0, 0], "PIM": [0, "2", 0, 0, 0, "2", 0, 0, 0, 0, 0, 0, "4", 0, "2", 0, 0, 0, 0, 0, 0, 0, "2", 0, 0, "2", 0, 0, 0, 0, 0, "2", 0, 0, 0, 0, 0, "2", 0, 0], "TOT": ["26:24", "16:10", "15:13", "08:45", "16:20", "16:38", "17:49", "18:42", "12:23", "16:57", "10:36", "20:03", "23:47", "09:26", "17:17", "16:26", "15:09", "15:18", "58:37", 0, "24:50", "09:55", "23:19", "09:20", "21:48", "16:54", "15:32", "14:44", "15:04", "15:11", "07:31", "06:14", "22:08", "17:00", "16:42", "15:38", "23:24", "19:08", "60:00", 0], "SHF": ["33", "26", "23", "14", "26", "24", "27", "23", "21", "29", "19", "28", "30", "16", "26", "30", "24", "26", 0, 0, "34", "15", "29", "15", "31", "24", "22", "23", "24", "23", "11", "12", "30", "25", "22", "24", "29", "28", 0, 0], "AVG TOI/SH": ["00:48", "00:37", "00:39", "00:37", "00:37", "00:41", "00:39", "00:48", "00:35", "00:35", "00:33", "00:42", "00:47", "00:35", "00:39", "00:32", "00:37", "00:35", 0, 0, "00:43", "00:39", "00:48", "00:37", "00:42", "00:42", "00:42", "00:38", "00:37", "00:39", "00:41", "00:31", "00:44", "00:40", "00:45", "00:39", "00:48", "00:41", 0, 0], "PP": ["02:13", "00:05", "00:00", "00:00", "02:20", "01:48", "00:00", "03:15", "00:21", "02:09", "00:00", "02:41", "01:41", "00:00", "02:15", "02:04", "00:00", "02:25", "03:37", 0, "03:50", "00:00", "04:31", "02:59", "03:48", "02:41", "00:00", "02:46", "01:10", "02:22", "00:00", "00:00", "04:44", "00:00", "02:55", "03:34", "00:10", "00:00", "07:06", 0], "SH": ["04:54", "01:51", "00:39", "00:00", "00:09", "00:00", "03:29", "00:00", "00:00", "02:36", "03:08", "01:21", "03:19", "01:58", "00:00", "02:13", "02:47", "00:00", "07:06", 0, "02:27", "00:58", "00:42", "00:00", "02:08", "01:10", "01:07", "00:00", "00:00", "01:00", "01:03", "00:00", "00:45", "01:45", "01:21", "00:00", "02:15", "01:15", "04:29", 0], "EV": ["19:17", "14:14", "14:34", "08:45", "13:51", "14:50", "14:20", "15:27", "12:02", "12:12", "07:28", "16:01", "18:47", "07:28", "15:02", "12:09", "12:22", "12:53", "47:54", 0, "18:33", "08:57", "18:06", "06:21", "15:52", "13:03", "14:25", "11:58", "13:54", "11:49", "06:28", "06:14", "16:39", "15:15", "12:26", "12:04", "20:59", "17:53", "48:25", 0], "S": [0, "1", "1", "2", "2", "1", "1", "1", "1", 0, 0, "5", "4", 0, "1", "1", "1", "3", 0, 0, "1", 0, "1", "1", "1", "3", "3", "3", "3", "1", 0, 0, "4", "3", "6", "4", 0, "1", 0, 0], "A/B": ["1", 0, "2", "1", 0, "1", "2", "4", 0, 0, "1", "1", 0, 0, "1", "1", "1", 0, 0, 0, "3", 0, "1", 0, 0, "1", 0, "1", 0, "1", 0, 0, "3", "2", "3", "2", 0, 0, 0, 0], "MS": [0, "1", 0, 0, 0, "1", "1", 0, "1", "2", 0, "3", 0, "1", "1", "1", 0, "1", 0, 0, "1", 0, 0, 0, 0, "2", "1", "2", 0, 0, 0, "1", "2", 0, "1", "3", "1", 0, 0, 0], "HT": ["2", "4", "2", "6", 0, 0, 0, 0, "2", "1", "1", 0, "2", 0, 0, 0, 0, "1", 0, 0, "2", "3", 0, 0, "3", "1", "1", "1", "1", "2", "1", 0, 0, "4", "1", 0, "4", "2", 0, 0], "GV": ["2", "3", "1", 0, "4", "1", 0, 0, "1", 0, 0, "1", 0, 0, "1", "1", 0, 0, "1", 0, "1", "1", "3", 0, "2", 0, 0, "3", 0, 0, "1", "1", "2", "1", 0, "1", "1", "1", 0, 0], "TK": [0, "1", 0, 0, 0, 0, "1", 0, 0, 0, 0, 0, 0, "2", "2", "2", "1", 0, 0, 0, "3", 0, "2", 0, "3", "1", "1", "1", 0, "2", "1", 0, "3", 0, 0, 0, "1", 0, 0, 0], "BS": ["2", 0, "3", 0, "1", "1", "2", "1", 0, 0, 0, "1", "4", 0, "1", 0, 0, "1", 0, 0, "2", "1", 0, "1", "1", 0, 0, 0, 0, 0, 0, 0, "2", "1", "3", 0, "4", "1", 0, 0], "FW": [0, 0, 0, 0, "8", 0, 0, "3", 0, "8", "1", 0, 0, "3", 0, 0, 0, "1", 0, 0, 0, 0, 0, "1", "13", "6", 0, "6", 0, "7", 0, "3", 0, "0", 0, 0, 0, 0, 0, 0], "FL": [0, 0, 0, 0, "7", 0, 0, "9", 0, "11", "6", 0, 0, "3", 0, 0, 0, "0", 0, 0, 0, 0, 0, "0", "10", "4", 0, "2", 0, "4", 0, "3", 0, "1", 0, 0, 0, 0, 0, 0], "F%": [0, 0, 0, 0, "53", 0, 0, "25", 0, "42", "14", 0, 0, "50", 0, 0, 0, "100", 0, 0, 0, 0, 0, "100", "57", "60", 0, "75", 0, "64", 0, "50", 0, "0", 0, 0, 0, 0, 0, 0], "team": ["NEW YORK RANGERS ", "NEW YORK RANGERS ", "NEW YORK RANGERS ", "NEW YORK RANGERS ", "NEW YORK RANGERS ", "NEW YORK RANGERS ", "NEW YORK RANGERS ", "NEW YORK RANGERS ", "NEW YORK RANGERS ", "NEW YORK RANGERS ", "NEW YORK RANGERS ", "NEW YORK RANGERS ", "NEW YORK RANGERS ", "NEW YORK RANGERS ", "NEW YORK RANGERS ", "NEW YORK RANGERS ", "NEW YORK RANGERS ", "NEW YORK RANGERS ", "NEW YORK RANGERS ", "NEW YORK RANGERS ", "CAROLINA HURRICANES ", "CAROLINA HURRICANES ", "CAROLINA HURRICANES ", "CAROLINA HURRICANES ", "CAROLINA HURRICANES ", "CAROLINA HURRICANES ", "CAROLINA HURRICANES ", "CAROLINA HURRICANES ", "CAROLINA HURRICANES ", "CAROLINA HURRICANES ", "CAROLINA HURRICANES ", "CAROLINA HURRICANES ", "CAROLINA HURRICANES ", "CAROLINA HURRICANES ", "CAROLINA HURRICANES ", "CAROLINA HURRICANES ", "CAROLINA HURRICANES ", "CAROLINA HURRICANES ", "CAROLINA HURRICANES ", "CAROLINA HURRICANES "], "GA": [0, 0, 0, 0, 0, 0, 0, 0, 0, 0, 0, 0, 0, 0, 0, 0, 0, 0, "3", 0, 0, 0, 0, 0, 0, 0, 0, 0, 0, 0, 0, 0, 0, 0, 0, 0, 0, 0, "1", 0], "SA": [0, 0, 0, 0, 0, 0, 0, 0, 0, 0, 0, 0, 0, 0, 0, 0, 0, 0, "35", 0, 0, 0, 0, 0, 0, 0, 0, 0, 0, 0, 0, 0, 0, 0, 0, 0, 0, 0, "25", 0]}}