{"game_info": {"date": "2013-10-24", "visitor": "ANAHEIM DUCKS ", "home": "MONTREAL CANADIENS ", "game_id": 142, "status": "final"}, "player_stats": {"number": ["4", "7", "8", "10", "11", "13", "15", "22", "23", "28", "33", "34", "45", "47", "55", "62", "65", "77", "1", "31", "11", "14", "17", "21", "26", "27", "32", "40", "45", "49", "51", "53", "55", "61", "76", "79", "81", "82", "30", "31"], "position": ["D", "C", "R", "R", "C", "C", "C", "C", "D", "D", "R", "C", "D", "D", "D", "L", "R", "R", "G", "G", "R", "C", "R", "R", "D", "C", "L", "D", "R", "L", "C", "C", "D", "D", "D", "D", "C", "R", "G", "G"], "name": ["FOWLER, CAM", "COGLIANO, ANDREW", "SELANNE, TEEMU", "PERRY, COREY", "KOIVU, SAKU", "BONINO, NICK", "GETZLAF, RYAN", "PERREAULT, MATHIEU", "BEAUCHEMIN, FRANCOIS", "FISTRIC, MARK", "SILFVERBERG, JAKOB", "WINNIK, DANIEL", "VATANEN, SAMI", "LINDHOLM, HAMPUS", "ALLEN, BRYAN", "MAROON, PATRICK", "ETEM, EMERSON", "SMITH-PELLY, DEVANTE", "HILLER, JONAS", "ANDERSEN, FREDERIK", "GALLAGHER, BRENDAN", "PLEKANEC, TOMAS", "BOURQUE, RENE", "GIONTA, BRIAN", "GORGES, JOSH", "GALCHENYUK, ALEX", "MOEN, TRAVIS", "BEAULIEU, NATHAN", "BLUNDEN, MIKE", "BOURNIVAL, MICHAEL", "DESHARNAIS, DAVID", "WHITE, RYAN", "BOUILLON, FRANCIS", "DIAZ, RAPHAEL", "SUBBAN, P.K.", "MARKOV, ANDREI", "ELLER, LARS", "HOLLAND, PATRICK", "BUDAJ, PETER", "PRICE, CAREY"], "G": [0, 0, 0, 0, 0, 0, 0, 0, 0, 0, 0, 0, 0, 0, 0, "1", 0, 0, 0, 0, 0, "1", "1", "1", 0, 0, 0, 0, 0, "1", 0, 0, 0, 0, 0, 0, 0, 0, 0, 0], "A": [0, 0, 0, 0, 0, "1", 0, 0, 0, 0, 0, 0, 0, 0, 0, 0, 0, "1", 0, 0, 0, "2", 0, "1", "1", "1", 0, "1", 0, "1", 0, 0, 0, 0, 0, 0, 0, 0, 0, 0], "P": [0, 0, 0, 0, 0, "1", 0, 0, 0, 0, 0, 0, 0, 0, 0, "1", 0, "1", 0, 0, 0, "3", "1", "2", "1", "1", 0, "1", 0, "2", 0, 0, 0, 0, 0, 0, 0, 0, 0, 0], "+/-": [0, 0, 0, "-2", 0, "+1", "-2", 0, 0, "-1", 0, 0, "-1", "-1", 0, 0, 0, "+1", 0, 0, 0, "+2", "-1", "+2", "+1", 0, "-1", "+1", 0, "+2", "-1", 0, 0, 0, 0, 0, 0, 0, 0, 0], "PN": ["1", 0, 0, "1", 0, "1", 0, "2", 0, "1", 0, 0, 0, 0, 0, "1", 0, 0, 0, 0, 0, 0, "1", 0, 0, 0, 0, 0, "1", 0, 0, 0, 0, 0, 0, 0, "2", 0, 0, 0], "PIM": ["2", 0, 0, "2", 0, "2", 0, "4", 0, "2", 0, 0, 0, 0, 0, "5", 0, 0, 0, 0, 0, 0, "2", 0, 0, 0, 0, 0, "5", 0, 0, 0, 0, 0, 0, 0, "4", 0, 0, 0], "TOT": ["20:00", "14:51", "15:34", "19:39", "15:39", "12:20", "17:59", "16:10", "25:36", "10:24", "13:07", "17:04", "20:02", "22:19", "19:17", "06:55", "14:27", "09:03", "60:00", 0, "15:40", "18:12", "16:49", "17:47", "20:22", "15:48", "19:15", "11:40", "05:28", "16:15", "16:39", "10:39", "18:25", "19:49", "22:38", "27:06", "15:42", "05:46", 0, "60:00"], "SHF": ["29", "21", "16", "21", "23", "15", "20", "18", "32", "17", "19", "21", "25", "28", "28", "9", "19", "11", 0, 0, "25", "24", "23", "24", "28", "27", "28", "17", "9", "23", "21", "21", "25", "27", "26", "31", "25", "11", 0, 0], "AVG TOI/SH": ["00:41", "00:42", "00:58", "00:56", "00:40", "00:49", "00:53", "00:53", "00:48", "00:36", "00:41", "00:48", "00:48", "00:47", "00:41", "00:46", "00:45", "00:49", 0, 0, "00:37", "00:45", "00:43", "00:44", "00:43", "00:35", "00:41", "00:41", "00:36", "00:42", "00:47", "00:30", "00:44", "00:44", "00:52", "00:52", "00:37", "00:31", 0, 0], "PP": ["01:58", "00:00", "03:26", "03:26", "00:47", "01:39", "03:26", "03:16", "01:38", "00:00", "00:47", "00:27", "03:00", "01:03", "00:11", "00:35", "00:00", "00:36", "05:15", 0, "02:37", "03:14", "02:31", "03:18", "00:02", "04:18", "01:18", "02:23", "00:02", "02:36", "02:16", "00:02", "00:06", "02:25", "05:54", "05:52", "02:49", "00:02", 0, "08:21"], "SH": ["02:58", "02:44", "00:00", "00:47", "02:49", "01:19", "01:45", "00:00", "05:11", "01:22", "00:25", "03:49", "00:22", "03:00", "03:49", "00:00", "02:36", "00:00", "08:21", 0, "00:00", "03:06", "00:00", "01:59", "02:57", "00:00", "02:57", "00:00", "00:00", "00:19", "00:10", "01:59", "02:18", "02:57", "00:00", "02:18", "00:00", "00:00", 0, "05:15"], "EV": ["15:04", "12:07", "12:08", "15:26", "12:03", "09:22", "12:48", "12:54", "18:47", "09:02", "11:55", "12:48", "16:40", "18:16", "15:17", "06:20", "11:51", "08:27", "46:24", 0, "13:03", "11:52", "14:18", "12:30", "17:23", "11:30", "15:00", "09:17", "05:26", "13:20", "14:13", "08:38", "16:01", "14:27", "16:44", "18:56", "12:53", "05:44", 0, "46:24"], "S": ["3", "3", "1", "4", "1", 0, "1", "4", "1", 0, "4", "1", "1", "4", 0, "2", "2", 0, 0, 0, "2", "2", "3", "1", 0, "3", "1", "1", 0, "2", "2", "1", 0, "1", "2", 0, "2", "2", 0, 0], "A/B": [0, "1", 0, "2", "2", 0, "2", "1", "2", 0, 0, "1", "3", "1", 0, 0, "1", "1", 0, 0, "1", "2", "3", 0, "1", "2", "1", "2", 0, 0, 0, 0, 0, "2", "5", "2", 0, 0, 0, 0], "MS": [0, "1", "1", "2", 0, 0, "1", 0, 0, 0, "1", "2", 0, "1", 0, 0, 0, 0, 0, 0, 0, "2", "2", "3", 0, "1", 0, "1", 0, "1", 0, 0, 0, "2", "1", 0, "2", 0, 0, 0], "HT": [0, 0, 0, "2", "2", 0, 0, "1", "3", "3", "1", "1", "2", 0, "3", "2", "2", "2", 0, 0, 0, 0, 0, 0, "1", 0, "3", 0, "4", "3", 0, 0, "1", "1", 0, 0, "2", 0, 0, 0], "GV": [0, 0, 0, "1", 0, 0, "1", 0, "2", 0, 0, 0, 0, "1", "2", 0, "1", 0, 0, 0, 0, 0, "1", "1", 0, "2", 0, "1", 0, 0, 0, "1", "2", "1", "1", "3", 0, 0, 0, "1"], "TK": [0, 0, 0, 0, 0, "1", 0, "1", 0, 0, "1", 0, 0, 0, 0, 0, 0, 0, 0, 0, "1", 0, "1", "1", 0, "2", 0, 0, 0, "1", "2", 0, 0, 0, 0, "1", 0, 0, 0, 0], "BS": ["4", 0, 0, "1", "1", 0, "1", 0, "3", "2", 0, "1", "1", "1", "4", 0, "2", 0, 0, 0, "1", 0, "1", "1", "3", "2", 0, "1", 0, 0, 0, 0, "3", "2", 0, "2", "1", 0, 0, 0], "FW": [0, "0", 0, 0, "9", "7", "6", "8", 0, 0, 0, 0, 0, 0, 0, 0, 0, 0, 0, 0, 0, "9", 0, 0, 0, 0, 0, 0, 0, 0, "13", "7", 0, 0, 0, 0, "10", "0", 0, 0], "FL": [0, "2", 0, 0, "16", "5", "8", "8", 0, 0, 0, 0, 0, 0, 0, 0, 0, 0, 0, 0, 0, "7", 0, 0, 0, 0, 0, 0, 0, 0, "2", "11", 0, 0, 0, 0, "9", "1", 0, 0], "F%": [0, "0", 0, 0, "36", "58", "43", "50", 0, 0, 0, 0, 0, 0, 0, 0, 0, 0, 0, 0, 0, "56", 0, 0, 0, 0, 0, 0, 0, 0, "87", "39", 0, 0, 0, 0, "53", "0", 0, 0], "team": ["ANAHEIM DUCKS ", "ANAHEIM DUCKS ", "ANAHEIM DUCKS ", "ANAHEIM DUCKS ", "ANAHEIM DUCKS ", "ANAHEIM DUCKS ", "ANAHEIM DUCKS ", "ANAHEIM DUCKS ", "ANAHEIM DUCKS ", "ANAHEIM DUCKS ", "ANAHEIM DUCKS ", "ANAHEIM DUCKS ", "ANAHEIM DUCKS ", "ANAHEIM DUCKS ", "ANAHEIM DUCKS ", "ANAHEIM DUCKS ", "ANAHEIM DUCKS ", "ANAHEIM DUCKS ", "ANAHEIM DUCKS ", "ANAHEIM DUCKS ", "MONTREAL CANADIENS ", "MONTREAL CANADIENS ", "MONTREAL CANADIENS ", "MONTREAL CANADIENS ", "MONTREAL CANADIENS ", "MONTREAL CANADIENS ", "MONTREAL CANADIENS ", "MONTREAL CANADIENS ", "MONTREAL CANADIENS ", "MONTREAL CANADIENS ", "MONTREAL CANADIENS ", "MONTREAL CANADIENS ", "MONTREAL CANADIENS ", "MONTREAL CANADIENS ", "MONTREAL CANADIENS ", "MONTREAL CANADIENS ", "MONTREAL CANADIENS ", "MONTREAL CANADIENS ", "MONTREAL CANADIENS ", "MONTREAL CANADIENS "], "GA": [0, 0, 0, 0, 0, 0, 0, 0, 0, 0, 0, 0, 0, 0, 0, 0, 0, 0, "4", 0, 0, 0, 0, 0, 0, 0, 0, 0, 0, 0, 0, 0, 0, 0, 0, 0, 0, 0, 0, "1"], "SA": [0, 0, 0, 0, 0, 0, 0, 0, 0, 0, 0, 0, 0, 0, 0, 0, 0, 0, "25", 0, 0, 0, 0, 0, 0, 0, 0, 0, 0, 0, 0, 0, 0, 0, 0, 0, 0, 0, 0, "32"]}}