{"game_info": {"date": "2014-03-08", "visitor": "ST. LOUIS BLUES ", "home": "COLORADO AVALANCHE ", "game_id": 954, "status": "final"}, "player_stats": {"number": ["5", "9", "10", "12", "19", "20", "21", "22", "27", "28", "29", "40", "42", "46", "56", "74", "75", "91", "1", "39", "4", "5", "6", "7", "8", "9", "11", "15", "16", "24", "25", "26", "29", "55", "58", "61", "90", "92", "1", "35"], "position": ["D", "C", "L", "C", "D", "L", "C", "D", "D", "D", "C", "C", "R", "D", "L", "C", "R", "R", "G", "G", "D", "D", "D", "C", "D", "C", "L", "R", "D", "R", "C", "C", "C", "L", "L", "D", "C", "L", "G", "G"], "name": ["JACKMAN, BARRET", "SCHWARTZ, JADEN", "MORROW, BRENDEN", "ROY, DEREK", "BOUWMEESTER, JAY", "STEEN, ALEXANDER", "BERGLUND, PATRIK", "SHATTENKIRK, KEVIN", "PIETRANGELO, ALEX", "COLE, IAN", "OTT, STEVE", "LAPIERRE, MAXIM", "BACKES, DAVID", "POLAK, ROMAN", "PAAJARVI, MAGNUS", "OSHIE, T.J.", "REAVES, RYAN", "TARASENKO, VLADIMIR", "ELLIOTT, BRIAN", "MILLER, RYAN", "BARRIE, TYSON", "GUENIN, NATE", "JOHNSON, ERIK", "MITCHELL, JOHN", "HEJDA, JAN", "DUCHENE, MATT", "MCGINN, JAMIE", "PARENTEAU, PA", "SARICH, CORY", "CLICHE, MARC-ANDRE", "TALBOT, MAXIME", "STASTNY, PAUL", "MACKINNON, NATHAN", "MCLEOD, CODY", "BORDELEAU, PATRICK", "BENOIT, ANDRE", "O'REILLY, RYAN", "LANDESKOG, GABRIEL", "VARLAMOV, SEMYON", "GIGUERE, JEAN-SEBASTIEN"], "G": [0, 0, 0, 0, 0, 0, "1", 0, 0, 0, 0, 0, "1", 0, 0, 0, 0, 0, 0, 0, 0, 0, 0, 0, 0, 0, 0, "1", 0, 0, 0, 0, 0, 0, 0, 0, 0, 0, 0, 0], "A": [0, "1", 0, 0, 0, 0, 0, "1", 0, 0, 0, 0, 0, 0, 0, "1", 0, "1", 0, 0, 0, 0, 0, 0, 0, "1", 0, 0, 0, 0, 0, 0, 0, 0, 0, 0, "1", 0, 0, 0], "P": [0, "1", 0, 0, 0, 0, "1", "1", 0, 0, 0, 0, "1", 0, 0, "1", 0, "1", 0, 0, 0, 0, 0, 0, 0, "1", 0, "1", 0, 0, 0, 0, 0, 0, 0, 0, "1", 0, 0, 0], "+/-": [0, 0, 0, 0, "+1", "+1", 0, "+1", "+1", "-1", "-1", 0, "+1", 0, 0, "+1", 0, "+1", 0, 0, "-1", "-1", 0, 0, "-1", 0, 0, 0, "+1", "-1", "-1", 0, 0, "-1", 0, 0, 0, 0, 0, 0], "PN": ["1", 0, 0, 0, 0, 0, "1", 0, 0, 0, "1", 0, 0, 0, 0, 0, 0, 0, 0, 0, 0, 0, 0, 0, 0, 0, 0, 0, 0, 0, 0, 0, 0, 0, 0, "1", 0, 0, 0, 0], "PIM": ["2", 0, 0, 0, 0, 0, "2", 0, 0, 0, "2", 0, 0, 0, 0, 0, 0, 0, 0, 0, 0, 0, 0, 0, 0, 0, 0, 0, 0, 0, 0, 0, 0, 0, 0, "2", 0, 0, 0, 0], "TOT": ["19:07", "18:08", "09:33", "10:40", "23:59", "19:54", "16:50", "21:16", "25:42", "12:09", "15:09", "13:09", "20:14", "16:39", "09:43", "19:18", "09:20", "13:10", 0, "60:00", "21:57", "13:02", "24:21", "17:59", "23:36", "23:43", "15:55", "20:59", "12:42", "10:56", "17:02", "00:40", "16:13", "08:21", "10:12", "21:08", "21:24", "20:10", "57:40", 0], "SHF": ["25", "25", "16", "15", "31", "27", "26", "26", "33", "18", "25", "18", "27", "20", "13", "24", "13", "20", 0, 0, "25", "19", "29", "21", "31", "25", "19", "25", "17", "14", "21", "1", "23", "11", "14", "26", "25", "25", 0, 0], "AVG TOI/SH": ["00:45", "00:43", "00:35", "00:42", "00:46", "00:44", "00:38", "00:49", "00:46", "00:40", "00:36", "00:43", "00:44", "00:49", "00:44", "00:48", "00:43", "00:39", 0, 0, "00:52", "00:41", "00:50", "00:51", "00:45", "00:56", "00:50", "00:50", "00:44", "00:46", "00:48", "00:40", "00:42", "00:45", "00:43", "00:48", "00:51", "00:48", 0, 0], "PP": ["00:00", "01:05", "00:00", "00:55", "00:43", "01:17", "00:55", "01:05", "00:55", "00:00", "00:00", "00:00", "01:05", "00:00", "00:00", "01:05", "00:00", "00:55", 0, "02:00", "03:17", "00:00", "02:42", "03:10", "00:13", "03:11", "03:11", "03:19", "00:00", "00:13", "00:13", "00:00", "02:36", "00:00", "00:13", "02:29", "02:37", "02:36", "06:00", 0], "SH": ["01:47", "01:37", "00:04", "00:04", "02:58", "01:48", "00:42", "01:15", "03:10", "00:00", "01:14", "02:07", "02:34", "02:50", "00:00", "01:36", "00:00", "00:14", 0, "06:00", "00:00", "01:04", "00:39", "00:43", "01:21", "00:13", "00:00", "00:00", "00:56", "01:04", "01:04", "00:00", "00:00", "00:56", "00:00", "00:00", "00:00", "00:00", "02:00", 0], "EV": ["17:20", "15:26", "09:29", "09:41", "20:18", "16:49", "15:13", "18:56", "21:37", "12:09", "13:55", "11:02", "16:35", "13:49", "09:43", "16:37", "09:20", "12:01", 0, "52:00", "18:40", "11:58", "21:00", "14:06", "22:02", "20:19", "12:44", "17:40", "11:46", "09:39", "15:45", "00:40", "13:37", "07:25", "09:59", "18:39", "18:47", "17:34", "49:40", 0], "S": ["2", "2", 0, "4", "3", "4", "2", 0, "1", 0, "1", "1", "3", 0, 0, "2", 0, 0, 0, 0, "1", "2", "1", "1", 0, "4", "2", "4", "1", 0, 0, 0, 0, 0, "1", 0, "4", "6", 0, 0], "A/B": [0, 0, 0, 0, 0, "2", "1", "3", "4", 0, 0, 0, "1", 0, "1", 0, "2", 0, 0, 0, "1", "1", "1", "2", 0, 0, "1", 0, "2", 0, 0, 0, "2", 0, 0, "3", "3", "1", 0, 0], "MS": [0, "1", 0, 0, 0, "1", 0, "1", "1", 0, "1", "2", "1", 0, 0, "1", 0, "1", 0, 0, 0, 0, "1", 0, "1", "1", "1", "2", 0, 0, 0, 0, 0, 0, 0, "1", "3", "4", 0, 0], "HT": ["1", 0, "3", "1", "2", 0, 0, 0, 0, 0, "3", 0, "2", "2", 0, "1", "4", "1", 0, 0, 0, "1", "2", "2", "5", 0, "3", "2", "1", 0, "2", 0, "2", "2", "4", "2", 0, "4", 0, 0], "GV": [0, 0, 0, 0, 0, 0, 0, 0, 0, 0, 0, 0, "1", 0, 0, 0, 0, 0, 0, 0, "2", 0, 0, 0, 0, 0, 0, "1", 0, 0, 0, 0, 0, 0, 0, 0, 0, 0, "1", 0], "TK": ["2", "2", 0, "2", "1", 0, "1", 0, "1", 0, "2", 0, "1", 0, "1", "2", 0, "2", 0, 0, "1", "1", "2", "2", 0, "2", "1", "1", 0, 0, "1", 0, 0, "1", 0, 0, "3", 0, 0, 0], "BS": ["1", "1", "1", 0, "1", 0, "1", "2", "2", "3", 0, 0, "2", "1", "1", 0, "1", 0, 0, 0, 0, 0, "3", 0, "2", 0, 0, 0, "2", 0, "1", 0, "2", 0, 0, 0, "1", "3", 0, 0], "FW": [0, 0, 0, "0", 0, "7", "3", 0, 0, 0, "9", "3", "11", 0, 0, "0", 0, 0, 0, 0, 0, 0, 0, "9", 0, "9", 0, 0, 0, "3", "1", "1", "5", 0, 0, 0, "2", 0, 0, 0], "FL": [0, 0, 0, "5", 0, "4", "3", 0, 0, 0, "7", "5", "4", 0, 0, "2", 0, 0, 0, 0, 0, 0, 0, "11", 0, "7", 0, 0, 0, "5", "0", "0", "7", 0, 0, 0, "3", 0, 0, 0], "F%": [0, 0, 0, "0", 0, "64", "50", 0, 0, 0, "56", "38", "73", 0, 0, "0", 0, 0, 0, 0, 0, 0, 0, "45", 0, "56", 0, 0, 0, "38", "100", "100", "42", 0, 0, 0, "40", 0, 0, 0], "team": ["ST. LOUIS BLUES ", "ST. LOUIS BLUES ", "ST. LOUIS BLUES ", "ST. LOUIS BLUES ", "ST. LOUIS BLUES ", "ST. LOUIS BLUES ", "ST. LOUIS BLUES ", "ST. LOUIS BLUES ", "ST. LOUIS BLUES ", "ST. LOUIS BLUES ", "ST. LOUIS BLUES ", "ST. LOUIS BLUES ", "ST. LOUIS BLUES ", "ST. LOUIS BLUES ", "ST. LOUIS BLUES ", "ST. LOUIS BLUES ", "ST. LOUIS BLUES ", "ST. LOUIS BLUES ", "ST. LOUIS BLUES ", "ST. LOUIS BLUES ", "COLORADO AVALANCHE ", "COLORADO AVALANCHE ", "COLORADO AVALANCHE ", "COLORADO AVALANCHE ", "COLORADO AVALANCHE ", "COLORADO AVALANCHE ", "COLORADO AVALANCHE ", "COLORADO AVALANCHE ", "COLORADO AVALANCHE ", "COLORADO AVALANCHE ", "COLORADO AVALANCHE ", "COLORADO AVALANCHE ", "COLORADO AVALANCHE ", "COLORADO AVALANCHE ", "COLORADO AVALANCHE ", "COLORADO AVALANCHE ", "COLORADO AVALANCHE ", "COLORADO AVALANCHE ", "COLORADO AVALANCHE ", "COLORADO AVALANCHE "], "GA": [0, 0, 0, 0, 0, 0, 0, 0, 0, 0, 0, 0, 0, 0, 0, 0, 0, 0, 0.0, "1", 0, 0, 0, 0, 0, 0, 0, 0, 0, 0, 0, 0, 0, 0, 0, 0, 0, 0, "2", 0], "SA": [0, 0, 0, 0, 0, 0, 0, 0, 0, 0, 0, 0, 0, 0, 0, 0, 0, 0, 0.0, "27", 0, 0, 0, 0, 0, 0, 0, 0, 0, 0, 0, 0, 0, 0, 0, 0, 0, 0, "25", 0]}}