{"game_info": {"date": "2014-02-27", "visitor": "PHOENIX COYOTES ", "home": "WINNIPEG JETS ", "game_id": 894, "status": "final"}, "player_stats": {"number": ["3", "4", "6", "11", "14", "17", "18", "19", "23", "24", "26", "28", "36", "38", "50", "53", "63", "89", "1", "41", "2", "5", "7", "8", "9", "12", "16", "17", "18", "19", "22", "26", "33", "39", "40", "44", "55", "67", "31", "35"], "position": ["D", "D", "D", "C", "C", "R", "R", "R", "D", "C", "D", "L", "C", "C", "C", "D", "C", "L", "G", "G", "D", "D", "D", "D", "L", "C", "L", "C", "C", "C", "R", "R", "D", "D", "R", "D", "C", "R", "G", "G"], "name": ["YANDLE, KEITH", "MICHALEK, ZBYNEK", "SCHLEMKO, DAVID", "HANZAL, MARTIN", "HALPERN, JEFF", "VRBATA, RADIM", "MOSS, DAVID", "DOAN, SHANE", "EKMAN-LARSSON, OLIVER", "CHIPCHURA, KYLE", "STONE, MICHAEL", "KORPIKOSKI, LAURI", "KLINKHAMMER, ROB", "MCMILLAN, BRANDON", "VERMETTE, ANTOINE", "MORRIS, DEREK", "RIBEIRO, MIKE", "BOEDKER, MIKKEL", "GREISS, THOMAS", "SMITH, MIKE", "PARDY, ADAM", "STUART, MARK", "ELLERBY, KEATON", "TROUBA, JACOB", "KANE, EVANDER", "JOKINEN, OLLI", "LADD, ANDREW", "WRIGHT, JAMES", "LITTLE, BRYAN", "SLATER, JIM", "THORBURN, CHRIS", "WHEELER, BLAKE", "BYFUGLIEN, DUSTIN", "ENSTROM, TOBIAS", "SETOGUCHI, DEVIN", "BOGOSIAN, ZACH", "SCHEIFELE, MARK", "FROLIK, MICHAEL", "PAVELEC, ONDREJ", "MONTOYA, AL"], "G": [0, 0, 0, "1", 0, 0, 0, 0, "1", 0, 0, 0, 0, 0, 0, 0, 0, 0, 0, 0, 0, 0, 0, 0, 0, 0, 0, 0, "1", 0, 0, "1", 0, 0, 0, 0, 0, 0, 0, 0], "A": [0, 0, "1", 0, 0, "1", 0, 0, 0, 0, 0, 0, "1", 0, 0, 0, "1", 0, 0, 0, 0, 0, 0, 0, 0, 0, 0, 0, 0, 0, 0, 0, "1", 0, 0, 0, 0, 0, 0, 0], "P": [0, 0, "1", "1", 0, "1", 0, 0, "1", 0, 0, 0, "1", 0, 0, 0, "1", 0, 0, 0, 0, 0, 0, 0, 0, 0, 0, 0, "1", 0, 0, "1", "1", 0, 0, 0, 0, 0, 0, 0], "+/-": [0, "+1", 0, "+1", 0, "+1", 0, 0, 0, 0, "-1", "-1", "+1", 0, 0, 0, "-1", "-1", 0, 0, "-1", "+1", "-1", "+1", "-1", "+1", 0, 0, 0, 0, 0, 0, "+1", 0, 0, 0, "-1", 0, 0, 0], "PN": ["1", "1", 0, 0, 0, 0, 0, "1", "2", 0, 0, 0, "1", 0, 0, "1", 0, 0, 0, 0, 0, 0, 0, 0, "1", 0, "1", "1", 0, "1", "1", 0, 0, 0, 0, "2", "1", 0, 0, 0], "PIM": ["2", "2", 0, 0, 0, 0, 0, "2", "4", 0, 0, 0, "5", 0, 0, "2", 0, 0, 0, 0, 0, 0, 0, 0, "2", 0, "2", "2", 0, "2", "2", 0, 0, 0, 0, "7", "2", 0, 0, 0], "TOT": ["26:18", "22:44", "16:40", "19:03", "11:25", "19:09", "12:13", "18:25", "29:18", "07:11", "16:41", "18:16", "09:35", "08:58", "18:46", "19:05", "19:58", "15:38", 0, "65:00", "12:58", "23:27", "09:50", "26:39", "20:30", "14:11", "22:57", "05:12", "22:43", "05:44", "05:57", "20:12", "17:32", "25:37", "10:02", "23:42", "19:54", "19:21", "65:00", 0], "SHF": ["31", "32", "24", "31", "20", "32", "19", "25", "36", "14", "25", "28", "18", "15", "30", "30", "25", "23", 0, 0, "18", "30", "16", "35", "25", "21", "31", "11", "30", "10", "11", "29", "23", "35", "16", "31", "25", "22", 0, 0], "AVG TOI/SH": ["00:50", "00:42", "00:41", "00:36", "00:34", "00:35", "00:38", "00:44", "00:48", "00:30", "00:40", "00:39", "00:31", "00:35", "00:37", "00:38", "00:47", "00:40", 0, 0, "00:43", "00:46", "00:36", "00:45", "00:49", "00:40", "00:44", "00:28", "00:45", "00:34", "00:32", "00:41", "00:45", "00:43", "00:37", "00:45", "00:47", "00:52", 0, 0], "PP": ["07:31", "00:00", "01:47", "03:54", "00:34", "03:56", "00:34", "03:54", "05:58", "00:03", "01:58", "00:13", "00:02", "00:00", "01:50", "00:07", "06:44", "03:11", 0, "08:37", "00:00", "00:00", "00:00", "01:24", "01:56", "01:21", "03:28", "00:00", "03:28", "00:11", "00:11", "03:28", "04:14", "03:51", "00:18", "02:02", "01:56", "00:42", "05:42", 0], "SH": ["00:40", "02:14", "01:34", "00:50", "02:42", "00:50", "02:26", "00:00", "02:26", "00:00", "01:34", "02:26", "00:00", "00:00", "02:10", "02:56", "00:00", "00:00", 0, "05:42", "00:44", "05:23", "00:00", "04:44", "01:25", "02:04", "04:00", "00:44", "03:20", "00:27", "00:00", "01:55", "00:00", "03:53", "00:00", "02:30", "00:00", "02:30", "08:37", 0], "EV": ["18:07", "20:30", "13:19", "14:19", "08:09", "14:23", "09:13", "14:31", "20:54", "07:08", "13:09", "15:37", "09:33", "08:58", "14:46", "16:02", "13:14", "12:27", 0, "50:41", "12:14", "18:04", "09:50", "20:31", "17:09", "10:46", "15:29", "04:28", "15:55", "05:06", "05:46", "14:49", "13:18", "17:53", "09:44", "19:10", "17:58", "16:09", "50:41", 0], "S": ["4", "3", "1", "5", 0, "3", 0, "3", "5", 0, "2", 0, 0, "2", "1", "2", "2", "3", 0, 0, 0, "2", 0, "3", "4", "1", "2", "2", "1", "1", 0, "1", "4", "1", "1", "1", "2", "3", 0, 0], "A/B": ["1", 0, "1", "2", 0, "2", 0, "1", "1", 0, "1", "1", "1", 0, 0, "2", 0, 0, 0, 0, "1", "1", 0, "2", 0, 0, 0, 0, "1", 0, 0, "2", 0, "1", 0, "2", 0, "2", 0, 0], "MS": ["1", "1", 0, "1", 0, "1", 0, 0, "2", 0, "2", 0, 0, "1", "1", 0, "1", 0, 0, 0, 0, "1", 0, "2", "2", 0, 0, 0, "2", 0, 0, "3", "1", 0, 0, 0, "1", "2", 0, 0], "HT": [0, 0, 0, "3", "2", "1", 0, "1", "2", "2", "4", "1", "2", "2", 0, "1", 0, "1", 0, 0, "1", "3", 0, "3", "2", "1", "4", 0, 0, 0, "1", "1", 0, 0, "3", "1", "2", "1", 0, 0], "GV": ["2", "1", "2", 0, 0, "1", 0, 0, "1", 0, 0, 0, 0, 0, 0, 0, "2", 0, 0, "1", "1", 0, 0, "2", 0, 0, "2", 0, 0, 0, 0, 0, 0, 0, "1", 0, 0, "2", 0, 0], "TK": ["1", 0, 0, 0, 0, 0, 0, 0, 0, 0, 0, 0, "2", 0, 0, 0, 0, 0, 0, 0, 0, 0, "1", "2", "1", 0, 0, 0, 0, 0, 0, "1", 0, 0, 0, "1", 0, "1", 0, 0], "BS": [0, "2", "2", "1", "1", 0, "1", "1", 0, 0, 0, "1", 0, "1", "1", "1", 0, 0, 0, 0, 0, "2", "1", "1", "1", 0, "1", 0, "1", 0, 0, 0, "1", "1", "1", "2", 0, "1", 0, 0], "FW": [0, 0, 0, "7", "5", 0, 0, 0, 0, "4", 0, 0, 0, 0, "15", 0, "4", 0, 0, 0, 0, 0, 0, 0, 0, "5", 0, "1", "13", "2", 0, "0", 0, 0, 0, 0, "9", "1", 0, 0], "FL": [0, 0, 0, "10", "3", 0, 0, 0, 0, "1", 0, 0, 0, 0, "6", 0, "11", 0, 0, 0, 0, 0, 0, 0, 0, "6", 0, "0", "11", "4", 0, "2", 0, 0, 0, 0, "11", "1", 0, 0], "F%": [0, 0, 0, "41", "63", 0, 0, 0, 0, "80", 0, 0, 0, 0, "71", 0, "27", 0, 0, 0, 0, 0, 0, 0, 0, "45", 0, "100", "54", "33", 0, "0", 0, 0, 0, 0, "45", "50", 0, 0], "team": ["PHOENIX COYOTES ", "PHOENIX COYOTES ", "PHOENIX COYOTES ", "PHOENIX COYOTES ", "PHOENIX COYOTES ", "PHOENIX COYOTES ", "PHOENIX COYOTES ", "PHOENIX COYOTES ", "PHOENIX COYOTES ", "PHOENIX COYOTES ", "PHOENIX COYOTES ", "PHOENIX COYOTES ", "PHOENIX COYOTES ", "PHOENIX COYOTES ", "PHOENIX COYOTES ", "PHOENIX COYOTES ", "PHOENIX COYOTES ", "PHOENIX COYOTES ", "PHOENIX COYOTES ", "PHOENIX COYOTES ", "WINNIPEG JETS ", "WINNIPEG JETS ", "WINNIPEG JETS ", "WINNIPEG JETS ", "WINNIPEG JETS ", "WINNIPEG JETS ", "WINNIPEG JETS ", "WINNIPEG JETS ", "WINNIPEG JETS ", "WINNIPEG JETS ", "WINNIPEG JETS ", "WINNIPEG JETS ", "WINNIPEG JETS ", "WINNIPEG JETS ", "WINNIPEG JETS ", "WINNIPEG JETS ", "WINNIPEG JETS ", "WINNIPEG JETS ", "WINNIPEG JETS ", "WINNIPEG JETS "], "GA": [0, 0, 0, 0, 0, 0, 0, 0, 0, 0, 0, 0, 0, 0, 0, 0, 0, 0, 0.0, "2", 0, 0, 0, 0, 0, 0, 0, 0, 0, 0, 0, 0, 0, 0, 0, 0, 0, 0, "2", 0], "SA": [0, 0, 0, 0, 0, 0, 0, 0, 0, 0, 0, 0, 0, 0, 0, 0, 0, 0, 0.0, "29", 0, 0, 0, 0, 0, 0, 0, 0, 0, 0, 0, 0, 0, 0, 0, 0, 0, 0, "36", 0]}}