{"game_info": {"date": "2013-10-20", "visitor": "DALLAS STARS ", "home": "ANAHEIM DUCKS ", "game_id": 125, "status": "final"}, "player_stats": {"number": ["3", "4", "6", "10", "12", "13", "14", "16", "17", "20", "21", "24", "33", "38", "43", "55", "72", "91", "1", "30", "4", "6", "7", "8", "10", "11", "13", "15", "17", "21", "22", "23", "33", "34", "45", "47", "55", "65", "1", "31"], "position": ["D", "D", "D", "C", "R", "L", "L", "C", "C", "C", "L", "D", "D", "L", "R", "D", "L", "C", "G", "G", "D", "D", "C", "R", "R", "C", "C", "C", "R", "C", "C", "D", "R", "C", "D", "D", "D", "R", "G", "G"], "name": ["ROBIDAS, STEPHANE", "DILLON, BRENDEN", "DALEY, TREVOR", "HORCOFF, SHAWN", "CHIASSON, ALEX", "WHITNEY, RAY", "BENN, JAMIE", "GARBUTT, RYAN", "PEVERLEY, RICH", "EAKIN, CODY", "ROUSSEL, ANTOINE", "BENN, JORDIE", "GOLIGOSKI, ALEX", "FIDDLER, VERNON", "NICHUSHKIN, VALERI", "GONCHAR, SERGEI", "COLE, ERIK", "SEGUIN, TYLER", "CAMPBELL, JACK", "ELLIS, DAN", "FOWLER, CAM", "LOVEJOY, BEN", "COGLIANO, ANDREW", "SELANNE, TEEMU", "PERRY, COREY", "KOIVU, SAKU", "BONINO, NICK", "GETZLAF, RYAN", "PENNER, DUSTIN", "PALMIERI, KYLE", "PERREAULT, MATHIEU", "BEAUCHEMIN, FRANCOIS", "SILFVERBERG, JAKOB", "WINNIK, DANIEL", "VATANEN, SAMI", "LINDHOLM, HAMPUS", "ALLEN, BRYAN", "ETEM, EMERSON", "HILLER, JONAS", "ANDERSEN, FREDERIK"], "G": [0, "1", 0, "1", 0, 0, 0, "1", 0, 0, 0, 0, 0, 0, 0, 0, 0, 0, 0, 0, 0, 0, 0, "1", "2", 0, 0, "1", 0, 0, "1", 0, 0, 0, 0, 0, 0, "1", 0, 0], "A": [0, 0, 0, "1", 0, 0, "1", 0, 0, 0, 0, 0, 0, "1", "1", 0, "1", 0, 0, 0, "2", 0, "1", 0, "1", 0, 0, "3", 0, "1", 0, 0, 0, "1", "1", 0, "1", "1", 0, 0], "P": [0, "1", 0, "2", 0, 0, "1", "1", 0, 0, 0, 0, 0, "1", "1", 0, "1", 0, 0, 0, "2", 0, "1", "1", "3", 0, 0, "4", 0, "1", "1", 0, 0, "1", "1", 0, "1", "2", 0, 0], "+/-": ["+1", "+2", "-2", 0, "-2", "-1", "-2", "+2", "-1", "-2", 0, 0, "-3", "+1", 0, "-1", "-1", "-1", 0, 0, "+2", "+2", "+1", 0, "+2", 0, "-1", "+2", "+1", 0, 0, 0, "-1", 0, "-1", 0, "+1", "+1", 0, 0], "PN": [0, 0, 0, "2", 0, 0, "1", "2", 0, 0, "4", 0, "1", 0, 0, 0, 0, 0, 0, 0, 0, 0, "1", 0, "2", 0, 0, 0, "1", 0, 0, "1", 0, "1", "1", "1", 0, 0, 0, 0], "PIM": [0, 0, 0, "4", 0, 0, "5", "4", 0, 0, "16", 0, "2", 0, 0, 0, 0, 0, 0, 0, 0, 0, "2", 0, "4", 0, 0, 0, "2", 0, 0, "5", 0, "2", "2", "2", 0, 0, 0, 0], "TOT": ["21:31", "22:54", "16:37", "14:51", "19:00", "15:37", "17:38", "10:49", "17:21", "18:09", "11:27", "16:42", "16:47", "12:40", "09:22", "18:51", "12:36", "17:40", "60:00", 0, "22:37", "18:34", "16:42", "12:41", "18:11", "16:40", "14:13", "19:04", "07:34", "13:36", "12:46", "20:05", "14:27", "15:31", "19:32", "18:55", "18:24", "12:11", "20:00", "40:00"], "SHF": ["26", "28", "22", "21", "26", "21", "22", "19", "26", "25", "19", "24", "22", "20", "15", "24", "18", "21", 0, 0, "30", "28", "24", "17", "22", "23", "20", "26", "9", "18", "17", "26", "19", "22", "24", "23", "26", "17", 0, 0], "AVG TOI/SH": ["00:49", "00:49", "00:45", "00:42", "00:43", "00:44", "00:48", "00:34", "00:40", "00:43", "00:36", "00:41", "00:45", "00:38", "00:37", "00:47", "00:42", "00:50", 0, 0, "00:45", "00:39", "00:41", "00:44", "00:49", "00:43", "00:42", "00:44", "00:50", "00:45", "00:45", "00:46", "00:45", "00:42", "00:48", "00:49", "00:42", "00:43", 0, 0], "PP": ["00:00", "00:00", "00:00", "03:23", "02:54", "02:54", "03:23", "00:00", "02:54", "02:54", "00:19", "01:16", "00:34", "00:00", "00:00", "04:08", "03:23", "03:23", "06:17", 0, "04:37", "00:06", "00:16", "03:59", "04:21", "00:16", "01:20", "04:21", "01:53", "01:58", "02:51", "00:57", "02:51", "00:16", "04:12", "03:06", "00:00", "00:00", "02:59", "04:29"], "SH": ["04:26", "04:26", "03:02", "01:11", "03:25", "00:00", "00:28", "01:17", "01:47", "02:38", "01:28", "01:06", "01:56", "02:42", "00:00", "00:00", "00:00", "00:00", "07:28", 0, "03:30", "03:30", "01:58", "00:00", "00:43", "02:03", "02:09", "02:35", "00:00", "00:00", "00:04", "02:47", "00:04", "01:23", "00:00", "00:00", "02:47", "01:35", "00:17", "06:00"], "EV": ["17:05", "18:28", "13:35", "10:17", "12:41", "12:43", "13:47", "09:32", "12:40", "12:37", "09:40", "14:20", "14:17", "09:58", "09:22", "14:43", "09:13", "14:17", "46:15", 0, "14:30", "14:58", "14:28", "08:42", "13:07", "14:21", "10:44", "12:08", "05:41", "11:38", "09:51", "16:21", "11:32", "13:52", "15:20", "15:49", "15:37", "10:36", "16:44", "29:31"], "S": ["1", "2", "1", "3", "3", "4", "6", "2", "3", 0, "2", "1", "1", "2", 0, "1", "4", 0, 0, 0, "3", "3", 0, "4", "8", "1", "2", "3", "3", "1", "4", "1", "5", "2", "2", "2", "1", "2", 0, 0], "A/B": [0, "1", "2", 0, "2", "3", "2", 0, 0, 0, 0, "1", "1", 0, 0, 0, 0, "1", 0, 0, "1", 0, 0, 0, "1", "1", "1", 0, 0, 0, 0, "1", "1", 0, "1", "1", "1", "2", 0, 0], "MS": ["1", "1", 0, 0, 0, "1", "5", "1", "1", "1", 0, 0, 0, "1", 0, 0, 0, "1", 0, 0, 0, 0, 0, "2", "2", 0, "1", 0, 0, "1", "1", "1", 0, "1", "2", 0, 0, "2", 0, 0], "HT": ["1", "3", "4", 0, "1", 0, "2", "4", "1", "2", "2", "3", "4", 0, "1", "1", "1", "1", 0, 0, 0, "2", "5", 0, "4", 0, "1", "1", 0, "3", "2", "3", 0, 0, "1", 0, "5", "1", 0, 0], "GV": [0, "2", 0, 0, 0, 0, "2", 0, 0, 0, 0, 0, "2", "1", "1", 0, 0, 0, "2", 0, 0, 0, 0, "1", "1", 0, "1", "2", 0, 0, "1", 0, 0, 0, 0, 0, 0, 0, 0, 0], "TK": [0, "1", 0, 0, 0, 0, 0, "1", 0, "1", 0, 0, 0, 0, 0, 0, "1", 0, 0, 0, 0, 0, 0, "1", "1", "1", "1", "2", 0, 0, "2", "1", 0, 0, "1", 0, 0, 0, 0, 0], "BS": [0, "1", "1", 0, 0, "1", 0, "1", 0, 0, 0, "1", 0, 0, "1", "4", "1", 0, 0, 0, "2", "3", 0, "1", 0, 0, 0, "2", 0, 0, 0, "1", 0, 0, "2", 0, "2", 0, 0, 0], "FW": [0, 0, 0, "7", "1", 0, "2", 0, "8", "13", 0, 0, 0, "7", 0, 0, "0", "4", 0, 0, 0, 0, "0", "0", 0, "11", "7", "10", "0", 0, "4", 0, 0, 0, 0, 0, 0, 0, 0, 0], "FL": [0, 0, 0, "8", "1", 0, "0", 0, "1", "7", 0, 0, 0, "6", 0, 0, "1", "8", 0, 0, 0, 0, "1", "2", 0, "9", "12", "11", "1", 0, "6", 0, 0, 0, 0, 0, 0, 0, 0, 0], "F%": [0, 0, 0, "47", "50", 0, "100", 0, "89", "65", 0, 0, 0, "54", 0, 0, "0", "33", 0, 0, 0, 0, "0", "0", 0, "55", "37", "48", "0", 0, "40", 0, 0, 0, 0, 0, 0, 0, 0, 0], "team": ["DALLAS STARS ", "DALLAS STARS ", "DALLAS STARS ", "DALLAS STARS ", "DALLAS STARS ", "DALLAS STARS ", "DALLAS STARS ", "DALLAS STARS ", "DALLAS STARS ", "DALLAS STARS ", "DALLAS STARS ", "DALLAS STARS ", "DALLAS STARS ", "DALLAS STARS ", "DALLAS STARS ", "DALLAS STARS ", "DALLAS STARS ", "DALLAS STARS ", "DALLAS STARS ", "DALLAS STARS ", "ANAHEIM DUCKS ", "ANAHEIM DUCKS ", "ANAHEIM DUCKS ", "ANAHEIM DUCKS ", "ANAHEIM DUCKS ", "ANAHEIM DUCKS ", "ANAHEIM DUCKS ", "ANAHEIM DUCKS ", "ANAHEIM DUCKS ", "ANAHEIM DUCKS ", "ANAHEIM DUCKS ", "ANAHEIM DUCKS ", "ANAHEIM DUCKS ", "ANAHEIM DUCKS ", "ANAHEIM DUCKS ", "ANAHEIM DUCKS ", "ANAHEIM DUCKS ", "ANAHEIM DUCKS ", "ANAHEIM DUCKS ", "ANAHEIM DUCKS "], "GA": [0, 0, 0, 0, 0, 0, 0, 0, 0, 0, 0, 0, 0, 0, 0, 0, 0, 0, "6", 0, 0, 0, 0, 0, 0, 0, 0, 0, 0, 0, 0, 0, 0, 0, 0, 0, 0, 0, "3", "0"], "SA": [0, 0, 0, 0, 0, 0, 0, 0, 0, 0, 0, 0, 0, 0, 0, 0, 0, 0, "47", 0, 0, 0, 0, 0, 0, 0, 0, 0, 0, 0, 0, 0, 0, 0, 0, 0, 0, 0, "12", "24"]}}