{"game_info": {"date": "2013-10-22", "visitor": "ANAHEIM DUCKS ", "home": "TORONTO MAPLE LEAFS ", "game_id": 129, "status": "final"}, "player_stats": {"number": ["4", "6", "7", "8", "10", "11", "13", "15", "21", "22", "23", "33", "34", "45", "47", "55", "62", "65", "1", "31", "3", "4", "11", "12", "15", "19", "21", "23", "28", "32", "36", "40", "42", "43", "44", "51", "63", "81", "34", "45"], "position": ["D", "D", "C", "R", "R", "C", "C", "C", "C", "C", "D", "R", "C", "D", "D", "D", "L", "R", "G", "G", "D", "D", "C", "L", "D", "R", "L", "C", "R", "L", "D", "R", "C", "C", "D", "D", "C", "C", "G", "G"], "name": ["FOWLER, CAM", "LOVEJOY, BEN", "COGLIANO, ANDREW", "SELANNE, TEEMU", "PERRY, COREY", "KOIVU, SAKU", "BONINO, NICK", "GETZLAF, RYAN", "PALMIERI, KYLE", "PERREAULT, MATHIEU", "BEAUCHEMIN, FRANCOIS", "SILFVERBERG, JAKOB", "WINNIK, DANIEL", "VATANEN, SAMI", "LINDHOLM, HAMPUS", "ALLEN, BRYAN", "MAROON, PATRICK", "ETEM, EMERSON", "HILLER, JONAS", "ANDERSEN, FREDERIK", "PHANEUF, DION", "FRANSON, CODY", "MCCLEMENT, JAY", "RAYMOND, MASON", "RANGER, PAUL", "LUPUL, JOFFREY", "VAN RIEMSDYK, JAMES", "SMITH, TREVOR", "ORR, COLTON", "LEIVO, JOSH", "GUNNARSSON, CARL", "BODIE, TROY", "BOZAK, TYLER", "KADRI, NAZEM", "RIELLY, MORGAN", "GARDINER, JAKE", "BOLLAND, DAVE", "KESSEL, PHIL", "REIMER, JAMES", "BERNIER, JONATHAN"], "G": [0, 0, 0, 0, 0, 0, "1", 0, 0, "1", 0, 0, 0, 0, 0, 0, 0, 0, 0, 0, "1", 0, 0, 0, 0, 0, 0, 0, 0, 0, 0, 0, 0, 0, 0, 0, 0, "3", 0, 0], "A": [0, 0, 0, 0, 0, 0, 0, 0, 0, 0, 0, "1", 0, "1", 0, 0, "1", "1", 0, 0, 0, "1", 0, 0, "1", 0, "2", 0, 0, "1", 0, 0, 0, 0, 0, 0, "1", 0, 0, 0], "P": [0, 0, 0, 0, 0, 0, "1", 0, 0, "1", 0, "1", 0, "1", 0, 0, "1", "1", 0, 0, "1", "1", 0, 0, "1", 0, "2", 0, 0, "1", 0, 0, 0, 0, 0, 0, "1", "3", 0, 0], "+/-": ["-2", "-1", "-1", "-1", "-1", "-1", "+1", "-1", "-1", 0, "-1", "+2", "-1", "+1", 0, "+1", "+1", 0, 0, 0, "+2", "-1", 0, 0, "+2", "-1", "+2", "-1", "-1", "+1", 0, "-1", "+2", "-1", "-1", 0, "+1", "+2", 0, 0], "PN": [0, "1", 0, 0, "2", 0, 0, 0, 0, 0, 0, 0, 0, 0, 0, "1", 0, 0, 0, 0, "1", 0, "1", 0, "1", 0, "1", 0, 0, 0, "1", 0, 0, 0, 0, 0, 0, 0, 0, 0], "PIM": [0, "2", 0, 0, "4", 0, 0, 0, 0, 0, 0, 0, 0, 0, 0, "2", 0, 0, 0, 0, "2", 0, "2", 0, "2", 0, "2", 0, 0, 0, "2", 0, 0, 0, 0, 0, 0, 0, 0, 0], "TOT": ["23:08", "12:35", "15:33", "15:20", "20:11", "14:55", "13:32", "21:44", "10:45", "16:43", "24:09", "14:59", "13:31", "19:35", "18:58", "17:32", "12:00", "10:39", "57:15", 0, "24:10", "20:33", "17:14", "20:56", "18:32", "19:12", "18:02", "03:36", "09:26", "06:45", "17:05", "04:14", "19:43", "18:05", "18:34", "21:31", "15:33", "16:53", 0, "59:56"], "SHF": ["27", "18", "20", "17", "22", "20", "18", "22", "14", "20", "24", "20", "18", "24", "23", "24", "14", "16", 0, 0, "27", "28", "27", "26", "24", "25", "24", "7", "15", "11", "24", "7", "27", "23", "24", "25", "25", "20", 0, 0], "AVG TOI/SH": ["00:51", "00:41", "00:46", "00:54", "00:55", "00:44", "00:45", "00:59", "00:46", "00:50", "01:00", "00:44", "00:45", "00:48", "00:49", "00:43", "00:51", "00:39", 0, 0, "00:53", "00:44", "00:38", "00:48", "00:46", "00:46", "00:45", "00:30", "00:37", "00:36", "00:42", "00:36", "00:43", "00:47", "00:46", "00:51", "00:37", "00:50", 0, 0], "PP": ["04:27", "00:00", "00:05", "04:21", "04:42", "00:21", "01:51", "04:42", "02:01", "03:30", "01:20", "02:07", "00:00", "02:27", "00:51", "00:00", "00:00", "00:00", "06:33", 0, "02:51", "02:29", "00:00", "02:15", "00:00", "02:06", "02:38", "00:03", "00:12", "00:00", "00:12", "00:03", "02:38", "02:15", "02:12", "02:08", "00:00", "02:38", 0, "04:56"], "SH": ["02:26", "00:45", "01:19", "00:00", "01:12", "01:26", "01:11", "01:20", "00:00", "00:00", "03:22", "00:03", "01:50", "00:00", "01:45", "01:34", "00:00", "01:31", "04:56", 0, "03:17", "02:25", "03:34", "01:25", "01:33", "00:00", "03:17", "00:00", "00:00", "00:00", "04:32", "00:00", "01:17", "00:00", "00:06", "01:13", "02:06", "00:00", 0, "06:33"], "EV": ["16:15", "11:50", "14:09", "10:59", "14:17", "13:08", "10:30", "15:42", "08:44", "13:13", "19:27", "12:49", "11:41", "17:08", "16:22", "15:58", "12:00", "09:08", "45:46", 0, "18:02", "15:39", "13:40", "17:16", "16:59", "17:06", "12:07", "03:33", "09:14", "06:45", "12:21", "04:11", "15:48", "15:50", "16:16", "18:10", "13:27", "14:15", 0, "48:27"], "S": ["1", 0, "1", "1", "1", "1", "3", "2", "3", "2", 0, "2", 0, "3", "1", "1", "3", 0, 0, 0, "1", "1", "1", "3", "1", 0, "2", 0, "4", 0, 0, "1", 0, "1", "3", "1", 0, "4", 0, 0], "A/B": ["1", "1", "2", "1", "4", "1", 0, 0, 0, "1", "1", "1", 0, "5", "1", "1", "1", 0, 0, 0, 0, 0, 0, "3", 0, "1", 0, 0, 0, 0, 0, "1", "3", "2", "2", 0, 0, "2", 0, 0], "MS": ["1", 0, 0, "1", 0, "1", 0, "4", "1", "2", 0, 0, "2", "3", 0, "3", "2", "2", 0, 0, "2", 0, 0, "1", 0, "1", "1", 0, "1", 0, 0, 0, 0, 0, 0, 0, 0, "1", 0, 0], "HT": ["1", "3", 0, "1", 0, 0, "1", "1", "2", "1", "1", 0, 0, "3", 0, "4", "2", 0, 0, 0, "6", "1", "1", "2", "5", "4", 0, 0, "4", 0, "2", "1", "3", "2", "3", "1", "3", "1", 0, 0], "GV": [0, "3", 0, 0, "1", "1", "1", "1", 0, 0, "1", 0, "1", "1", "1", 0, "1", "1", 0, 0, "1", "3", 0, "2", "2", "1", "2", 0, 0, 0, 0, 0, 0, 0, "1", "2", 0, "3", 0, 0], "TK": [0, 0, "1", 0, 0, "1", 0, "1", 0, 0, 0, "1", 0, 0, "1", 0, 0, 0, 0, 0, "1", "3", "1", 0, "1", 0, 0, 0, 0, 0, 0, 0, "1", 0, 0, "2", "1", "1", 0, 0], "BS": ["4", 0, 0, 0, 0, 0, "1", 0, 0, 0, "5", 0, 0, "1", "1", "1", "1", 0, 0, 0, "3", "1", 0, 0, "2", "1", "1", 0, "1", 0, "4", "1", 0, "1", "2", "2", "2", 0, 0, 0], "FW": [0, 0, "0", "2", "0", "8", "6", "8", 0, "16", 0, 0, "0", 0, 0, 0, "1", 0, 0, 0, 0, 0, "0", "0", 0, 0, "1", "2", 0, "0", 0, 0, "12", "4", 0, 0, "7", "0", 0, 0], "FL": [0, 0, "1", "1", "1", "7", "4", "7", 0, "4", 0, 0, "1", 0, 0, 0, "0", 0, 0, 0, 0, 0, "2", "3", 0, 0, "1", "3", 0, "1", 0, 0, "12", "9", 0, 0, "9", "1", 0, 0], "F%": [0, 0, "0", "67", "0", "53", "60", "53", 0, "80", 0, 0, "0", 0, 0, 0, "100", 0, 0, 0, 0, 0, "0", "0", 0, 0, "50", "40", 0, "0", 0, 0, "50", "31", 0, 0, "44", "0", 0, 0], "team": ["ANAHEIM DUCKS ", "ANAHEIM DUCKS ", "ANAHEIM DUCKS ", "ANAHEIM DUCKS ", "ANAHEIM DUCKS ", "ANAHEIM DUCKS ", "ANAHEIM DUCKS ", "ANAHEIM DUCKS ", "ANAHEIM DUCKS ", "ANAHEIM DUCKS ", "ANAHEIM DUCKS ", "ANAHEIM DUCKS ", "ANAHEIM DUCKS ", "ANAHEIM DUCKS ", "ANAHEIM DUCKS ", "ANAHEIM DUCKS ", "ANAHEIM DUCKS ", "ANAHEIM DUCKS ", "ANAHEIM DUCKS ", "ANAHEIM DUCKS ", "TORONTO MAPLE LEAFS ", "TORONTO MAPLE LEAFS ", "TORONTO MAPLE LEAFS ", "TORONTO MAPLE LEAFS ", "TORONTO MAPLE LEAFS ", "TORONTO MAPLE LEAFS ", "TORONTO MAPLE LEAFS ", "TORONTO MAPLE LEAFS ", "TORONTO MAPLE LEAFS ", "TORONTO MAPLE LEAFS ", "TORONTO MAPLE LEAFS ", "TORONTO MAPLE LEAFS ", "TORONTO MAPLE LEAFS ", "TORONTO MAPLE LEAFS ", "TORONTO MAPLE LEAFS ", "TORONTO MAPLE LEAFS ", "TORONTO MAPLE LEAFS ", "TORONTO MAPLE LEAFS ", "TORONTO MAPLE LEAFS ", "TORONTO MAPLE LEAFS "], "GA": [0, 0, 0, 0, 0, 0, 0, 0, 0, 0, 0, 0, 0, 0, 0, 0, 0, 0, "4", 0, 0, 0, 0, 0, 0, 0, 0, 0, 0, 0, 0, 0, 0, 0, 0, 0, 0, 0, 0, "2"], "SA": [0, 0, 0, 0, 0, 0, 0, 0, 0, 0, 0, 0, 0, 0, 0, 0, 0, 0, "23", 0, 0, 0, 0, 0, 0, 0, 0, 0, 0, 0, 0, 0, 0, 0, 0, 0, 0, 0, 0, "25"]}}