{"game_info": {"date": "2014-03-29", "visitor": "WINNIPEG JETS ", "home": "LOS ANGELES KINGS ", "game_id": 1118, "status": "final"}, "player_stats": {"number": ["2", "4", "5", "7", "8", "9", "12", "14", "15", "16", "18", "19", "26", "27", "33", "39", "58", "67", "31", "35", "6", "8", "10", "11", "12", "13", "14", "22", "23", "26", "27", "28", "33", "44", "70", "73", "74", "77", "31", "32"], "position": ["D", "D", "D", "D", "D", "L", "C", "R", "R", "L", "C", "C", "R", "L", "D", "D", "C", "R", "G", "G", "D", "D", "C", "C", "R", "L", "R", "C", "L", "D", "D", "C", "D", "D", "L", "C", "L", "C", "G", "G"], "name": ["PARDY, ADAM", "POSTMA, PAUL", "STUART, MARK", "ELLERBY, KEATON", "TROUBA, JACOB", "KANE, EVANDER", "JOKINEN, OLLI", "PELUSO, ANTHONY", "HALISCHUK, MATT", "LADD, ANDREW", "LITTLE, BRYAN", "SLATER, JIM", "WHEELER, BLAKE", "TANGRADI, ERIC", "BYFUGLIEN, DUSTIN", "ENSTROM, TOBIAS", "O'DELL, ERIC", "FROLIK, MICHAEL", "PAVELEC, ONDREJ", "MONTOYA, AL", "MUZZIN, JAKE", "DOUGHTY, DREW", "RICHARDS, MIKE", "KOPITAR, ANZE", "GABORIK, MARIAN", "CLIFFORD, KYLE", "WILLIAMS, JUSTIN", "LEWIS, TREVOR", "BROWN, DUSTIN", "VOYNOV, SLAVA", "MARTINEZ, ALEC", "STOLL, JARRET", "MITCHELL, WILLIE", "REGEHR, ROBYN", "PEARSON, TANNER", "TOFFOLI, TYLER", "KING, DWIGHT", "CARTER, JEFF", "JONES, MARTIN", "QUICK, JONATHAN"], "G": [0, 0, 0, 0, 0, 0, 0, 0, "1", 0, 0, 0, "1", 0, 0, 0, 0, 0, 0, 0, 0, 0, 0, "2", 0, 0, 0, "1", 0, 0, 0, 0, 0, 0, 0, "1", 0, 0, 0, 0], "A": [0, 0, 0, 0, 0, "1", 0, 0, 0, 0, "1", 0, 0, 0, "1", 0, "1", 0, 0, 0, "1", 0, 0, 0, "2", "1", 0, 0, 0, 0, 0, 0, "2", 0, "1", 0, 0, 0, 0, 0], "P": [0, 0, 0, 0, 0, "1", 0, 0, "1", 0, "1", 0, "1", 0, "1", 0, "1", 0, 0, 0, "1", 0, 0, "2", "2", "1", 0, "1", 0, 0, 0, 0, "2", 0, "1", "1", 0, 0, 0, 0], "+/-": [0, 0, "-1", "-1", "-2", 0, "-1", "-1", 0, "-1", "-1", "-1", "-1", "-1", "-1", "-2", 0, "-1", 0, 0, "+1", "+1", "+1", "+2", "+2", "+1", "+2", "+1", 0, 0, "+2", 0, "+2", 0, 0, 0, 0, 0, 0, 0], "PN": [0, 0, 0, 0, 0, "1", 0, 0, 0, 0, "1", 0, 0, 0, 0, 0, 0, 0, 0, 0, "1", 0, 0, "1", 0, 0, 0, 0, 0, "1", 0, 0, 0, 0, 0, 0, 0, 0, 0, 0], "PIM": [0, 0, 0, 0, 0, "2", 0, 0, 0, 0, "2", 0, 0, 0, 0, 0, 0, 0, 0, 0, "2", 0, 0, "2", 0, 0, 0, 0, 0, "2", 0, 0, 0, 0, 0, 0, 0, 0, 0, 0], "TOT": ["18:08", "17:58", "20:14", "10:17", "25:58", "18:12", "15:56", "07:40", "14:55", "20:27", "19:03", "10:28", "17:02", "08:01", "19:22", "22:06", "14:26", "17:15", "20:00", "38:32", "16:47", "26:36", "15:12", "18:25", "17:32", "09:50", "16:26", "13:50", "17:02", "19:39", "16:33", "16:14", "19:00", "21:31", "10:18", "09:37", "15:33", "15:28", 0, "60:00"], "SHF": ["20", "22", "28", "15", "29", "25", "19", "12", "23", "23", "23", "16", "22", "10", "20", "28", "19", "21", 0, 0, "22", "29", "20", "21", "19", "12", "18", "17", "20", "24", "20", "22", "23", "28", "14", "14", "19", "21", 0, 0], "AVG TOI/SH": ["00:54", "00:49", "00:43", "00:41", "00:53", "00:43", "00:50", "00:38", "00:38", "00:53", "00:49", "00:39", "00:46", "00:48", "00:58", "00:47", "00:45", "00:49", 0, 0, "00:45", "00:55", "00:45", "00:52", "00:55", "00:49", "00:54", "00:48", "00:51", "00:49", "00:49", "00:44", "00:49", "00:46", "00:44", "00:41", "00:49", "00:44", 0, 0], "PP": ["00:00", "00:10", "00:08", "00:00", "01:12", "02:28", "01:29", "00:00", "00:12", "02:46", "02:46", "00:12", "02:46", "00:04", "03:44", "02:05", "00:44", "01:29", "02:00", "02:27", "01:35", "02:26", "01:39", "02:21", "02:26", "00:00", "01:34", "00:00", "01:34", "01:34", "02:16", "00:00", "00:00", "00:09", "00:00", "00:00", "00:00", "02:26", 0, "04:00"], "SH": ["01:52", "00:00", "02:08", "00:00", "02:26", "01:23", "00:09", "00:00", "00:48", "02:06", "01:27", "01:29", "00:38", "00:00", "00:00", "01:34", "00:00", "00:00", "02:00", "02:00", "00:00", "02:30", "01:45", "00:30", "00:08", "00:00", "00:28", "01:17", "00:51", "01:11", "00:46", "01:54", "02:30", "01:57", "00:00", "00:00", "00:26", "01:35", 0, "04:27"], "EV": ["16:16", "17:48", "17:58", "10:17", "22:20", "14:21", "14:18", "07:40", "13:55", "15:35", "14:50", "08:47", "13:38", "07:57", "15:38", "18:27", "13:42", "15:46", "16:00", "34:05", "15:12", "21:40", "11:48", "15:34", "14:58", "09:50", "14:24", "12:33", "14:37", "16:54", "13:31", "14:20", "16:30", "19:25", "10:18", "09:37", "15:07", "11:27", 0, "51:33"], "S": ["4", 0, 0, 0, "2", "3", 0, 0, "3", "3", "1", 0, "3", 0, "4", 0, 0, "3", 0, 0, "1", "1", "2", "4", "2", "1", "2", "2", "2", 0, "1", "2", "1", 0, 0, "2", "1", "5", 0, 0], "A/B": [0, "1", 0, 0, "3", 0, 0, 0, "3", 0, 0, 0, 0, "1", 0, 0, 0, "2", 0, 0, "1", "1", 0, "1", 0, "2", 0, 0, "3", "1", "2", 0, "1", 0, 0, "1", 0, "1", 0, 0], "MS": ["2", "1", "1", "1", 0, "2", "1", 0, "2", "1", "1", 0, "2", 0, "3", 0, "1", "1", 0, 0, "1", 0, 0, 0, "2", 0, "1", 0, "2", "2", 0, "3", 0, "1", "1", "2", "1", 0, 0, 0], "HT": ["1", "1", "1", "1", "1", "2", "1", "4", 0, "2", "3", "3", "2", 0, 0, "1", "4", "1", 0, 0, "4", "4", "2", 0, "1", "2", 0, "1", "4", "1", 0, "9", "1", "6", 0, "1", "2", "2", 0, 0], "GV": ["1", 0, 0, "1", 0, 0, 0, 0, 0, "2", "1", "1", 0, 0, "2", 0, "1", 0, "1", 0, "2", 0, 0, 0, "1", 0, "1", "2", "1", "1", "1", 0, 0, 0, 0, "1", 0, 0, 0, 0], "TK": [0, 0, 0, 0, 0, 0, 0, 0, 0, 0, "2", "1", 0, 0, 0, 0, "1", "1", 0, 0, 0, 0, 0, "1", 0, 0, 0, "1", 0, "1", 0, 0, 0, 0, 0, 0, 0, "1", 0, 0], "BS": ["1", 0, 0, 0, "5", 0, 0, 0, 0, "1", 0, 0, "1", 0, 0, "4", "2", 0, 0, 0, "1", "1", 0, 0, 0, 0, 0, 0, 0, "1", "2", "1", "4", 0, 0, 0, 0, 0, 0, 0], "FW": [0, 0, 0, 0, 0, "1", "3", "1", 0, "1", "9", "5", "0", 0, 0, 0, "2", 0, 0, 0, 0, 0, "7", "5", "0", 0, 0, 0, 0, 0, 0, "6", 0, 0, "0", 0, 0, "5", 0, 0], "FL": [0, 0, 0, 0, 0, "0", "3", "0", 0, "1", "8", "3", "1", 0, 0, 0, "7", 0, 0, 0, 0, 0, "2", "9", "1", 0, 0, 0, 0, 0, 0, "4", 0, 0, "1", 0, 0, "5", 0, 0], "F%": [0, 0, 0, 0, 0, "100", "50", "100", 0, "50", "53", "63", "0", 0, 0, 0, "22", 0, 0, 0, 0, 0, "78", "36", "0", 0, 0, 0, 0, 0, 0, "60", 0, 0, "0", 0, 0, "50", 0, 0], "team": ["WINNIPEG JETS ", "WINNIPEG JETS ", "WINNIPEG JETS ", "WINNIPEG JETS ", "WINNIPEG JETS ", "WINNIPEG JETS ", "WINNIPEG JETS ", "WINNIPEG JETS ", "WINNIPEG JETS ", "WINNIPEG JETS ", "WINNIPEG JETS ", "WINNIPEG JETS ", "WINNIPEG JETS ", "WINNIPEG JETS ", "WINNIPEG JETS ", "WINNIPEG JETS ", "WINNIPEG JETS ", "WINNIPEG JETS ", "WINNIPEG JETS ", "WINNIPEG JETS ", "LOS ANGELES KINGS ", "LOS ANGELES KINGS ", "LOS ANGELES KINGS ", "LOS ANGELES KINGS ", "LOS ANGELES KINGS ", "LOS ANGELES KINGS ", "LOS ANGELES KINGS ", "LOS ANGELES KINGS ", "LOS ANGELES KINGS ", "LOS ANGELES KINGS ", "LOS ANGELES KINGS ", "LOS ANGELES KINGS ", "LOS ANGELES KINGS ", "LOS ANGELES KINGS ", "LOS ANGELES KINGS ", "LOS ANGELES KINGS ", "LOS ANGELES KINGS ", "LOS ANGELES KINGS ", "LOS ANGELES KINGS ", "LOS ANGELES KINGS "], "GA": [0, 0, 0, 0, 0, 0, 0, 0, 0, 0, 0, 0, 0, 0, 0, 0, 0, 0, "3", "1", 0, 0, 0, 0, 0, 0, 0, 0, 0, 0, 0, 0, 0, 0, 0, 0, 0, 0, 0, "2"], "SA": [0, 0, 0, 0, 0, 0, 0, 0, 0, 0, 0, 0, 0, 0, 0, 0, 0, 0, "16", "13", 0, 0, 0, 0, 0, 0, 0, 0, 0, 0, 0, 0, 0, 0, 0, 0, 0, 0, 0, "26"]}}