{"game_info": {"date": "2013-11-04", "visitor": "DETROIT RED WINGS ", "home": "WINNIPEG JETS ", "game_id": 216, "status": "final"}, "player_stats": {"number": ["4", "8", "11", "13", "18", "20", "21", "22", "23", "27", "40", "43", "44", "53", "55", "65", "71", "90", "34", "35", 0, "2", "7", "12", "14", "15", "16", "17", "18", "22", "24", "26", "27", "33", "39", "40", "44", "55", "67", "31", "35"], "position": ["D", "L", "R", "C", "C", "L", "C", "R", "D", "D", "L", "C", "R", "D", "D", "D", "R", "C", "G", "G", 0, "D", "D", "C", "R", "R", "L", "C", "R", "R", "D", "R", "C", "D", "D", "R", "D", "C", "R", "G", "G"], "name": ["KINDL, JAKUB", "ABDELKADER, JUSTIN", "ALFREDSSON, DANIEL", "DATSYUK, PAVEL", "ANDERSSON, JOAKIM", "MILLER, DREW", "TATAR, TOMAS", "TOOTOO, JORDIN", "LASHOFF, BRIAN", "QUINCEY, KYLE", "ZETTERBERG, HENRIK", "HELM, DARREN", "BERTUZZI, TODD", "ALMQUIST, ADAM", "KRONWALL, NIKLAS", "DEKEYSER, DANNY", "CLEARY, DANIEL", "WEISS, STEPHEN", "MRAZEK, PETR", "HOWARD, JIMMY", "TEAM PENALTY", "PARDY, ADAM", "ELLERBY, KEATON", "JOKINEN, OLLI", "PELUSO, ANTHONY", "HALISCHUK, MATT", "LADD, ANDREW", "WRIGHT, JAMES", "LITTLE, BRYAN", "THORBURN, CHRIS", "CLITSOME, GRANT", "WHEELER, BLAKE", "TANGRADI, ERIC", "BYFUGLIEN, DUSTIN", "ENSTROM, TOBIAS", "SETOGUCHI, DEVIN", "BOGOSIAN, ZACH", "SCHEIFELE, MARK", "FROLIK, MICHAEL", "PAVELEC, ONDREJ", "MONTOYA, AL"], "G": [0, 0, 0, 0, 0, 0, 0, 0, 0, 0, "1", 0, 0, 0, 0, "1", 0, 0, 0, 0, 0, 0, 0, 0, 0, "1", "1", 0, "1", 0, 0, 0, 0, 0, 0, 0, 0, 0, "1", 0, 0], "A": [0, 0, 0, "1", 0, 0, 0, 0, 0, "1", 0, 0, 0, 0, "1", 0, 0, "1", 0, 0, 0, 0, 0, 0, 0, 0, "1", 0, "1", 0, 0, 0, 0, 0, 0, "2", 0, "2", "1", 0, 0], "P": [0, 0, 0, "1", 0, 0, 0, 0, 0, "1", "1", 0, 0, 0, "1", "1", 0, "1", 0, 0, 0, 0, 0, 0, 0, "1", "2", 0, "2", 0, 0, 0, 0, 0, 0, "2", 0, "2", "2", 0, 0], "+/-": ["-3", "-1", "-1", "+1", "-2", "-1", "-2", "-1", "-1", "-1", "+1", "-1", "+1", "-2", "+2", "+1", "-1", 0, 0, 0, 0, "+1", "+1", 0, 0, "+1", "+1", 0, "+1", 0, "-1", "-1", 0, "-1", "+2", "+2", "+2", "+1", "+1", 0, 0], "PN": ["1", 0, 0, "1", 0, 0, 0, "1", "1", 0, 0, 0, 0, 0, "1", "1", 0, 0, 0, 0, "1", 0, 0, 0, 0, 0, "1", 0, 0, "1", "1", 0, 0, 0, 0, "1", 0, 0, 0, 0, 0], "PIM": ["2", 0, 0, "2", 0, 0, 0, "5", "2", 0, 0, 0, 0, 0, "2", "2", 0, 0, 0, 0, "2", 0, 0, 0, 0, 0, "2", 0, 0, "5", "2", 0, 0, 0, 0, "2", 0, 0, 0, 0, 0], "TOT": ["20:06", "12:01", "16:18", "18:56", "16:24", "13:02", "13:17", "05:38", "15:30", "21:31", "18:39", "07:46", "15:31", "15:51", "23:33", "22:17", "16:26", "17:05", 0, "58:12", 0, "12:22", "10:39", "17:27", "03:51", "15:02", "20:30", "07:31", "19:25", "05:02", "20:14", "19:55", "13:45", "26:41", "23:21", "16:45", "23:45", "18:25", "19:21", 0, "59:59"], "SHF": ["32", "16", "23", "28", "27", "24", "17", "9", "26", "34", "29", "14", "24", "23", "38", "35", "28", "27", 0, 0, 0, "17", "16", "22", "7", "22", "26", "14", "26", "9", "27", "28", "18", "31", "31", "22", "31", "23", "25", 0, 0], "AVG TOI/SH": ["00:37", "00:45", "00:42", "00:40", "00:36", "00:32", "00:46", "00:37", "00:35", "00:37", "00:38", "00:33", "00:38", "00:41", "00:37", "00:38", "00:35", "00:37", 0, 0, 0, "00:43", "00:39", "00:47", "00:33", "00:41", "00:47", "00:32", "00:44", "00:33", "00:44", "00:42", "00:45", "00:51", "00:45", "00:45", "00:45", "00:48", "00:46", 0, 0], "PP": ["02:31", "00:00", "01:59", "02:43", "00:00", "00:00", "02:28", "00:00", "00:00", "00:02", "01:59", "00:00", "01:57", "02:28", "01:56", "00:10", "02:28", "02:31", 0, "03:30", 0, "00:00", "00:00", "04:09", "00:00", "00:57", "05:11", "00:00", "05:21", "00:00", "01:10", "05:46", "00:22", "05:24", "05:35", "03:43", "05:03", "04:44", "04:50", 0, "10:27"], "SH": ["01:21", "00:00", "00:38", "00:19", "04:34", "04:34", "00:00", "00:00", "04:08", "05:14", "00:57", "02:22", "00:00", "00:27", "05:12", "04:32", "04:25", "03:12", 0, "10:20", 0, "00:59", "00:00", "00:00", "00:00", "01:47", "01:52", "01:41", "02:02", "00:00", "01:43", "00:38", "00:00", "02:38", "01:49", "00:00", "01:45", "00:00", "00:54", 0, "04:27"], "EV": ["16:14", "12:01", "13:41", "15:54", "11:50", "08:28", "10:49", "05:38", "11:22", "16:15", "15:43", "05:24", "13:34", "12:56", "16:25", "17:35", "09:33", "11:22", 0, "44:22", 0, "11:23", "10:39", "13:18", "03:51", "12:18", "13:27", "05:50", "12:02", "05:02", "17:21", "13:31", "13:23", "18:39", "15:57", "13:02", "16:57", "13:41", "13:37", 0, "45:05"], "S": ["3", "2", "2", "5", 0, "1", "3", "1", "1", 0, "3", "1", 0, 0, "1", "1", "1", "3", 0, 0, 0, "3", 0, "4", "1", "2", "4", "1", "2", "1", "1", "6", "1", "2", "3", "3", "6", "3", "4", 0, 0], "A/B": ["1", 0, "2", 0, 0, 0, 0, 0, "1", "3", "1", "2", 0, "1", "1", "1", 0, 0, 0, 0, 0, "1", 0, "1", 0, 0, "3", 0, 0, 0, "3", "2", "1", "6", "1", "1", "2", 0, 0, 0, 0], "MS": ["1", 0, 0, "2", "1", 0, "1", "1", 0, 0, "1", 0, 0, 0, 0, 0, "1", "1", 0, 0, 0, 0, 0, 0, 0, 0, "2", 0, 0, 0, "1", "2", 0, 0, "1", 0, 0, 0, "2", 0, 0], "HT": [0, "4", "2", "1", 0, 0, "1", "2", "1", "1", 0, "3", "1", 0, 0, "1", "1", 0, 0, 0, 0, "2", "1", 0, "1", "2", "3", "2", 0, "2", "1", "1", "2", "1", "2", "1", "1", 0, 0, 0, 0], "GV": ["2", 0, "1", "2", 0, 0, 0, 0, "1", "3", 0, 0, 0, 0, 0, "1", 0, 0, 0, "1", 0, 0, 0, "1", 0, 0, "1", "1", "1", 0, "3", 0, "1", "2", 0, "1", "2", 0, 0, 0, "1"], "TK": [0, 0, 0, 0, "1", "1", 0, 0, "1", 0, 0, 0, 0, 0, 0, 0, 0, 0, 0, 0, 0, 0, 0, "2", "1", 0, "2", "1", 0, 0, "1", 0, 0, "3", 0, 0, 0, "2", "1", 0, 0], "BS": ["1", 0, 0, "2", "1", "2", "1", 0, "4", "3", 0, 0, "1", 0, "2", "3", 0, "1", 0, 0, 0, "1", "2", 0, 0, "1", "1", 0, 0, 0, 0, "1", 0, "2", "2", "1", "2", 0, 0, 0, 0], "FW": [0, "0", 0, "6", "8", 0, 0, 0, 0, 0, "1", "5", 0, 0, 0, 0, 0, "9", 0, 0, 0, 0, 0, "11", 0, 0, "0", "4", "13", 0, 0, "0", "1", 0, 0, 0, 0, "5", "2", 0, 0], "FL": [0, "1", 0, "13", "8", 0, 0, 0, 0, 0, "0", "5", 0, 0, 0, 0, 0, "9", 0, 0, 0, 0, 0, "6", 0, 0, "1", "5", "12", 0, 0, "1", "0", 0, 0, 0, 0, "4", "0", 0, 0], "F%": [0, "0", 0, "32", "50", 0, 0, 0, 0, 0, "100", "50", 0, 0, 0, 0, 0, "50", 0, 0, 0, 0, 0, "65", 0, 0, "0", "44", "52", 0, 0, "0", "100", 0, 0, 0, 0, "56", "100", 0, 0], "team": ["DETROIT RED WINGS ", "DETROIT RED WINGS ", "DETROIT RED WINGS ", "DETROIT RED WINGS ", "DETROIT RED WINGS ", "DETROIT RED WINGS ", "DETROIT RED WINGS ", "DETROIT RED WINGS ", "DETROIT RED WINGS ", "DETROIT RED WINGS ", "DETROIT RED WINGS ", "DETROIT RED WINGS ", "DETROIT RED WINGS ", "DETROIT RED WINGS ", "DETROIT RED WINGS ", "DETROIT RED WINGS ", "DETROIT RED WINGS ", "DETROIT RED WINGS ", "DETROIT RED WINGS ", "DETROIT RED WINGS ", "DETROIT RED WINGS ", "WINNIPEG JETS ", "WINNIPEG JETS ", "WINNIPEG JETS ", "WINNIPEG JETS ", "WINNIPEG JETS ", "WINNIPEG JETS ", "WINNIPEG JETS ", "WINNIPEG JETS ", "WINNIPEG JETS ", "WINNIPEG JETS ", "WINNIPEG JETS ", "WINNIPEG JETS ", "WINNIPEG JETS ", "WINNIPEG JETS ", "WINNIPEG JETS ", "WINNIPEG JETS ", "WINNIPEG JETS ", "WINNIPEG JETS ", "WINNIPEG JETS ", "WINNIPEG JETS "], "GA": [0, 0, 0, 0, 0, 0, 0, 0, 0, 0, 0, 0, 0, 0, 0, 0, 0, 0, 0.0, "4", 0, 0, 0, 0, 0, 0, 0, 0, 0, 0, 0, 0, 0, 0, 0, 0, 0, 0, 0, 0, "2"], "SA": [0, 0, 0, 0, 0, 0, 0, 0, 0, 0, 0, 0, 0, 0, 0, 0, 0, 0, 0.0, "47", 0, 0, 0, 0, 0, 0, 0, 0, 0, 0, 0, 0, 0, 0, 0, 0, 0, 0, 0, 0, "28"]}}