{"game_info": {"date": "2014-03-20", "visitor": "BUFFALO SABRES ", "home": "EDMONTON OILERS ", "game_id": 1047, "status": "final"}, "player_stats": {"number": ["4", "5", "6", "10", "17", "19", "20", "21", "24", "27", "32", "37", "44", "55", "63", "65", "82", "88", "31", "50", "2", "4", "5", "19", "20", "21", "23", "27", "28", "36", "51", "57", "68", "84", "85", "89", "93", "94", "30", "35"], "position": ["D", "D", "D", "D", "C", "C", "D", "R", "C", "R", "L", "L", "L", "D", "C", "C", "L", "C", "G", "G", "D", "L", "D", "D", "L", "D", "C", "C", "L", "D", "C", "L", "C", "D", "D", "C", "C", "L", "G", "G"], "name": ["MCBAIN, JAMIE", "RUHWEDEL, CHAD", "WEBER, MIKE", "EHRHOFF, CHRISTIAN", "MITCHELL, TORREY", "HODGSON, CODY", "TALLINDER, HENRIK", "STAFFORD, DREW", "KONOPKA, ZENON", "D'AGOSTINI, MATT", "SCOTT, JOHN", "ELLIS, MATT", "DESLAURIERS, NICOLAS", "RISTOLAINEN, RASMUS", "ENNIS, TYLER", "FLYNN, BRIAN", "FOLIGNO, MARCUS", "CONACHER, CORY", "HACKETT, MATT", "LIEUWEN, NATHAN", "PETRY, JEFF", "HALL, TAYLOR", "FRASER, MARK", "SCHULTZ, JUSTIN", "GAZDIC, LUKE", "FERENCE, ANDREW", "HENDRICKS, MATT", "GORDON, BOYD", "JONES, RYAN", "LARSEN, PHILIP", "LANDER, ANTON", "PERRON, DAVID", "PITLICK, TYLER", "KLEFBOM, OSCAR", "MARINCIN, MARTIN", "GAGNER, SAM", "NUGENT-HOPKINS, RYAN", "SMYTH, RYAN", "SCRIVENS, BEN", "FASTH, VIKTOR"], "G": [0, 0, 0, 0, 0, 0, 0, "1", 0, 0, 0, 0, 0, 0, 0, 0, 0, "2", 0, 0, 0, "1", 0, 0, 0, 0, 0, 0, 0, 0, 0, 0, 0, 0, 0, 0, 0, 0, 0, 0], "A": ["1", 0, 0, 0, 0, "1", 0, 0, 0, 0, 0, 0, 0, 0, "1", 0, 0, "1", 0, 0, 0, 0, 0, "1", 0, 0, 0, 0, 0, 0, 0, "1", 0, 0, 0, 0, 0, 0, 0, 0], "P": ["1", 0, 0, 0, 0, "1", 0, "1", 0, 0, 0, 0, 0, 0, "1", 0, 0, "3", 0, 0, 0, "1", 0, "1", 0, 0, 0, 0, 0, 0, 0, "1", 0, 0, 0, 0, 0, 0, 0, 0], "+/-": ["+1", 0, "+1", "+1", "+1", "+1", 0, "+1", 0, 0, 0, 0, 0, "+1", "+1", 0, 0, "+2", 0, 0, "-1", "-1", 0, "-1", 0, "-1", 0, 0, 0, 0, "-1", "-1", "-1", 0, "-1", "-1", "-1", 0, 0, 0], "PN": [0, 0, "2", "1", "1", 0, 0, 0, "1", 0, 0, 0, 0, 0, "1", 0, "1", "2", 0, 0, 0, "1", 0, 0, "1", 0, "1", 0, 0, 0, 0, 0, 0, 0, 0, 0, 0, "1", "1", 0], "PIM": [0, 0, "7", "2", "2", 0, 0, 0, "5", 0, 0, 0, 0, 0, "2", 0, "2", "4", 0, 0, 0, "2", 0, 0, "5", 0, "5", 0, 0, 0, 0, 0, 0, 0, 0, 0, 0, "2", "2", 0], "TOT": ["18:06", "18:50", "16:39", "21:48", "18:32", "16:38", "20:44", "22:19", "05:55", "14:45", "05:35", "08:41", "08:37", "21:54", "19:29", "14:22", "19:54", "14:12", "60:00", 0, "21:41", "27:10", "09:36", "23:32", "02:41", "17:44", "11:56", "14:33", "09:19", "11:28", "17:59", "25:38", "10:05", "12:47", "15:22", "26:52", "20:34", "18:08", "57:35", 0], "SHF": ["24", "25", "22", "26", "29", "23", "26", "28", "14", "21", "9", "16", "13", "26", "23", "22", "27", "23", 0, 0, "27", "28", "15", "24", "6", "21", "22", "25", "12", "13", "25", "27", "16", "17", "24", "26", "29", "26", 0, 0], "AVG TOI/SH": ["00:45", "00:45", "00:45", "00:50", "00:38", "00:43", "00:47", "00:47", "00:25", "00:42", "00:37", "00:32", "00:39", "00:50", "00:50", "00:39", "00:44", "00:37", 0, 0, "00:48", "00:58", "00:38", "00:58", "00:26", "00:50", "00:32", "00:34", "00:46", "00:52", "00:43", "00:56", "00:37", "00:45", "00:38", "01:02", "00:42", "00:41", 0, 0], "PP": ["00:57", "00:00", "00:00", "02:34", "00:17", "01:52", "00:00", "01:52", "00:14", "01:14", "00:21", "00:14", "00:46", "02:23", "01:52", "00:00", "01:07", "00:57", "03:20", 0, "04:10", "06:05", "00:00", "06:14", "00:00", "00:13", "00:29", "00:29", "04:10", "04:26", "04:26", "05:33", "00:01", "00:00", "00:16", "06:05", "04:58", "05:42", "11:00", 0], "SH": ["04:27", "02:14", "04:43", "03:43", "03:31", "00:06", "02:34", "02:02", "03:01", "02:03", "00:00", "02:43", "00:00", "04:19", "00:00", "04:41", "02:04", "00:06", "11:00", 0, "01:42", "00:00", "01:16", "00:14", "00:00", "01:24", "02:00", "02:00", "00:00", "00:00", "01:00", "00:00", "00:00", "00:14", "01:50", "00:00", "01:20", "00:20", "03:20", 0], "EV": ["12:42", "16:36", "11:56", "15:31", "14:44", "14:40", "18:10", "18:25", "02:40", "11:28", "05:14", "05:44", "07:51", "15:12", "17:37", "09:41", "16:43", "13:09", "45:40", 0, "15:49", "21:05", "08:20", "17:04", "02:41", "16:07", "09:27", "12:04", "05:09", "07:02", "12:33", "20:05", "10:04", "12:33", "13:16", "20:47", "14:16", "12:06", "43:15", 0], "S": ["3", "1", "1", "4", "1", "1", 0, "7", "1", 0, "1", 0, "1", "4", "4", "1", "1", "5", 0, 0, "4", "7", "1", "5", 0, "1", 0, "1", 0, "1", "1", "3", "1", "1", 0, "4", "2", "4", 0, 0], "A/B": ["1", 0, 0, "1", "1", "3", 0, 0, 0, "2", 0, 0, 0, 0, "1", "1", 0, "3", 0, 0, "1", 0, 0, "1", 0, "1", "1", 0, 0, "1", "2", "4", 0, "1", 0, "2", "1", 0, 0, 0], "MS": [0, 0, 0, 0, 0, 0, 0, "3", 0, 0, 0, 0, 0, "1", "2", 0, 0, "1", 0, 0, "4", "3", 0, "2", 0, 0, 0, 0, 0, 0, 0, "2", 0, "1", 0, "1", 0, "3", 0, 0], "HT": [0, 0, "2", "1", 0, "3", 0, "2", 0, 0, 0, 0, "1", "1", 0, 0, "1", 0, 0, 0, "1", 0, "1", 0, "1", "2", "3", 0, 0, 0, 0, "2", "3", 0, 0, 0, 0, 0, 0, 0], "GV": [0, 0, 0, 0, 0, 0, 0, "1", 0, "2", 0, 0, 0, "2", 0, 0, 0, 0, 0, 0, "1", "1", "1", "4", 0, 0, 0, 0, "1", "1", 0, 0, 0, 0, 0, 0, 0, "1", "3", 0], "TK": ["1", 0, 0, 0, 0, 0, "1", 0, 0, 0, 0, "1", 0, "1", 0, "1", 0, 0, 0, 0, 0, "1", "1", 0, 0, "1", 0, 0, 0, 0, 0, "2", 0, 0, 0, 0, "1", 0, 0, 0], "BS": ["2", "2", "1", "1", 0, "1", 0, "1", 0, 0, 0, "1", 0, "2", 0, 0, "1", "3", 0, 0, "3", "1", 0, "4", 0, "2", 0, 0, 0, 0, 0, 0, 0, "2", 0, "1", 0, 0, 0, 0], "FW": [0, 0, 0, 0, "2", "11", 0, "2", "4", 0, 0, "1", 0, 0, "8", "5", "1", "1", 0, 0, 0, 0, 0, 0, 0, 0, 0, "10", 0, 0, "1", 0, 0, 0, 0, "13", "8", "2", 0, 0], "FL": [0, 0, 0, 0, "1", "8", 0, "3", "9", 0, 0, "0", 0, 0, "7", "6", "0", "0", 0, 0, 0, 0, 0, 0, 0, 0, 0, "7", 0, 0, "5", 0, 0, 0, 0, "14", "9", "0", 0, 0], "F%": [0, 0, 0, 0, "67", "58", 0, "40", "31", 0, 0, "100", 0, 0, "53", "45", "100", "100", 0, 0, 0, 0, 0, 0, 0, 0, 0, "59", 0, 0, "17", 0, 0, 0, 0, "48", "47", "100", 0, 0], "team": ["BUFFALO SABRES ", "BUFFALO SABRES ", "BUFFALO SABRES ", "BUFFALO SABRES ", "BUFFALO SABRES ", "BUFFALO SABRES ", "BUFFALO SABRES ", "BUFFALO SABRES ", "BUFFALO SABRES ", "BUFFALO SABRES ", "BUFFALO SABRES ", "BUFFALO SABRES ", "BUFFALO SABRES ", "BUFFALO SABRES ", "BUFFALO SABRES ", "BUFFALO SABRES ", "BUFFALO SABRES ", "BUFFALO SABRES ", "BUFFALO SABRES ", "BUFFALO SABRES ", "EDMONTON OILERS ", "EDMONTON OILERS ", "EDMONTON OILERS ", "EDMONTON OILERS ", "EDMONTON OILERS ", "EDMONTON OILERS ", "EDMONTON OILERS ", "EDMONTON OILERS ", "EDMONTON OILERS ", "EDMONTON OILERS ", "EDMONTON OILERS ", "EDMONTON OILERS ", "EDMONTON OILERS ", "EDMONTON OILERS ", "EDMONTON OILERS ", "EDMONTON OILERS ", "EDMONTON OILERS ", "EDMONTON OILERS ", "EDMONTON OILERS ", "EDMONTON OILERS "], "GA": [0, 0, 0, 0, 0, 0, 0, 0, 0, 0, 0, 0, 0, 0, 0, 0, 0, 0, "1", 0, 0, 0, 0, 0, 0, 0, 0, 0, 0, 0, 0, 0, 0, 0, 0, 0, 0, 0, "3", 0], "SA": [0, 0, 0, 0, 0, 0, 0, 0, 0, 0, 0, 0, 0, 0, 0, 0, 0, 0, "36", 0, 0, 0, 0, 0, 0, 0, 0, 0, 0, 0, 0, 0, 0, 0, 0, 0, 0, 0, "36", 0]}}