{"game_info": {"date": "2013-12-11", "visitor": "PHILADELPHIA FLYERS ", "home": "CHICAGO BLACKHAWKS ", "game_id": 471, "status": "final"}, "player_stats": {"number": ["5", "8", "9", "10", "12", "14", "17", "18", "19", "22", "24", "28", "32", "36", "37", "41", "44", "93", "29", "35", "2", "4", "7", "8", "10", "11", "16", "17", "19", "20", "23", "26", "27", "28", "52", "65", "81", "88", "31", "40"], "position": ["D", "D", "R", "C", "L", "C", "R", "R", "L", "D", "R", "R", "D", "C", "L", "D", "D", "R", "G", "G", "D", "D", "D", "D", "R", "L", "C", "D", "C", "L", "R", "C", "D", "R", "L", "C", "R", "R", "G", "G"], "name": ["COBURN, BRAYDON", "GROSSMANN, NICKLAS", "DOWNIE, STEVE", "SCHENN, BRAYDEN", "RAFFL, MICHAEL", "COUTURIER, SEAN", "SIMMONDS, WAYNE", "HALL, ADAM", "HARTNELL, SCOTT", "SCHENN, LUKE", "READ, MATT", "GIROUX, CLAUDE", "STREIT, MARK", "RINALDO, ZAC", "ROSEHILL, JAY", "MESZAROS, ANDREJ", "TIMONEN, KIMMO", "VORACEK, JAKUB", "EMERY, RAY", "MASON, STEVE", "KEITH, DUNCAN", "HJALMARSSON, NIKLAS", "SEABROOK, BRENT", "LEDDY, NICK", "SHARP, PATRICK", "MORIN, JEREMY", "KRUGER, MARCUS", "BROOKBANK, SHELDON", "TOEWS, JONATHAN", "SAAD, BRANDON", "VERSTEEG, KRIS", "HANDZUS, MICHAL", "ODUYA, JOHNNY", "SMITH, BEN", "BOLLIG, BRANDON", "SHAW, ANDREW", "HOSSA, MARIAN", "KANE, PATRICK", "RAANTA, ANTTI", "SIMPSON, KENT"], "G": [0, 0, "1", 0, 0, 0, 0, 0, 0, 0, 0, 0, 0, 0, 0, 0, 0, "1", 0, 0, "1", 0, "1", 0, "1", 0, 0, 0, "1", 0, "1", "1", 0, 0, 0, "1", 0, 0, 0, 0], "A": [0, 0, 0, "1", 0, 0, 0, 0, 0, 0, 0, "1", "1", 0, 0, 0, "1", 0, 0, 0, 0, 0, 0, 0, "2", 0, "1", 0, 0, "1", "1", "1", "1", 0, "1", 0, "3", "2", 0, 0], "P": [0, 0, "1", "1", 0, 0, 0, 0, 0, 0, 0, "1", "1", 0, 0, 0, "1", "1", 0, 0, "1", 0, "1", 0, "3", 0, "1", 0, "1", "1", "2", "2", "1", 0, "1", "1", "3", "2", 0, 0], "+/-": ["-1", "-3", "-1", 0, "-1", "-1", "-1", 0, "-3", "-2", "-2", "-3", "-1", "-1", 0, "-1", "-1", "-3", 0, 0, "+2", "+3", "+2", "+1", "+1", 0, "+1", 0, "+1", "+1", "+2", "+2", "+2", "+1", "+1", "+1", "+2", "+1", 0, 0], "PN": ["1", 0, 0, 0, 0, 0, "1", 0, "2", "1", 0, 0, 0, "1", "2", "1", "1", 0, 0, 0, 0, 0, 0, 0, 0, "3", "1", "1", 0, "1", 0, 0, 0, 0, "2", 0, 0, 0, 0, 0], "PIM": ["10", 0, 0, 0, 0, 0, "5", 0, "4", "2", 0, 0, 0, "2", "12", "2", "2", 0, 0, 0, 0, 0, 0, 0, 0, "14", "2", "5", 0, "2", 0, 0, 0, 0, "12", 0, 0, 0, 0, 0], "TOT": ["23:55", "21:07", "15:11", "16:51", "14:12", "20:17", "12:08", "10:52", "16:16", "19:16", "19:06", "17:33", "18:09", "12:20", "05:00", "14:42", "15:24", "16:12", "41:05", "18:55", "23:25", "20:20", "22:38", "17:54", "16:30", "08:30", "12:51", "14:37", "16:48", "15:18", "18:25", "16:04", "17:32", "12:07", "09:39", "15:40", "15:14", "18:41", "59:41", 0], "SHF": ["31", "27", "19", "20", "18", "25", "18", "19", "25", "27", "24", "25", "24", "20", "12", "24", "24", "23", 0, 0, "27", "30", "30", "21", "20", "15", "23", "20", "20", "21", "21", "25", "27", "22", "18", "20", "21", "22", 0, 0], "AVG TOI/SH": ["00:46", "00:46", "00:47", "00:50", "00:47", "00:48", "00:40", "00:34", "00:39", "00:42", "00:47", "00:42", "00:45", "00:37", "00:25", "00:36", "00:38", "00:42", 0, 0, "00:52", "00:40", "00:45", "00:51", "00:49", "00:34", "00:33", "00:43", "00:50", "00:43", "00:52", "00:38", "00:38", "00:33", "00:32", "00:47", "00:43", "00:50", 0, 0], "PP": ["00:21", "00:00", "03:44", "03:44", "00:00", "04:04", "03:44", "00:17", "03:51", "00:11", "03:26", "04:05", "03:44", "00:17", "00:11", "00:29", "03:53", "04:29", "04:07", "03:59", "05:41", "01:39", "04:10", "02:56", "04:45", "00:59", "00:44", "00:31", "04:18", "03:02", "04:00", "01:32", "01:39", "00:44", "00:44", "04:17", "02:48", "06:12", "09:49", 0], "SH": ["05:31", "04:49", "00:00", "01:52", "02:15", "04:10", "00:00", "04:19", "00:00", "04:06", "03:07", "00:14", "02:11", "02:36", "00:14", "01:46", "01:46", "00:00", "05:09", "04:56", "03:43", "04:29", "03:41", "00:00", "00:00", "00:00", "04:00", "00:56", "01:17", "00:53", "00:50", "04:00", "03:23", "02:11", "00:42", "00:54", "01:25", "00:00", "08:06", 0], "EV": ["18:03", "16:18", "11:27", "11:15", "11:57", "12:03", "08:24", "06:16", "12:25", "14:59", "12:33", "13:14", "12:14", "09:27", "04:35", "12:27", "09:45", "11:43", "31:49", "10:00", "14:01", "14:12", "14:47", "14:58", "11:45", "07:31", "08:07", "13:10", "11:13", "11:23", "13:35", "10:32", "12:30", "09:12", "08:13", "10:29", "11:01", "12:29", "41:46", 0], "S": ["1", 0, "2", "2", "1", "1", 0, "1", "2", "2", "1", "2", "5", "1", "1", "1", "4", "3", 0, 0, "3", "1", "1", 0, "4", "3", "1", "1", "3", "1", "1", "1", 0, 0, 0, "1", 0, "2", 0, 0], "A/B": ["3", "2", "1", 0, 0, 0, "1", 0, 0, "1", 0, "1", 0, "1", 0, "1", 0, "1", 0, 0, 0, "1", "2", "3", "2", "2", 0, 0, 0, 0, 0, "2", 0, 0, "1", 0, "1", "1", 0, 0], "MS": ["1", 0, "1", "2", "1", 0, 0, 0, "1", "1", 0, "2", 0, 0, "1", 0, 0, 0, 0, 0, 0, 0, "2", 0, 0, "2", "1", 0, 0, 0, 0, 0, 0, "1", "1", "1", 0, 0, 0, 0], "HT": ["5", "3", 0, "6", "1", 0, "2", "1", "3", "3", 0, "2", "2", "2", 0, "3", "1", "1", 0, 0, 0, 0, 0, 0, "1", 0, 0, "3", 0, 0, 0, 0, 0, 0, "1", "2", 0, "1", 0, 0], "GV": [0, "2", 0, 0, 0, 0, 0, 0, 0, 0, 0, 0, 0, 0, 0, 0, 0, 0, 0, 0, 0, "1", "1", 0, 0, 0, 0, "1", "2", 0, 0, "1", "2", 0, 0, "1", 0, 0, "1", 0], "TK": [0, 0, 0, "1", 0, 0, 0, 0, "1", 0, 0, "1", 0, 0, "1", 0, 0, 0, 0, 0, "3", 0, "1", 0, 0, 0, 0, 0, 0, 0, "1", "1", "1", 0, 0, 0, 0, "1", 0, 0], "BS": ["1", "2", 0, 0, 0, "2", 0, 0, 0, "3", "3", 0, "2", 0, 0, "1", "1", 0, 0, 0, "1", "3", "2", "1", 0, 0, 0, "1", "1", 0, 0, 0, "1", 0, 0, "1", "1", 0, 0, 0], "FW": [0, 0, 0, "5", 0, "7", 0, "4", 0, 0, 0, "11", 0, 0, 0, 0, 0, 0, 0, 0, 0, 0, 0, 0, "5", "1", "11", 0, "4", "3", "0", "5", 0, "4", 0, "5", 0, 0, 0, 0], "FL": [0, 0, 0, "9", 0, "12", 0, "5", 0, 0, 0, "12", 0, 0, 0, 0, 0, 0, 0, 0, 0, 0, 0, 0, "4", "0", "3", 0, "5", "0", "1", "2", 0, "4", 0, "8", 0, 0, 0, 0], "F%": [0, 0, 0, "36", 0, "37", 0, "44", 0, 0, 0, "48", 0, 0, 0, 0, 0, 0, 0, 0, 0, 0, 0, 0, "56", "100", "79", 0, "44", "100", "0", "71", 0, "50", 0, "38", 0, 0, 0, 0], "team": ["PHILADELPHIA FLYERS ", "PHILADELPHIA FLYERS ", "PHILADELPHIA FLYERS ", "PHILADELPHIA FLYERS ", "PHILADELPHIA FLYERS ", "PHILADELPHIA FLYERS ", "PHILADELPHIA FLYERS ", "PHILADELPHIA FLYERS ", "PHILADELPHIA FLYERS ", "PHILADELPHIA FLYERS ", "PHILADELPHIA FLYERS ", "PHILADELPHIA FLYERS ", "PHILADELPHIA FLYERS ", "PHILADELPHIA FLYERS ", "PHILADELPHIA FLYERS ", "PHILADELPHIA FLYERS ", "PHILADELPHIA FLYERS ", "PHILADELPHIA FLYERS ", "PHILADELPHIA FLYERS ", "PHILADELPHIA FLYERS ", "CHICAGO BLACKHAWKS ", "CHICAGO BLACKHAWKS ", "CHICAGO BLACKHAWKS ", "CHICAGO BLACKHAWKS ", "CHICAGO BLACKHAWKS ", "CHICAGO BLACKHAWKS ", "CHICAGO BLACKHAWKS ", "CHICAGO BLACKHAWKS ", "CHICAGO BLACKHAWKS ", "CHICAGO BLACKHAWKS ", "CHICAGO BLACKHAWKS ", "CHICAGO BLACKHAWKS ", "CHICAGO BLACKHAWKS ", "CHICAGO BLACKHAWKS ", "CHICAGO BLACKHAWKS ", "CHICAGO BLACKHAWKS ", "CHICAGO BLACKHAWKS ", "CHICAGO BLACKHAWKS ", "CHICAGO BLACKHAWKS ", "CHICAGO BLACKHAWKS "], "GA": [0, 0, 0, 0, 0, 0, 0, 0, 0, 0, 0, 0, 0, 0, 0, 0, 0, 0, "6", "1", 0, 0, 0, 0, 0, 0, 0, 0, 0, 0, 0, 0, 0, 0, 0, 0, 0, 0, "2", 0], "SA": [0, 0, 0, 0, 0, 0, 0, 0, 0, 0, 0, 0, 0, 0, 0, 0, 0, 0, "18", "5", 0, 0, 0, 0, 0, 0, 0, 0, 0, 0, 0, 0, 0, 0, 0, 0, 0, 0, "30", 0]}}