{"game_info": {"date": "2014-03-15", "visitor": "OTTAWA SENATORS ", "home": "MONTREAL CANADIENS ", "game_id": 1006, "status": "final"}, "player_stats": {"number": ["2", "3", "4", "5", "6", "7", "9", "14", "15", "16", "19", "22", "25", "62", "65", "68", "83", "93", "29", "40", 0, "6", "8", "11", "14", "20", "21", "22", "27", "32", "43", "48", "51", "55", "67", "74", "76", "79", "81", "30", "31"], "position": ["D", "D", "D", "D", "R", "C", "L", "C", "C", "L", "C", "R", "R", "D", "D", "C", "R", "C", "G", "G", 0, "D", "L", "R", "C", "L", "R", "R", "C", "L", "D", "C", "C", "D", "L", "D", "D", "D", "C", "G", "G"], "name": ["COWEN, JARED", "METHOT, MARC", "PHILLIPS, CHRIS", "CECI, CODY", "RYAN, BOBBY", "TURRIS, KYLE", "MICHALEK, MILAN", "GREENING, COLIN", "SMITH, ZACK", "MACARTHUR, CLARKE", "SPEZZA, JASON", "CONDRA, ERIK", "NEIL, CHRIS", "GRYBA, ERIC", "KARLSSON, ERIK", "HOFFMAN, MIKE", "HEMSKY, ALES", "ZIBANEJAD, MIKA", "LAWSON, NATHAN", "LEHNER, ROBIN", "TEAM PENALTY", "MURRAY, DOUGLAS", "PRUST, BRANDON", "GALLAGHER, BRENDAN", "PLEKANEC, TOMAS", "VANEK, THOMAS", "GIONTA, BRIAN", "WEISE, DALE", "GALCHENYUK, ALEX", "MOEN, TRAVIS", "WEAVER, MIKE", "BRIERE, DANIEL", "DESHARNAIS, DAVID", "BOUILLON, FRANCIS", "PACIORETTY, MAX", "EMELIN, ALEXEI", "SUBBAN, P.K.", "MARKOV, ANDREI", "ELLER, LARS", "BUDAJ, PETER", "PRICE, CAREY"], "G": [0, 0, 0, 0, 0, 0, 0, 0, "1", "1", "1", 0, 0, 0, 0, 0, "1", 0, 0, 0, 0, 0, 0, 0, 0, 0, "1", 0, 0, 0, 0, "1", "1", "1", 0, 0, 0, 0, "1", 0, 0], "A": [0, 0, 0, 0, "1", "1", 0, 0, 0, "1", "1", 0, 0, 0, "2", 0, 0, 0, 0, 0, 0, 0, 0, 0, 0, 0, "1", 0, 0, 0, 0, 0, "1", 0, "1", 0, "3", "1", "1", 0, 0], "P": [0, 0, 0, 0, "1", "1", 0, 0, "1", "2", "2", 0, 0, 0, "2", 0, "1", 0, 0, 0, 0, 0, 0, 0, 0, 0, "2", 0, 0, 0, 0, "1", "2", "1", "1", 0, "3", "1", "2", 0, 0], "+/-": ["+1", "-2", 0, 0, 0, "+1", "+1", "-2", 0, "+1", "+1", 0, 0, "+1", 0, 0, 0, "-1", 0, 0, 0, 0, 0, "-4", "+1", 0, "+3", 0, "-1", 0, "+1", 0, "+1", "-1", "+1", 0, "-1", "+1", "-2", 0, 0], "PN": ["1", 0, "2", 0, "1", "1", "2", 0, 0, 0, "1", 0, "1", 0, 0, 0, "1", 0, 0, 0, "1", 0, "2", 0, 0, 0, 0, "1", 0, "1", 0, 0, 0, "1", 0, 0, 0, 0, "2", 0, 0], "PIM": ["2", 0, "4", 0, "10", "2", "7", 0, 0, 0, "2", 0, "10", 0, 0, 0, "2", 0, 0, 0, "2", 0, "7", 0, 0, 0, 0, "10", 0, "10", 0, 0, 0, "2", 0, 0, 0, 0, "4", 0, 0], "TOT": ["15:41", "23:23", "17:42", "18:22", "14:21", "17:30", "16:46", "18:23", "17:11", "15:51", "14:12", "11:49", "11:25", "17:31", "26:00", "11:02", "14:03", "11:03", 0, "61:08", 0, "11:46", "10:00", "14:27", "20:16", "18:49", "15:27", "07:29", "14:48", "10:27", "14:56", "12:58", "19:01", "19:22", "20:45", "20:48", "28:55", "27:10", "14:08", 0, "59:38"], "SHF": ["24", "30", "29", "26", "23", "25", "24", "26", "25", "26", "24", "20", "17", "21", "27", "20", "22", "20", 0, 0, 0, "19", "15", "19", "26", "25", "24", "12", "21", "16", "21", "18", "26", "23", "28", "25", "24", "27", "24", 0, 0], "AVG TOI/SH": ["00:39", "00:46", "00:36", "00:42", "00:37", "00:42", "00:41", "00:42", "00:41", "00:36", "00:35", "00:35", "00:40", "00:50", "00:57", "00:33", "00:38", "00:33", 0, 0, 0, "00:37", "00:40", "00:45", "00:46", "00:45", "00:38", "00:37", "00:42", "00:39", "00:42", "00:43", "00:43", "00:50", "00:44", "00:49", "01:12", "01:00", "00:35", 0, 0], "PP": ["00:00", "00:00", "00:00", "00:00", "01:36", "01:21", "02:42", "00:00", "00:00", "01:21", "03:09", "00:00", "00:00", "00:00", "04:18", "02:57", "02:57", "01:09", 0, "04:18", 0, "00:00", "00:24", "04:21", "06:10", "05:54", "00:17", "00:00", "04:32", "00:00", "00:00", "04:05", "05:06", "02:02", "05:54", "02:06", "10:43", "09:24", "01:14", 0, "10:18"], "SH": ["04:02", "05:30", "02:31", "02:31", "00:06", "01:28", "04:22", "06:02", "05:44", "01:43", "00:18", "04:17", "00:00", "07:33", "02:03", "00:00", "00:00", "00:10", 0, "12:05", 0, "01:30", "01:46", "00:00", "02:26", "00:00", "01:52", "00:00", "00:00", "02:26", "01:30", "00:00", "00:00", "00:00", "00:06", "02:48", "00:00", "02:48", "00:00", 0, "04:18"], "EV": ["11:39", "17:53", "15:11", "15:51", "12:39", "14:41", "09:42", "12:21", "11:27", "12:47", "10:45", "07:32", "11:25", "09:58", "19:39", "08:05", "11:06", "09:44", 0, "44:45", 0, "10:16", "07:50", "10:06", "11:40", "12:55", "13:18", "07:29", "10:16", "08:01", "13:26", "08:53", "13:55", "17:20", "14:45", "15:54", "18:12", "14:58", "12:54", 0, "45:02"], "S": [0, "3", "2", "2", "3", "1", "1", "1", "3", "1", "2", "3", "1", 0, "3", "4", "4", 0, 0, 0, 0, "1", "2", "3", "1", "5", "6", 0, "1", "3", 0, "5", "1", "1", "6", "1", "7", "3", "2", 0, 0], "A/B": [0, 0, 0, "1", 0, 0, 0, "1", 0, "2", 0, 0, "2", "1", "5", 0, "2", 0, 0, 0, 0, "1", 0, 0, "1", "3", "3", 0, "1", "1", 0, "2", 0, "2", "4", "1", "3", 0, "3", 0, 0], "MS": [0, 0, 0, "1", "1", "1", 0, 0, "2", "1", 0, "1", "2", 0, 0, "2", "1", "1", 0, 0, 0, "1", 0, 0, "2", "2", "1", 0, 0, 0, "1", "1", "1", 0, 0, 0, "2", "1", "1", 0, 0], "HT": ["3", "2", "2", 0, "2", "1", "2", "5", "2", "4", 0, "2", "3", "1", 0, 0, 0, "2", 0, 0, 0, "1", "2", 0, 0, 0, 0, "3", "1", "2", "1", 0, 0, "2", "2", "3", "4", "1", "2", 0, 0], "GV": [0, "2", "2", "1", "2", 0, "1", "1", "2", 0, 0, "1", 0, 0, "1", 0, 0, 0, 0, "2", 0, "1", 0, 0, "1", 0, 0, 0, "1", 0, 0, 0, 0, "2", "1", "1", 0, "4", 0, 0, 0], "TK": [0, 0, 0, 0, 0, 0, 0, "1", 0, 0, 0, 0, 0, 0, 0, "1", 0, 0, 0, 0, 0, 0, "1", 0, 0, 0, "1", "1", "1", "1", "1", "2", "1", 0, 0, 0, "2", "1", 0, 0, 0], "BS": [0, "3", "3", "2", 0, 0, 0, "3", 0, 0, 0, 0, "1", "7", "5", 0, "1", 0, 0, 0, 0, "1", 0, "1", 0, 0, "2", 0, 0, "4", 0, 0, 0, 0, 0, "1", "2", "3", 0, 0, 0], "FW": [0, 0, 0, 0, "0", "8", 0, "0", "6", "0", "8", 0, 0, 0, 0, 0, 0, "3", 0, 0, 0, 0, "4", 0, "13", 0, "0", 0, 0, "1", 0, "2", "19", 0, "2", 0, 0, 0, "5", 0, 0], "FL": [0, 0, 0, 0, "1", "13", 0, "1", "13", "1", "9", 0, 0, 0, 0, 0, 0, "8", 0, 0, 0, 0, "3", 0, "7", 0, "1", 0, 0, "0", 0, "1", "7", 0, "1", 0, 0, 0, "5", 0, 0], "F%": [0, 0, 0, 0, "0", "38", 0, "0", "32", "0", "47", 0, 0, 0, 0, 0, 0, "27", 0, 0, 0, 0, "57", 0, "65", 0, "0", 0, 0, "100", 0, "67", "73", 0, "67", 0, 0, 0, "50", 0, 0], "team": ["OTTAWA SENATORS ", "OTTAWA SENATORS ", "OTTAWA SENATORS ", "OTTAWA SENATORS ", "OTTAWA SENATORS ", "OTTAWA SENATORS ", "OTTAWA SENATORS ", "OTTAWA SENATORS ", "OTTAWA SENATORS ", "OTTAWA SENATORS ", "OTTAWA SENATORS ", "OTTAWA SENATORS ", "OTTAWA SENATORS ", "OTTAWA SENATORS ", "OTTAWA SENATORS ", "OTTAWA SENATORS ", "OTTAWA SENATORS ", "OTTAWA SENATORS ", "OTTAWA SENATORS ", "OTTAWA SENATORS ", "OTTAWA SENATORS ", "MONTREAL CANADIENS ", "MONTREAL CANADIENS ", "MONTREAL CANADIENS ", "MONTREAL CANADIENS ", "MONTREAL CANADIENS ", "MONTREAL CANADIENS ", "MONTREAL CANADIENS ", "MONTREAL CANADIENS ", "MONTREAL CANADIENS ", "MONTREAL CANADIENS ", "MONTREAL CANADIENS ", "MONTREAL CANADIENS ", "MONTREAL CANADIENS ", "MONTREAL CANADIENS ", "MONTREAL CANADIENS ", "MONTREAL CANADIENS ", "MONTREAL CANADIENS ", "MONTREAL CANADIENS ", "MONTREAL CANADIENS ", "MONTREAL CANADIENS "], "GA": [0, 0, 0, 0, 0, 0, 0, 0, 0, 0, 0, 0, 0, 0, 0, 0, 0, 0, 0.0, "5", 0, 0, 0, 0, 0, 0, 0, 0, 0, 0, 0, 0, 0, 0, 0, 0, 0, 0, 0, 0, "4"], "SA": [0, 0, 0, 0, 0, 0, 0, 0, 0, 0, 0, 0, 0, 0, 0, 0, 0, 0, 0.0, "48", 0, 0, 0, 0, 0, 0, 0, 0, 0, 0, 0, 0, 0, 0, 0, 0, 0, 0, 0, 0, "34"]}}