{"game_info": {"date": "2014-01-21", "visitor": "NEW YORK ISLANDERS ", "home": "NEW YORK RANGERS ", "game_id": 748, "status": "final"}, "player_stats": {"number": ["4", "12", "13", "14", "15", "16", "17", "21", "26", "29", "37", "40", "44", "46", "47", "51", "53", "91", "45", "60", "4", "5", "6", "13", "16", "17", "18", "19", "20", "21", "22", "24", "27", "28", "36", "61", "62", "67", "29", "33", 0], "position": ["D", "C", "R", "D", "R", "C", "L", "R", "L", "C", "D", "R", "D", "D", "D", "C", "C", "C", "G", "G", "D", "D", "D", "L", "C", "D", "D", "C", "C", "C", "C", "R", "D", "C", "C", "L", "L", "L", "G", "G", 0], "name": ["MARTINEK, RADEK", "BAILEY, JOSH", "MCDONALD, COLIN", "HICKEY, THOMAS", "CLUTTERBUCK, CAL", "REGIN, PETER", "MARTIN, MATT", "OKPOSO, KYLE", "VANEK, THOMAS", "NELSON, BROCK", "STRAIT, BRIAN", "GRABNER, MICHAEL", "DE HAAN, CALVIN", "DONOVAN, MATT", "MACDONALD, ANDREW", "NIELSEN, FRANS", "CIZIKAS, CASEY", "TAVARES, JOHN", "NILSSON, ANDERS", "POULIN, KEVIN", "DEL ZOTTO, MICHAEL", "GIRARDI, DAN", "STRALMAN, ANTON", "CARCILLO, DANIEL", "BRASSARD, DERICK", "MOORE, JOHN", "STAAL, MARC", "RICHARDS, BRAD", "KREIDER, CHRIS", "STEPAN, DEREK", "BOYLE, BRIAN", "CALLAHAN, RYAN", "MCDONAGH, RYAN", "MOORE, DOMINIC", "ZUCCARELLO, MATS", "NASH, RICK", "HAGELIN, CARL", "POULIOT, BENOIT", "LENEVEU, DAVID", "TALBOT, CAM", "TEAM PENALTY"], "G": [0, 0, "1", "1", 0, 0, "1", 0, "1", 0, 0, 0, 0, 0, 0, "1", 0, 0, 0, 0, 0, 0, 0, 0, 0, 0, 0, 0, "1", 0, 0, 0, 0, 0, 0, "2", 0, 0, 0, 0, 0], "A": [0, 0, 0, 0, 0, "1", 0, "2", "1", 0, 0, 0, 0, 0, 0, "1", 0, "3", 0, 0, 0, "1", 0, 0, 0, 0, 0, "1", "2", "1", 0, 0, 0, 0, 0, 0, 0, 0, 0, 0, 0], "P": [0, 0, "1", "1", 0, "1", "1", "2", "2", 0, 0, 0, 0, 0, 0, "2", 0, "3", 0, 0, 0, "1", 0, 0, 0, 0, 0, "1", "3", "1", 0, 0, 0, 0, 0, "2", 0, 0, 0, 0, 0], "+/-": ["+2", 0, "+1", "+2", "+1", "+1", "+1", "+1", "-1", 0, "+1", 0, 0, "-1", 0, "+1", 0, "+1", 0, 0, "-1", "-1", 0, "-1", 0, 0, "-1", "-2", "-2", "-1", 0, "-1", "-1", 0, 0, 0, 0, 0, 0, 0, 0], "PN": [0, "1", 0, 0, 0, 0, "1", "1", 0, 0, 0, 0, 0, 0, 0, 0, "1", "1", 0, 0, "1", 0, 0, 0, 0, 0, 0, 0, 0, 0, 0, 0, 0, 0, 0, "1", 0, "2", 0, 0, "1"], "PIM": [0, "2", 0, 0, 0, 0, "2", "2", 0, 0, 0, 0, 0, 0, 0, 0, "2", "2", 0, 0, "2", 0, 0, 0, 0, 0, 0, 0, 0, 0, 0, 0, 0, 0, 0, "2", 0, "4", 0, 0, "2"], "TOT": ["12:42", "14:00", "12:05", "18:39", "13:10", "09:10", "11:51", "19:40", "19:11", "11:26", "20:01", "13:33", "20:35", "18:33", "25:21", "16:27", "13:47", "21:00", 0, "60:00", "12:00", "22:06", "21:12", "07:44", "14:28", "13:35", "19:39", "20:37", "16:04", "18:09", "10:19", "18:47", "26:19", "08:38", "12:17", "17:45", "18:10", "14:38", 0, "58:36", 0], "SHF": ["18", "19", "18", "27", "21", "14", "18", "22", "20", "20", "26", "20", "27", "24", "30", "24", "21", "23", 0, 0, "21", "25", "27", "11", "21", "17", "27", "21", "19", "21", "16", "21", "27", "13", "21", "21", "20", "22", 0, 0, 0], "AVG TOI/SH": ["00:42", "00:44", "00:40", "00:41", "00:37", "00:39", "00:39", "00:53", "00:57", "00:34", "00:46", "00:40", "00:45", "00:46", "00:50", "00:41", "00:39", "00:54", 0, 0, "00:34", "00:53", "00:47", "00:42", "00:41", "00:47", "00:43", "00:58", "00:50", "00:51", "00:38", "00:53", "00:58", "00:39", "00:35", "00:50", "00:54", "00:39", 0, 0, 0], "PP": ["00:00", "01:33", "00:56", "00:13", "00:37", "00:00", "00:00", "03:47", "04:01", "01:23", "00:00", "00:00", "01:23", "01:33", "04:04", "04:01", "00:03", "04:04", 0, "05:37", "00:18", "00:44", "00:00", "00:00", "02:42", "00:00", "00:00", "05:11", "02:47", "02:47", "00:00", "00:00", "04:45", "00:00", "02:35", "02:54", "00:00", "02:42", 0, "05:29", 0], "SH": ["00:00", "00:00", "00:00", "02:07", "03:07", "00:00", "00:00", "00:00", "00:00", "00:00", "03:13", "02:22", "01:42", "00:00", "03:56", "03:26", "02:03", "00:00", 0, "05:29", "00:00", "03:36", "02:01", "00:00", "00:00", "00:00", "01:58", "00:00", "00:00", "00:17", "02:59", "02:21", "03:39", "02:11", "00:01", "00:17", "02:42", "00:00", 0, "05:36", 0], "EV": ["12:42", "12:27", "11:09", "16:19", "09:26", "09:10", "11:51", "15:53", "15:10", "10:03", "16:48", "11:11", "17:30", "17:00", "17:21", "09:00", "11:41", "16:56", 0, "48:54", "11:42", "17:46", "19:11", "07:44", "11:46", "13:35", "17:41", "15:26", "13:17", "15:05", "07:20", "16:26", "17:55", "06:27", "09:41", "14:34", "15:28", "11:56", 0, "47:31", 0], "S": ["1", 0, "2", "1", "3", "5", "3", "3", "5", "1", 0, "3", "2", "2", "1", "1", 0, "4", 0, 0, "1", "2", 0, 0, "2", 0, "1", "7", "3", "1", 0, 0, "3", 0, "1", "6", "3", "3", 0, 0, 0], "A/B": [0, "1", 0, 0, 0, 0, 0, "2", "2", "1", 0, 0, "2", 0, "1", 0, 0, "1", 0, 0, "1", 0, 0, 0, "1", 0, 0, "3", 0, 0, 0, "1", "3", 0, "1", "5", "1", 0, 0, 0, 0], "MS": [0, "1", 0, 0, 0, 0, "1", 0, "3", 0, "1", 0, "1", "1", "1", "4", 0, "1", 0, 0, 0, "1", 0, "1", "1", "1", 0, "2", "1", "4", "1", "2", 0, 0, "1", "1", 0, "1", 0, 0, 0], "HT": ["1", "2", "1", 0, "1", 0, "3", 0, "1", "1", "1", "2", "1", 0, "1", 0, 0, 0, 0, 0, "1", "1", 0, "1", "1", "3", 0, "1", 0, 0, "2", "7", "1", "1", 0, 0, "1", "3", 0, 0, 0], "GV": ["1", "1", 0, 0, 0, 0, 0, 0, "1", 0, "1", 0, 0, "1", 0, 0, 0, 0, 0, "2", "2", 0, "1", 0, "2", 0, 0, "2", 0, "2", 0, 0, "5", 0, 0, 0, "1", "1", 0, 0, 0], "TK": [0, 0, 0, "1", 0, 0, "1", 0, 0, "1", 0, 0, 0, 0, 0, 0, 0, "1", 0, 0, "1", "3", "1", 0, 0, 0, "1", "1", 0, 0, 0, 0, 0, 0, 0, 0, 0, 0, 0, 0, 0], "BS": [0, 0, "1", "5", 0, 0, 0, 0, 0, 0, "1", "1", "5", "1", "1", 0, "1", 0, 0, 0, "1", "3", "1", 0, 0, 0, 0, 0, 0, "1", "1", 0, 0, 0, 0, "1", "2", 0, 0, 0, 0], "FW": [0, 0, 0, 0, 0, "1", 0, "1", 0, "11", 0, 0, 0, 0, 0, "7", "6", "10", 0, 0, 0, 0, 0, 0, "6", 0, 0, "4", 0, "13", "2", "0", 0, "7", 0, 0, 0, 0, 0, 0, 0], "FL": [0, 0, 0, 0, 0, "0", 0, "1", 0, "4", 0, 0, 0, 0, 0, "5", "8", "14", 0, 0, 0, 0, 0, 0, "9", 0, 0, "10", 0, "8", "4", "1", 0, "4", 0, 0, 0, 0, 0, 0, 0], "F%": [0, 0, 0, 0, 0, "100", 0, "50", 0, "73", 0, 0, 0, 0, 0, "58", "43", "42", 0, 0, 0, 0, 0, 0, "40", 0, 0, "29", 0, "62", "33", "0", 0, "64", 0, 0, 0, 0, 0, 0, 0], "team": ["NEW YORK ISLANDERS ", "NEW YORK ISLANDERS ", "NEW YORK ISLANDERS ", "NEW YORK ISLANDERS ", "NEW YORK ISLANDERS ", "NEW YORK ISLANDERS ", "NEW YORK ISLANDERS ", "NEW YORK ISLANDERS ", "NEW YORK ISLANDERS ", "NEW YORK ISLANDERS ", "NEW YORK ISLANDERS ", "NEW YORK ISLANDERS ", "NEW YORK ISLANDERS ", "NEW YORK ISLANDERS ", "NEW YORK ISLANDERS ", "NEW YORK ISLANDERS ", "NEW YORK ISLANDERS ", "NEW YORK ISLANDERS ", "NEW YORK ISLANDERS ", "NEW YORK ISLANDERS ", "NEW YORK RANGERS ", "NEW YORK RANGERS ", "NEW YORK RANGERS ", "NEW YORK RANGERS ", "NEW YORK RANGERS ", "NEW YORK RANGERS ", "NEW YORK RANGERS ", "NEW YORK RANGERS ", "NEW YORK RANGERS ", "NEW YORK RANGERS ", "NEW YORK RANGERS ", "NEW YORK RANGERS ", "NEW YORK RANGERS ", "NEW YORK RANGERS ", "NEW YORK RANGERS ", "NEW YORK RANGERS ", "NEW YORK RANGERS ", "NEW YORK RANGERS ", "NEW YORK RANGERS ", "NEW YORK RANGERS ", "NEW YORK RANGERS "], "GA": [0, 0, 0, 0, 0, 0, 0, 0, 0, 0, 0, 0, 0, 0, 0, 0, 0, 0, 0.0, "3", 0, 0, 0, 0, 0, 0, 0, 0, 0, 0, 0, 0, 0, 0, 0, 0, 0, 0, 0, "4", 0], "SA": [0, 0, 0, 0, 0, 0, 0, 0, 0, 0, 0, 0, 0, 0, 0, 0, 0, 0, 0.0, "33", 0, 0, 0, 0, 0, 0, 0, 0, 0, 0, 0, 0, 0, 0, 0, 0, 0, 0, 0, "36", 0]}}