{"game_info": {"date": "2013-10-19", "visitor": "COLORADO AVALANCHE ", "home": "BUFFALO SABRES ", "game_id": 112, "status": "final"}, "player_stats": {"number": ["5", "6", "7", "8", "9", "11", "15", "16", "17", "24", "26", "29", "40", "44", "58", "61", "90", "92", "1", "35", "3", "4", "6", "9", "10", "19", "20", "21", "22", "25", "26", "28", "32", "57", "61", "63", "65", "82", "1", "30"], "position": ["D", "D", "C", "D", "C", "L", "R", "D", "R", "R", "C", "C", "L", "D", "L", "D", "C", "L", "G", "G", "D", "D", "D", "C", "D", "C", "D", "R", "L", "C", "L", "C", "L", "D", "D", "C", "C", "L", "G", "G"], "name": ["GUENIN, NATE", "JOHNSON, ERIK", "MITCHELL, JOHN", "HEJDA, JAN", "DUCHENE, MATT", "MCGINN, JAMIE", "PARENTEAU, PA", "SARICH, CORY", "DOWNIE, STEVE", "CLICHE, MARC-ANDRE", "STASTNY, PAUL", "MACKINNON, NATHAN", "TANGUAY, ALEX", "WILSON, RYAN", "BORDELEAU, PATRICK", "BENOIT, ANDRE", "O'REILLY, RYAN", "LANDESKOG, GABRIEL", "VARLAMOV, SEMYON", "GIGUERE, JEAN-SEBASTIEN", "PYSYK, MARK", "MCBAIN, JAMIE", "WEBER, MIKE", "OTT, STEVE", "EHRHOFF, CHRISTIAN", "HODGSON, CODY", "TALLINDER, HENRIK", "STAFFORD, DREW", "LARSSON, JOHAN", "GRIGORENKO, MIKHAIL", "VANEK, THOMAS", "GIRGENSONS, ZEMGUS", "SCOTT, JOHN", "MYERS, TYLER", "ZADOROV, NIKITA", "ENNIS, TYLER", "FLYNN, BRIAN", "FOLIGNO, MARCUS", "ENROTH, JHONAS", "MILLER, RYAN"], "G": [0, 0, 0, 0, "1", 0, 0, 0, 0, 0, "1", 0, 0, 0, 0, 0, "1", "1", 0, 0, 0, 0, 0, 0, 0, "1", 0, 0, 0, 0, 0, 0, 0, 0, 0, 0, 0, "1", 0, 0], "A": [0, "1", 0, 0, "1", 0, 0, 0, "1", 0, 0, 0, 0, "1", 0, "1", "1", "1", 0, 0, 0, 0, 0, 0, 0, 0, "1", "1", 0, 0, "1", 0, 0, "1", 0, 0, 0, 0, 0, 0], "P": [0, "1", 0, 0, "2", 0, 0, 0, "1", 0, "1", 0, 0, "1", 0, "1", "2", "2", 0, 0, 0, 0, 0, 0, 0, "1", "1", "1", 0, 0, "1", 0, 0, "1", 0, 0, 0, "1", 0, 0], "+/-": ["+2", 0, 0, 0, 0, 0, "-1", "-1", "+1", 0, "+1", 0, "+1", "+2", 0, "-1", 0, "+1", 0, 0, "-1", "-1", "-1", "-1", "-1", 0, "+1", 0, 0, 0, 0, 0, 0, "+1", 0, "-1", 0, "-1", 0, 0], "PN": [0, 0, 0, 0, 0, 0, 0, 0, "3", 0, "1", 0, "1", 0, 0, 0, 0, 0, 0, 0, 0, 0, "2", 0, 0, 0, 0, 0, "1", 0, 0, 0, 0, "1", 0, 0, 0, 0, 0, 0], "PIM": [0, 0, 0, 0, 0, 0, 0, 0, "17", 0, "2", 0, "2", 0, 0, 0, 0, 0, 0, 0, 0, 0, "7", 0, 0, 0, 0, 0, "2", 0, 0, 0, 0, "2", 0, 0, 0, 0, 0, 0], "TOT": ["16:28", "19:48", "16:18", "22:11", "15:33", "14:18", "15:19", "19:21", "10:24", "09:28", "19:25", "13:58", "19:37", "17:20", "05:59", "20:38", "19:46", "18:14", 0, "59:55", "18:22", "22:12", "11:36", "20:11", "23:37", "16:57", "14:26", "19:14", "14:55", "08:31", "19:26", "14:40", "06:03", "19:08", "11:01", "21:18", "18:38", "17:23", 0, "57:26"], "SHF": ["25", "24", "19", "27", "22", "18", "18", "24", "14", "12", "23", "16", "24", "24", "7", "25", "24", "20", 0, 0, "23", "21", "14", "25", "20", "22", "19", "26", "18", "10", "21", "20", "7", "28", "14", "21", "24", "21", 0, 0], "AVG TOI/SH": ["00:39", "00:49", "00:51", "00:49", "00:42", "00:47", "00:51", "00:48", "00:44", "00:47", "00:50", "00:52", "00:49", "00:43", "00:51", "00:49", "00:49", "00:54", 0, 0, "00:47", "01:03", "00:49", "00:48", "01:10", "00:46", "00:45", "00:44", "00:49", "00:51", "00:55", "00:44", "00:51", "00:41", "00:47", "01:00", "00:46", "00:49", 0, 0], "PP": ["00:00", "02:08", "00:00", "00:00", "02:48", "00:00", "02:15", "00:00", "02:03", "00:00", "01:59", "01:59", "02:57", "00:04", "00:00", "03:31", "02:57", "01:59", 0, "04:56", "01:51", "04:07", "00:02", "02:03", "03:59", "03:55", "00:02", "02:55", "00:00", "00:02", "04:36", "00:07", "00:00", "01:59", "00:00", "03:55", "00:24", "02:03", 0, "04:00"], "SH": ["03:53", "00:05", "03:58", "03:55", "00:03", "01:23", "00:00", "01:57", "00:00", "02:25", "01:13", "00:00", "00:46", "02:05", "00:00", "00:05", "02:10", "00:02", 0, "06:00", "02:15", "00:00", "01:30", "03:03", "02:15", "00:54", "02:41", "02:15", "01:35", "00:00", "00:00", "00:53", "00:00", "01:11", "00:00", "00:00", "01:06", "00:06", 0, "04:56"], "EV": ["12:35", "17:35", "12:20", "18:16", "12:42", "12:55", "13:04", "17:24", "08:21", "07:03", "16:13", "11:59", "15:54", "15:11", "05:59", "17:02", "14:39", "16:13", 0, "48:59", "14:16", "18:05", "10:04", "15:05", "17:23", "12:08", "11:43", "14:04", "13:20", "08:29", "14:50", "13:40", "06:03", "15:58", "11:01", "17:23", "17:08", "15:14", 0, "48:30"], "S": [0, 0, "3", "2", "3", "1", "2", 0, "3", "1", "1", "1", "1", 0, 0, "2", "5", "1", 0, 0, 0, 0, "1", "3", "3", "1", "2", "5", "1", 0, "2", 0, 0, "2", 0, "5", "2", "3", 0, 0], "A/B": ["1", 0, 0, 0, 0, "1", 0, 0, 0, "1", "1", 0, 0, 0, 0, "1", 0, "2", 0, 0, 0, "2", "1", "3", "1", "1", "1", 0, 0, 0, 0, 0, 0, "2", 0, "1", 0, 0, 0, 0], "MS": [0, 0, "1", "1", "1", "2", 0, "1", "1", 0, 0, 0, 0, 0, 0, 0, 0, 0, 0, 0, 0, "2", "1", 0, "1", 0, 0, 0, 0, "1", 0, 0, 0, 0, 0, "1", "1", "1", 0, 0], "HT": ["1", "1", "2", "2", "1", "1", 0, 0, 0, "1", "1", 0, 0, 0, "5", 0, "1", "2", 0, 0, 0, 0, "1", "3", "1", 0, "1", 0, "2", "1", "1", "6", "3", 0, "3", "2", "2", "3", 0, 0], "GV": [0, 0, 0, "1", 0, 0, "1", 0, 0, 0, 0, "1", "1", "1", 0, 0, "1", "1", 0, "1", 0, "1", 0, "1", 0, 0, 0, 0, "1", 0, "1", 0, "1", "1", 0, "1", 0, 0, 0, 0], "TK": [0, 0, 0, 0, "1", 0, 0, 0, 0, 0, 0, 0, 0, 0, 0, 0, 0, 0, 0, 0, 0, 0, 0, "1", 0, 0, 0, 0, 0, 0, 0, 0, 0, 0, 0, "1", 0, "2", 0, 0], "BS": ["2", "2", "1", "2", 0, 0, 0, "1", 0, 0, "1", 0, 0, 0, 0, "1", 0, "2", 0, 0, "4", "1", 0, 0, "1", 0, 0, 0, 0, 0, 0, 0, 0, 0, 0, 0, 0, "1", 0, 0], "FW": [0, 0, "2", 0, "9", 0, "1", "0", 0, "0", "11", "5", "1", 0, 0, 0, "2", 0, 0, 0, 0, 0, 0, "3", 0, "9", 0, 0, "9", "5", 0, 0, 0, 0, 0, "1", "1", "6", 0, 0], "FL": [0, 0, "2", 0, "8", 0, "4", "1", 0, "3", "9", "5", "0", 0, 0, 0, "2", 0, 0, 0, 0, 0, 0, "4", 0, "10", 0, 0, "5", "3", 0, 0, 0, 0, 0, "1", "1", "7", 0, 0], "F%": [0, 0, "50", 0, "53", 0, "20", "0", 0, "0", "55", "50", "100", 0, 0, 0, "50", 0, 0, 0, 0, 0, 0, "43", 0, "47", 0, 0, "64", "63", 0, 0, 0, 0, 0, "50", "50", "46", 0, 0], "team": ["COLORADO AVALANCHE ", "COLORADO AVALANCHE ", "COLORADO AVALANCHE ", "COLORADO AVALANCHE ", "COLORADO AVALANCHE ", "COLORADO AVALANCHE ", "COLORADO AVALANCHE ", "COLORADO AVALANCHE ", "COLORADO AVALANCHE ", "COLORADO AVALANCHE ", "COLORADO AVALANCHE ", "COLORADO AVALANCHE ", "COLORADO AVALANCHE ", "COLORADO AVALANCHE ", "COLORADO AVALANCHE ", "COLORADO AVALANCHE ", "COLORADO AVALANCHE ", "COLORADO AVALANCHE ", "COLORADO AVALANCHE ", "COLORADO AVALANCHE ", "BUFFALO SABRES ", "BUFFALO SABRES ", "BUFFALO SABRES ", "BUFFALO SABRES ", "BUFFALO SABRES ", "BUFFALO SABRES ", "BUFFALO SABRES ", "BUFFALO SABRES ", "BUFFALO SABRES ", "BUFFALO SABRES ", "BUFFALO SABRES ", "BUFFALO SABRES ", "BUFFALO SABRES ", "BUFFALO SABRES ", "BUFFALO SABRES ", "BUFFALO SABRES ", "BUFFALO SABRES ", "BUFFALO SABRES ", "BUFFALO SABRES ", "BUFFALO SABRES "], "GA": [0, 0, 0, 0, 0, 0, 0, 0, 0, 0, 0, 0, 0, 0, 0, 0, 0, 0, 0.0, "2", 0, 0, 0, 0, 0, 0, 0, 0, 0, 0, 0, 0, 0, 0, 0, 0, 0, 0, 0, "4"], "SA": [0, 0, 0, 0, 0, 0, 0, 0, 0, 0, 0, 0, 0, 0, 0, 0, 0, 0, 0.0, "30", 0, 0, 0, 0, 0, 0, 0, 0, 0, 0, 0, 0, 0, 0, 0, 0, 0, 0, 0, "26"]}}