{"game_info": {"date": "2014-04-04", "visitor": "EDMONTON OILERS ", "home": "PHOENIX COYOTES ", "game_id": 1158, "status": "final"}, "player_stats": {"number": ["2", "4", "5", "13", "14", "19", "23", "27", "36", "41", "51", "57", "77", "84", "85", "89", "93", "94", "30", "35", "3", "4", "10", "11", "14", "17", "18", "19", "20", "23", "24", "26", "28", "38", "50", "53", "63", "89", "1", "40"], "position": ["D", "L", "D", "R", "C", "D", "C", "C", "D", "R", "C", "L", "D", "D", "D", "C", "C", "L", "G", "G", "D", "D", "R", "C", "C", "R", "R", "R", "D", "D", "C", "D", "L", "C", "C", "D", "C", "L", "G", "G"], "name": ["PETRY, JEFF", "HALL, TAYLOR", "FRASER, MARK", "PINIZZOTTO, STEVEN", "EBERLE, JORDAN", "SCHULTZ, JUSTIN", "HENDRICKS, MATT", "GORDON, BOYD", "LARSEN, PHILIP", "ACTON, WILL", "LANDER, ANTON", "PERRON, DAVID", "BELOV, ANTON", "KLEFBOM, OSCAR", "MARINCIN, MARTIN", "GAGNER, SAM", "NUGENT-HOPKINS, RYAN", "SMYTH, RYAN", "SCRIVENS, BEN", "FASTH, VIKTOR", "YANDLE, KEITH", "MICHALEK, ZBYNEK", "ERAT, MARTIN", "HANZAL, MARTIN", "HALPERN, JEFF", "VRBATA, RADIM", "MOSS, DAVID", "DOAN, SHANE", "SUMMERS, CHRIS", "EKMAN-LARSSON, OLIVER", "CHIPCHURA, KYLE", "STONE, MICHAEL", "KORPIKOSKI, LAURI", "MCMILLAN, BRANDON", "VERMETTE, ANTOINE", "MORRIS, DEREK", "RIBEIRO, MIKE", "BOEDKER, MIKKEL", "GREISS, THOMAS", "VISENTIN, MARK"], "G": [0, 0, 0, 0, 0, "1", 0, 0, 0, 0, 0, 0, 0, 0, 0, "1", 0, 0, 0, 0, 0, 0, 0, 0, 0, 0, 0, 0, 0, "1", "1", 0, 0, 0, 0, 0, 0, 0, 0, 0], "A": [0, "1", 0, 0, "2", 0, 0, 0, 0, 0, 0, 0, 0, 0, 0, 0, 0, 0, 0, 0, "1", 0, "1", 0, 0, 0, 0, 0, 0, "1", 0, 0, 0, 0, 0, 0, 0, "1", 0, 0], "P": [0, "1", 0, 0, "2", "1", 0, 0, 0, 0, 0, 0, 0, 0, 0, "1", 0, 0, 0, 0, "1", 0, "1", 0, 0, 0, 0, 0, 0, "2", "1", 0, 0, 0, 0, 0, 0, "1", 0, 0], "+/-": ["-1", "+2", "+1", 0, "+2", "+2", "-1", 0, 0, 0, 0, 0, 0, 0, "-1", 0, "+2", 0, 0, 0, 0, "-1", "+1", "-1", 0, 0, 0, "-1", 0, "-1", "+1", 0, "-2", 0, "-1", 0, 0, 0, 0, 0], "PN": ["1", 0, 0, 0, 0, 0, 0, 0, 0, 0, 0, 0, "1", 0, 0, 0, 0, 0, 0, 0, "1", 0, 0, 0, 0, 0, 0, 0, 0, 0, 0, 0, 0, 0, 0, 0, 0, 0, 0, 0], "PIM": ["2", 0, 0, 0, 0, 0, 0, 0, 0, 0, 0, 0, "2", 0, 0, 0, 0, 0, 0, 0, "2", 0, 0, 0, 0, 0, 0, 0, 0, 0, 0, 0, 0, 0, 0, 0, 0, 0, 0, 0], "TOT": ["26:11", "24:38", "18:46", "08:41", "22:51", "26:22", "13:01", "11:06", "12:00", "08:39", "13:29", "20:26", "12:51", "21:57", "20:14", "20:02", "24:20", "13:02", "64:11", 0, "25:08", "23:33", "14:53", "10:33", "11:38", "16:34", "14:47", "22:00", "17:27", "24:01", "13:41", "19:22", "18:05", "07:26", "22:12", "20:55", "13:03", "22:42", "65:00", 0], "SHF": ["29", "30", "25", "17", "30", "34", "19", "23", "19", "16", "22", "27", "21", "33", "24", "26", "30", "23", 0, 0, "33", "33", "21", "16", "18", "26", "23", "29", "24", "33", "21", "28", "28", "14", "30", "29", "17", "30", 0, 0], "AVG TOI/SH": ["00:54", "00:49", "00:45", "00:30", "00:45", "00:46", "00:41", "00:28", "00:37", "00:32", "00:36", "00:45", "00:36", "00:39", "00:50", "00:46", "00:48", "00:34", 0, 0, "00:45", "00:42", "00:42", "00:39", "00:38", "00:38", "00:38", "00:45", "00:43", "00:43", "00:39", "00:41", "00:38", "00:31", "00:44", "00:43", "00:46", "00:45", 0, 0], "PP": ["00:00", "01:59", "00:00", "00:00", "01:07", "01:52", "00:00", "00:00", "00:08", "00:00", "00:53", "00:01", "00:00", "00:00", "00:53", "00:44", "01:16", "01:07", "02:00", 0, "02:13", "00:00", "00:07", "00:00", "00:07", "01:14", "00:07", "00:52", "00:00", "01:10", "00:00", "01:03", "01:14", "00:00", "00:52", "00:00", "01:14", "00:52", "02:13", 0], "SH": ["01:31", "00:02", "01:36", "00:00", "00:00", "00:42", "01:20", "01:24", "00:00", "00:47", "00:46", "00:00", "00:00", "00:07", "00:30", "00:00", "00:07", "00:00", "02:13", 0, "00:00", "01:22", "00:00", "00:00", "01:23", "00:00", "00:23", "00:00", "01:22", "00:38", "00:00", "00:38", "00:37", "01:00", "00:37", "00:00", "00:00", "00:00", "02:00", 0], "EV": ["24:40", "22:37", "17:10", "08:41", "21:44", "23:48", "11:41", "09:42", "11:52", "07:52", "11:50", "20:25", "12:51", "21:50", "18:51", "19:18", "22:57", "11:55", "59:58", 0, "22:55", "22:11", "14:46", "10:33", "10:08", "15:20", "14:17", "21:08", "16:05", "22:13", "13:41", "17:41", "16:14", "06:26", "20:43", "20:55", "11:49", "21:50", "60:47", 0], "S": ["4", 0, 0, 0, "2", "4", 0, "1", 0, "2", 0, "3", "2", "2", "1", "2", "2", "1", 0, 0, "3", "1", 0, "1", 0, "5", "1", "1", 0, "6", "1", 0, "1", "1", "1", "2", 0, "2", 0, 0], "A/B": ["1", "2", "2", 0, "1", "1", "3", "2", 0, 0, 0, "2", 0, "3", 0, 0, 0, 0, 0, 0, 0, 0, 0, 0, 0, "3", 0, "2", 0, 0, 0, "1", "1", 0, "1", "1", "1", "2", 0, 0], "MS": ["1", 0, "1", "1", "1", 0, 0, "1", 0, "1", 0, "2", 0, 0, 0, "2", "1", "1", 0, 0, "4", "1", "1", 0, "1", 0, 0, 0, "1", "1", 0, "2", "1", 0, 0, "1", 0, "1", 0, 0], "HT": ["3", "1", "2", 0, 0, "1", "3", 0, "1", "2", "2", "4", 0, 0, 0, 0, 0, "1", 0, 0, 0, 0, 0, "2", 0, 0, "1", 0, "1", 0, "7", "2", "5", "1", "2", "2", 0, "6", 0, 0], "GV": [0, "1", 0, 0, "4", 0, 0, 0, 0, 0, 0, 0, 0, "1", 0, 0, "1", 0, 0, 0, 0, 0, 0, 0, 0, 0, 0, 0, 0, 0, 0, 0, 0, 0, 0, "1", 0, "1", 0, 0], "TK": [0, 0, "1", 0, "2", 0, 0, 0, 0, "1", 0, 0, 0, "1", 0, 0, "2", 0, 0, 0, 0, "1", "2", "1", 0, 0, 0, "1", 0, 0, "1", 0, 0, 0, 0, 0, 0, "1", 0, 0], "BS": [0, 0, "3", 0, 0, "3", 0, 0, 0, 0, "1", 0, 0, "2", "3", 0, 0, 0, 0, 0, "2", "3", "1", 0, "1", 0, 0, 0, "1", "1", 0, "4", "1", 0, 0, "3", 0, 0, 0, 0], "FW": [0, 0, 0, 0, 0, 0, "1", "10", 0, "2", "1", 0, 0, 0, 0, "5", "7", "1", 0, 0, 0, 0, 0, "6", "6", "1", 0, "0", 0, 0, "7", 0, 0, 0, "14", 0, "7", 0, 0, 0], "FL": [0, 0, 0, 0, 0, 0, "2", "8", 0, "3", "1", 0, 0, 0, 0, "9", "18", "0", 0, 0, 0, 0, 0, "6", "5", "0", 0, "1", 0, 0, "3", 0, 0, 0, "9", 0, "3", 0, 0, 0], "F%": [0, 0, 0, 0, 0, 0, "33", "56", 0, "40", "50", 0, 0, 0, 0, "36", "28", "100", 0, 0, 0, 0, 0, "50", "55", "100", 0, "0", 0, 0, "70", 0, 0, 0, "61", 0, "70", 0, 0, 0], "team": ["EDMONTON OILERS ", "EDMONTON OILERS ", "EDMONTON OILERS ", "EDMONTON OILERS ", "EDMONTON OILERS ", "EDMONTON OILERS ", "EDMONTON OILERS ", "EDMONTON OILERS ", "EDMONTON OILERS ", "EDMONTON OILERS ", "EDMONTON OILERS ", "EDMONTON OILERS ", "EDMONTON OILERS ", "EDMONTON OILERS ", "EDMONTON OILERS ", "EDMONTON OILERS ", "EDMONTON OILERS ", "EDMONTON OILERS ", "EDMONTON OILERS ", "EDMONTON OILERS ", "PHOENIX COYOTES ", "PHOENIX COYOTES ", "PHOENIX COYOTES ", "PHOENIX COYOTES ", "PHOENIX COYOTES ", "PHOENIX COYOTES ", "PHOENIX COYOTES ", "PHOENIX COYOTES ", "PHOENIX COYOTES ", "PHOENIX COYOTES ", "PHOENIX COYOTES ", "PHOENIX COYOTES ", "PHOENIX COYOTES ", "PHOENIX COYOTES ", "PHOENIX COYOTES ", "PHOENIX COYOTES ", "PHOENIX COYOTES ", "PHOENIX COYOTES ", "PHOENIX COYOTES ", "PHOENIX COYOTES "], "GA": [0, 0, 0, 0, 0, 0, 0, 0, 0, 0, 0, 0, 0, 0, 0, 0, 0, 0, "2", 0, 0, 0, 0, 0, 0, 0, 0, 0, 0, 0, 0, 0, 0, 0, 0, 0, 0, 0, "2", 0], "SA": [0, 0, 0, 0, 0, 0, 0, 0, 0, 0, 0, 0, 0, 0, 0, 0, 0, 0, "26", 0, 0, 0, 0, 0, 0, 0, 0, 0, 0, 0, 0, 0, 0, 0, 0, 0, 0, 0, "26", 0]}}