{"game_info": {"date": "2014-03-04", "visitor": "FLORIDA PANTHERS ", "home": "BOSTON BRUINS ", "game_id": 924, "status": "final"}, "player_stats": {"number": ["4", "7", "11", "12", "14", "15", "17", "19", "20", "21", "24", "27", "44", "51", "55", "57", "73", "77", "30", "34", "11", "12", "17", "18", "20", "22", "23", "27", "33", "34", "37", "38", "43", "46", "47", "55", "63", "86", "30", "40"], "position": ["D", "D", "C", "R", "L", "C", "C", "R", "L", "R", "R", "C", "D", "D", "D", "C", "C", "D", "G", "G", "C", "R", "L", "R", "L", "L", "C", "D", "D", "C", "C", "R", "D", "C", "D", "D", "C", "D", "G", "G"], "name": ["OLSEN, DYLAN", "KULIKOV, DMITRY", "HUBERDEAU, JONATHAN", "HAYES, JIMMY", "FLEISCHMANN, TOMAS", "SHORE, DREW", "WINCHESTER, JESSE", "UPSHALL, SCOTTIE", "BERGENHEIM, SEAN", "BARCH, KRYS", "BOYES, BRAD", "BJUGSTAD, NICK", "GUDBRANSON, ERIK", "CAMPBELL, BRIAN", "JOVANOVSKI, ED", "GOC, MARCEL", "PIRRI, BRANDON", "GILBERT, TOM", "CLEMMENSEN, SCOTT", "THOMAS, TIM", "CAMPBELL, GREGORY", "IGINLA, JAROME", "LUCIC, MILAN", "SMITH, REILLY", "PAILLE, DANIEL", "THORNTON, SHAWN", "KELLY, CHRIS", "HAMILTON, DOUGIE", "CHARA, ZDENO", "SODERBERG, CARL", "BERGERON, PATRICE", "CARON, JORDAN", "BARTKOWSKI, MATT", "KREJCI, DAVID", "KRUG, TOREY", "BOYCHUK, JOHNNY", "MARCHAND, BRAD", "MILLER, KEVAN", "JOHNSON, CHAD", "RASK, TUUKKA"], "G": [0, 0, 0, 0, 0, 0, 0, 0, 0, 0, 0, 0, 0, "1", 0, 0, 0, 0, 0, 0, 0, "1", 0, 0, 0, 0, 0, 0, 0, 0, 0, 0, 0, "3", 0, 0, 0, 0, 0, 0], "A": [0, 0, 0, 0, 0, 0, 0, 0, "1", 0, 0, 0, 0, 0, 0, 0, 0, 0, 0, 0, 0, "1", "1", 0, 0, 0, "1", 0, 0, 0, 0, "1", 0, 0, 0, 0, 0, "1", 0, 0], "P": [0, 0, 0, 0, 0, 0, 0, 0, "1", 0, 0, 0, 0, "1", 0, 0, 0, 0, 0, 0, 0, "2", "1", 0, 0, 0, "1", 0, 0, 0, 0, "1", 0, "3", 0, 0, 0, "1", 0, 0], "+/-": ["-1", "-3", "-1", 0, "-2", 0, "-1", 0, "-1", 0, "-2", "-3", "-1", 0, "-1", 0, 0, 0, 0, 0, 0, "+3", "+2", 0, "-1", "-1", 0, "+1", "+3", 0, "+1", "+2", 0, "+3", 0, "+2", 0, 0, 0, 0], "PN": [0, 0, 0, 0, 0, "1", 0, 0, "1", "2", 0, 0, 0, 0, 0, 0, 0, 0, 0, 0, 0, 0, "1", 0, 0, "1", 0, "1", 0, 0, 0, "2", 0, 0, 0, 0, 0, 0, 0, 0], "PIM": [0, 0, 0, 0, 0, "2", 0, 0, "2", "10", 0, 0, 0, 0, 0, 0, 0, 0, 0, 0, 0, 0, "5", 0, 0, "5", 0, "2", 0, 0, 0, "4", 0, 0, 0, 0, 0, 0, 0, 0], "TOT": ["16:02", "24:28", "12:39", "11:17", "19:21", "11:09", "10:29", "17:24", "21:23", "05:10", "21:04", "20:50", "16:32", "23:57", "15:52", "16:31", "10:44", "21:55", 0, "59:13", "12:57", "19:17", "16:24", "13:08", "13:09", "09:56", "15:15", "15:55", "25:15", "14:16", "16:46", "12:18", "21:55", "17:51", "15:07", "24:17", "14:09", "16:07", "60:00", 0], "SHF": ["28", "33", "22", "19", "26", "22", "18", "25", "28", "9", "28", "27", "26", "27", "25", "25", "18", "26", 0, 0, "19", "21", "20", "18", "18", "13", "20", "22", "28", "17", "25", "16", "27", "21", "22", "29", "21", "27", 0, 0], "AVG TOI/SH": ["00:34", "00:44", "00:34", "00:35", "00:44", "00:30", "00:34", "00:41", "00:45", "00:34", "00:45", "00:46", "00:38", "00:53", "00:38", "00:39", "00:35", "00:50", 0, 0, "00:40", "00:55", "00:49", "00:43", "00:43", "00:45", "00:45", "00:43", "00:54", "00:50", "00:40", "00:46", "00:48", "00:51", "00:41", "00:50", "00:40", "00:35", 0, 0], "PP": ["00:00", "03:43", "00:52", "01:02", "02:40", "02:03", "00:28", "02:05", "03:00", "00:00", "03:03", "03:03", "00:09", "02:24", "02:38", "00:28", "00:24", "01:48", 0, "05:58", "00:00", "02:07", "02:07", "01:44", "00:00", "00:00", "00:00", "01:53", "02:16", "01:53", "01:53", "00:00", "00:00", "02:07", "02:16", "00:00", "01:44", "00:00", "04:00", 0], "SH": ["01:40", "02:23", "00:00", "00:00", "01:04", "00:43", "01:32", "00:47", "00:50", "00:00", "00:58", "00:20", "01:16", "00:21", "01:16", "01:46", "00:00", "01:04", 0, "04:00", "01:59", "00:33", "00:00", "00:00", "01:47", "00:00", "01:59", "00:00", "03:44", "00:00", "02:46", "00:29", "02:00", "00:21", "00:00", "04:04", "02:02", "02:08", "05:58", 0], "EV": ["14:22", "18:22", "11:47", "10:15", "15:37", "08:23", "08:29", "14:32", "17:33", "05:10", "17:03", "17:27", "15:07", "21:12", "11:58", "14:17", "10:20", "19:03", 0, "49:15", "10:58", "16:37", "14:17", "11:24", "11:22", "09:56", "13:16", "14:02", "19:15", "12:23", "12:07", "11:49", "19:55", "15:23", "12:51", "20:13", "10:23", "13:59", "50:02", 0], "S": ["1", "2", "3", 0, "4", 0, "1", "1", "2", 0, "2", "2", 0, "1", 0, "2", 0, "3", 0, 0, "1", "4", "5", "2", "1", "1", 0, "1", "3", "1", "3", "3", "1", "7", "2", "2", "1", "1", 0, 0], "A/B": ["3", 0, 0, "1", 0, 0, 0, "1", 0, 0, 0, "2", 0, "3", "2", 0, "1", 0, 0, 0, 0, "2", 0, "2", 0, 0, "2", "1", "1", 0, "1", 0, "1", 0, "1", 0, 0, "1", 0, 0], "MS": [0, "4", 0, 0, "1", 0, 0, "2", 0, 0, "1", "1", "2", 0, 0, "1", "1", "1", 0, 0, 0, "2", 0, "1", 0, 0, "2", 0, 0, 0, 0, 0, 0, 0, 0, 0, "1", 0, 0, 0], "HT": ["3", "3", 0, "1", "1", "1", "1", "3", "2", 0, 0, "1", "3", "1", 0, "1", 0, "2", 0, 0, 0, 0, 0, 0, "1", "5", 0, "3", "3", 0, 0, "4", 0, "1", 0, "4", 0, "1", 0, 0], "GV": ["1", 0, 0, 0, "1", 0, 0, 0, 0, 0, 0, "1", 0, "1", 0, 0, 0, "2", 0, 0, 0, 0, "3", 0, 0, 0, 0, 0, 0, 0, 0, 0, "2", "1", 0, 0, "2", 0, 0, 0], "TK": [0, 0, 0, 0, 0, "1", 0, "1", "1", 0, 0, 0, "1", 0, 0, 0, 0, 0, 0, 0, 0, 0, 0, 0, 0, "1", "1", 0, "3", 0, 0, 0, "1", 0, 0, 0, 0, 0, 0, 0], "BS": ["2", "3", 0, 0, 0, 0, 0, 0, 0, 0, "1", "1", 0, "2", "1", 0, 0, "2", 0, 0, 0, 0, 0, 0, "2", "1", 0, "1", "1", 0, "1", "1", 0, "2", 0, "1", 0, "3", 0, 0], "FW": [0, 0, "0", "1", "0", "2", "2", 0, 0, 0, "1", "12", 0, 0, 0, "8", "3", 0, 0, 0, "5", 0, "0", 0, 0, 0, "7", 0, 0, "4", "14", 0, 0, "6", 0, 0, 0, 0, 0, 0], "FL": [0, 0, "1", "0", "1", "7", "1", 0, 0, 0, "1", "7", 0, 0, 0, "11", "7", 0, 0, 0, "5", 0, "1", 0, 0, 0, "3", 0, 0, "4", "9", 0, 0, "7", 0, 0, 0, 0, 0, 0], "F%": [0, 0, "0", "100", "0", "22", "67", 0, 0, 0, "50", "63", 0, 0, 0, "42", "30", 0, 0, 0, "50", 0, "0", 0, 0, 0, "70", 0, 0, "50", "61", 0, 0, "46", 0, 0, 0, 0, 0, 0], "team": ["FLORIDA PANTHERS ", "FLORIDA PANTHERS ", "FLORIDA PANTHERS ", "FLORIDA PANTHERS ", "FLORIDA PANTHERS ", "FLORIDA PANTHERS ", "FLORIDA PANTHERS ", "FLORIDA PANTHERS ", "FLORIDA PANTHERS ", "FLORIDA PANTHERS ", "FLORIDA PANTHERS ", "FLORIDA PANTHERS ", "FLORIDA PANTHERS ", "FLORIDA PANTHERS ", "FLORIDA PANTHERS ", "FLORIDA PANTHERS ", "FLORIDA PANTHERS ", "FLORIDA PANTHERS ", "FLORIDA PANTHERS ", "FLORIDA PANTHERS ", "BOSTON BRUINS ", "BOSTON BRUINS ", "BOSTON BRUINS ", "BOSTON BRUINS ", "BOSTON BRUINS ", "BOSTON BRUINS ", "BOSTON BRUINS ", "BOSTON BRUINS ", "BOSTON BRUINS ", "BOSTON BRUINS ", "BOSTON BRUINS ", "BOSTON BRUINS ", "BOSTON BRUINS ", "BOSTON BRUINS ", "BOSTON BRUINS ", "BOSTON BRUINS ", "BOSTON BRUINS ", "BOSTON BRUINS ", "BOSTON BRUINS ", "BOSTON BRUINS "], "GA": [0, 0, 0, 0, 0, 0, 0, 0, 0, 0, 0, 0, 0, 0, 0, 0, 0, 0, 0.0, "3", 0, 0, 0, 0, 0, 0, 0, 0, 0, 0, 0, 0, 0, 0, 0, 0, 0, 0, "1", 0], "SA": [0, 0, 0, 0, 0, 0, 0, 0, 0, 0, 0, 0, 0, 0, 0, 0, 0, 0, 0.0, "38", 0, 0, 0, 0, 0, 0, 0, 0, 0, 0, 0, 0, 0, 0, 0, 0, 0, 0, "24", 0]}}