{"game_info": {"date": "2013-10-01", "visitor": "TORONTO MAPLE LEAFS ", "home": "MONTREAL CANADIENS ", "game_id": 1, "status": "final"}, "player_stats": {"number": ["2", "3", "4", "11", "12", "15", "19", "21", "28", "36", "37", "40", "41", "42", "43", "51", "63", "81", "34", "45", "8", "11", "14", "15", "17", "21", "24", "26", "27", "32", "48", "51", "55", "61", "67", "76", "79", "81", "30", "31", 0], "position": ["D", "D", "D", "C", "L", "D", "R", "L", "R", "D", "R", "R", "L", "C", "C", "D", "C", "C", "G", "G", "L", "R", "C", "R", "R", "R", "D", "D", "C", "L", "C", "C", "D", "D", "L", "D", "D", "C", "G", "G", 0], "name": ["FRASER, MARK", "PHANEUF, DION", "FRANSON, CODY", "MCCLEMENT, JAY", "RAYMOND, MASON", "RANGER, PAUL", "LUPUL, JOFFREY", "VAN RIEMSDYK, JAMES", "ORR, COLTON", "GUNNARSSON, CARL", "ASHTON, CARTER", "BODIE, TROY", "KULEMIN, NIKOLAI", "BOZAK, TYLER", "KADRI, NAZEM", "GARDINER, JAKE", "BOLLAND, DAVE", "KESSEL, PHIL", "REIMER, JAMES", "BERNIER, JONATHAN", "PRUST, BRANDON", "GALLAGHER, BRENDAN", "PLEKANEC, TOMAS", "PARROS, GEORGE", "BOURQUE, RENE", "GIONTA, BRIAN", "TINORDI, JARRED", "GORGES, JOSH", "GALCHENYUK, ALEX", "MOEN, TRAVIS", "BRIERE, DANIEL", "DESHARNAIS, DAVID", "BOUILLON, FRANCIS", "DIAZ, RAPHAEL", "PACIORETTY, MAX", "SUBBAN, P.K.", "MARKOV, ANDREI", "ELLER, LARS", "BUDAJ, PETER", "PRICE, CAREY", "TEAM PENALTY"], "G": [0, "1", 0, 0, "1", 0, 0, "1", 0, 0, 0, 0, 0, "1", 0, 0, 0, 0, 0, 0, 0, "1", 0, 0, 0, 0, 0, 0, 0, 0, 0, 0, 0, 0, 0, 0, 0, "2", 0, 0, 0], "A": [0, 0, "1", 0, 0, 0, 0, 0, 0, 0, 0, "1", "1", 0, "1", 0, 0, "1", 0, 0, 0, 0, 0, 0, 0, 0, 0, 0, "2", 0, 0, 0, 0, "1", 0, 0, 0, "1", 0, 0, 0], "P": [0, "1", "1", 0, "1", 0, 0, "1", 0, 0, 0, "1", "1", "1", "1", 0, 0, "1", 0, 0, 0, "1", 0, 0, 0, 0, 0, 0, "2", 0, 0, 0, 0, "1", 0, 0, 0, "3", 0, 0, 0], "+/-": [0, "+1", "+1", "+1", 0, "-1", "-1", "-1", 0, "+1", "+1", "+1", "+1", "-1", 0, "-2", "+1", "-2", 0, 0, 0, "+1", "-1", 0, 0, "-1", 0, "+1", "+2", 0, "-1", "-1", "-1", 0, "-2", 0, 0, "+2", 0, 0, 0], "PN": ["4", "1", 0, 0, 0, 0, 0, "1", "3", 0, "1", 0, 0, 0, "1", 0, "1", 0, 0, 0, "2", 0, "1", "3", 0, 0, "1", 0, 0, "2", "1", 0, 0, 0, "1", 0, "1", "1", 0, 0, "1"], "PIM": ["14", "2", 0, 0, 0, 0, 0, "2", "20", 0, "5", 0, 0, 0, "2", 0, "2", 0, 0, 0, "7", 0, "4", "20", 0, 0, "5", 0, 0, "7", "2", 0, 0, 0, "2", 0, "2", "2", 0, 0, "2"], "TOT": ["10:37", "27:01", "25:27", "13:09", "18:26", "19:38", "17:04", "21:00", "02:47", "18:35", "03:40", "08:37", "14:23", "21:13", "17:38", "19:00", "12:46", "21:11", "59:48", 0, "12:07", "11:26", "18:06", "04:17", "14:57", "15:21", "14:47", "23:14", "13:23", "12:14", "16:51", "18:24", "14:27", "20:51", "13:54", "24:41", "22:00", "16:20", 0, "59:02", 0], "SHF": ["15", "31", "33", "18", "25", "31", "25", "26", "5", "30", "6", "11", "26", "27", "23", "27", "20", "25", 0, 0, "17", "17", "25", "7", "19", "20", "21", "30", "19", "16", "18", "22", "20", "29", "19", "27", "25", "24", 0, 0, 0], "AVG TOI/SH": ["00:42", "00:52", "00:46", "00:43", "00:44", "00:38", "00:40", "00:48", "00:33", "00:37", "00:36", "00:47", "00:33", "00:47", "00:46", "00:42", "00:38", "00:50", 0, 0, "00:42", "00:40", "00:43", "00:36", "00:47", "00:46", "00:42", "00:46", "00:42", "00:45", "00:56", "00:50", "00:43", "00:43", "00:43", "00:54", "00:52", "00:40", 0, 0, 0], "PP": ["00:00", "07:49", "07:06", "00:00", "04:22", "03:39", "04:22", "07:13", "00:00", "00:00", "00:00", "00:05", "00:12", "06:51", "04:49", "04:46", "00:00", "07:06", "11:40", 0, "00:00", "01:29", "01:57", "00:00", "01:58", "01:57", "00:00", "00:07", "02:26", "00:00", "03:19", "03:19", "02:29", "02:41", "02:21", "05:08", "03:05", "01:29", 0, "06:45", 0], "SH": ["02:37", "03:27", "01:45", "05:01", "02:05", "01:43", "00:00", "01:09", "00:00", "03:40", "00:03", "00:00", "03:07", "01:30", "00:00", "00:18", "00:35", "00:00", "06:45", 0, "03:54", "00:53", "04:46", "00:00", "00:53", "02:18", "04:49", "06:49", "00:16", "04:29", "00:11", "01:39", "00:02", "06:20", "01:28", "00:44", "04:36", "01:50", 0, "11:40", 0], "EV": ["08:00", "15:45", "16:36", "08:08", "11:59", "14:16", "12:42", "12:38", "02:47", "14:55", "03:37", "08:32", "11:04", "12:52", "12:49", "13:56", "12:11", "14:05", "41:23", 0, "08:13", "09:04", "11:23", "04:17", "12:06", "11:06", "09:58", "16:18", "10:41", "07:45", "13:21", "13:26", "11:56", "11:50", "10:05", "18:49", "14:19", "13:01", 0, "40:37", 0], "S": [0, "3", "2", "1", "5", "1", "2", "6", 0, "2", "1", "1", 0, "4", "3", 0, "2", "5", 0, 0, "2", "3", "1", 0, "3", "2", 0, "2", "1", "2", "4", "1", 0, "3", "3", "3", "1", "6", 0, 0, 0], "A/B": [0, "2", 0, 0, 0, "3", "2", "2", 0, 0, 0, 0, 0, 0, 0, "1", "1", "4", 0, 0, 0, 0, 0, 0, "1", "1", 0, 0, 0, "1", "1", 0, "4", "3", 0, "3", 0, "3", 0, 0, 0], "MS": [0, 0, "1", 0, 0, 0, 0, "1", 0, 0, 0, "2", "1", 0, 0, 0, "1", "2", 0, 0, 0, 0, "2", "1", "2", "1", 0, "2", 0, "1", 0, 0, 0, "1", "2", "2", "2", 0, 0, 0, 0], "HT": ["5", "2", "1", "1", "1", "1", 0, "1", "1", "1", 0, "2", "1", "1", "2", 0, "4", "1", 0, 0, "1", "2", "2", "1", "1", 0, "2", "1", "3", "1", 0, 0, "1", "1", "1", "2", 0, "2", 0, 0, 0], "GV": ["1", 0, "2", 0, 0, 0, 0, 0, 0, "1", 0, 0, 0, 0, 0, 0, 0, 0, "1", 0, 0, 0, 0, 0, 0, "1", 0, 0, 0, "1", 0, 0, 0, 0, 0, "2", "4", "1", 0, "1", 0], "TK": [0, 0, 0, 0, 0, 0, "1", 0, 0, 0, 0, 0, 0, "1", 0, 0, "1", 0, 0, 0, 0, 0, 0, 0, 0, 0, 0, "1", 0, "1", "2", "1", 0, 0, "1", 0, 0, "1", 0, 0, 0], "BS": ["3", "1", "4", 0, 0, 0, 0, 0, 0, "2", 0, "1", "1", "2", 0, "2", "1", 0, 0, 0, 0, 0, "1", 0, 0, 0, "2", "2", "1", "2", 0, "1", 0, "2", "1", "1", 0, "2", 0, 0, 0], "FW": [0, 0, 0, "2", 0, 0, 0, 0, 0, 0, 0, 0, "0", "15", "8", 0, "4", "0", 0, 0, "2", 0, "9", 0, "0", "0", 0, 0, 0, 0, "3", "6", 0, 0, 0, 0, 0, "6", 0, 0, 0], "FL": [0, 0, 0, "4", 0, 0, 0, 0, 0, 0, 0, 0, "1", "12", "4", 0, "4", "1", 0, 0, "3", 0, "10", 0, "1", "4", 0, 0, 0, 0, "1", "4", 0, 0, 0, 0, 0, "6", 0, 0, 0], "F%": [0, 0, 0, "33", 0, 0, 0, 0, 0, 0, 0, 0, "0", "56", "67", 0, "50", "0", 0, 0, "40", 0, "47", 0, "0", "0", 0, 0, 0, 0, "75", "60", 0, 0, 0, 0, 0, "50", 0, 0, 0], "team": ["TORONTO MAPLE LEAFS ", "TORONTO MAPLE LEAFS ", "TORONTO MAPLE LEAFS ", "TORONTO MAPLE LEAFS ", "TORONTO MAPLE LEAFS ", "TORONTO MAPLE LEAFS ", "TORONTO MAPLE LEAFS ", "TORONTO MAPLE LEAFS ", "TORONTO MAPLE LEAFS ", "TORONTO MAPLE LEAFS ", "TORONTO MAPLE LEAFS ", "TORONTO MAPLE LEAFS ", "TORONTO MAPLE LEAFS ", "TORONTO MAPLE LEAFS ", "TORONTO MAPLE LEAFS ", "TORONTO MAPLE LEAFS ", "TORONTO MAPLE LEAFS ", "TORONTO MAPLE LEAFS ", "TORONTO MAPLE LEAFS ", "TORONTO MAPLE LEAFS ", "MONTREAL CANADIENS ", "MONTREAL CANADIENS ", "MONTREAL CANADIENS ", "MONTREAL CANADIENS ", "MONTREAL CANADIENS ", "MONTREAL CANADIENS ", "MONTREAL CANADIENS ", "MONTREAL CANADIENS ", "MONTREAL CANADIENS ", "MONTREAL CANADIENS ", "MONTREAL CANADIENS ", "MONTREAL CANADIENS ", "MONTREAL CANADIENS ", "MONTREAL CANADIENS ", "MONTREAL CANADIENS ", "MONTREAL CANADIENS ", "MONTREAL CANADIENS ", "MONTREAL CANADIENS ", "MONTREAL CANADIENS ", "MONTREAL CANADIENS ", "MONTREAL CANADIENS "], "GA": [0, 0, 0, 0, 0, 0, 0, 0, 0, 0, 0, 0, 0, 0, 0, 0, 0, 0, "3", 0, 0, 0, 0, 0, 0, 0, 0, 0, 0, 0, 0, 0, 0, 0, 0, 0, 0, 0, 0, "4", 0], "SA": [0, 0, 0, 0, 0, 0, 0, 0, 0, 0, 0, 0, 0, 0, 0, 0, 0, 0, "37", 0, 0, 0, 0, 0, 0, 0, 0, 0, 0, 0, 0, 0, 0, 0, 0, 0, 0, 0, 0, "38", 0]}}