{"game_info": {"date": "2014-04-03", "visitor": "LOS ANGELES KINGS ", "home": "SAN JOSE SHARKS ", "game_id": 1152, "status": "final"}, "player_stats": {"number": ["2", "6", "8", "10", "11", "12", "13", "14", "22", "23", "26", "27", "28", "44", "70", "71", "73", "77", "31", "32", "5", "7", "8", "9", "10", "12", "15", "18", "19", "22", "27", "39", "44", "57", "61", "81", "83", "88", "31", "32"], "position": ["D", "D", "D", "C", "C", "R", "L", "R", "C", "L", "D", "D", "C", "D", "L", "C", "C", "C", "G", "G", "D", "D", "C", "R", "C", "C", "C", "R", "C", "D", "D", "C", "D", "C", "D", "C", "L", "R", "G", "G"], "name": ["GREENE, MATT", "MUZZIN, JAKE", "DOUGHTY, DREW", "RICHARDS, MIKE", "KOPITAR, ANZE", "GABORIK, MARIAN", "CLIFFORD, KYLE", "WILLIAMS, JUSTIN", "LEWIS, TREVOR", "BROWN, DUSTIN", "VOYNOV, SLAVA", "MARTINEZ, ALEC", "STOLL, JARRET", "REGEHR, ROBYN", "PEARSON, TANNER", "NOLAN, JORDAN", "TOFFOLI, TYLER", "CARTER, JEFF", "JONES, MARTIN", "QUICK, JONATHAN", "DEMERS, JASON", "STUART, BRAD", "PAVELSKI, JOE", "HAVLAT, MARTY", "DESJARDINS, ANDREW", "MARLEAU, PATRICK", "SHEPPARD, JAMES", "BROWN, MIKE", "THORNTON, JOE", "BOYLE, DAN", "HANNAN, SCOTT", "COUTURE, LOGAN", "VLASIC, MARC-EDOUARD", "WINGELS, TOMMY", "BRAUN, JUSTIN", "KENNEDY, TYLER", "NIETO, MATT", "BURNS, BRENT", "NIEMI, ANTTI", "STALOCK, ALEX"], "G": [0, 0, 0, 0, 0, 0, 0, 0, 0, 0, 0, 0, 0, 0, 0, "1", 0, 0, 0, 0, 0, 0, "1", 0, 0, 0, 0, 0, 0, 0, 0, "1", 0, 0, 0, 0, 0, 0, 0, 0], "A": [0, 0, 0, 0, 0, 0, 0, 0, 0, 0, 0, "1", "1", 0, 0, 0, 0, 0, 0, 0, 0, 0, 0, 0, 0, "1", 0, 0, 0, "1", 0, 0, 0, "1", 0, 0, 0, "1", 0, 0], "P": [0, 0, 0, 0, 0, 0, 0, 0, 0, 0, 0, "1", "1", 0, 0, "1", 0, 0, 0, 0, 0, 0, "1", 0, 0, "1", 0, 0, 0, "1", 0, "1", 0, "1", 0, 0, 0, "1", 0, 0], "+/-": [0, 0, 0, 0, "-1", "-1", 0, "-1", 0, "+1", 0, 0, "+1", 0, 0, "+1", 0, 0, 0, 0, "+1", 0, 0, 0, 0, "+1", "-1", 0, 0, "-1", "-1", "+1", "+1", "+1", 0, "-1", "-1", 0, 0, 0], "PN": [0, 0, 0, 0, "1", 0, 0, 0, 0, "1", "1", 0, "1", 0, 0, 0, 0, 0, 0, 0, "2", 0, 0, 0, 0, 0, 0, 0, "1", "1", 0, 0, 0, 0, 0, "1", "1", "1", 0, 0], "PIM": [0, 0, 0, 0, "2", 0, 0, 0, 0, "2", "2", 0, "2", 0, 0, 0, 0, 0, 0, 0, "4", 0, 0, 0, 0, 0, 0, 0, "2", "2", 0, 0, 0, 0, 0, "2", "2", "2", 0, 0], "TOT": ["16:30", "23:05", "05:21", "18:32", "19:24", "19:04", "10:59", "15:18", "11:44", "10:21", "27:44", "23:25", "14:16", "19:45", "14:27", "08:04", "16:41", "19:54", "59:22", 0, "20:40", "19:47", "19:52", "12:58", "10:29", "20:10", "11:13", "08:13", "16:18", "18:19", "15:30", "17:11", "24:29", "15:31", "20:53", "09:29", "10:36", "14:22", "60:00", 0], "SHF": ["25", "33", "5", "21", "22", "21", "14", "21", "15", "14", "32", "31", "22", "26", "19", "13", "20", "22", 0, 0, "28", "30", "29", "17", "16", "31", "17", "12", "26", "24", "23", "29", "28", "26", "31", "14", "18", "22", 0, 0], "AVG TOI/SH": ["00:39", "00:41", "01:04", "00:52", "00:52", "00:54", "00:47", "00:43", "00:46", "00:44", "00:52", "00:45", "00:38", "00:45", "00:45", "00:37", "00:50", "00:54", 0, 0, "00:44", "00:39", "00:41", "00:45", "00:39", "00:39", "00:39", "00:41", "00:37", "00:45", "00:40", "00:35", "00:52", "00:35", "00:40", "00:40", "00:35", "00:39", 0, 0], "PP": ["00:00", "02:50", "01:05", "04:20", "04:24", "04:51", "00:21", "03:04", "00:50", "01:28", "05:06", "04:55", "03:03", "00:21", "01:02", "00:00", "01:52", "05:53", "09:05", 0, "00:05", "00:06", "00:58", "00:21", "00:00", "00:58", "00:00", "00:00", "00:48", "01:04", "00:00", "00:06", "00:05", "00:06", "00:00", "00:00", "00:05", "01:03", "01:09", 0], "SH": ["00:28", "00:00", "00:41", "00:10", "00:00", "00:00", "00:00", "00:00", "00:04", "00:41", "00:00", "00:28", "00:04", "00:41", "00:31", "00:00", "00:24", "00:24", "01:09", 0, "04:14", "04:09", "04:35", "00:17", "02:09", "04:04", "00:00", "00:00", "00:38", "00:00", "00:37", "02:59", "04:56", "02:31", "04:14", "00:00", "00:57", "00:00", "09:05", 0], "EV": ["16:02", "20:15", "03:35", "14:02", "15:00", "14:13", "10:38", "12:14", "10:50", "08:12", "22:38", "18:02", "11:09", "18:43", "12:54", "08:04", "14:25", "13:37", "49:08", 0, "16:21", "15:32", "14:19", "12:20", "08:20", "15:08", "11:13", "08:13", "14:52", "17:15", "14:53", "14:06", "19:28", "12:54", "16:39", "09:29", "09:34", "13:19", "49:46", 0], "S": [0, "3", 0, "1", "2", "3", 0, "2", "3", "3", "2", "3", 0, "2", 0, "2", 0, "1", 0, 0, 0, "1", "3", "1", 0, "2", 0, 0, "2", 0, 0, "5", "1", "1", "2", "1", 0, "2", 0, 0], "A/B": ["2", "4", 0, 0, 0, "2", 0, "2", "1", 0, "1", "7", "1", 0, "1", "2", "2", "2", 0, 0, 0, "1", "2", "1", 0, "1", "1", "1", 0, "2", 0, "3", "1", "2", "2", 0, 0, 0, 0, 0], "MS": ["3", "1", 0, "2", 0, "4", 0, "3", "2", 0, "1", "3", "1", "1", "3", 0, "2", 0, 0, 0, 0, 0, "2", "1", "1", "1", 0, 0, 0, 0, 0, "3", "1", "1", 0, 0, "1", 0, 0, 0], "HT": ["3", "4", "1", "2", "4", 0, "1", 0, 0, "2", "3", "1", "2", "4", 0, "3", 0, "2", 0, 0, "2", "2", "2", "1", "2", "6", "6", "4", "6", "3", "1", 0, 0, "10", 0, "2", 0, "5", 0, 0], "GV": ["1", 0, 0, "2", 0, "2", 0, "1", 0, "1", "3", "1", 0, "1", 0, 0, 0, "2", 0, 0, 0, "1", 0, 0, "3", 0, 0, 0, "1", 0, "1", 0, "2", "1", "1", "1", 0, "1", 0, 0], "TK": [0, 0, 0, 0, 0, 0, "1", 0, "1", 0, 0, "1", "1", "1", 0, 0, "1", "1", 0, 0, "2", "1", "1", 0, 0, "2", "1", "1", "2", 0, 0, "2", "3", 0, "1", 0, 0, "1", 0, 0], "BS": ["2", "1", 0, 0, 0, 0, 0, "1", "1", 0, "2", "4", "1", "3", 0, "1", 0, "1", 0, 0, "3", "2", 0, "1", 0, "2", "1", 0, 0, "4", "1", "3", "4", "2", "3", 0, "1", 0, 0, 0], "FW": [0, 0, 0, "3", "14", 0, 0, 0, "2", 0, 0, 0, "7", 0, 0, 0, "0", "6", 0, 0, 0, 0, "10", 0, "3", "2", "4", 0, "7", 0, 0, "4", 0, 0, 0, 0, 0, "0", 0, 0], "FL": [0, 0, 0, "7", "7", 0, 0, 0, "2", 0, 0, 0, "7", 0, 0, 0, "1", "6", 0, 0, 0, 0, "6", 0, "4", "1", "5", 0, "6", 0, 0, "9", 0, 0, 0, 0, 0, "1", 0, 0], "F%": [0, 0, 0, "30", "67", 0, 0, 0, "50", 0, 0, 0, "50", 0, 0, 0, "0", "50", 0, 0, 0, 0, "63", 0, "43", "67", "44", 0, "54", 0, 0, "31", 0, 0, 0, 0, 0, "0", 0, 0], "team": ["LOS ANGELES KINGS ", "LOS ANGELES KINGS ", "LOS ANGELES KINGS ", "LOS ANGELES KINGS ", "LOS ANGELES KINGS ", "LOS ANGELES KINGS ", "LOS ANGELES KINGS ", "LOS ANGELES KINGS ", "LOS ANGELES KINGS ", "LOS ANGELES KINGS ", "LOS ANGELES KINGS ", "LOS ANGELES KINGS ", "LOS ANGELES KINGS ", "LOS ANGELES KINGS ", "LOS ANGELES KINGS ", "LOS ANGELES KINGS ", "LOS ANGELES KINGS ", "LOS ANGELES KINGS ", "LOS ANGELES KINGS ", "LOS ANGELES KINGS ", "SAN JOSE SHARKS ", "SAN JOSE SHARKS ", "SAN JOSE SHARKS ", "SAN JOSE SHARKS ", "SAN JOSE SHARKS ", "SAN JOSE SHARKS ", "SAN JOSE SHARKS ", "SAN JOSE SHARKS ", "SAN JOSE SHARKS ", "SAN JOSE SHARKS ", "SAN JOSE SHARKS ", "SAN JOSE SHARKS ", "SAN JOSE SHARKS ", "SAN JOSE SHARKS ", "SAN JOSE SHARKS ", "SAN JOSE SHARKS ", "SAN JOSE SHARKS ", "SAN JOSE SHARKS ", "SAN JOSE SHARKS ", "SAN JOSE SHARKS "], "GA": [0, 0, 0, 0, 0, 0, 0, 0, 0, 0, 0, 0, 0, 0, 0, 0, 0, 0, "2", 0, 0, 0, 0, 0, 0, 0, 0, 0, 0, 0, 0, 0, 0, 0, 0, 0, 0, 0, "1", 0], "SA": [0, 0, 0, 0, 0, 0, 0, 0, 0, 0, 0, 0, 0, 0, 0, 0, 0, 0, "21", 0, 0, 0, 0, 0, 0, 0, 0, 0, 0, 0, 0, 0, 0, 0, 0, 0, 0, 0, "27", 0]}}