{"game_info": {"date": "2013-10-18", "visitor": "PHOENIX COYOTES ", "home": "ANAHEIM DUCKS ", "game_id": 109, "status": "final"}, "player_stats": {"number": ["3", "4", "6", "11", "12", "14", "16", "17", "18", "19", "23", "24", "28", "36", "50", "53", "63", "89", "1", "41", "4", "6", "7", "8", "10", "11", "13", "15", "17", "21", "22", "23", "33", "34", "45", "47", "55", "65", "1", "31", 0], "position": ["D", "D", "D", "C", "L", "C", "D", "R", "R", "R", "D", "C", "L", "C", "C", "D", "C", "L", "G", "G", "D", "D", "C", "R", "R", "C", "C", "C", "R", "C", "C", "D", "R", "C", "D", "D", "D", "R", "G", "G", 0], "name": ["YANDLE, KEITH", "MICHALEK, ZBYNEK", "SCHLEMKO, DAVID", "HANZAL, MARTIN", "BISSONNETTE, PAUL", "HALPERN, JEFF", "KLESLA, ROSTISLAV", "VRBATA, RADIM", "MOSS, DAVID", "DOAN, SHANE", "EKMAN-LARSSON, OLIVER", "CHIPCHURA, KYLE", "KORPIKOSKI, LAURI", "KLINKHAMMER, ROB", "VERMETTE, ANTOINE", "MORRIS, DEREK", "RIBEIRO, MIKE", "BOEDKER, MIKKEL", "GREISS, THOMAS", "SMITH, MIKE", "FOWLER, CAM", "LOVEJOY, BEN", "COGLIANO, ANDREW", "SELANNE, TEEMU", "PERRY, COREY", "KOIVU, SAKU", "BONINO, NICK", "GETZLAF, RYAN", "PENNER, DUSTIN", "PALMIERI, KYLE", "PERREAULT, MATHIEU", "BEAUCHEMIN, FRANCOIS", "SILFVERBERG, JAKOB", "WINNIK, DANIEL", "VATANEN, SAMI", "LINDHOLM, HAMPUS", "ALLEN, BRYAN", "ETEM, EMERSON", "HILLER, JONAS", "ANDERSEN, FREDERIK", "TEAM PENALTY"], "G": [0, 0, 0, 0, 0, 0, "1", 0, 0, 0, 0, 0, 0, 0, "1", 0, 0, 0, 0, 0, 0, 0, 0, "1", 0, 0, "1", 0, 0, 0, 0, 0, 0, 0, 0, 0, 0, 0, 0, 0, 0], "A": ["1", 0, 0, "1", 0, 0, 0, 0, 0, "1", 0, 0, 0, 0, 0, 0, "1", 0, 0, 0, 0, 0, 0, 0, 0, 0, 0, 0, 0, 0, "1", 0, 0, 0, 0, 0, 0, 0, 0, 0, 0], "P": ["1", 0, 0, "1", 0, 0, "1", 0, 0, "1", 0, 0, 0, 0, "1", 0, "1", 0, 0, 0, 0, 0, 0, "1", 0, 0, "1", 0, 0, 0, "1", 0, 0, 0, 0, 0, 0, 0, 0, 0, 0], "+/-": [0, 0, "+1", "+1", 0, "-2", "+1", "-1", "+1", 0, "-1", "-1", 0, "+1", "+1", "-1", "+1", "-1", 0, 0, 0, 0, 0, 0, "-1", "+1", "+1", "-1", "+1", 0, 0, "+1", 0, 0, "-2", "+2", "-2", 0, 0, 0, 0], "PN": ["1", 0, 0, 0, 0, 0, "1", 0, 0, 0, 0, 0, "1", 0, "1", 0, 0, 0, 0, 0, 0, 0, "2", 0, "1", 0, 0, 0, 0, 0, 0, "1", "1", 0, "1", 0, 0, 0, 0, 0, "1"], "PIM": ["4", 0, 0, 0, 0, 0, "2", 0, 0, 0, 0, 0, "2", 0, "2", 0, 0, 0, 0, 0, 0, 0, "4", 0, "2", 0, 0, 0, 0, 0, 0, "2", "2", 0, "2", 0, 0, 0, 0, 0, "2"], "TOT": ["23:16", "21:40", "18:22", "17:47", "02:37", "12:41", "16:51", "17:21", "14:31", "23:40", "29:58", "05:10", "17:04", "12:42", "22:33", "20:16", "19:18", "14:13", 0, "65:00", "29:03", "22:12", "14:49", "14:09", "21:35", "17:21", "13:26", "23:12", "13:44", "07:43", "14:00", "24:54", "12:17", "12:27", "15:07", "19:17", "18:03", "12:43", "64:58", 0, 0], "SHF": ["26", "31", "25", "23", "4", "20", "25", "21", "21", "28", "33", "8", "24", "18", "29", "28", "23", "19", 0, 0, "33", "26", "23", "21", "24", "24", "19", "26", "19", "12", "20", "31", "21", "18", "21", "26", "22", "17", 0, 0, 0], "AVG TOI/SH": ["00:53", "00:41", "00:44", "00:46", "00:39", "00:38", "00:40", "00:49", "00:41", "00:50", "00:54", "00:38", "00:42", "00:42", "00:46", "00:43", "00:50", "00:44", 0, 0, "00:52", "00:51", "00:38", "00:40", "00:53", "00:43", "00:42", "00:53", "00:43", "00:38", "00:42", "00:48", "00:35", "00:41", "00:43", "00:44", "00:49", "00:44", 0, 0, 0], "PP": ["07:22", "00:06", "03:45", "04:14", "00:00", "00:06", "00:00", "04:18", "00:45", "05:27", "06:42", "00:00", "01:01", "00:00", "05:31", "03:05", "07:02", "03:06", 0, "10:30", "04:53", "00:02", "00:00", "04:39", "04:24", "00:00", "01:58", "04:17", "00:02", "01:36", "02:22", "00:10", "02:15", "00:00", "04:04", "02:33", "00:00", "00:00", "06:39", 0, 0], "SH": ["00:00", "04:25", "00:00", "00:38", "00:00", "04:11", "02:14", "00:00", "02:54", "00:00", "04:38", "00:00", "03:45", "00:00", "01:50", "02:01", "00:00", "00:00", 0, "06:39", "05:30", "04:04", "02:40", "00:00", "00:57", "03:52", "02:48", "02:22", "00:00", "00:00", "00:00", "05:47", "00:26", "03:27", "00:00", "00:53", "04:46", "04:19", "10:30", 0, 0], "EV": ["15:54", "17:09", "14:37", "12:55", "02:37", "08:24", "14:37", "13:03", "10:52", "18:13", "18:38", "05:10", "12:18", "12:42", "15:12", "15:10", "12:16", "11:07", 0, "47:51", "18:40", "18:06", "12:09", "09:30", "16:14", "13:29", "08:40", "16:33", "13:42", "06:07", "11:38", "18:57", "09:36", "09:00", "11:03", "15:51", "13:17", "08:24", "47:49", 0, 0], "S": ["4", "1", "1", "4", 0, 0, "2", "3", "2", "4", "3", "2", 0, "1", "1", "2", "2", 0, 0, 0, "2", "5", "1", "5", "3", 0, "4", "3", "2", "1", "3", "2", "2", "1", "1", "3", 0, "1", 0, 0, 0], "A/B": ["5", "1", "2", "1", 0, 0, 0, 0, "1", 0, "1", 0, "1", "1", 0, "2", 0, 0, 0, 0, "1", "1", 0, 0, "3", 0, 0, "3", "1", "2", "1", "1", 0, "1", "3", "2", 0, "1", 0, 0, 0], "MS": ["1", 0, 0, "2", 0, 0, "2", 0, "1", 0, "1", 0, "1", "1", 0, "1", 0, "2", 0, 0, 0, 0, 0, "1", "1", 0, "1", "1", "1", 0, 0, "1", "1", 0, 0, 0, "1", 0, 0, 0, 0], "HT": ["2", "3", "2", "4", 0, "1", "1", "1", 0, 0, "1", "3", "1", "3", "1", "1", 0, "2", 0, 0, "1", "1", 0, "2", "3", 0, 0, "1", "1", 0, 0, "5", 0, 0, "2", 0, "2", "1", 0, 0, 0], "GV": [0, 0, "1", "1", 0, 0, 0, 0, 0, 0, "4", 0, "1", "1", "1", "2", "1", "1", 0, "1", "2", "2", 0, "1", "1", "4", 0, "1", 0, 0, 0, "1", 0, 0, "1", "1", 0, 0, 0, 0, 0], "TK": [0, 0, 0, "2", 0, 0, 0, "1", 0, 0, "1", 0, "1", 0, 0, 0, 0, "1", 0, 0, "2", 0, 0, 0, 0, "1", "1", "1", 0, 0, 0, 0, 0, 0, 0, 0, 0, 0, 0, 0, 0], "BS": ["1", "4", "1", 0, 0, "3", "4", "1", "1", "2", "1", 0, "1", 0, "1", 0, 0, 0, 0, 0, "1", "3", "1", 0, 0, 0, 0, "2", 0, "1", 0, "3", 0, "1", 0, 0, "2", "1", 0, 0, 0], "FW": [0, 0, 0, "3", 0, "9", 0, "2", "0", 0, 0, "1", 0, 0, "22", 0, "6", 0, 0, 0, 0, 0, 0, "0", 0, "7", "4", "10", "0", 0, "6", 0, "0", 0, 0, 0, 0, 0, 0, 0, 0], "FL": [0, 0, 0, "7", 0, "6", 0, "1", "1", 0, 0, "0", 0, 0, "7", 0, "5", 0, 0, 0, 0, 0, 0, "4", 0, "10", "7", "11", "3", 0, "7", 0, "1", 0, 0, 0, 0, 0, 0, 0, 0], "F%": [0, 0, 0, "30", 0, "60", 0, "67", "0", 0, 0, "100", 0, 0, "76", 0, "55", 0, 0, 0, 0, 0, 0, "0", 0, "41", "36", "48", "0", 0, "46", 0, "0", 0, 0, 0, 0, 0, 0, 0, 0], "team": ["PHOENIX COYOTES ", "PHOENIX COYOTES ", "PHOENIX COYOTES ", "PHOENIX COYOTES ", "PHOENIX COYOTES ", "PHOENIX COYOTES ", "PHOENIX COYOTES ", "PHOENIX COYOTES ", "PHOENIX COYOTES ", "PHOENIX COYOTES ", "PHOENIX COYOTES ", "PHOENIX COYOTES ", "PHOENIX COYOTES ", "PHOENIX COYOTES ", "PHOENIX COYOTES ", "PHOENIX COYOTES ", "PHOENIX COYOTES ", "PHOENIX COYOTES ", "PHOENIX COYOTES ", "PHOENIX COYOTES ", "ANAHEIM DUCKS ", "ANAHEIM DUCKS ", "ANAHEIM DUCKS ", "ANAHEIM DUCKS ", "ANAHEIM DUCKS ", "ANAHEIM DUCKS ", "ANAHEIM DUCKS ", "ANAHEIM DUCKS ", "ANAHEIM DUCKS ", "ANAHEIM DUCKS ", "ANAHEIM DUCKS ", "ANAHEIM DUCKS ", "ANAHEIM DUCKS ", "ANAHEIM DUCKS ", "ANAHEIM DUCKS ", "ANAHEIM DUCKS ", "ANAHEIM DUCKS ", "ANAHEIM DUCKS ", "ANAHEIM DUCKS ", "ANAHEIM DUCKS ", "ANAHEIM DUCKS "], "GA": [0, 0, 0, 0, 0, 0, 0, 0, 0, 0, 0, 0, 0, 0, 0, 0, 0, 0, 0.0, "2", 0, 0, 0, 0, 0, 0, 0, 0, 0, 0, 0, 0, 0, 0, 0, 0, 0, 0, "2", 0, 0], "SA": [0, 0, 0, 0, 0, 0, 0, 0, 0, 0, 0, 0, 0, 0, 0, 0, 0, 0, 0.0, "39", 0, 0, 0, 0, 0, 0, 0, 0, 0, 0, 0, 0, 0, 0, 0, 0, 0, 0, "32", 0, 0]}}