{"game_info": {"date": "2013-11-25", "visitor": "PITTSBURGH PENGUINS ", "home": "BOSTON BRUINS ", "game_id": 355, "status": "final"}, "player_stats": {"number": ["2", "3", "5", "7", "9", "14", "16", "18", "22", "27", "36", "38", "44", "46", "49", "58", "71", "87", "29", "37", "11", "12", "17", "18", "20", "21", "22", "23", "27", "33", "34", "37", "43", "46", "47", "55", "63", "86", "30", "40"], "position": ["D", "D", "D", "D", "L", "L", "C", "L", "R", "R", "L", "C", "D", "C", "C", "D", "C", "C", "G", "G", "C", "R", "L", "R", "L", "L", "L", "C", "D", "D", "C", "C", "D", "C", "D", "D", "C", "D", "G", "G"], "name": ["NISKANEN, MATT", "MAATTA, OLLI", "ENGELLAND, DERYK", "MARTIN, PAUL", "DUPUIS, PASCAL", "KUNITZ, CHRIS", "SUTTER, BRANDON", "NEAL, JAMES", "D'AGOSTINI, MATT", "ADAMS, CRAIG", "JOKINEN, JUSSI", "SILL, ZACH", "ORPIK, BROOKS", "VITALE, JOE", "GIBBONS, BRIAN", "LETANG, KRIS", "MALKIN, EVGENI", "CROSBY, SIDNEY", "FLEURY, MARC-ANDRE", "ZATKOFF, JEFF", "CAMPBELL, GREGORY", "IGINLA, JAROME", "LUCIC, MILAN", "SMITH, REILLY", "PAILLE, DANIEL", "ERIKSSON, LOUI", "THORNTON, SHAWN", "KELLY, CHRIS", "HAMILTON, DOUGIE", "CHARA, ZDENO", "SODERBERG, CARL", "BERGERON, PATRICE", "BARTKOWSKI, MATT", "KREJCI, DAVID", "KRUG, TOREY", "BOYCHUK, JOHNNY", "MARCHAND, BRAD", "MILLER, KEVAN", "JOHNSON, CHAD", "RASK, TUUKKA"], "G": [0, 0, 0, 0, 0, 0, 0, "2", 0, 0, 0, 0, 0, 0, 0, 0, 0, "1", 0, 0, 0, 0, 0, "1", 0, "1", 0, 0, 0, "1", 0, 0, 0, 0, "1", 0, 0, 0, 0, 0], "A": ["1", 0, 0, 0, 0, "1", 0, "1", 0, 0, "2", 0, 0, 0, 0, 0, "1", 0, 0, 0, 0, 0, "1", 0, 0, "2", 0, 0, 0, 0, "2", 0, 0, "1", 0, 0, "1", 0, 0, 0], "P": ["1", 0, 0, 0, 0, "1", 0, "3", 0, 0, "2", 0, 0, 0, 0, 0, "1", "1", 0, 0, 0, 0, "1", "1", 0, "3", 0, 0, 0, "1", "2", 0, 0, "1", "1", 0, "1", 0, 0, 0], "+/-": ["+1", 0, 0, "-1", "-1", "-1", "-1", "+2", 0, 0, "+2", 0, "-2", 0, 0, "+2", "+2", "-1", 0, 0, 0, 0, 0, "-1", 0, "+1", 0, "-1", "+2", "+1", 0, 0, "-2", 0, "+1", "-2", "+1", "-1", 0, 0], "PN": [0, 0, 0, 0, "1", 0, 0, 0, 0, 0, 0, 0, 0, 0, 0, 0, 0, 0, 0, 0, 0, 0, 0, 0, 0, 0, 0, 0, 0, 0, 0, 0, 0, 0, 0, 0, "1", 0, 0, 0], "PIM": [0, 0, 0, 0, "2", 0, 0, 0, 0, 0, 0, 0, 0, 0, 0, 0, 0, 0, 0, 0, 0, 0, 0, 0, 0, 0, 0, 0, 0, 0, 0, 0, 0, 0, 0, 0, "2", 0, 0, 0], "TOT": ["15:23", "20:25", "13:15", "25:24", "17:12", "19:12", "15:16", "20:46", "11:27", "09:05", "15:02", "09:02", "20:04", "07:47", "13:37", "25:27", "20:55", "23:57", "59:25", 0, "10:13", "18:25", "16:27", "14:00", "09:41", "18:16", "08:45", "17:07", "18:15", "25:38", "14:58", "18:12", "19:57", "17:34", "15:41", "20:57", "15:57", "20:13", 0, "60:34"], "SHF": ["20", "24", "16", "29", "24", "25", "19", "21", "14", "11", "21", "15", "26", "11", "17", "24", "22", "27", 0, 0, "14", "21", "19", "17", "13", "21", "12", "21", "23", "29", "15", "25", "26", "20", "18", "25", "21", "22", 0, 0], "AVG TOI/SH": ["00:46", "00:51", "00:49", "00:52", "00:43", "00:46", "00:48", "00:59", "00:49", "00:49", "00:42", "00:36", "00:46", "00:42", "00:48", "01:03", "00:57", "00:53", 0, 0, "00:43", "00:52", "00:51", "00:49", "00:44", "00:52", "00:43", "00:48", "00:47", "00:53", "00:59", "00:43", "00:46", "00:52", "00:52", "00:50", "00:45", "00:55", 0, 0], "PP": ["00:34", "00:00", "00:00", "01:26", "00:00", "01:26", "00:34", "01:10", "00:34", "00:00", "00:34", "00:00", "00:00", "00:00", "00:00", "00:50", "01:26", "01:26", "02:00", 0, "00:00", "00:00", "00:00", "00:09", "00:00", "00:09", "00:00", "00:00", "00:09", "00:00", "00:09", "00:09", "00:00", "00:00", "00:00", "00:00", "00:00", "00:00", 0, "00:09"], "SH": ["00:00", "00:00", "00:00", "00:09", "00:00", "00:00", "00:00", "00:00", "00:00", "00:09", "00:00", "00:09", "00:09", "00:00", "00:00", "00:00", "00:00", "00:00", "00:09", 0, "00:28", "00:42", "00:00", "00:00", "00:28", "00:50", "00:00", "00:42", "00:00", "01:26", "00:00", "00:37", "00:34", "00:13", "00:00", "01:26", "00:00", "00:34", 0, "02:00"], "EV": ["14:49", "20:25", "13:15", "23:49", "17:12", "17:46", "14:42", "19:36", "10:53", "08:56", "14:28", "08:53", "19:55", "07:47", "13:37", "24:37", "19:29", "22:31", "57:16", 0, "09:45", "17:43", "16:27", "13:51", "09:13", "17:17", "08:45", "16:25", "18:06", "24:12", "14:49", "17:26", "19:23", "17:21", "15:41", "19:31", "15:57", "19:39", 0, "58:25"], "S": ["1", "1", 0, "1", "2", "6", "1", "5", "1", "1", "2", "1", 0, 0, "1", "2", "2", "4", 0, 0, 0, "3", "1", "2", 0, "5", "1", 0, "2", "1", 0, "3", "2", 0, "1", 0, "3", 0, 0, 0], "A/B": ["1", 0, 0, "3", "1", 0, 0, 0, 0, 0, "1", "1", "1", "1", "1", 0, "2", 0, 0, 0, 0, 0, 0, 0, "1", 0, 0, "1", "1", "2", 0, "1", 0, 0, "1", 0, "1", "2", 0, 0], "MS": [0, 0, 0, "2", 0, "2", 0, "3", "1", 0, 0, "1", 0, 0, 0, 0, "2", "1", 0, 0, 0, 0, "1", "1", 0, "2", 0, 0, 0, "1", "2", "1", "1", "1", "3", "1", 0, 0, 0, 0], "HT": ["3", 0, "5", "1", "2", "6", 0, "1", "1", "3", "2", 0, "4", "6", "1", 0, 0, 0, 0, 0, "4", "3", "6", "2", 0, 0, "2", "2", "1", "1", 0, "1", "1", "1", 0, 0, "2", "2", 0, 0], "GV": [0, 0, 0, 0, "3", "1", 0, "2", "1", "1", "1", 0, 0, 0, "2", "4", "1", "2", 0, 0, 0, "1", "1", 0, 0, 0, "2", 0, "1", 0, 0, 0, "2", "2", "1", "1", 0, 0, 0, 0], "TK": [0, 0, 0, 0, 0, 0, 0, 0, 0, 0, 0, 0, 0, 0, 0, "2", 0, 0, 0, 0, 0, "1", 0, "2", "1", 0, "2", "1", 0, 0, "2", 0, "1", 0, "1", "1", 0, 0, 0, 0], "BS": [0, "1", 0, "1", "2", 0, "1", "1", "1", 0, 0, "2", "1", 0, 0, 0, 0, 0, 0, 0, 0, 0, 0, 0, 0, 0, 0, 0, "2", "1", 0, 0, "2", "1", 0, "2", "2", "2", 0, 0], "FW": [0, 0, 0, 0, 0, 0, "8", 0, 0, 0, "0", "1", 0, "5", 0, 0, "6", "11", 0, 0, "1", "0", 0, 0, 0, 0, 0, "11", 0, 0, 0, "14", 0, "6", 0, 0, 0, 0, 0, 0], "FL": [0, 0, 0, 0, 0, 0, "8", 0, 0, 0, "1", "0", 0, "2", 0, 0, "7", "14", 0, 0, "2", "2", 0, 0, 0, 0, 0, "9", 0, 0, 0, "7", 0, "11", 0, 0, 0, 0, 0, 0], "F%": [0, 0, 0, 0, 0, 0, "50", 0, 0, 0, "0", "100", 0, "71", 0, 0, "46", "44", 0, 0, "33", "0", 0, 0, 0, 0, 0, "55", 0, 0, 0, "67", 0, "35", 0, 0, 0, 0, 0, 0], "team": ["PITTSBURGH PENGUINS ", "PITTSBURGH PENGUINS ", "PITTSBURGH PENGUINS ", "PITTSBURGH PENGUINS ", "PITTSBURGH PENGUINS ", "PITTSBURGH PENGUINS ", "PITTSBURGH PENGUINS ", "PITTSBURGH PENGUINS ", "PITTSBURGH PENGUINS ", "PITTSBURGH PENGUINS ", "PITTSBURGH PENGUINS ", "PITTSBURGH PENGUINS ", "PITTSBURGH PENGUINS ", "PITTSBURGH PENGUINS ", "PITTSBURGH PENGUINS ", "PITTSBURGH PENGUINS ", "PITTSBURGH PENGUINS ", "PITTSBURGH PENGUINS ", "PITTSBURGH PENGUINS ", "PITTSBURGH PENGUINS ", "BOSTON BRUINS ", "BOSTON BRUINS ", "BOSTON BRUINS ", "BOSTON BRUINS ", "BOSTON BRUINS ", "BOSTON BRUINS ", "BOSTON BRUINS ", "BOSTON BRUINS ", "BOSTON BRUINS ", "BOSTON BRUINS ", "BOSTON BRUINS ", "BOSTON BRUINS ", "BOSTON BRUINS ", "BOSTON BRUINS ", "BOSTON BRUINS ", "BOSTON BRUINS ", "BOSTON BRUINS ", "BOSTON BRUINS ", "BOSTON BRUINS ", "BOSTON BRUINS "], "GA": [0, 0, 0, 0, 0, 0, 0, 0, 0, 0, 0, 0, 0, 0, 0, 0, 0, 0, "4", 0, 0, 0, 0, 0, 0, 0, 0, 0, 0, 0, 0, 0, 0, 0, 0, 0, 0, 0, 0, "3"], "SA": [0, 0, 0, 0, 0, 0, 0, 0, 0, 0, 0, 0, 0, 0, 0, 0, 0, 0, "24", 0, 0, 0, 0, 0, 0, 0, 0, 0, 0, 0, 0, 0, 0, 0, 0, 0, 0, 0, 0, "31"]}}