{"game_info": {"date": "2013-10-24", "visitor": "CAROLINA HURRICANES ", "home": "MINNESOTA WILD ", "game_id": 145, "status": "final"}, "player_stats": {"number": ["4", "7", "8", "11", "12", "14", "15", "18", "19", "20", "21", "27", "28", "42", "44", "53", "65", "73", "30", "35", "4", "6", "9", "11", "14", "15", "17", "19", "20", "21", "22", "24", "28", "29", "39", "46", "55", "64", "32", "37"], "position": ["D", "D", "R", "C", "C", "C", "R", "R", "C", "C", "L", "D", "R", "L", "D", "C", "D", "D", "G", "G", "D", "D", "C", "L", "R", "L", "C", "L", "D", "C", "R", "L", "C", "R", "D", "D", "D", "C", "G", "G"], "name": ["SEKERA, ANDREJ", "MURPHY, RYAN", "WESTGARTH, KEVIN", "STAAL, JORDAN", "STAAL, ERIC", "GERBE, NATHAN", "RUUTU, TUOMO", "DVORAK, RADEK", "TLUSTY, JIRI", "NASH, RILEY", "BOWMAN, DRAYSON", "FAULK, JUSTIN", "SEMIN, ALEXANDER", "SUTTER, BRETT", "HARRISON, JAY", "SKINNER, JEFF", "HAINSEY, RON", "BELLEMORE, BRETT", "WARD, CAM", "PETERS, JUSTIN", "STONER, CLAYTON", "SCANDELLA, MARCO", "KOIVU, MIKKO", "PARISE, ZACH", "FONTAINE, JUSTIN", "HEATLEY, DANY", "MITCHELL, TORREY", "VEILLEUX, STEPHANE", "SUTER, RYAN", "BRODZIAK, KYLE", "NIEDERREITER, NINO", "COOKE, MATT", "KONOPKA, ZENON", "POMINVILLE, JASON", "PROSSER, NATE", "SPURGEON, JARED", "DUMBA, MATHEW", "GRANLUND, MIKAEL", "BACKSTROM, NIKLAS", "HARDING, JOSH"], "G": [0, 0, 0, 0, 0, 0, 0, 0, 0, 0, 0, 0, "1", 0, 0, 0, 0, 0, 0, 0, 0, 0, 0, "1", 0, "1", 0, 0, 0, 0, "1", 0, 0, 0, 0, 0, 0, 0, 0, 0], "A": ["1", 0, 0, 0, "1", 0, 0, 0, 0, 0, 0, 0, 0, 0, 0, 0, 0, 0, 0, 0, 0, 0, 0, 0, 0, 0, 0, 0, "1", 0, 0, "1", 0, 0, "1", "1", "1", "1", 0, 0], "P": ["1", 0, 0, 0, "1", 0, 0, 0, 0, 0, 0, 0, "1", 0, 0, 0, 0, 0, 0, 0, 0, 0, 0, "1", 0, "1", 0, 0, "1", 0, "1", "1", 0, 0, "1", "1", "1", "1", 0, 0], "+/-": [0, "-1", 0, 0, "-1", 0, 0, 0, 0, 0, 0, 0, "-1", 0, "-1", "-1", 0, 0, 0, 0, 0, 0, "+1", "+1", 0, 0, 0, 0, "+1", 0, 0, 0, 0, "+1", 0, "+1", 0, 0, 0, 0], "PN": [0, 0, 0, 0, "1", 0, "1", "1", 0, 0, 0, 0, "1", 0, 0, 0, 0, "1", 0, 0, 0, "1", 0, 0, 0, "1", "1", "1", 0, 0, 0, 0, 0, 0, 0, 0, 0, "1", 0, 0], "PIM": [0, 0, 0, 0, "2", 0, "2", "2", 0, 0, 0, 0, "2", 0, 0, 0, 0, "2", 0, 0, 0, "2", 0, 0, 0, "2", "2", "2", 0, 0, 0, 0, 0, 0, 0, 0, 0, "2", 0, 0], "TOT": ["21:41", "20:07", "03:39", "20:39", "19:30", "20:51", "15:58", "15:29", "17:28", "17:34", "13:35", "20:14", "19:29", "05:11", "14:54", "09:04", "20:07", "17:17", "04:07", "55:36", "16:40", "19:12", "19:08", "18:38", "12:06", "15:40", "11:47", "07:15", "27:06", "15:24", "13:00", "14:08", "10:00", "18:31", "18:55", "24:01", "12:17", "16:13", "20:00", "40:00"], "SHF": ["25", "20", "6", "27", "23", "24", "17", "21", "23", "22", "16", "25", "22", "10", "17", "12", "24", "24", 0, 0, "25", "29", "24", "23", "19", "21", "20", "12", "31", "24", "19", "24", "14", "20", "25", "31", "16", "20", 0, 0], "AVG TOI/SH": ["00:52", "01:00", "00:36", "00:45", "00:50", "00:52", "00:56", "00:44", "00:45", "00:47", "00:50", "00:48", "00:53", "00:31", "00:52", "00:45", "00:50", "00:43", 0, 0, "00:40", "00:39", "00:47", "00:48", "00:38", "00:44", "00:35", "00:36", "00:52", "00:38", "00:41", "00:35", "00:42", "00:55", "00:45", "00:46", "00:46", "00:48", 0, 0], "PP": ["06:07", "04:23", "00:00", "05:10", "05:53", "05:18", "03:29", "00:00", "05:04", "00:00", "02:04", "03:17", "05:43", "00:00", "00:00", "03:09", "00:09", "00:09", "00:00", "09:59", "00:00", "01:43", "04:08", "04:08", "01:49", "03:22", "00:05", "00:00", "04:14", "00:06", "02:49", "00:06", "00:00", "04:21", "00:18", "03:53", "03:12", "03:16", "03:12", "04:18"], "SH": ["03:59", "00:28", "00:00", "03:13", "01:31", "01:51", "00:00", "02:28", "01:31", "02:04", "00:23", "04:13", "01:55", "00:18", "00:56", "00:00", "03:03", "02:21", "02:00", "05:16", "03:41", "03:20", "02:44", "02:40", "00:00", "00:00", "01:50", "00:16", "04:51", "05:29", "00:00", "04:44", "02:15", "00:00", "04:16", "03:50", "00:00", "00:00", "03:45", "06:14"], "EV": ["11:35", "15:16", "03:39", "12:16", "12:06", "13:42", "12:29", "13:01", "10:53", "15:30", "11:08", "12:44", "11:51", "04:53", "13:58", "05:55", "16:55", "14:47", "02:07", "40:21", "12:59", "14:09", "12:16", "11:50", "10:17", "12:18", "09:52", "06:59", "18:01", "09:49", "10:11", "09:18", "07:45", "14:10", "14:21", "16:18", "09:05", "12:57", "13:03", "29:28"], "S": ["1", "4", 0, "1", "1", "4", "1", 0, "1", "1", "2", 0, "2", "2", "2", "2", "3", "1", 0, 0, "3", 0, "1", "4", "2", "3", "2", 0, "3", "1", "3", "1", 0, "2", 0, "1", "1", 0, 0, 0], "A/B": ["1", 0, 0, "2", 0, 0, 0, "2", 0, 0, 0, "4", "3", 0, 0, 0, 0, "2", 0, 0, "2", "2", "1", "1", 0, 0, 0, 0, "1", "1", 0, "2", "1", "1", 0, "1", 0, 0, 0, 0], "MS": ["1", "2", 0, "1", 0, 0, "1", "2", 0, "1", 0, "1", "1", 0, "1", 0, 0, 0, 0, 0, "2", "1", "2", "1", 0, "3", 0, 0, "1", 0, 0, "1", 0, 0, 0, "1", 0, "1", 0, 0], "HT": [0, "1", "1", "3", 0, 0, "2", "1", 0, "2", 0, "2", "1", "1", "1", "1", "1", "7", 0, 0, "2", 0, 0, 0, 0, 0, "1", "4", 0, 0, "1", 0, 0, 0, 0, "1", 0, "2", 0, 0], "GV": ["1", 0, 0, 0, 0, 0, 0, 0, 0, 0, 0, 0, "1", 0, 0, 0, 0, 0, 0, 0, 0, "1", 0, 0, 0, 0, 0, 0, "3", 0, 0, 0, 0, 0, 0, "1", 0, "1", 0, 0], "TK": [0, 0, 0, 0, 0, 0, "1", 0, 0, "1", 0, 0, 0, 0, 0, 0, "2", 0, 0, 0, 0, "1", "1", "1", 0, 0, 0, 0, 0, 0, 0, "1", 0, 0, 0, "1", 0, 0, 0, 0], "BS": [0, "4", 0, "1", 0, 0, "1", 0, "2", 0, 0, "1", "1", 0, 0, 0, 0, "3", 0, 0, "1", 0, 0, "3", 0, "1", 0, 0, 0, 0, 0, "1", "1", 0, "3", "3", "1", 0, 0, 0], "FW": [0, 0, 0, "8", "9", 0, 0, 0, 0, "5", 0, 0, 0, "1", 0, 0, 0, 0, 0, 0, 0, 0, "15", "1", 0, "1", "1", 0, 0, "5", 0, 0, "4", "1", 0, 0, 0, "8", 0, 0], "FL": [0, 0, 0, "11", "14", 0, 0, 0, 0, "11", 0, 0, 0, "0", 0, 0, 0, 0, 0, 0, 0, 0, "6", "0", 0, "0", "0", 0, 0, "7", 0, 0, "3", "1", 0, 0, 0, "6", 0, 0], "F%": [0, 0, 0, "42", "39", 0, 0, 0, 0, "31", 0, 0, 0, "100", 0, 0, 0, 0, 0, 0, 0, 0, "71", "100", 0, "100", "100", 0, 0, "42", 0, 0, "57", "50", 0, 0, 0, "57", 0, 0], "team": ["CAROLINA HURRICANES ", "CAROLINA HURRICANES ", "CAROLINA HURRICANES ", "CAROLINA HURRICANES ", "CAROLINA HURRICANES ", "CAROLINA HURRICANES ", "CAROLINA HURRICANES ", "CAROLINA HURRICANES ", "CAROLINA HURRICANES ", "CAROLINA HURRICANES ", "CAROLINA HURRICANES ", "CAROLINA HURRICANES ", "CAROLINA HURRICANES ", "CAROLINA HURRICANES ", "CAROLINA HURRICANES ", "CAROLINA HURRICANES ", "CAROLINA HURRICANES ", "CAROLINA HURRICANES ", "CAROLINA HURRICANES ", "CAROLINA HURRICANES ", "MINNESOTA WILD ", "MINNESOTA WILD ", "MINNESOTA WILD ", "MINNESOTA WILD ", "MINNESOTA WILD ", "MINNESOTA WILD ", "MINNESOTA WILD ", "MINNESOTA WILD ", "MINNESOTA WILD ", "MINNESOTA WILD ", "MINNESOTA WILD ", "MINNESOTA WILD ", "MINNESOTA WILD ", "MINNESOTA WILD ", "MINNESOTA WILD ", "MINNESOTA WILD ", "MINNESOTA WILD ", "MINNESOTA WILD ", "MINNESOTA WILD ", "MINNESOTA WILD "], "GA": [0, 0, 0, 0, 0, 0, 0, 0, 0, 0, 0, 0, 0, 0, 0, 0, 0, 0, "0", "2", 0, 0, 0, 0, 0, 0, 0, 0, 0, 0, 0, 0, 0, 0, 0, 0, 0, 0, "0", "1"], "SA": [0, 0, 0, 0, 0, 0, 0, 0, 0, 0, 0, 0, 0, 0, 0, 0, 0, 0, "5", "21", 0, 0, 0, 0, 0, 0, 0, 0, 0, 0, 0, 0, 0, 0, 0, 0, 0, 0, "7", "21"]}}