{"game_info": {"date": "2014-03-01", "visitor": "CAROLINA HURRICANES ", "home": "LOS ANGELES KINGS ", "game_id": 908, "status": "final"}, "player_stats": {"number": ["4", "5", "11", "12", "14", "15", "16", "18", "19", "20", "21", "22", "26", "27", "39", "53", "65", "73", "30", "31", "6", "8", "10", "11", "13", "14", "22", "23", "26", "27", "28", "33", "44", "57", "70", "73", "74", "77", "31", "32"], "position": ["D", "D", "C", "C", "C", "R", "C", "R", "C", "C", "L", "C", "D", "D", "R", "C", "D", "D", "G", "G", "D", "D", "C", "C", "L", "R", "C", "L", "D", "D", "C", "D", "D", "R", "L", "C", "L", "C", "G", "G"], "name": ["SEKERA, ANDREJ", "KOMISAREK, MIKE", "STAAL, JORDAN", "STAAL, ERIC", "GERBE, NATHAN", "RUUTU, TUOMO", "LINDHOLM, ELIAS", "DVORAK, RADEK", "TLUSTY, JIRI", "NASH, RILEY", "BOWMAN, DRAYSON", "MALHOTRA, MANNY", "LILES, JOHN-MICHAEL", "FAULK, JUSTIN", "DWYER, PATRICK", "SKINNER, JEFF", "HAINSEY, RON", "BELLEMORE, BRETT", "WARD, CAM", "KHUDOBIN, ANTON", "MUZZIN, JAKE", "DOUGHTY, DREW", "RICHARDS, MIKE", "KOPITAR, ANZE", "CLIFFORD, KYLE", "WILLIAMS, JUSTIN", "LEWIS, TREVOR", "BROWN, DUSTIN", "VOYNOV, SLAVA", "MARTINEZ, ALEC", "STOLL, JARRET", "MITCHELL, WILLIE", "REGEHR, ROBYN", "VEY, LINDEN", "PEARSON, TANNER", "TOFFOLI, TYLER", "KING, DWIGHT", "CARTER, JEFF", "JONES, MARTIN", "QUICK, JONATHAN"], "G": ["1", 0, 0, 0, 0, 0, 0, 0, 0, 0, 0, 0, 0, 0, 0, 0, 0, 0, 0, 0, 0, 0, "1", 0, 0, "1", 0, 0, 0, "1", 0, 0, 0, 0, 0, 0, 0, 0, 0, 0], "A": [0, 0, 0, 0, 0, 0, 0, 0, 0, "1", 0, 0, 0, 0, "1", 0, 0, 0, 0, 0, 0, 0, 0, "1", 0, "1", "1", "1", 0, 0, 0, 0, "1", 0, 0, 0, 0, 0, 0, 0], "P": ["1", 0, 0, 0, 0, 0, 0, 0, 0, "1", 0, 0, 0, 0, "1", 0, 0, 0, 0, 0, 0, 0, "1", "1", 0, "2", "1", "1", 0, "1", 0, 0, "1", 0, 0, 0, 0, 0, 0, 0], "+/-": ["+1", 0, "-2", "-1", 0, "-1", "-1", 0, "-1", "+1", "+1", 0, 0, 0, "+1", "-2", "-1", "-1", 0, 0, 0, "+1", "+1", "+1", 0, "+1", "+1", "-1", 0, 0, "-1", 0, "+1", 0, "+1", 0, "-1", "+1", 0, 0], "PN": [0, "3", "1", 0, 0, 0, 0, 0, "2", 0, 0, 0, 0, 0, 0, 0, "1", 0, 0, 0, 0, 0, 0, 0, "1", 0, 0, 0, "1", 0, 0, 0, "1", 0, 0, "1", 0, 0, 0, 0], "PIM": [0, "6", "2", 0, 0, 0, 0, 0, "4", 0, 0, 0, 0, 0, 0, 0, "2", 0, 0, 0, 0, 0, 0, 0, "2", 0, 0, 0, "2", 0, 0, 0, "2", 0, 0, "2", 0, 0, 0, 0], "TOT": ["24:52", "07:54", "17:04", "19:35", "09:58", "14:21", "15:52", "07:14", "17:38", "17:27", "10:01", "09:53", "17:29", "24:33", "14:28", "14:53", "23:49", "19:40", 0, "59:29", "15:29", "27:02", "16:25", "19:42", "11:30", "17:03", "12:56", "15:24", "25:54", "11:29", "15:40", "17:01", "20:03", "11:25", "10:38", "12:41", "12:47", "18:51", 0, "60:00"], "SHF": ["33", "15", "28", "28", "19", "19", "23", "14", "25", "24", "17", "19", "24", "33", "26", "19", "33", "28", 0, 0, "23", "31", "25", "24", "15", "22", "18", "21", "32", "18", "23", "27", "25", "14", "17", "21", "20", "26", 0, 0], "AVG TOI/SH": ["00:45", "00:31", "00:36", "00:41", "00:31", "00:45", "00:41", "00:31", "00:42", "00:43", "00:35", "00:31", "00:43", "00:44", "00:33", "00:47", "00:43", "00:42", 0, 0, "00:40", "00:52", "00:39", "00:49", "00:46", "00:46", "00:43", "00:44", "00:48", "00:38", "00:40", "00:37", "00:48", "00:48", "00:37", "00:36", "00:38", "00:43", 0, 0], "PP": ["01:42", "00:06", "01:27", "02:41", "00:00", "02:02", "02:16", "00:00", "02:23", "02:29", "00:03", "00:00", "02:31", "02:02", "00:15", "01:37", "00:03", "00:08", 0, "04:21", "02:35", "07:25", "05:11", "05:08", "00:26", "04:15", "00:26", "04:19", "05:57", "00:48", "03:41", "00:20", "00:11", "00:32", "00:00", "03:02", "00:00", "05:30", 0, "10:11"], "SH": ["06:24", "00:37", "03:16", "01:10", "03:20", "00:00", "00:00", "01:22", "00:27", "02:13", "00:18", "03:40", "00:04", "05:26", "03:27", "00:00", "03:52", "03:59", 0, "10:11", "00:50", "02:09", "01:21", "00:56", "00:00", "00:00", "01:19", "00:21", "02:21", "00:00", "01:52", "02:13", "01:09", "00:03", "00:00", "00:00", "01:30", "01:20", 0, "04:21"], "EV": ["16:46", "07:11", "12:21", "15:44", "06:38", "12:19", "13:36", "05:52", "14:48", "12:45", "09:40", "06:13", "14:54", "17:05", "10:46", "13:16", "19:54", "15:33", 0, "44:57", "12:04", "17:28", "09:53", "13:38", "11:04", "12:48", "11:11", "10:44", "17:36", "10:41", "10:07", "14:28", "18:43", "10:50", "10:38", "09:39", "11:17", "12:01", 0, "45:28"], "S": ["2", 0, "3", "3", "5", 0, "1", 0, "2", "1", "1", 0, 0, 0, "2", "4", "1", 0, 0, 0, "1", "4", "1", "2", "1", "2", "2", "1", "2", "1", "3", "1", "4", 0, "2", "1", "1", "2", 0, 0], "A/B": [0, 0, 0, 0, 0, 0, 0, 0, "1", "1", 0, 0, 0, "1", 0, 0, 0, 0, 0, 0, "1", "2", "1", 0, 0, 0, 0, "2", "2", 0, 0, "1", 0, 0, 0, 0, 0, 0, 0, 0], "MS": [0, 0, "1", "4", "1", "1", 0, "1", 0, 0, 0, 0, 0, "2", 0, "3", 0, 0, 0, 0, "1", 0, "3", "1", "1", "4", "1", "1", 0, 0, "1", 0, "3", 0, "1", "2", "1", "2", 0, 0], "HT": [0, "2", "2", "2", "1", "5", "1", 0, "1", "2", "1", "1", "1", 0, "2", 0, "2", "4", 0, 0, "1", "3", "2", "2", "2", 0, "1", "4", "4", 0, "5", "2", "3", 0, "2", "3", 0, 0, 0, 0], "GV": [0, 0, 0, 0, 0, 0, "1", 0, 0, "1", 0, 0, 0, 0, 0, 0, 0, "1", 0, "2", 0, "2", "2", 0, 0, "3", 0, "1", "1", 0, 0, "1", "1", "1", "1", 0, 0, 0, 0, "1"], "TK": [0, 0, 0, "2", 0, "1", 0, 0, "1", 0, 0, 0, 0, 0, 0, 0, 0, 0, 0, 0, 0, 0, 0, 0, 0, "1", 0, 0, "1", 0, "1", 0, 0, 0, 0, 0, "1", 0, 0, 0], "BS": ["1", 0, 0, 0, 0, "1", 0, 0, "1", 0, 0, 0, "1", "2", 0, 0, "2", "1", 0, 0, "3", 0, 0, 0, 0, 0, 0, 0, 0, 0, 0, 0, 0, 0, 0, 0, 0, 0, 0, 0], "FW": [0, 0, "9", "12", 0, "1", 0, 0, 0, "3", 0, "6", 0, 0, 0, "0", 0, 0, 0, 0, 0, 0, "6", "9", 0, 0, 0, "0", 0, 0, "7", 0, 0, "1", 0, 0, 0, "5", 0, 0], "FL": [0, 0, "6", "9", 0, "0", 0, 0, 0, "8", 0, "4", 0, 0, 0, "1", 0, 0, 0, 0, 0, 0, "5", "11", 0, 0, 0, "2", 0, 0, "3", 0, 0, "3", 0, 0, 0, "7", 0, 0], "F%": [0, 0, "60", "57", 0, "100", 0, 0, 0, "27", 0, "60", 0, 0, 0, "0", 0, 0, 0, 0, 0, 0, "55", "45", 0, 0, 0, "0", 0, 0, "70", 0, 0, "25", 0, 0, 0, "42", 0, 0], "team": ["CAROLINA HURRICANES ", "CAROLINA HURRICANES ", "CAROLINA HURRICANES ", "CAROLINA HURRICANES ", "CAROLINA HURRICANES ", "CAROLINA HURRICANES ", "CAROLINA HURRICANES ", "CAROLINA HURRICANES ", "CAROLINA HURRICANES ", "CAROLINA HURRICANES ", "CAROLINA HURRICANES ", "CAROLINA HURRICANES ", "CAROLINA HURRICANES ", "CAROLINA HURRICANES ", "CAROLINA HURRICANES ", "CAROLINA HURRICANES ", "CAROLINA HURRICANES ", "CAROLINA HURRICANES ", "CAROLINA HURRICANES ", "CAROLINA HURRICANES ", "LOS ANGELES KINGS ", "LOS ANGELES KINGS ", "LOS ANGELES KINGS ", "LOS ANGELES KINGS ", "LOS ANGELES KINGS ", "LOS ANGELES KINGS ", "LOS ANGELES KINGS ", "LOS ANGELES KINGS ", "LOS ANGELES KINGS ", "LOS ANGELES KINGS ", "LOS ANGELES KINGS ", "LOS ANGELES KINGS ", "LOS ANGELES KINGS ", "LOS ANGELES KINGS ", "LOS ANGELES KINGS ", "LOS ANGELES KINGS ", "LOS ANGELES KINGS ", "LOS ANGELES KINGS ", "LOS ANGELES KINGS ", "LOS ANGELES KINGS "], "GA": [0, 0, 0, 0, 0, 0, 0, 0, 0, 0, 0, 0, 0, 0, 0, 0, 0, 0, 0.0, "2", 0, 0, 0, 0, 0, 0, 0, 0, 0, 0, 0, 0, 0, 0, 0, 0, 0, 0, 0, "1"], "SA": [0, 0, 0, 0, 0, 0, 0, 0, 0, 0, 0, 0, 0, 0, 0, 0, 0, 0, 0.0, "30", 0, 0, 0, 0, 0, 0, 0, 0, 0, 0, 0, 0, 0, 0, 0, 0, 0, 0, 0, "25"]}}