{"game_info": {"date": "2014-01-09", "visitor": "BOSTON BRUINS ", "home": "LOS ANGELES KINGS ", "game_id": 667, "status": "final"}, "player_stats": {"number": ["11", "12", "17", "18", "20", "25", "27", "33", "34", "37", "43", "46", "47", "51", "54", "55", "57", "63", "30", "40", "6", "8", "10", "11", "13", "14", "21", "22", "23", "24", "26", "27", "28", "33", "44", "73", "74", "77", "32", "54"], "position": ["C", "R", "L", "R", "L", "R", "D", "D", "C", "C", "D", "C", "D", "C", "D", "D", "L", "C", "G", "G", "D", "D", "C", "C", "L", "R", "R", "C", "L", "C", "D", "D", "C", "D", "D", "C", "L", "C", "G", "G"], "name": ["CAMPBELL, GREGORY", "IGINLA, JAROME", "LUCIC, MILAN", "SMITH, REILLY", "PAILLE, DANIEL", "FRASER, MATT", "HAMILTON, DOUGIE", "CHARA, ZDENO", "SODERBERG, CARL", "BERGERON, PATRICE", "BARTKOWSKI, MATT", "KREJCI, DAVID", "KRUG, TOREY", "SPOONER, RYAN", "MCQUAID, ADAM", "BOYCHUK, JOHNNY", "FLOREK, JUSTIN", "MARCHAND, BRAD", "JOHNSON, CHAD", "RASK, TUUKKA", "MUZZIN, JAKE", "DOUGHTY, DREW", "RICHARDS, MIKE", "KOPITAR, ANZE", "CLIFFORD, KYLE", "WILLIAMS, JUSTIN", "FRATTIN, MATT", "LEWIS, TREVOR", "BROWN, DUSTIN", "FRASER, COLIN", "VOYNOV, SLAVA", "MARTINEZ, ALEC", "STOLL, JARRET", "MITCHELL, WILLIE", "REGEHR, ROBYN", "TOFFOLI, TYLER", "KING, DWIGHT", "CARTER, JEFF", "QUICK, JONATHAN", "SCRIVENS, BEN"], "G": [0, 0, 0, 0, 0, "1", 0, 0, 0, 0, 0, 0, 0, 0, 0, 0, "1", 0, 0, 0, 0, 0, 0, 0, 0, "1", 0, 0, "1", 0, 0, "1", 0, 0, 0, 0, 0, "1", 0, 0], "A": ["1", 0, 0, 0, 0, 0, "1", 0, "1", 0, 0, 0, 0, 0, 0, "1", 0, 0, 0, 0, 0, 0, "1", "1", 0, "1", 0, 0, 0, 0, "1", 0, "1", 0, "1", 0, 0, 0, "1", 0], "P": ["1", 0, 0, 0, 0, "1", "1", 0, "1", 0, 0, 0, 0, 0, 0, "1", "1", 0, 0, 0, 0, 0, "1", "1", 0, "2", 0, 0, "1", 0, "1", "1", "1", 0, "1", 0, 0, "1", "1", 0], "+/-": ["+1", "-2", "-2", "-1", "+1", "+1", 0, 0, "+1", "-1", "+1", "-2", "-1", "+1", "-2", 0, "+1", "-1", 0, 0, 0, "+2", 0, "+1", 0, "-1", "+1", 0, "-1", 0, "-1", 0, 0, "+1", 0, "+1", "+1", "+1", 0, 0], "PN": [0, 0, 0, 0, "1", 0, "2", 0, "1", 0, 0, 0, 0, 0, "1", "1", 0, "1", 0, 0, 0, "1", "1", 0, "1", 0, 0, 0, 0, 0, "1", 0, 0, 0, 0, 0, 0, 0, 0, 0], "PIM": [0, 0, 0, 0, "2", 0, "4", 0, "2", 0, 0, 0, 0, 0, "5", "2", 0, "2", 0, 0, 0, "2", "2", 0, "5", 0, 0, 0, 0, 0, "2", 0, 0, 0, 0, 0, 0, 0, 0, 0], "TOT": ["11:32", "20:01", "17:15", "13:21", "11:09", "08:46", "16:37", "26:12", "12:53", "18:42", "20:21", "21:25", "18:08", "11:38", "17:36", "19:41", "09:22", "16:11", "37:07", "21:45", "15:42", "26:33", "14:27", "20:59", "09:35", "17:10", "09:31", "09:49", "16:12", "09:26", "24:35", "13:03", "19:34", "22:40", "17:41", "09:49", "17:10", "20:07", "59:57", 0], "SHF": ["17", "19", "17", "16", "17", "11", "26", "31", "16", "27", "29", "21", "19", "15", "21", "27", "15", "21", 0, 0, "20", "29", "20", "26", "12", "24", "15", "14", "23", "12", "29", "18", "27", "27", "24", "14", "21", "26", 0, 0], "AVG TOI/SH": ["00:40", "01:03", "01:00", "00:50", "00:39", "00:47", "00:38", "00:50", "00:48", "00:41", "00:42", "01:01", "00:57", "00:46", "00:50", "00:43", "00:37", "00:46", 0, 0, "00:47", "00:54", "00:43", "00:48", "00:47", "00:42", "00:38", "00:42", "00:42", "00:47", "00:50", "00:43", "00:43", "00:50", "00:44", "00:42", "00:49", "00:46", 0, 0], "PP": ["00:01", "03:58", "03:58", "01:50", "00:01", "00:00", "01:37", "03:58", "01:50", "01:50", "00:14", "03:58", "03:58", "01:37", "00:00", "00:14", "00:01", "00:00", "03:49", "02:00", "02:26", "04:57", "04:05", "03:56", "00:09", "05:05", "00:39", "00:21", "04:59", "00:21", "06:50", "03:24", "04:57", "02:47", "00:00", "00:35", "00:56", "04:08", "10:07", 0], "SH": ["03:20", "01:22", "00:00", "00:00", "02:27", "00:00", "01:35", "06:49", "00:10", "04:24", "03:41", "02:29", "00:00", "00:10", "04:22", "03:47", "01:51", "04:01", "05:49", "04:18", "00:58", "02:59", "00:18", "01:33", "01:23", "00:33", "00:00", "01:09", "00:17", "00:37", "01:34", "00:00", "02:55", "02:02", "04:05", "00:00", "01:49", "01:04", "05:49", 0], "EV": ["08:11", "14:41", "13:17", "11:31", "08:41", "08:46", "13:25", "15:25", "10:53", "12:28", "16:26", "14:58", "14:10", "09:51", "13:14", "15:40", "07:30", "12:10", "27:29", "15:27", "12:18", "18:37", "10:04", "15:30", "08:03", "11:32", "08:52", "08:19", "10:56", "08:28", "16:11", "09:39", "11:42", "17:51", "13:36", "09:14", "14:25", "14:55", "44:01", 0], "S": [0, "2", "1", 0, 0, "1", 0, "1", "3", "1", "1", "3", 0, "4", 0, "3", "1", "1", 0, 0, "2", "1", 0, 0, 0, "1", "1", "1", "4", 0, "2", "2", "2", "1", "2", "3", "3", "10", 0, 0], "A/B": [0, 0, 0, "1", "1", 0, "2", "1", "1", 0, 0, 0, 0, 0, 0, "1", 0, "1", 0, 0, "1", "3", 0, "1", "1", 0, 0, "1", 0, 0, "2", "1", "1", 0, "1", 0, 0, "1", 0, 0], "MS": ["1", "1", 0, 0, "1", 0, "2", 0, "1", "2", "2", "1", "1", "1", 0, "2", 0, 0, 0, 0, 0, 0, 0, 0, "1", "1", "3", 0, "1", "1", "1", "1", "2", 0, 0, 0, "1", 0, 0, 0], "HT": ["3", "5", 0, "1", "2", "2", "1", "4", "2", "1", "4", "5", "1", 0, "2", 0, 0, "1", 0, 0, "3", "4", 0, "1", "2", 0, 0, "1", "1", "5", "2", "1", "1", "2", "3", 0, "1", 0, 0, 0], "GV": [0, "2", "1", 0, 0, 0, 0, "1", 0, 0, "1", 0, 0, 0, "1", "2", 0, 0, 0, 0, "3", "1", "1", 0, 0, "2", 0, 0, 0, 0, "2", "1", 0, 0, 0, "1", 0, 0, 0, 0], "TK": [0, 0, 0, "2", "1", 0, 0, 0, 0, 0, 0, 0, 0, "2", 0, "1", 0, 0, 0, 0, 0, 0, "2", 0, 0, 0, 0, "1", "1", 0, 0, 0, "1", 0, 0, 0, "1", "1", 0, 0], "BS": [0, 0, 0, 0, "2", "1", 0, "1", 0, "2", 0, "2", 0, 0, "1", "3", 0, "1", 0, 0, "2", "2", 0, 0, 0, 0, 0, 0, 0, "2", 0, "1", 0, 0, 0, 0, 0, "1", 0, 0], "FW": ["4", 0, "1", 0, 0, 0, 0, 0, "0", "14", 0, "9", 0, "0", 0, 0, "0", 0, 0, 0, 0, 0, "9", "3", 0, 0, 0, "1", 0, "4", 0, 0, "18", 0, 0, 0, 0, "0", 0, 0], "FL": ["9", 0, "2", 0, 0, 0, 0, 0, "2", "12", 0, "4", 0, "5", 0, 0, "1", 0, 0, 0, 0, 0, "9", "5", 0, 0, 0, "0", 0, "4", 0, 0, "5", 0, 0, 0, 0, "5", 0, 0], "F%": ["31", 0, "33", 0, 0, 0, 0, 0, "0", "54", 0, "69", 0, "0", 0, 0, "0", 0, 0, 0, 0, 0, "50", "38", 0, 0, 0, "100", 0, "50", 0, 0, "78", 0, 0, 0, 0, "0", 0, 0], "team": ["BOSTON BRUINS ", "BOSTON BRUINS ", "BOSTON BRUINS ", "BOSTON BRUINS ", "BOSTON BRUINS ", "BOSTON BRUINS ", "BOSTON BRUINS ", "BOSTON BRUINS ", "BOSTON BRUINS ", "BOSTON BRUINS ", "BOSTON BRUINS ", "BOSTON BRUINS ", "BOSTON BRUINS ", "BOSTON BRUINS ", "BOSTON BRUINS ", "BOSTON BRUINS ", "BOSTON BRUINS ", "BOSTON BRUINS ", "BOSTON BRUINS ", "BOSTON BRUINS ", "LOS ANGELES KINGS ", "LOS ANGELES KINGS ", "LOS ANGELES KINGS ", "LOS ANGELES KINGS ", "LOS ANGELES KINGS ", "LOS ANGELES KINGS ", "LOS ANGELES KINGS ", "LOS ANGELES KINGS ", "LOS ANGELES KINGS ", "LOS ANGELES KINGS ", "LOS ANGELES KINGS ", "LOS ANGELES KINGS ", "LOS ANGELES KINGS ", "LOS ANGELES KINGS ", "LOS ANGELES KINGS ", "LOS ANGELES KINGS ", "LOS ANGELES KINGS ", "LOS ANGELES KINGS ", "LOS ANGELES KINGS ", "LOS ANGELES KINGS "], "GA": [0, 0, 0, 0, 0, 0, 0, 0, 0, 0, 0, 0, 0, 0, 0, 0, 0, 0, "1", "3", 0, 0, 0, 0, 0, 0, 0, 0, 0, 0, 0, 0, 0, 0, 0, 0, 0, 0, "2", 0], "SA": [0, 0, 0, 0, 0, 0, 0, 0, 0, 0, 0, 0, 0, 0, 0, 0, 0, 0, "17", "18", 0, 0, 0, 0, 0, 0, 0, 0, 0, 0, 0, 0, 0, 0, 0, 0, 0, 0, "22", 0]}}