{"game_info": {"date": "2013-12-03", "visitor": "VANCOUVER CANUCKS ", "home": "NASHVILLE PREDATORS ", "game_id": 416, "status": "final"}, "player_stats": {"number": ["2", "3", "5", "7", "8", "9", "15", "17", "18", "20", "21", "22", "23", "25", "29", "32", "33", "36", "1", "31", "3", "4", "7", "11", "12", "13", "15", "24", "25", "26", "27", "28", "33", "42", "47", "57", "59", "64", "30", "39"], "position": ["D", "D", "D", "L", "D", "R", "R", "C", "D", "L", "C", "L", "D", "C", "L", "R", "C", "R", "G", "G", "D", "D", "C", "C", "C", "C", "C", "L", "L", "C", "R", "C", "C", "D", "D", "L", "D", "D", "G", "G"], "name": ["HAMHUIS, DAN", "BIEKSA, KEVIN", "GARRISON, JASON", "BOOTH, DAVID", "TANEV, CHRISTOPHER", "KASSIAN, ZACK", "RICHARDSON, BRAD", "KESLER, RYAN", "STANTON, RYAN", "HIGGINS, CHRIS", "DALPE, ZAC", "SEDIN, DANIEL", "EDLER, ALEXANDER", "SANTORELLI, MIKE", "SESTITO, TOM", "WEISE, DALE", "SEDIN, HENRIK", "HANSEN, JANNIK", "LUONGO, ROBERTO", "LACK, EDDIE", "JONES, SETH", "ELLIS, RYAN", "CULLEN, MATT", "LEGWAND, DAVID", "FISHER, MIKE", "SPALING, NICK", "SMITH, CRAIG", "NYSTROM, ERIC", "STALBERG, VIKTOR", "HENDRICKS, MATT", "HORNQVIST, PATRIC", "GAUSTAD, PAUL", "WILSON, COLIN", "EKHOLM, MATTIAS", "PISKULA, JOE", "BOURQUE, GABRIEL", "JOSI, ROMAN", "BARTLEY, VICTOR", "HUTTON, CARTER", "MAZANEC, MAREK"], "G": [0, 0, 0, 0, 0, 0, "1", "2", 0, 0, 0, 0, 0, 0, 0, 0, 0, 0, 0, 0, 0, 0, 0, 0, 0, 0, 0, 0, 0, 0, 0, 0, "1", 0, 0, 0, 0, 0, 0, 0], "A": [0, 0, "2", 0, 0, 0, 0, 0, 0, 0, 0, "1", 0, "1", 0, "1", 0, "1", 0, 0, 0, 0, 0, 0, 0, 0, 0, 0, 0, 0, "1", 0, 0, 0, 0, 0, "1", 0, 0, 0], "P": [0, 0, "2", 0, 0, 0, "1", "2", 0, 0, 0, "1", 0, "1", 0, "1", 0, "1", 0, 0, 0, 0, 0, 0, 0, 0, 0, 0, 0, 0, "1", 0, "1", 0, 0, 0, "1", 0, 0, 0], "+/-": [0, "+1", "+1", "-1", 0, 0, "+1", "+1", 0, "+1", 0, "-1", 0, "+1", 0, "+1", "-1", "+1", 0, 0, 0, "-1", "-1", "-1", "+1", "-1", "-1", 0, "-1", 0, "+1", 0, "+1", 0, 0, "-1", 0, "-1", 0, 0], "PN": ["1", "1", "1", 0, 0, 0, 0, 0, 0, 0, 0, 0, 0, 0, 0, 0, 0, 0, 0, 0, 0, "1", 0, 0, 0, 0, 0, 0, "1", "1", "2", 0, 0, 0, 0, 0, 0, 0, 0, 0], "PIM": ["2", "2", "2", 0, 0, 0, 0, 0, 0, 0, 0, 0, 0, 0, 0, 0, 0, 0, 0, 0, 0, "2", 0, 0, 0, 0, 0, 0, "2", "2", "4", 0, 0, 0, 0, 0, 0, 0, 0, 0], "TOT": ["27:43", "22:07", "23:51", "16:14", "24:10", "05:05", "15:33", "21:01", "14:45", "19:02", "04:46", "21:22", "07:28", "22:38", "05:07", "11:41", "21:11", "12:53", "60:00", 0, "29:40", "13:32", "14:48", "16:14", "19:29", "12:04", "12:44", "11:34", "12:33", "12:19", "17:56", "13:30", "17:39", "17:16", "13:54", "14:49", "29:11", "15:47", 0, "57:28"], "SHF": ["30", "30", "30", "23", "29", "8", "22", "23", "21", "24", "10", "25", "9", "25", "8", "17", "24", "18", 0, 0, "27", "19", "18", "20", "22", "19", "18", "17", "17", "16", "20", "17", "21", "20", "15", "18", "27", "21", 0, 0], "AVG TOI/SH": ["00:55", "00:44", "00:47", "00:42", "00:50", "00:38", "00:42", "00:54", "00:42", "00:47", "00:28", "00:51", "00:49", "00:54", "00:38", "00:41", "00:52", "00:42", 0, 0, "01:05", "00:42", "00:49", "00:48", "00:53", "00:38", "00:42", "00:40", "00:44", "00:46", "00:53", "00:47", "00:50", "00:51", "00:55", "00:49", "01:04", "00:45", 0, 0], "PP": ["03:35", "03:58", "05:42", "02:20", "01:51", "00:00", "00:00", "05:29", "00:00", "02:19", "00:00", "04:58", "00:00", "02:19", "00:00", "00:00", "05:14", "00:00", "07:33", 0, "02:51", "00:32", "02:08", "02:38", "02:32", "00:00", "00:51", "00:00", "00:00", "00:00", "02:38", "00:00", "00:45", "00:00", "00:00", "00:45", "02:38", "00:00", 0, "02:00"], "SH": ["02:27", "01:13", "00:09", "00:00", "02:01", "00:00", "02:10", "01:13", "00:56", "01:13", "00:00", "00:00", "00:00", "02:10", "00:00", "00:00", "00:00", "00:00", "03:23", 0, "04:57", "00:00", "00:22", "00:00", "01:21", "01:46", "00:00", "01:55", "00:00", "04:01", "00:00", "05:19", "00:00", "02:19", "00:00", "00:22", "05:14", "02:36", 0, "07:33"], "EV": ["21:41", "16:56", "18:00", "13:54", "20:18", "05:05", "13:23", "14:19", "13:49", "15:30", "04:46", "16:24", "07:28", "18:09", "05:07", "11:41", "15:57", "12:53", "49:04", 0, "21:52", "13:00", "12:18", "13:36", "15:36", "10:18", "11:53", "09:39", "12:33", "08:18", "15:18", "08:11", "16:54", "14:57", "13:54", "13:42", "21:19", "13:11", 0, "47:55"], "S": ["3", "1", "6", "3", 0, 0, "1", "5", 0, "4", "1", "3", 0, "3", 0, "1", "2", 0, 0, 0, "2", 0, "1", "3", "1", "1", "2", "1", "3", "1", "3", 0, "5", "3", 0, 0, "5", 0, 0, 0], "A/B": [0, "3", "4", "1", 0, 0, "2", 0, "1", "3", 0, "2", "1", "1", 0, 0, 0, 0, 0, 0, "2", 0, 0, "1", 0, 0, "1", 0, "1", 0, 0, 0, "1", 0, 0, 0, "2", 0, 0, 0], "MS": ["3", "1", "1", "1", 0, 0, 0, 0, 0, 0, "1", "2", 0, "1", 0, 0, 0, 0, 0, 0, 0, 0, 0, 0, 0, 0, 0, 0, "1", 0, "2", 0, "1", 0, 0, "1", 0, 0, 0, 0], "HT": ["1", 0, 0, "2", "1", 0, 0, "3", "2", "1", "2", 0, 0, 0, "2", "1", 0, 0, 0, 0, "1", "2", 0, "3", "4", 0, "1", "1", 0, "4", "2", "1", 0, 0, "1", 0, 0, "2", 0, 0], "GV": ["2", "1", 0, "1", 0, 0, 0, "1", 0, 0, 0, 0, 0, 0, "1", "1", "1", 0, 0, 0, "2", "1", 0, 0, "2", 0, 0, 0, 0, 0, 0, "1", "1", 0, "2", 0, 0, 0, 0, "1"], "TK": ["2", 0, 0, 0, "1", 0, 0, "2", 0, 0, 0, 0, "1", 0, "1", 0, 0, 0, 0, 0, "2", "1", 0, "1", "1", "2", 0, 0, 0, 0, "1", 0, 0, 0, 0, 0, 0, "1", 0, 0], "BS": ["3", "2", 0, 0, "2", 0, 0, 0, 0, 0, 0, 0, "1", 0, 0, 0, 0, 0, 0, 0, "5", "2", "1", 0, 0, "1", 0, "1", 0, "2", 0, "2", "1", "2", 0, 0, "1", 0, 0, 0], "FW": [0, 0, 0, 0, 0, 0, "10", "13", 0, "0", "2", "0", 0, "0", 0, 0, "8", 0, 0, 0, 0, 0, "6", "5", "7", "1", 0, 0, 0, "1", 0, "3", 0, 0, 0, 0, 0, 0, 0, 0], "FL": [0, 0, 0, 0, 0, 0, "4", "6", 0, "1", "2", "1", 0, "1", 0, 0, "8", 0, 0, 0, 0, 0, "7", "7", "7", "3", 0, 0, 0, "1", 0, "8", 0, 0, 0, 0, 0, 0, 0, 0], "F%": [0, 0, 0, 0, 0, 0, "71", "68", 0, "0", "50", "0", 0, "0", 0, 0, "50", 0, 0, 0, 0, 0, "46", "42", "50", "25", 0, 0, 0, "50", 0, "27", 0, 0, 0, 0, 0, 0, 0, 0], "team": ["VANCOUVER CANUCKS ", "VANCOUVER CANUCKS ", "VANCOUVER CANUCKS ", "VANCOUVER CANUCKS ", "VANCOUVER CANUCKS ", "VANCOUVER CANUCKS ", "VANCOUVER CANUCKS ", "VANCOUVER CANUCKS ", "VANCOUVER CANUCKS ", "VANCOUVER CANUCKS ", "VANCOUVER CANUCKS ", "VANCOUVER CANUCKS ", "VANCOUVER CANUCKS ", "VANCOUVER CANUCKS ", "VANCOUVER CANUCKS ", "VANCOUVER CANUCKS ", "VANCOUVER CANUCKS ", "VANCOUVER CANUCKS ", "VANCOUVER CANUCKS ", "VANCOUVER CANUCKS ", "NASHVILLE PREDATORS ", "NASHVILLE PREDATORS ", "NASHVILLE PREDATORS ", "NASHVILLE PREDATORS ", "NASHVILLE PREDATORS ", "NASHVILLE PREDATORS ", "NASHVILLE PREDATORS ", "NASHVILLE PREDATORS ", "NASHVILLE PREDATORS ", "NASHVILLE PREDATORS ", "NASHVILLE PREDATORS ", "NASHVILLE PREDATORS ", "NASHVILLE PREDATORS ", "NASHVILLE PREDATORS ", "NASHVILLE PREDATORS ", "NASHVILLE PREDATORS ", "NASHVILLE PREDATORS ", "NASHVILLE PREDATORS ", "NASHVILLE PREDATORS ", "NASHVILLE PREDATORS "], "GA": [0, 0, 0, 0, 0, 0, 0, 0, 0, 0, 0, 0, 0, 0, 0, 0, 0, 0, "1", 0, 0, 0, 0, 0, 0, 0, 0, 0, 0, 0, 0, 0, 0, 0, 0, 0, 0, 0, 0, "3"], "SA": [0, 0, 0, 0, 0, 0, 0, 0, 0, 0, 0, 0, 0, 0, 0, 0, 0, 0, "31", 0, 0, 0, 0, 0, 0, 0, 0, 0, 0, 0, 0, 0, 0, 0, 0, 0, 0, 0, 0, "33"]}}