{"game_info": {"date": "2014-03-01", "visitor": "WASHINGTON CAPITALS ", "home": "BOSTON BRUINS ", "game_id": 902, "status": "final"}, "player_stats": {"number": ["4", "8", "16", "19", "20", "21", "25", "27", "42", "43", "48", "52", "58", "74", "81", "83", "90", "94", "30", "70", "11", "12", "17", "18", "20", "21", "22", "23", "27", "33", "34", "37", "43", "46", "47", "55", "63", "86", "30", "40"], "position": ["D", "L", "R", "C", "R", "C", "L", "D", "R", "R", "C", "D", "D", "D", "D", "C", "C", "C", "G", "G", "C", "R", "L", "R", "L", "L", "L", "C", "D", "D", "C", "C", "D", "C", "D", "D", "C", "D", "G", "G"], "name": ["ERSKINE, JOHN", "OVECHKIN, ALEX", "FEHR, ERIC", "BACKSTROM, NICKLAS", "BROUWER, TROY", "LAICH, BROOKS", "CHIMERA, JASON", "ALZNER, KARL", "WARD, JOEL", "WILSON, TOM", "WELLMAN, CASEY", "GREEN, MIKE", "CARRICK, CONNOR", "CARLSON, JOHN", "ORLOV, DMITRY", "BEAGLE, JAY", "JOHANSSON, MARCUS", "DESCHAMPS, NICOLAS", "NEUVIRTH, MICHAL", "HOLTBY, BRADEN", "CAMPBELL, GREGORY", "IGINLA, JAROME", "LUCIC, MILAN", "SMITH, REILLY", "PAILLE, DANIEL", "ERIKSSON, LOUI", "THORNTON, SHAWN", "KELLY, CHRIS", "HAMILTON, DOUGIE", "CHARA, ZDENO", "SODERBERG, CARL", "BERGERON, PATRICE", "BARTKOWSKI, MATT", "KREJCI, DAVID", "KRUG, TOREY", "BOYCHUK, JOHNNY", "MARCHAND, BRAD", "MILLER, KEVAN", "JOHNSON, CHAD", "RASK, TUUKKA"], "G": [0, "2", "1", 0, 0, 0, 0, 0, "1", 0, 0, 0, 0, 0, 0, 0, 0, 0, 0, 0, "1", 0, 0, 0, 0, 0, 0, 0, 0, 0, 0, "1", 0, 0, 0, 0, 0, 0, 0, 0], "A": [0, 0, 0, "1", 0, 0, "1", 0, "1", 0, 0, 0, 0, "1", 0, 0, "1", 0, 0, 0, 0, 0, 0, "1", "1", 0, "1", 0, "1", 0, 0, 0, 0, 0, 0, 0, 0, 0, 0, 0], "P": [0, "2", "1", "1", 0, 0, "1", 0, "2", 0, 0, 0, 0, "1", 0, 0, "1", 0, 0, 0, "1", 0, 0, "1", "1", 0, "1", 0, "1", 0, 0, "1", 0, 0, 0, 0, 0, 0, 0, 0], "+/-": ["+1", "-1", "+2", "-1", 0, "-1", "+2", "+1", "+2", 0, 0, "-1", "+1", "+1", "-1", 0, 0, 0, 0, 0, "+1", "-1", "-1", "-1", "+1", 0, "+1", 0, 0, "+1", 0, "-1", "-1", "-1", "-1", "-2", "-1", "+1", 0, 0], "PN": [0, 0, "1", "1", 0, 0, "1", 0, 0, "1", 0, 0, 0, 0, 0, "1", 0, 0, 0, 0, 0, 0, 0, 0, 0, 0, 0, "1", 0, 0, "2", 0, "1", 0, 0, 0, "2", 0, 0, 0], "PIM": [0, 0, "2", "2", 0, 0, "2", 0, 0, "2", 0, 0, 0, 0, 0, "2", 0, 0, 0, 0, 0, 0, 0, 0, 0, 0, 0, "2", 0, 0, "4", 0, "2", 0, 0, 0, "4", 0, 0, 0], "TOT": ["17:12", "19:52", "14:53", "19:16", "20:27", "20:10", "17:03", "18:23", "17:02", "06:06", "10:03", "19:32", "15:42", "24:46", "17:22", "10:36", "17:48", "05:37", 0, "59:53", "10:35", "17:23", "14:36", "14:56", "11:22", "15:55", "09:12", "13:31", "18:41", "25:55", "14:36", "18:29", "19:13", "17:12", "18:24", "19:46", "15:16", "16:35", 0, "58:19"], "SHF": ["18", "24", "22", "24", "27", "30", "23", "22", "25", "10", "14", "25", "20", "27", "22", "16", "26", "9", 0, 0, "14", "18", "18", "17", "14", "21", "11", "21", "21", "28", "19", "24", "25", "18", "21", "26", "23", "23", 0, 0], "AVG TOI/SH": ["00:57", "00:49", "00:40", "00:48", "00:45", "00:40", "00:44", "00:50", "00:40", "00:36", "00:43", "00:46", "00:47", "00:55", "00:47", "00:39", "00:41", "00:37", 0, 0, "00:45", "00:57", "00:48", "00:52", "00:48", "00:45", "00:50", "00:38", "00:53", "00:55", "00:46", "00:46", "00:46", "00:57", "00:52", "00:45", "00:39", "00:43", 0, 0], "PP": ["00:00", "07:03", "00:28", "05:14", "04:22", "05:09", "02:54", "00:17", "03:19", "00:06", "00:00", "02:44", "00:00", "05:25", "00:49", "00:25", "02:30", "00:00", 0, "08:09", "00:00", "02:47", "01:04", "03:03", "00:00", "01:45", "00:06", "00:00", "01:35", "02:26", "01:29", "01:45", "00:05", "02:37", "02:54", "00:09", "00:05", "00:00", 0, "04:22"], "SH": ["01:48", "00:00", "00:00", "00:55", "01:00", "02:25", "01:02", "02:34", "00:56", "00:00", "00:00", "00:00", "00:44", "03:38", "00:00", "00:26", "00:00", "00:00", 0, "04:22", "01:52", "00:50", "00:00", "00:00", "02:20", "01:43", "00:00", "02:08", "00:06", "05:45", "00:00", "04:09", "02:18", "00:08", "00:06", "05:19", "03:08", "02:44", 0, "08:09"], "EV": ["15:24", "12:49", "14:25", "13:07", "15:05", "12:36", "13:07", "15:32", "12:47", "06:00", "10:03", "16:48", "14:58", "15:43", "16:33", "09:45", "15:18", "05:37", 0, "47:22", "08:43", "13:46", "13:32", "11:53", "09:02", "12:27", "09:06", "11:23", "17:00", "17:44", "13:07", "12:35", "16:50", "14:27", "15:24", "14:18", "12:03", "13:51", 0, "45:48"], "S": [0, "9", "5", "2", "3", 0, "3", 0, "3", 0, 0, "2", 0, "1", "2", 0, "1", 0, 0, 0, "5", "2", 0, 0, "1", "1", "2", "2", "4", "1", "1", "2", "3", "3", "6", "2", "1", "2", 0, 0], "A/B": ["1", "2", 0, 0, 0, 0, 0, 0, "1", 0, 0, "1", 0, 0, 0, 0, "1", 0, 0, 0, 0, "1", 0, 0, 0, "1", 0, 0, 0, "1", 0, "2", "1", 0, "3", "3", "1", "1", 0, 0], "MS": [0, 0, 0, "1", "2", "1", 0, 0, "1", 0, 0, "2", 0, 0, 0, 0, 0, 0, 0, 0, 0, "1", "1", "1", 0, 0, "1", 0, "2", "1", 0, "3", "1", 0, "2", "2", 0, 0, 0, 0], "HT": ["3", "1", "1", 0, 0, "2", "3", "1", "1", "2", 0, 0, "1", "2", "2", "1", "1", 0, 0, 0, "1", 0, "3", 0, 0, 0, "3", "1", "3", "2", 0, 0, "1", "1", "1", "3", 0, "2", 0, 0], "GV": [0, "2", "1", "1", 0, 0, "1", 0, 0, 0, "1", "1", 0, 0, 0, 0, "1", 0, 0, 0, 0, 0, "2", 0, 0, 0, 0, 0, 0, 0, 0, 0, 0, 0, 0, "1", 0, 0, 0, 0], "TK": [0, "1", "1", "1", 0, "1", 0, 0, "2", "1", 0, "1", 0, "1", 0, "1", 0, 0, 0, 0, 0, 0, "1", 0, 0, "1", 0, 0, 0, 0, "1", "1", 0, 0, 0, 0, "1", 0, 0, 0], "BS": ["1", 0, "1", "1", 0, 0, "2", "1", 0, 0, "2", 0, "2", "1", 0, "2", "1", 0, 0, 0, 0, 0, 0, "1", 0, "1", 0, 0, 0, "1", 0, 0, 0, 0, 0, "3", 0, 0, 0, 0], "FW": [0, 0, "7", "7", "3", "3", 0, 0, "0", 0, "0", 0, 0, 0, 0, "4", "1", 0, 0, 0, "3", "0", "2", 0, 0, 0, 0, "8", 0, 0, "3", "14", 0, "8", 0, 0, 0, 0, 0, 0], "FL": [0, 0, "9", "11", "2", "1", 0, 0, "4", 0, "6", 0, 0, 0, 0, "4", "1", 0, 0, 0, "4", "1", "0", 0, 0, 0, 0, "3", 0, 0, "4", "7", 0, "6", 0, 0, 0, 0, 0, 0], "F%": [0, 0, "44", "39", "60", "75", 0, 0, "0", 0, "0", 0, 0, 0, 0, "50", "50", 0, 0, 0, "43", "0", "100", 0, 0, 0, 0, "73", 0, 0, "43", "67", 0, "57", 0, 0, 0, 0, 0, 0], "team": ["WASHINGTON CAPITALS ", "WASHINGTON CAPITALS ", "WASHINGTON CAPITALS ", "WASHINGTON CAPITALS ", "WASHINGTON CAPITALS ", "WASHINGTON CAPITALS ", "WASHINGTON CAPITALS ", "WASHINGTON CAPITALS ", "WASHINGTON CAPITALS ", "WASHINGTON CAPITALS ", "WASHINGTON CAPITALS ", "WASHINGTON CAPITALS ", "WASHINGTON CAPITALS ", "WASHINGTON CAPITALS ", "WASHINGTON CAPITALS ", "WASHINGTON CAPITALS ", "WASHINGTON CAPITALS ", "WASHINGTON CAPITALS ", "WASHINGTON CAPITALS ", "WASHINGTON CAPITALS ", "BOSTON BRUINS ", "BOSTON BRUINS ", "BOSTON BRUINS ", "BOSTON BRUINS ", "BOSTON BRUINS ", "BOSTON BRUINS ", "BOSTON BRUINS ", "BOSTON BRUINS ", "BOSTON BRUINS ", "BOSTON BRUINS ", "BOSTON BRUINS ", "BOSTON BRUINS ", "BOSTON BRUINS ", "BOSTON BRUINS ", "BOSTON BRUINS ", "BOSTON BRUINS ", "BOSTON BRUINS ", "BOSTON BRUINS ", "BOSTON BRUINS ", "BOSTON BRUINS "], "GA": [0, 0, 0, 0, 0, 0, 0, 0, 0, 0, 0, 0, 0, 0, 0, 0, 0, 0, 0.0, "2", 0, 0, 0, 0, 0, 0, 0, 0, 0, 0, 0, 0, 0, 0, 0, 0, 0, 0, 0, "4"], "SA": [0, 0, 0, 0, 0, 0, 0, 0, 0, 0, 0, 0, 0, 0, 0, 0, 0, 0, 0.0, "38", 0, 0, 0, 0, 0, 0, 0, 0, 0, 0, 0, 0, 0, 0, 0, 0, 0, 0, 0, "31"]}}