{"game_info": {"date": "2014-03-10", "visitor": "NASHVILLE PREDATORS ", "home": "OTTAWA SENATORS ", "game_id": 969, "status": "final"}, "player_stats": {"number": ["3", "4", "5", "6", "7", "12", "13", "15", "16", "17", "24", "25", "27", "28", "33", "42", "59", "84", "30", "35", "2", "3", "4", "5", "6", "7", "9", "14", "15", "19", "22", "25", "28", "62", "65", "68", "83", "93", "40", "41"], "position": ["D", "D", "D", "D", "C", "C", "C", "C", "L", "R", "L", "L", "R", "C", "C", "D", "D", "C", "G", "G", "D", "D", "D", "D", "R", "C", "L", "C", "C", "C", "R", "R", "L", "D", "D", "C", "R", "C", "G", "G"], "name": ["JONES, SETH", "ELLIS, RYAN", "DEL ZOTTO, MICHAEL", "WEBER, SHEA", "CULLEN, MATT", "FISHER, MIKE", "SPALING, NICK", "SMITH, CRAIG", "CLUNE, RICH", "EAVES, PATRICK", "NYSTROM, ERIC", "STALBERG, VIKTOR", "HORNQVIST, PATRIC", "GAUSTAD, PAUL", "WILSON, COLIN", "EKHOLM, MATTIAS", "JOSI, ROMAN", "SISSONS, COLTON", "HUTTON, CARTER", "RINNE, PEKKA", "COWEN, JARED", "METHOT, MARC", "PHILLIPS, CHRIS", "CECI, CODY", "RYAN, BOBBY", "TURRIS, KYLE", "MICHALEK, MILAN", "GREENING, COLIN", "SMITH, ZACK", "SPEZZA, JASON", "CONDRA, ERIK", "NEIL, CHRIS", "KASSIAN, MATT", "GRYBA, ERIC", "KARLSSON, ERIK", "HOFFMAN, MIKE", "HEMSKY, ALES", "ZIBANEJAD, MIKA", "LEHNER, ROBIN", "ANDERSON, CRAIG"], "G": ["1", 0, 0, 0, 0, 0, "1", "1", 0, 0, "1", 0, 0, 0, 0, 0, 0, 0, 0, 0, "1", "1", 0, 0, 0, 0, 0, 0, 0, "1", 0, 0, 0, 0, 0, 0, 0, 0, 0, 0], "A": ["1", "1", "1", 0, 0, 0, 0, 0, 0, 0, 0, 0, 0, 0, "1", "1", 0, 0, 0, 0, 0, 0, 0, 0, 0, 0, 0, 0, 0, "2", 0, 0, 0, 0, "1", 0, "3", 0, 0, 0], "P": ["2", "1", "1", 0, 0, 0, "1", "1", 0, 0, "1", 0, 0, 0, "1", "1", 0, 0, 0, 0, "1", "1", 0, 0, 0, 0, 0, 0, 0, "3", 0, 0, 0, 0, "1", 0, "3", 0, 0, 0], "+/-": ["+3", "+2", "+1", "-3", 0, 0, "+1", "+3", 0, 0, "-1", "-2", 0, "-1", "+3", "+2", "-3", "-1", 0, 0, "+1", "-2", 0, 0, "-1", "-1", "+1", 0, 0, "+1", "-1", 0, "-1", "+1", "-2", 0, "+1", "-1", 0, 0], "PN": [0, 0, 0, 0, 0, "1", 0, 0, "1", 0, 0, 0, 0, 0, 0, 0, 0, 0, 0, 0, 0, 0, 0, 0, 0, "1", 0, 0, 0, "1", 0, "1", 0, 0, 0, 0, 0, "1", 0, 0], "PIM": [0, 0, 0, 0, 0, "2", 0, 0, "5", 0, 0, 0, 0, 0, 0, 0, 0, 0, 0, 0, 0, 0, 0, 0, 0, "2", 0, 0, 0, "2", 0, "5", 0, 0, 0, 0, 0, "2", 0, 0], "TOT": ["12:52", "21:01", "20:12", "30:20", "14:49", "23:53", "18:51", "19:27", "09:46", "07:23", "18:30", "16:12", "16:23", "13:51", "18:16", "11:58", "31:15", "08:23", 0, "63:43", "20:53", "20:20", "25:00", "03:43", "19:10", "20:13", "19:12", "12:20", "16:52", "19:48", "09:02", "11:31", "05:21", "24:40", "31:59", "18:29", "17:54", "12:49", "19:39", "44:10"], "SHF": ["22", "28", "27", "35", "21", "32", "31", "31", "16", "12", "28", "22", "22", "22", "29", "21", "35", "13", 0, 0, "27", "29", "32", "4", "28", "28", "26", "18", "24", "27", "15", "15", "8", "32", "33", "26", "25", "19", 0, 0], "AVG TOI/SH": ["00:35", "00:45", "00:44", "00:52", "00:42", "00:44", "00:36", "00:37", "00:36", "00:36", "00:39", "00:44", "00:44", "00:37", "00:37", "00:34", "00:53", "00:38", 0, 0, "00:46", "00:42", "00:46", "00:55", "00:41", "00:43", "00:44", "00:41", "00:42", "00:44", "00:36", "00:46", "00:40", "00:46", "00:58", "00:42", "00:42", "00:40", 0, 0], "PP": ["02:19", "02:15", "00:22", "03:37", "02:35", "03:30", "02:16", "02:27", "00:03", "00:00", "00:11", "00:03", "03:30", "00:03", "03:22", "00:00", "03:27", "00:00", 0, "06:00", "00:00", "00:00", "00:57", "00:00", "01:03", "01:03", "00:57", "00:00", "00:00", "00:57", "00:00", "00:00", "00:00", "00:00", "02:00", "01:03", "00:57", "01:03", "00:00", "02:00"], "SH": ["01:01", "00:00", "00:00", "00:59", "00:00", "00:00", "00:29", "00:00", "00:00", "00:29", "01:11", "00:20", "00:00", "01:11", "00:00", "01:01", "00:59", "00:20", 0, "02:00", "01:58", "02:32", "03:28", "00:55", "01:58", "00:45", "01:42", "01:18", "02:26", "00:08", "02:09", "00:00", "00:00", "02:48", "00:19", "00:03", "00:08", "01:23", "00:00", "06:00"], "EV": ["09:32", "18:46", "19:50", "25:44", "12:14", "20:23", "16:06", "17:00", "09:43", "06:54", "17:08", "15:49", "12:53", "12:37", "14:54", "10:57", "26:49", "08:03", 0, "55:43", "18:55", "17:48", "20:35", "02:48", "16:09", "18:25", "16:33", "11:02", "14:26", "18:43", "06:53", "11:31", "05:21", "21:52", "29:40", "17:23", "16:49", "10:23", "19:39", "36:10"], "S": ["3", "2", 0, "1", "2", "5", "3", "5", "1", 0, "4", "3", "3", "3", "3", "1", "2", "1", 0, 0, "5", "1", "1", 0, "5", "2", "2", "1", "3", "4", 0, "1", 0, "2", "4", "1", "3", "2", 0, 0], "A/B": ["1", "3", 0, "1", 0, 0, 0, 0, 0, 0, 0, "1", "1", 0, "2", 0, "3", 0, 0, 0, 0, "1", "1", 0, 0, "1", 0, 0, 0, "1", "3", 0, 0, "1", "6", "2", 0, "1", 0, 0], "MS": [0, "2", "1", "1", 0, 0, "1", "1", 0, "1", "3", 0, "1", 0, "1", "1", "3", 0, 0, 0, 0, "1", "1", 0, "1", "2", "1", 0, "1", 0, "1", 0, 0, 0, "2", 0, "1", 0, 0, 0], "HT": [0, "5", 0, "5", "1", "7", 0, "1", "2", 0, "2", "4", 0, 0, "2", "3", "2", "1", 0, 0, "4", "4", "5", "1", 0, "2", "3", "2", "2", 0, 0, "5", "2", "6", "4", "1", "1", "1", 0, 0], "GV": [0, 0, 0, "1", "1", "1", 0, 0, 0, 0, 0, "1", 0, "1", "1", 0, 0, 0, 0, 0, "2", "2", 0, 0, "2", "1", "1", 0, 0, "2", 0, 0, 0, "2", "1", "1", 0, 0, 0, 0], "TK": [0, 0, "1", 0, "1", 0, 0, "1", 0, 0, 0, "1", 0, 0, 0, 0, "1", 0, 0, 0, 0, 0, 0, 0, "1", "1", 0, 0, "1", "1", "1", 0, 0, 0, 0, "4", 0, "2", 0, 0], "BS": [0, "1", "1", "1", 0, "2", "1", 0, 0, "1", 0, "2", "1", 0, "1", "4", "2", 0, 0, 0, 0, 0, 0, "1", 0, 0, "1", 0, "1", "1", "1", 0, "1", "4", "1", 0, "1", 0, 0, 0], "FW": [0, 0, 0, 0, "4", "9", 0, 0, 0, 0, 0, 0, 0, "11", "9", 0, 0, "4", 0, 0, 0, 0, 0, 0, 0, "11", 0, 0, "10", "12", 0, 0, 0, 0, 0, "1", 0, "1", 0, 0], "FL": [0, 0, 0, 0, "3", "10", 0, 0, 0, 0, 0, 0, 0, "8", "10", 0, 0, "4", 0, 0, 0, 0, 0, 0, 0, "12", 0, 0, "7", "9", 0, 0, 0, 0, 0, "0", 0, "9", 0, 0], "F%": [0, 0, 0, 0, "57", "47", 0, 0, 0, 0, 0, 0, 0, "58", "47", 0, 0, "50", 0, 0, 0, 0, 0, 0, 0, "48", 0, 0, "59", "57", 0, 0, 0, 0, 0, "100", 0, "10", 0, 0], "team": ["NASHVILLE PREDATORS ", "NASHVILLE PREDATORS ", "NASHVILLE PREDATORS ", "NASHVILLE PREDATORS ", "NASHVILLE PREDATORS ", "NASHVILLE PREDATORS ", "NASHVILLE PREDATORS ", "NASHVILLE PREDATORS ", "NASHVILLE PREDATORS ", "NASHVILLE PREDATORS ", "NASHVILLE PREDATORS ", "NASHVILLE PREDATORS ", "NASHVILLE PREDATORS ", "NASHVILLE PREDATORS ", "NASHVILLE PREDATORS ", "NASHVILLE PREDATORS ", "NASHVILLE PREDATORS ", "NASHVILLE PREDATORS ", "NASHVILLE PREDATORS ", "NASHVILLE PREDATORS ", "OTTAWA SENATORS ", "OTTAWA SENATORS ", "OTTAWA SENATORS ", "OTTAWA SENATORS ", "OTTAWA SENATORS ", "OTTAWA SENATORS ", "OTTAWA SENATORS ", "OTTAWA SENATORS ", "OTTAWA SENATORS ", "OTTAWA SENATORS ", "OTTAWA SENATORS ", "OTTAWA SENATORS ", "OTTAWA SENATORS ", "OTTAWA SENATORS ", "OTTAWA SENATORS ", "OTTAWA SENATORS ", "OTTAWA SENATORS ", "OTTAWA SENATORS ", "OTTAWA SENATORS ", "OTTAWA SENATORS "], "GA": [0, 0, 0, 0, 0, 0, 0, 0, 0, 0, 0, 0, 0, 0, 0, 0, 0, 0, 0.0, "3", 0, 0, 0, 0, 0, 0, 0, 0, 0, 0, 0, 0, 0, 0, 0, 0, 0, 0, "1", "3"], "SA": [0, 0, 0, 0, 0, 0, 0, 0, 0, 0, 0, 0, 0, 0, 0, 0, 0, 0, 0.0, "37", 0, 0, 0, 0, 0, 0, 0, 0, 0, 0, 0, 0, 0, 0, 0, 0, 0, 0, "13", "29"]}}