{"game_info": {"date": "2014-03-04", "visitor": "CAROLINA HURRICANES ", "home": "SAN JOSE SHARKS ", "game_id": 933, "status": "final"}, "player_stats": {"number": ["4", "5", "11", "12", "14", "15", "16", "19", "20", "21", "22", "26", "28", "39", "44", "53", "65", "73", "30", "31", "5", "8", "9", "10", "12", "13", "15", "19", "22", "27", "39", "44", "52", "57", "61", "81", "83", "88", "31", "32"], "position": ["D", "D", "C", "C", "C", "R", "C", "C", "C", "L", "C", "D", "R", "R", "D", "C", "D", "D", "G", "G", "D", "C", "R", "C", "C", "L", "C", "C", "D", "D", "C", "D", "D", "C", "D", "C", "L", "R", "G", "G"], "name": ["SEKERA, ANDREJ", "KOMISAREK, MIKE", "STAAL, JORDAN", "STAAL, ERIC", "GERBE, NATHAN", "RUUTU, TUOMO", "LINDHOLM, ELIAS", "TLUSTY, JIRI", "NASH, RILEY", "BOWMAN, DRAYSON", "MALHOTRA, MANNY", "LILES, JOHN-MICHAEL", "SEMIN, ALEXANDER", "DWYER, PATRICK", "HARRISON, JAY", "SKINNER, JEFF", "HAINSEY, RON", "BELLEMORE, BRETT", "WARD, CAM", "KHUDOBIN, ANTON", "DEMERS, JASON", "PAVELSKI, JOE", "HAVLAT, MARTY", "DESJARDINS, ANDREW", "MARLEAU, PATRICK", "TORRES, RAFFI", "SHEPPARD, JAMES", "THORNTON, JOE", "BOYLE, DAN", "HANNAN, SCOTT", "COUTURE, LOGAN", "VLASIC, MARC-EDOUARD", "IRWIN, MATT", "WINGELS, TOMMY", "BRAUN, JUSTIN", "KENNEDY, TYLER", "NIETO, MATT", "BURNS, BRENT", "NIEMI, ANTTI", "STALOCK, ALEX"], "G": [0, 0, 0, 0, 0, 0, "1", "1", 0, 0, 0, 0, 0, 0, "1", 0, 0, 0, 0, 0, 0, 0, "1", 0, 0, 0, 0, 0, 0, 0, 0, 0, 0, 0, 0, 0, 0, "1", 0, 0], "A": ["2", 0, 0, "1", 0, 0, "1", 0, 0, 0, 0, "1", "1", 0, 0, 0, 0, 0, 0, 0, 0, 0, 0, "1", 0, "1", "1", 0, 0, 0, 0, 0, 0, 0, 0, "1", 0, 0, 0, 0], "P": ["2", 0, 0, "1", 0, 0, "2", "1", 0, 0, 0, "1", "1", 0, "1", 0, 0, 0, 0, 0, 0, 0, "1", "1", 0, "1", "1", 0, 0, 0, 0, 0, 0, 0, 0, "1", 0, "1", 0, 0], "+/-": ["+3", 0, 0, "+1", 0, 0, "+1", 0, 0, 0, 0, "+2", 0, 0, "+1", 0, "-2", "-2", 0, 0, "-2", 0, "+1", 0, "-2", "+1", "+1", "-1", "+1", "-1", "-2", "-1", "+1", "-2", 0, "+1", 0, "+1", 0, 0], "PN": [0, 0, 0, "1", 0, 0, 0, 0, 0, 0, 0, 0, 0, 0, 0, 0, 0, 0, 0, 0, 0, 0, 0, 0, 0, 0, "1", 0, "1", 0, 0, 0, 0, 0, 0, 0, 0, 0, 0, 0], "PIM": [0, 0, 0, "2", 0, 0, 0, 0, 0, 0, 0, 0, 0, 0, 0, 0, 0, 0, 0, 0, 0, 0, 0, 0, 0, 0, "2", 0, "2", 0, 0, 0, 0, 0, 0, 0, 0, 0, 0, 0], "TOT": ["26:12", "13:51", "23:45", "20:21", "10:55", "11:12", "18:29", "21:26", "11:38", "09:39", "08:01", "23:17", "25:08", "10:24", "17:19", "17:49", "22:57", "22:49", 0, "64:18", "21:18", "18:46", "14:03", "12:23", "21:16", "10:08", "12:13", "17:57", "21:18", "22:04", "20:05", "22:36", "19:31", "17:10", "22:00", "11:06", "13:44", "15:34", 0, "64:18"], "SHF": ["33", "19", "32", "30", "18", "17", "26", "29", "20", "17", "15", "30", "31", "19", "24", "24", "28", "28", 0, 0, "27", "25", "20", "19", "26", "17", "19", "25", "26", "26", "26", "28", "26", "22", "27", "16", "19", "22", 0, 0], "AVG TOI/SH": ["00:47", "00:43", "00:44", "00:40", "00:36", "00:39", "00:42", "00:44", "00:34", "00:34", "00:32", "00:46", "00:48", "00:32", "00:43", "00:44", "00:49", "00:48", 0, 0, "00:47", "00:45", "00:42", "00:39", "00:49", "00:35", "00:38", "00:43", "00:49", "00:50", "00:46", "00:48", "00:45", "00:46", "00:48", "00:41", "00:43", "00:42", 0, 0], "PP": ["02:20", "00:00", "00:57", "01:23", "00:09", "00:09", "02:11", "00:00", "00:00", "00:00", "00:00", "00:00", "02:11", "00:00", "00:00", "02:11", "00:09", "00:00", 0, "02:20", "00:06", "00:00", "00:00", "00:00", "00:20", "00:00", "00:00", "00:00", "00:11", "00:14", "00:20", "00:00", "00:06", "00:09", "00:14", "00:00", "00:00", "00:00", 0, "00:20"], "SH": ["00:09", "00:00", "00:00", "00:00", "00:00", "00:00", "00:00", "00:11", "00:11", "00:00", "00:09", "00:00", "00:00", "00:09", "00:11", "00:00", "00:11", "00:09", 0, "00:20", "01:27", "00:57", "00:10", "00:10", "01:17", "00:00", "00:00", "00:00", "00:00", "00:53", "01:13", "01:27", "00:00", "00:53", "00:53", "00:00", "00:00", "00:00", 0, "02:20"], "EV": ["23:43", "13:51", "22:48", "18:58", "10:46", "11:03", "16:18", "21:15", "11:27", "09:39", "07:52", "23:17", "22:57", "10:15", "17:08", "15:38", "22:37", "22:40", 0, "61:38", "19:45", "17:49", "13:53", "12:13", "19:39", "10:08", "12:13", "17:57", "21:07", "20:57", "18:32", "21:09", "19:25", "16:08", "20:53", "11:06", "13:44", "15:34", 0, "61:38"], "S": ["2", "2", 0, "3", "3", "2", "1", "4", "3", "2", "1", "1", "4", "1", "1", "2", "3", 0, 0, 0, 0, "2", "2", "1", "7", "3", "1", "1", 0, 0, "4", "4", "3", "2", "2", "1", "1", "3", 0, 0], "A/B": ["2", 0, 0, "2", "1", "2", 0, "2", 0, 0, 0, "1", "1", "1", "1", "1", 0, "1", 0, 0, "2", "1", 0, "2", 0, "1", "1", 0, "1", "1", "1", "2", "2", "1", 0, 0, "1", "1", 0, 0], "MS": [0, 0, "2", "2", "1", 0, 0, "3", 0, 0, 0, 0, "4", 0, 0, 0, "1", 0, 0, 0, 0, "2", "3", 0, "1", 0, 0, 0, "1", "1", "3", "2", 0, "2", "2", 0, 0, "2", 0, 0], "HT": [0, "2", "7", "1", "1", "3", "3", 0, 0, "2", "1", "2", 0, 0, "1", 0, "1", "3", 0, 0, "1", "1", 0, 0, "2", "1", "3", "5", "1", "2", 0, 0, 0, 0, "1", "2", 0, "4", 0, 0], "GV": [0, "1", 0, 0, 0, 0, "1", 0, 0, 0, 0, "1", 0, 0, 0, "1", 0, "1", 0, 0, "1", "2", "1", "1", 0, 0, 0, "2", "1", 0, 0, "1", "2", 0, "1", "1", "2", 0, 0, "1"], "TK": ["2", 0, 0, 0, 0, 0, "2", 0, 0, 0, 0, 0, "1", 0, 0, 0, 0, 0, 0, 0, 0, 0, 0, 0, 0, "1", "2", "1", 0, 0, 0, 0, 0, "1", 0, "1", 0, 0, 0, 0], "BS": ["2", "1", 0, "1", 0, "1", 0, 0, 0, 0, "2", "3", "1", "1", 0, 0, "3", "2", 0, 0, "2", "1", "1", "3", 0, 0, 0, 0, "3", 0, 0, "2", "1", 0, "1", 0, "1", 0, 0, 0], "FW": [0, 0, "18", "6", 0, 0, "6", 0, "7", 0, "5", 0, 0, 0, 0, 0, 0, 0, 0, 0, 0, "6", 0, "8", "0", 0, "4", "4", 0, 0, "8", 0, 0, 0, 0, 0, 0, "0", 0, 0], "FL": [0, 0, "9", "4", 0, 0, "4", 0, "6", 0, "7", 0, 0, 0, 0, 0, 0, 0, 0, 0, 0, "6", 0, "5", "1", 0, "9", "5", 0, 0, "15", 0, 0, 0, 0, 0, 0, "1", 0, 0], "F%": [0, 0, "67", "60", 0, 0, "60", 0, "54", 0, "42", 0, 0, 0, 0, 0, 0, 0, 0, 0, 0, "50", 0, "62", "0", 0, "31", "44", 0, 0, "35", 0, 0, 0, 0, 0, 0, "0", 0, 0], "team": ["CAROLINA HURRICANES ", "CAROLINA HURRICANES ", "CAROLINA HURRICANES ", "CAROLINA HURRICANES ", "CAROLINA HURRICANES ", "CAROLINA HURRICANES ", "CAROLINA HURRICANES ", "CAROLINA HURRICANES ", "CAROLINA HURRICANES ", "CAROLINA HURRICANES ", "CAROLINA HURRICANES ", "CAROLINA HURRICANES ", "CAROLINA HURRICANES ", "CAROLINA HURRICANES ", "CAROLINA HURRICANES ", "CAROLINA HURRICANES ", "CAROLINA HURRICANES ", "CAROLINA HURRICANES ", "CAROLINA HURRICANES ", "CAROLINA HURRICANES ", "SAN JOSE SHARKS ", "SAN JOSE SHARKS ", "SAN JOSE SHARKS ", "SAN JOSE SHARKS ", "SAN JOSE SHARKS ", "SAN JOSE SHARKS ", "SAN JOSE SHARKS ", "SAN JOSE SHARKS ", "SAN JOSE SHARKS ", "SAN JOSE SHARKS ", "SAN JOSE SHARKS ", "SAN JOSE SHARKS ", "SAN JOSE SHARKS ", "SAN JOSE SHARKS ", "SAN JOSE SHARKS ", "SAN JOSE SHARKS ", "SAN JOSE SHARKS ", "SAN JOSE SHARKS ", "SAN JOSE SHARKS ", "SAN JOSE SHARKS "], "GA": [0, 0, 0, 0, 0, 0, 0, 0, 0, 0, 0, 0, 0, 0, 0, 0, 0, 0, 0.0, "2", 0, 0, 0, 0, 0, 0, 0, 0, 0, 0, 0, 0, 0, 0, 0, 0, 0, 0, 0, "3"], "SA": [0, 0, 0, 0, 0, 0, 0, 0, 0, 0, 0, 0, 0, 0, 0, 0, 0, 0, 0.0, "37", 0, 0, 0, 0, 0, 0, 0, 0, 0, 0, 0, 0, 0, 0, 0, 0, 0, 0, 0, "35"]}}