{"game_info": {"date": "2014-01-11", "visitor": "DETROIT RED WINGS ", "home": "LOS ANGELES KINGS ", "game_id": 683, "status": "final"}, "player_stats": {"number": ["2", "4", "8", "14", "15", "17", "18", "20", "21", "23", "27", "37", "40", "41", "44", "55", "65", "71", "34", "35", "6", "8", "10", "11", "13", "14", "21", "22", "23", "24", "26", "27", "28", "33", "44", "73", "74", "77", "32", "54"], "position": ["D", "D", "L", "C", "C", "R", "C", "L", "C", "D", "D", "R", "L", "C", "R", "D", "D", "R", "G", "G", "D", "D", "C", "C", "L", "R", "R", "C", "L", "C", "D", "D", "C", "D", "D", "C", "L", "C", "G", "G"], "name": ["SMITH, BRENDAN", "KINDL, JAKUB", "ABDELKADER, JUSTIN", "NYQUIST, GUSTAV", "SHEAHAN, RILEY", "EAVES, PATRICK", "ANDERSSON, JOAKIM", "MILLER, DREW", "TATAR, TOMAS", "LASHOFF, BRIAN", "QUINCEY, KYLE", "SAMUELSSON, MIKAEL", "ZETTERBERG, HENRIK", "GLENDENING, LUKE", "BERTUZZI, TODD", "KRONWALL, NIKLAS", "DEKEYSER, DANNY", "CLEARY, DANIEL", "MRAZEK, PETR", "HOWARD, JIMMY", "MUZZIN, JAKE", "DOUGHTY, DREW", "RICHARDS, MIKE", "KOPITAR, ANZE", "CLIFFORD, KYLE", "WILLIAMS, JUSTIN", "FRATTIN, MATT", "LEWIS, TREVOR", "BROWN, DUSTIN", "FRASER, COLIN", "VOYNOV, SLAVA", "MARTINEZ, ALEC", "STOLL, JARRET", "MITCHELL, WILLIE", "REGEHR, ROBYN", "TOFFOLI, TYLER", "KING, DWIGHT", "CARTER, JEFF", "QUICK, JONATHAN", "SCRIVENS, BEN"], "G": [0, 0, 0, 0, "1", 0, 0, 0, "1", 0, 0, 0, 0, 0, 0, 0, 0, "1", 0, 0, 0, "1", 0, 0, 0, 0, 0, 0, 0, 0, 0, 0, 0, 0, 0, 0, 0, 0, 0, 0], "A": ["1", 0, 0, 0, "1", 0, 0, 0, "1", 0, 0, 0, 0, "1", "1", 0, 0, 0, 0, 0, 0, 0, "1", "1", 0, 0, 0, 0, 0, 0, 0, 0, 0, 0, 0, 0, 0, 0, 0, 0], "P": ["1", 0, 0, 0, "2", 0, 0, 0, "2", 0, 0, 0, 0, "1", "1", 0, 0, "1", 0, 0, 0, "1", "1", "1", 0, 0, 0, 0, 0, 0, 0, 0, 0, 0, 0, 0, 0, 0, 0, 0], "+/-": [0, "+2", 0, 0, "+2", "+1", 0, 0, "+2", "+2", "+1", 0, 0, "+1", "+2", 0, "+1", "+1", 0, 0, "-1", "-1", "-1", 0, "-1", 0, 0, "-1", "-2", 0, 0, "-2", "-2", 0, "-2", "-1", 0, "-1", 0, 0], "PN": ["1", 0, 0, 0, 0, 0, "1", 0, 0, 0, "1", 0, "1", 0, "1", 0, 0, 0, 0, 0, "1", "1", 0, 0, "1", 0, 0, 0, 0, "1", 0, 0, 0, 0, 0, 0, 0, "1", 0, 0], "PIM": ["2", 0, 0, 0, 0, 0, "2", 0, 0, 0, "2", 0, "2", 0, "2", 0, 0, 0, 0, 0, "2", "2", 0, 0, "2", 0, 0, 0, 0, "2", 0, 0, 0, 0, 0, 0, 0, "2", 0, 0], "TOT": ["17:26", "15:03", "14:54", "16:42", "13:20", "12:28", "10:37", "14:31", "14:07", "13:33", "19:10", "09:16", "21:27", "18:01", "12:22", "26:03", "23:54", "18:18", 0, "59:46", "20:24", "27:06", "16:46", "22:30", "09:06", "15:22", "10:42", "10:15", "14:05", "08:45", "23:59", "12:56", "19:22", "19:45", "15:48", "10:51", "14:28", "20:15", "57:35", 0], "SHF": ["26", "24", "21", "23", "22", "17", "16", "20", "20", "21", "30", "14", "24", "24", "18", "33", "33", "23", 0, 0, "27", "32", "22", "23", "14", "19", "15", "15", "17", "14", "29", "21", "25", "27", "25", "15", "18", "23", 0, 0], "AVG TOI/SH": ["00:40", "00:37", "00:42", "00:43", "00:36", "00:44", "00:39", "00:43", "00:42", "00:38", "00:38", "00:39", "00:53", "00:45", "00:41", "00:47", "00:43", "00:47", 0, 0, "00:45", "00:50", "00:45", "00:58", "00:39", "00:48", "00:42", "00:41", "00:49", "00:37", "00:49", "00:36", "00:46", "00:43", "00:37", "00:43", "00:48", "00:52", 0, 0], "PP": ["00:25", "03:34", "00:14", "04:27", "03:18", "00:14", "00:00", "00:00", "03:19", "00:00", "00:10", "04:07", "04:20", "00:22", "04:07", "04:07", "02:55", "03:39", 0, "08:00", "02:50", "03:54", "03:11", "03:27", "00:17", "03:08", "00:31", "00:00", "02:35", "00:00", "03:20", "02:12", "02:39", "00:33", "00:00", "00:31", "00:59", "02:58", "06:37", 0], "SH": ["00:41", "00:00", "00:00", "00:00", "00:00", "00:23", "03:13", "03:51", "00:00", "02:30", "03:26", "00:00", "00:26", "02:36", "00:00", "03:11", "03:26", "02:20", 0, "06:37", "00:30", "03:13", "01:30", "02:19", "01:00", "00:20", "00:00", "02:46", "00:08", "01:13", "03:22", "00:00", "03:23", "05:41", "03:14", "00:00", "01:34", "01:05", "08:00", 0], "EV": ["16:20", "11:29", "14:40", "12:15", "10:02", "11:51", "07:24", "10:40", "10:48", "11:03", "15:34", "05:09", "16:41", "15:03", "08:15", "18:45", "17:33", "12:19", 0, "45:09", "17:04", "19:59", "12:05", "16:44", "07:49", "11:54", "10:11", "07:29", "11:22", "07:32", "17:17", "10:44", "13:20", "13:31", "12:34", "10:20", "11:55", "16:12", "42:58", 0], "S": [0, "4", "2", "4", "2", "3", "2", 0, "2", 0, "1", "1", "2", 0, 0, 0, "2", "1", 0, 0, "1", "2", "8", "3", "2", "3", "2", "2", "2", "2", "1", "1", "1", "4", "1", "4", "1", "5", 0, 0], "A/B": [0, "1", 0, 0, "1", 0, 0, 0, 0, 0, "1", "1", "2", 0, 0, "1", 0, 0, 0, 0, "3", "3", "1", "1", "1", "1", 0, 0, "1", 0, "3", "2", 0, "1", 0, 0, 0, 0, 0, 0], "MS": ["1", "1", 0, "1", "1", 0, 0, 0, "1", 0, "1", "1", "3", 0, 0, "1", 0, 0, 0, 0, "2", "4", 0, 0, 0, "2", "1", "1", "3", 0, "3", "1", 0, "1", 0, "1", 0, "2", 0, 0], "HT": [0, "1", "3", 0, "3", "3", 0, "3", 0, "2", "1", 0, 0, "2", 0, 0, "1", 0, 0, 0, "2", "4", "2", "2", "3", "1", "3", "2", 0, "3", "3", "2", "1", "1", "3", "1", "2", "1", 0, 0], "GV": ["2", 0, "1", 0, 0, 0, "1", 0, 0, 0, "1", 0, 0, "1", 0, "2", "1", 0, 0, "1", 0, "3", "1", "1", "1", "1", 0, 0, 0, 0, 0, 0, 0, "3", 0, 0, "1", "2", "1", 0], "TK": [0, 0, 0, 0, 0, 0, 0, 0, 0, 0, 0, 0, 0, 0, 0, 0, 0, 0, 0, 0, 0, 0, "1", 0, 0, 0, 0, 0, 0, 0, 0, 0, 0, 0, 0, "1", 0, 0, 0, 0], "BS": ["1", 0, "1", 0, 0, 0, "2", "2", 0, "1", "1", 0, "1", "1", 0, "3", "3", "1", 0, 0, "1", "1", 0, 0, 0, 0, 0, "2", 0, 0, 0, 0, "1", "1", "1", 0, 0, 0, 0, 0], "FW": [0, 0, 0, 0, "5", 0, "2", 0, 0, 0, 0, 0, "10", "3", 0, 0, 0, 0, 0, 0, 0, 0, "7", "9", 0, 0, 0, "2", 0, "2", 0, 0, "13", 0, 0, 0, 0, "12", 0, 0], "FL": [0, 0, 0, 0, "7", 0, "7", 0, 0, 0, 0, 0, "18", "13", 0, 0, 0, 0, 0, 0, 0, 0, "2", "6", 0, 0, 0, "1", 0, "1", 0, 0, "7", 0, 0, 0, 0, "3", 0, 0], "F%": [0, 0, 0, 0, "42", 0, "22", 0, 0, 0, 0, 0, "36", "19", 0, 0, 0, 0, 0, 0, 0, 0, "78", "60", 0, 0, 0, "67", 0, "67", 0, 0, "65", 0, 0, 0, 0, "80", 0, 0], "team": ["DETROIT RED WINGS ", "DETROIT RED WINGS ", "DETROIT RED WINGS ", "DETROIT RED WINGS ", "DETROIT RED WINGS ", "DETROIT RED WINGS ", "DETROIT RED WINGS ", "DETROIT RED WINGS ", "DETROIT RED WINGS ", "DETROIT RED WINGS ", "DETROIT RED WINGS ", "DETROIT RED WINGS ", "DETROIT RED WINGS ", "DETROIT RED WINGS ", "DETROIT RED WINGS ", "DETROIT RED WINGS ", "DETROIT RED WINGS ", "DETROIT RED WINGS ", "DETROIT RED WINGS ", "DETROIT RED WINGS ", "LOS ANGELES KINGS ", "LOS ANGELES KINGS ", "LOS ANGELES KINGS ", "LOS ANGELES KINGS ", "LOS ANGELES KINGS ", "LOS ANGELES KINGS ", "LOS ANGELES KINGS ", "LOS ANGELES KINGS ", "LOS ANGELES KINGS ", "LOS ANGELES KINGS ", "LOS ANGELES KINGS ", "LOS ANGELES KINGS ", "LOS ANGELES KINGS ", "LOS ANGELES KINGS ", "LOS ANGELES KINGS ", "LOS ANGELES KINGS ", "LOS ANGELES KINGS ", "LOS ANGELES KINGS ", "LOS ANGELES KINGS ", "LOS ANGELES KINGS "], "GA": [0, 0, 0, 0, 0, 0, 0, 0, 0, 0, 0, 0, 0, 0, 0, 0, 0, 0, 0.0, "1", 0, 0, 0, 0, 0, 0, 0, 0, 0, 0, 0, 0, 0, 0, 0, 0, 0, 0, "3", 0], "SA": [0, 0, 0, 0, 0, 0, 0, 0, 0, 0, 0, 0, 0, 0, 0, 0, 0, 0, 0.0, "45", 0, 0, 0, 0, 0, 0, 0, 0, 0, 0, 0, 0, 0, 0, 0, 0, 0, 0, "26", 0]}}