{"game_info": {"date": "2014-02-01", "visitor": "BUFFALO SABRES ", "home": "COLORADO AVALANCHE ", "game_id": 826, "status": "final"}, "player_stats": {"number": ["4", "5", "6", "9", "10", "19", "20", "23", "24", "27", "28", "32", "37", "57", "63", "65", "82", "84", "1", "30", "2", "4", "5", "6", "7", "8", "9", "11", "15", "24", "25", "29", "44", "55", "58", "61", "90", "92", "1", "35"], "position": ["D", "D", "D", "C", "D", "C", "D", "L", "C", "R", "C", "L", "L", "D", "C", "C", "L", "C", "G", "G", "D", "D", "D", "D", "C", "D", "C", "L", "R", "R", "C", "C", "D", "L", "L", "D", "C", "L", "G", "G"], "name": ["MCBAIN, JAMIE", "RUHWEDEL, CHAD", "WEBER, MIKE", "OTT, STEVE", "EHRHOFF, CHRISTIAN", "HODGSON, CODY", "TALLINDER, HENRIK", "LEINO, VILLE", "KONOPKA, ZENON", "D'AGOSTINI, MATT", "GIRGENSONS, ZEMGUS", "SCOTT, JOHN", "ELLIS, MATT", "MYERS, TYLER", "ENNIS, TYLER", "FLYNN, BRIAN", "FOLIGNO, MARCUS", "VARONE, PHILIP", "ENROTH, JHONAS", "MILLER, RYAN", "HOLDEN, NICK", "BARRIE, TYSON", "GUENIN, NATE", "JOHNSON, ERIK", "MITCHELL, JOHN", "HEJDA, JAN", "DUCHENE, MATT", "MCGINN, JAMIE", "PARENTEAU, PA", "CLICHE, MARC-ANDRE", "TALBOT, MAXIME", "MACKINNON, NATHAN", "WILSON, RYAN", "MCLEOD, CODY", "BORDELEAU, PATRICK", "BENOIT, ANDRE", "O'REILLY, RYAN", "LANDESKOG, GABRIEL", "VARLAMOV, SEMYON", "GIGUERE, JEAN-SEBASTIEN"], "G": [0, 0, 0, 0, 0, 0, 0, 0, 0, "1", 0, 0, 0, 0, 0, 0, 0, 0, 0, 0, 0, "1", 0, 0, 0, 0, 0, "2", 0, "1", 0, "1", 0, 0, 0, 0, 0, "2", 0, 0], "A": [0, 0, 0, 0, "1", 0, 0, 0, 0, 0, 0, 0, 0, 0, "1", 0, 0, 0, 0, 0, 0, 0, 0, "3", 0, 0, "1", "1", "1", 0, 0, "2", 0, 0, "1", 0, "2", 0, "1", 0], "P": [0, 0, 0, 0, "1", 0, 0, 0, 0, "1", 0, 0, 0, 0, "1", 0, 0, 0, 0, 0, 0, "1", 0, "3", 0, 0, "1", "3", "1", "1", 0, "3", 0, 0, "1", 0, "2", "2", "1", 0], "+/-": ["-1", 0, "-1", "-2", "-1", "-2", "-3", "-2", "-1", 0, 0, "-1", "-3", "-4", 0, 0, "-2", "-2", 0, 0, "+2", "+2", "+1", 0, 0, "+1", "+1", "+3", "+2", "+1", 0, "+3", "+3", 0, "+1", "+1", "+2", "+2", 0, 0], "PN": [0, 0, "1", 0, "2", 0, 0, 0, "1", 0, 0, "1", 0, 0, 0, 0, 0, "1", 0, 0, "1", 0, 0, 0, "1", "1", 0, 0, 0, 0, 0, 0, 0, "1", "1", 0, 0, "1", 0, 0], "PIM": [0, 0, "4", 0, "4", 0, 0, 0, "5", 0, 0, "2", 0, 0, 0, 0, 0, "2", 0, 0, "2", 0, 0, 0, "2", "2", 0, 0, 0, 0, 0, 0, 0, "5", "2", 0, 0, "2", 0, 0], "TOT": ["20:24", "19:33", "16:48", "16:56", "22:37", "14:38", "19:08", "13:00", "06:56", "15:52", "16:56", "06:55", "11:44", "21:37", "17:13", "16:05", "20:28", "12:23", "20:00", "40:00", "14:51", "17:31", "14:18", "19:11", "18:42", "17:07", "18:47", "18:38", "16:59", "12:46", "13:28", "16:48", "11:06", "12:28", "09:54", "19:35", "20:08", "18:34", "59:47", 0], "SHF": ["24", "25", "22", "26", "29", "23", "26", "21", "14", "18", "24", "10", "16", "27", "22", "26", "26", "18", 0, 0, "22", "21", "21", "24", "23", "22", "20", "21", "20", "21", "20", "20", "13", "18", "15", "24", "20", "22", 0, 0], "AVG TOI/SH": ["00:51", "00:46", "00:45", "00:39", "00:46", "00:38", "00:44", "00:37", "00:29", "00:52", "00:42", "00:41", "00:44", "00:48", "00:46", "00:37", "00:47", "00:41", 0, 0, "00:40", "00:50", "00:40", "00:47", "00:48", "00:46", "00:56", "00:53", "00:50", "00:36", "00:40", "00:50", "00:51", "00:41", "00:39", "00:48", "01:00", "00:50", 0, 0], "PP": ["03:55", "04:37", "00:00", "03:07", "04:54", "05:37", "00:00", "03:20", "00:00", "05:17", "00:17", "00:00", "00:29", "05:04", "05:41", "00:17", "03:26", "00:14", "02:00", "07:15", "00:00", "04:16", "00:13", "05:42", "04:44", "00:13", "06:15", "06:03", "06:18", "00:00", "00:13", "04:23", "00:00", "00:13", "00:00", "04:52", "06:19", "04:11", "10:47", 0], "SH": ["02:28", "01:28", "03:10", "05:05", "04:13", "00:00", "05:29", "00:00", "01:35", "00:14", "04:36", "00:00", "01:13", "04:46", "00:00", "04:38", "04:13", "00:00", "02:00", "08:47", "00:39", "00:00", "05:07", "03:36", "03:47", "03:45", "00:45", "00:00", "00:14", "04:06", "04:55", "00:00", "00:39", "03:33", "00:00", "04:44", "00:56", "00:14", "09:15", 0], "EV": ["14:01", "13:28", "13:38", "08:44", "13:30", "09:01", "13:39", "09:40", "05:21", "10:21", "12:03", "06:55", "10:02", "11:47", "11:32", "11:10", "12:49", "12:09", "16:00", "23:58", "14:12", "13:15", "08:58", "09:53", "10:11", "13:09", "11:47", "12:35", "10:27", "08:40", "08:20", "12:25", "10:27", "08:42", "09:54", "09:59", "12:53", "14:09", "39:45", 0], "S": ["1", "3", 0, "6", 0, "4", "1", 0, "1", "2", "2", "1", "1", 0, "3", "2", "1", 0, 0, 0, "4", "3", "1", "2", "1", "1", "3", "6", "1", "3", "1", "4", "3", "1", 0, "1", 0, "4", 0, 0], "A/B": [0, "1", "2", "1", "1", "3", "1", "1", 0, 0, 0, 0, "1", "1", "2", 0, 0, 0, 0, 0, "1", "2", 0, 0, 0, "1", "1", 0, "1", 0, 0, 0, 0, 0, 0, "1", 0, "2", 0, 0], "MS": [0, "1", 0, 0, "2", 0, "1", 0, 0, "2", 0, 0, "1", "1", 0, 0, 0, "1", 0, 0, 0, "2", 0, 0, "2", 0, "1", "3", 0, 0, 0, "1", 0, 0, 0, 0, 0, 0, 0, 0], "HT": [0, "2", "4", 0, 0, 0, 0, 0, 0, "2", "2", "2", "1", "4", "1", 0, 0, 0, 0, 0, "1", 0, 0, "2", "2", "1", 0, "2", 0, "1", 0, "1", "2", "1", 0, 0, 0, 0, 0, 0], "GV": [0, 0, 0, 0, 0, 0, 0, "1", 0, 0, 0, 0, 0, "1", 0, 0, 0, 0, 0, 0, 0, 0, 0, 0, 0, 0, 0, 0, 0, 0, 0, 0, 0, 0, 0, 0, 0, 0, "1", 0], "TK": [0, 0, "1", 0, 0, "1", "1", 0, "1", 0, 0, 0, "1", 0, "1", "1", "1", 0, 0, 0, 0, "2", 0, 0, "1", "1", "1", 0, "1", "1", "1", 0, 0, 0, 0, 0, "1", "3", 0, 0], "BS": ["1", "1", "2", 0, 0, 0, 0, 0, 0, 0, 0, "1", "1", 0, 0, "1", "1", "1", 0, 0, 0, "1", "2", 0, 0, 0, "1", 0, "1", "1", "1", "1", 0, 0, "1", "3", "1", "1", 0, 0], "FW": [0, 0, 0, "7", 0, "6", 0, "3", "5", 0, 0, 0, "0", 0, "0", "0", 0, "6", 0, 0, 0, 0, 0, 0, "8", 0, "7", 0, 0, "8", "1", "8", 0, 0, 0, 0, "3", "1", 0, 0], "FL": [0, 0, 0, "9", 0, "6", 0, "0", "4", 0, 0, 0, "1", 0, "5", "4", 0, "7", 0, 0, 0, 0, 0, 0, "6", 0, "5", 0, 0, "7", "1", "4", 0, 0, 0, 0, "3", "1", 0, 0], "F%": [0, 0, 0, "44", 0, "50", 0, "100", "56", 0, 0, 0, "0", 0, "0", "0", 0, "46", 0, 0, 0, 0, 0, 0, "57", 0, "58", 0, 0, "53", "50", "67", 0, 0, 0, 0, "50", "50", 0, 0], "team": ["BUFFALO SABRES ", "BUFFALO SABRES ", "BUFFALO SABRES ", "BUFFALO SABRES ", "BUFFALO SABRES ", "BUFFALO SABRES ", "BUFFALO SABRES ", "BUFFALO SABRES ", "BUFFALO SABRES ", "BUFFALO SABRES ", "BUFFALO SABRES ", "BUFFALO SABRES ", "BUFFALO SABRES ", "BUFFALO SABRES ", "BUFFALO SABRES ", "BUFFALO SABRES ", "BUFFALO SABRES ", "BUFFALO SABRES ", "BUFFALO SABRES ", "BUFFALO SABRES ", "COLORADO AVALANCHE ", "COLORADO AVALANCHE ", "COLORADO AVALANCHE ", "COLORADO AVALANCHE ", "COLORADO AVALANCHE ", "COLORADO AVALANCHE ", "COLORADO AVALANCHE ", "COLORADO AVALANCHE ", "COLORADO AVALANCHE ", "COLORADO AVALANCHE ", "COLORADO AVALANCHE ", "COLORADO AVALANCHE ", "COLORADO AVALANCHE ", "COLORADO AVALANCHE ", "COLORADO AVALANCHE ", "COLORADO AVALANCHE ", "COLORADO AVALANCHE ", "COLORADO AVALANCHE ", "COLORADO AVALANCHE ", "COLORADO AVALANCHE "], "GA": [0, 0, 0, 0, 0, 0, 0, 0, 0, 0, 0, 0, 0, 0, 0, 0, 0, 0, "2", "5", 0, 0, 0, 0, 0, 0, 0, 0, 0, 0, 0, 0, 0, 0, 0, 0, 0, 0, "1", 0], "SA": [0, 0, 0, 0, 0, 0, 0, 0, 0, 0, 0, 0, 0, 0, 0, 0, 0, 0, "12", "27", 0, 0, 0, 0, 0, 0, 0, 0, 0, 0, 0, 0, 0, 0, 0, 0, 0, 0, "28", 0]}}