{"game_info": {"date": "2014-01-12", "visitor": "EDMONTON OILERS ", "home": "CHICAGO BLACKHAWKS ", "game_id": 689, "status": "final"}, "player_stats": {"number": ["2", "4", "14", "15", "19", "20", "21", "26", "27", "28", "57", "64", "77", "83", "85", "89", "93", "94", "40", "80", "2", "4", "7", "8", "10", "16", "17", "19", "20", "23", "26", "27", "28", "29", "52", "65", "81", "88", "31", "50"], "position": ["D", "L", "C", "D", "D", "L", "D", "R", "C", "L", "L", "R", "D", "R", "D", "C", "C", "L", "G", "G", "D", "D", "D", "D", "R", "C", "D", "C", "L", "R", "C", "D", "R", "L", "L", "C", "R", "R", "G", "G"], "name": ["PETRY, JEFF", "HALL, TAYLOR", "EBERLE, JORDAN", "SCHULTZ, NICK", "SCHULTZ, JUSTIN", "GAZDIC, LUKE", "FERENCE, ANDREW", "ARCOBELLO, MARK", "GORDON, BOYD", "JONES, RYAN", "PERRON, DAVID", "YAKUPOV, NAIL", "BELOV, ANTON", "HEMSKY, ALES", "MARINCIN, MARTIN", "GAGNER, SAM", "NUGENT-HOPKINS, RYAN", "SMYTH, RYAN", "DUBNYK, DEVAN", "BRYZGALOV, ILYA", "KEITH, DUNCAN", "HJALMARSSON, NIKLAS", "SEABROOK, BRENT", "LEDDY, NICK", "SHARP, PATRICK", "KRUGER, MARCUS", "BROOKBANK, SHELDON", "TOEWS, JONATHAN", "SAAD, BRANDON", "VERSTEEG, KRIS", "HANDZUS, MICHAL", "ODUYA, JOHNNY", "SMITH, BEN", "BICKELL, BRYAN", "BOLLIG, BRANDON", "SHAW, ANDREW", "HOSSA, MARIAN", "KANE, PATRICK", "RAANTA, ANTTI", "CRAWFORD, COREY"], "G": [0, "1", 0, 0, 0, 0, 0, 0, "1", 0, 0, 0, 0, "1", 0, 0, 0, 0, 0, 0, 0, 0, "1", 0, 0, 0, 0, "1", 0, 0, 0, 0, "1", 0, 0, "1", "1", 0, 0, 0], "A": ["1", 0, 0, 0, "1", 0, 0, 0, 0, 0, 0, 0, 0, "1", 0, 0, 0, 0, 0, 0, "1", "1", 0, 0, "1", "1", 0, 0, "1", 0, 0, 0, 0, 0, 0, 0, "1", "2", 0, 0], "P": ["1", "1", 0, 0, "1", 0, 0, 0, "1", 0, 0, 0, 0, "2", 0, 0, 0, 0, 0, 0, "1", "1", "1", 0, "1", "1", 0, "1", "1", 0, 0, 0, "1", 0, 0, "1", "2", "2", 0, 0], "+/-": ["+2", "-1", "-2", "-3", "-1", 0, 0, 0, "+1", 0, 0, "-3", "-2", "+2", "+2", "-2", "+1", 0, 0, 0, "+1", 0, "+2", "-1", "-1", "+1", 0, "-1", "+2", 0, "-1", 0, 0, 0, 0, "+1", 0, "+1", 0, 0], "PN": [0, "1", 0, 0, 0, 0, 0, "1", 0, 0, 0, 0, 0, 0, 0, 0, 0, "1", "2", 0, 0, 0, 0, 0, 0, "1", 0, 0, 0, 0, 0, 0, 0, 0, 0, 0, 0, 0, 0, 0], "PIM": [0, "2", 0, 0, 0, 0, 0, "2", 0, 0, 0, 0, 0, 0, 0, 0, 0, "2", "4", 0, 0, 0, 0, 0, 0, "2", 0, 0, 0, 0, 0, 0, 0, 0, 0, 0, 0, 0, 0, 0], "TOT": ["23:04", "16:49", "15:53", "14:43", "23:01", "05:45", "21:36", "15:37", "13:41", "08:00", "18:15", "12:03", "12:48", "14:19", "22:44", "19:09", "21:28", "13:34", "57:56", 0, "25:49", "18:50", "22:15", "16:13", "23:10", "11:39", "14:05", "21:43", "15:37", "12:14", "10:19", "20:33", "13:36", "08:47", "10:30", "14:36", "18:33", "19:44", "59:47", 0], "SHF": ["27", "22", "23", "21", "27", "7", "27", "22", "24", "11", "24", "16", "16", "22", "29", "22", "28", "21", 0, 0, "30", "26", "28", "22", "24", "18", "19", "26", "21", "16", "15", "27", "20", "12", "18", "20", "24", "23", 0, 0], "AVG TOI/SH": ["00:51", "00:45", "00:41", "00:42", "00:51", "00:49", "00:48", "00:42", "00:34", "00:43", "00:45", "00:45", "00:48", "00:39", "00:47", "00:52", "00:46", "00:38", 0, 0, "00:51", "00:43", "00:47", "00:44", "00:57", "00:38", "00:44", "00:50", "00:44", "00:45", "00:41", "00:45", "00:40", "00:43", "00:35", "00:43", "00:46", "00:51", 0, 0], "PP": ["00:00", "02:00", "02:00", "00:00", "02:00", "00:00", "00:00", "00:00", "00:00", "00:00", "00:00", "00:00", "00:00", "00:09", "00:00", "02:00", "01:51", "00:00", "02:00", 0, "05:19", "00:00", "04:15", "04:36", "05:55", "00:01", "00:20", "05:34", "03:14", "03:28", "00:00", "01:27", "00:00", "00:00", "00:00", "01:53", "03:38", "05:57", "08:59", 0], "SH": ["04:37", "00:11", "00:12", "03:45", "01:22", "00:00", "04:03", "01:39", "04:07", "03:11", "02:17", "00:00", "00:31", "00:00", "03:54", "00:18", "03:33", "02:15", "09:06", 0, "01:16", "01:16", "00:44", "00:00", "00:00", "00:00", "00:00", "00:26", "00:00", "00:00", "01:34", "00:44", "01:34", "00:00", "00:00", "00:00", "00:26", "00:00", "02:00", 0], "EV": ["18:27", "14:38", "13:41", "10:58", "19:39", "05:45", "17:33", "13:58", "09:34", "04:49", "15:58", "12:03", "12:17", "14:10", "18:50", "16:51", "16:04", "11:19", "46:50", 0, "19:14", "17:34", "17:16", "11:37", "17:15", "11:38", "13:45", "15:43", "12:23", "08:46", "08:45", "18:22", "12:02", "08:47", "10:30", "12:43", "14:29", "13:47", "48:48", 0], "S": ["1", "1", 0, 0, "2", 0, "1", "2", "1", "1", "3", 0, 0, "2", "2", "2", "2", "1", 0, 0, "4", "1", "3", "2", "5", 0, 0, "5", "3", 0, "1", "2", "2", "1", 0, "4", "3", "5", 0, 0], "A/B": ["2", 0, 0, 0, "1", 0, 0, 0, 0, "1", "2", "2", 0, 0, "2", "1", "1", 0, 0, 0, "2", 0, "2", 0, "1", "2", 0, 0, 0, 0, 0, "1", "2", "2", "1", 0, "4", "1", 0, 0], "MS": [0, "2", 0, 0, 0, "1", 0, "2", 0, 0, "1", 0, "1", 0, 0, 0, 0, 0, 0, 0, "4", "2", "2", 0, "2", "1", 0, 0, 0, 0, 0, 0, "1", "1", 0, 0, "1", "1", 0, 0], "HT": ["3", 0, "1", "2", "1", "4", "3", "1", "1", "2", 0, "1", "5", 0, "2", 0, 0, "2", 0, 0, 0, 0, "1", "1", 0, 0, "3", "1", "1", 0, 0, 0, 0, "2", "4", "1", "1", 0, 0, 0], "GV": ["1", "1", 0, "2", "1", 0, 0, 0, "1", "1", 0, 0, "1", 0, 0, "1", 0, "1", 0, 0, "2", "4", 0, 0, "1", 0, "2", "1", "1", 0, 0, 0, 0, 0, 0, "1", 0, "1", 0, 0], "TK": [0, "1", 0, 0, 0, 0, 0, 0, 0, "1", "1", "1", 0, "1", 0, "1", "2", "1", 0, 0, "2", "2", 0, "1", 0, "1", "1", "1", "1", 0, 0, 0, "1", 0, 0, "1", 0, "1", 0, 0], "BS": ["3", "1", 0, "4", "1", 0, "1", 0, "1", 0, 0, 0, "2", 0, "2", "2", "1", 0, 0, 0, "2", "3", "1", "1", "1", "1", 0, "1", 0, 0, "1", "1", 0, 0, 0, 0, 0, 0, 0, 0], "FW": [0, 0, 0, 0, 0, 0, 0, "4", "8", 0, "1", 0, 0, 0, 0, "4", "3", "2", 0, 0, 0, 0, 0, 0, 0, "4", 0, "17", "3", 0, "3", 0, "3", 0, 0, "4", 0, 0, 0, 0], "FL": [0, 0, 0, 0, 0, 0, 0, "2", "17", 0, "0", 0, 0, 0, 0, "7", "7", "1", 0, 0, 0, 0, 0, 0, 0, "2", 0, "6", "2", 0, "5", 0, "4", 0, 0, "3", 0, 0, 0, 0], "F%": [0, 0, 0, 0, 0, 0, 0, "67", "32", 0, "100", 0, 0, 0, 0, "36", "30", "67", 0, 0, 0, 0, 0, 0, 0, "67", 0, "74", "60", 0, "38", 0, "43", 0, 0, "57", 0, 0, 0, 0], "team": ["EDMONTON OILERS ", "EDMONTON OILERS ", "EDMONTON OILERS ", "EDMONTON OILERS ", "EDMONTON OILERS ", "EDMONTON OILERS ", "EDMONTON OILERS ", "EDMONTON OILERS ", "EDMONTON OILERS ", "EDMONTON OILERS ", "EDMONTON OILERS ", "EDMONTON OILERS ", "EDMONTON OILERS ", "EDMONTON OILERS ", "EDMONTON OILERS ", "EDMONTON OILERS ", "EDMONTON OILERS ", "EDMONTON OILERS ", "EDMONTON OILERS ", "EDMONTON OILERS ", "CHICAGO BLACKHAWKS ", "CHICAGO BLACKHAWKS ", "CHICAGO BLACKHAWKS ", "CHICAGO BLACKHAWKS ", "CHICAGO BLACKHAWKS ", "CHICAGO BLACKHAWKS ", "CHICAGO BLACKHAWKS ", "CHICAGO BLACKHAWKS ", "CHICAGO BLACKHAWKS ", "CHICAGO BLACKHAWKS ", "CHICAGO BLACKHAWKS ", "CHICAGO BLACKHAWKS ", "CHICAGO BLACKHAWKS ", "CHICAGO BLACKHAWKS ", "CHICAGO BLACKHAWKS ", "CHICAGO BLACKHAWKS ", "CHICAGO BLACKHAWKS ", "CHICAGO BLACKHAWKS ", "CHICAGO BLACKHAWKS ", "CHICAGO BLACKHAWKS "], "GA": [0, 0, 0, 0, 0, 0, 0, 0, 0, 0, 0, 0, 0, 0, 0, 0, 0, 0, "5", 0, 0, 0, 0, 0, 0, 0, 0, 0, 0, 0, 0, 0, 0, 0, 0, 0, 0, 0, "2", 0], "SA": [0, 0, 0, 0, 0, 0, 0, 0, 0, 0, 0, 0, 0, 0, 0, 0, 0, 0, "41", 0, 0, 0, 0, 0, 0, 0, 0, 0, 0, 0, 0, 0, 0, 0, 0, 0, 0, 0, "20", 0]}}