{"game_info": {"date": "2014-02-01", "visitor": "PHILADELPHIA FLYERS ", "home": "LOS ANGELES KINGS ", "game_id": 827, "status": "final"}, "player_stats": {"number": ["5", "8", "9", "10", "12", "14", "17", "18", "19", "22", "24", "26", "28", "32", "36", "40", "41", "93", "29", "35", "2", "6", "8", "10", "11", "13", "14", "22", "23", "24", "26", "28", "33", "44", "71", "73", "74", "77", "31", "32"], "position": ["D", "D", "R", "C", "L", "C", "R", "R", "L", "D", "R", "D", "R", "D", "C", "C", "D", "R", "G", "G", "D", "D", "D", "C", "C", "L", "R", "C", "L", "C", "D", "C", "D", "D", "C", "C", "L", "C", "G", "G"], "name": ["COBURN, BRAYDON", "GROSSMANN, NICKLAS", "DOWNIE, STEVE", "SCHENN, BRAYDEN", "RAFFL, MICHAEL", "COUTURIER, SEAN", "SIMMONDS, WAYNE", "HALL, ADAM", "HARTNELL, SCOTT", "SCHENN, LUKE", "READ, MATT", "GUSTAFSSON, ERIK", "GIROUX, CLAUDE", "STREIT, MARK", "RINALDO, ZAC", "LECAVALIER, VINCENT", "MESZAROS, ANDREJ", "VORACEK, JAKUB", "EMERY, RAY", "MASON, STEVE", "GREENE, MATT", "MUZZIN, JAKE", "DOUGHTY, DREW", "RICHARDS, MIKE", "KOPITAR, ANZE", "CLIFFORD, KYLE", "WILLIAMS, JUSTIN", "LEWIS, TREVOR", "BROWN, DUSTIN", "FRASER, COLIN", "VOYNOV, SLAVA", "STOLL, JARRET", "MITCHELL, WILLIE", "REGEHR, ROBYN", "NOLAN, JORDAN", "TOFFOLI, TYLER", "KING, DWIGHT", "CARTER, JEFF", "JONES, MARTIN", "QUICK, JONATHAN"], "G": [0, 0, 0, 0, 0, 0, "1", 0, 0, 0, 0, 0, "1", 0, 0, 0, 0, 0, 0, 0, 0, 0, 0, 0, 0, 0, 0, 0, 0, 0, 0, 0, 0, 0, 0, 0, 0, 0, 0, 0], "A": [0, 0, 0, 0, 0, 0, "1", 0, "1", 0, 0, 0, "1", 0, 0, "1", 0, 0, 0, 0, 0, 0, 0, 0, 0, 0, 0, 0, 0, 0, 0, 0, 0, 0, 0, 0, 0, 0, 0, 0], "P": [0, 0, 0, 0, 0, 0, "2", 0, "1", 0, 0, 0, "2", 0, 0, "1", 0, 0, 0, 0, 0, 0, 0, 0, 0, 0, 0, 0, 0, 0, 0, 0, 0, 0, 0, 0, 0, 0, 0, 0], "+/-": [0, "+1", 0, 0, 0, 0, "+1", 0, 0, "+1", 0, 0, "+1", 0, 0, "+1", 0, 0, 0, 0, 0, "-1", "-1", "-1", 0, 0, "-1", 0, "-1", 0, 0, 0, 0, 0, 0, 0, 0, 0, 0, 0], "PN": [0, 0, 0, 0, 0, 0, 0, "1", 0, 0, 0, "1", 0, "1", 0, 0, 0, 0, 0, 0, "1", 0, 0, 0, 0, 0, 0, 0, 0, 0, 0, 0, 0, 0, "1", 0, 0, 0, 0, 0], "PIM": [0, 0, 0, 0, 0, 0, 0, "2", 0, 0, 0, "2", 0, "2", 0, 0, 0, 0, 0, 0, "2", 0, 0, 0, 0, 0, 0, 0, 0, 0, 0, 0, 0, 0, "2", 0, 0, 0, 0, 0], "TOT": ["22:45", "21:54", "13:53", "14:58", "11:47", "19:34", "17:08", "09:29", "15:42", "20:57", "19:30", "21:26", "17:55", "17:25", "08:14", "13:58", "14:45", "14:22", 0, "60:00", "14:08", "20:36", "24:44", "16:48", "21:00", "09:14", "16:09", "13:56", "14:45", "09:27", "21:33", "15:08", "17:00", "20:33", "09:17", "18:42", "15:13", "20:38", 0, "58:14"], "SHF": ["31", "27", "18", "18", "19", "27", "21", "16", "20", "27", "23", "29", "22", "23", "12", "18", "22", "19", 0, 0, "20", "27", "29", "21", "22", "11", "19", "19", "18", "11", "23", "22", "23", "24", "12", "22", "21", "24", 0, 0], "AVG TOI/SH": ["00:44", "00:48", "00:46", "00:49", "00:37", "00:43", "00:48", "00:35", "00:47", "00:46", "00:50", "00:44", "00:48", "00:45", "00:41", "00:46", "00:40", "00:45", 0, 0, "00:42", "00:45", "00:51", "00:48", "00:57", "00:50", "00:51", "00:44", "00:49", "00:51", "00:56", "00:41", "00:44", "00:51", "00:46", "00:51", "00:43", "00:51", 0, 0], "PP": ["00:19", "00:19", "00:54", "00:54", "00:16", "00:16", "01:45", "00:00", "01:45", "00:00", "00:16", "00:51", "01:45", "01:45", "00:00", "00:54", "01:46", "00:50", 0, "02:55", "00:11", "02:22", "02:59", "01:54", "02:42", "00:00", "01:36", "00:00", "00:05", "00:00", "01:38", "01:26", "00:00", "00:00", "00:00", "02:42", "01:31", "02:42", 0, "04:00"], "SH": ["03:03", "03:03", "00:00", "00:00", "01:10", "02:57", "00:00", "01:09", "00:00", "01:15", "02:29", "01:15", "00:51", "00:00", "00:00", "00:00", "00:00", "00:00", 0, "04:18", "01:23", "00:00", "01:32", "00:47", "01:01", "00:00", "00:00", "01:45", "00:00", "00:00", "00:00", "01:07", "01:23", "01:32", "00:00", "00:00", "00:12", "00:58", 0, "02:55"], "EV": ["19:23", "18:32", "12:59", "14:04", "10:21", "16:21", "15:23", "08:20", "13:57", "19:42", "16:45", "19:20", "15:19", "15:40", "08:14", "13:04", "12:59", "13:32", 0, "52:47", "12:34", "18:14", "20:13", "14:07", "17:17", "09:14", "14:33", "12:11", "14:40", "09:27", "19:55", "12:35", "15:37", "19:01", "09:17", "16:00", "13:30", "16:58", 0, "51:19"], "S": [0, 0, 0, "1", 0, "2", "2", 0, "1", "1", 0, 0, "1", 0, 0, 0, "1", "4", 0, 0, "1", "2", "2", "2", "4", "2", "2", "4", 0, 0, "2", 0, "1", "1", 0, "6", "1", "5", 0, 0], "A/B": [0, 0, 0, 0, 0, 0, 0, 0, "1", 0, "3", 0, "1", "1", 0, 0, "1", "1", 0, 0, "1", "4", "4", 0, "1", 0, "1", "3", 0, 0, 0, "1", "3", "1", 0, "1", 0, 0, 0, 0], "MS": [0, 0, "2", "1", "1", 0, 0, "1", 0, "1", 0, 0, 0, 0, 0, 0, 0, 0, 0, 0, 0, "1", "1", 0, "1", 0, "2", "1", "1", "1", "2", "1", "1", 0, 0, 0, "1", "1", 0, 0], "HT": ["2", "3", 0, "4", "4", "1", "3", "1", "2", "3", 0, "1", "1", "2", "6", "1", 0, 0, 0, 0, "6", "2", "3", "1", "3", "2", 0, 0, "5", "2", "2", "3", "1", "4", "3", "3", "1", "2", 0, 0], "GV": ["1", "1", 0, 0, 0, "1", 0, 0, 0, 0, "1", 0, 0, 0, 0, 0, 0, 0, 0, "1", "1", "2", "1", "2", 0, 0, "2", "1", 0, "1", "1", 0, 0, "2", 0, "1", "2", "2", 0, 0], "TK": [0, 0, 0, 0, 0, 0, 0, 0, 0, 0, "1", 0, "1", 0, 0, 0, 0, 0, 0, 0, 0, 0, 0, 0, 0, 0, 0, 0, "1", 0, 0, "1", 0, 0, 0, 0, 0, 0, 0, 0], "BS": ["2", "1", 0, "1", "2", "1", "2", 0, 0, "1", "1", "3", "1", "3", 0, "1", "1", 0, 0, 0, 0, "1", "2", 0, "1", 0, "1", 0, 0, "1", 0, 0, "1", "1", 0, 0, 0, 0, 0, 0], "FW": [0, 0, 0, "0", "0", "12", 0, "5", 0, 0, 0, 0, "4", 0, 0, "1", 0, 0, 0, 0, 0, 0, 0, "5", "10", "0", 0, 0, "0", "2", 0, "12", 0, 0, 0, 0, 0, "3", 0, 0], "FL": [0, 0, 0, "5", "2", "13", 0, "1", 0, 0, 0, 0, "9", 0, 0, "2", 0, 0, 0, 0, 0, 0, 0, "5", "4", "1", 0, 0, "1", "3", 0, "5", 0, 0, 0, 0, 0, "3", 0, 0], "F%": [0, 0, 0, "0", "0", "48", 0, "83", 0, 0, 0, 0, "31", 0, 0, "33", 0, 0, 0, 0, 0, 0, 0, "50", "71", "0", 0, 0, "0", "40", 0, "71", 0, 0, 0, 0, 0, "50", 0, 0], "team": ["PHILADELPHIA FLYERS ", "PHILADELPHIA FLYERS ", "PHILADELPHIA FLYERS ", "PHILADELPHIA FLYERS ", "PHILADELPHIA FLYERS ", "PHILADELPHIA FLYERS ", "PHILADELPHIA FLYERS ", "PHILADELPHIA FLYERS ", "PHILADELPHIA FLYERS ", "PHILADELPHIA FLYERS ", "PHILADELPHIA FLYERS ", "PHILADELPHIA FLYERS ", "PHILADELPHIA FLYERS ", "PHILADELPHIA FLYERS ", "PHILADELPHIA FLYERS ", "PHILADELPHIA FLYERS ", "PHILADELPHIA FLYERS ", "PHILADELPHIA FLYERS ", "PHILADELPHIA FLYERS ", "PHILADELPHIA FLYERS ", "LOS ANGELES KINGS ", "LOS ANGELES KINGS ", "LOS ANGELES KINGS ", "LOS ANGELES KINGS ", "LOS ANGELES KINGS ", "LOS ANGELES KINGS ", "LOS ANGELES KINGS ", "LOS ANGELES KINGS ", "LOS ANGELES KINGS ", "LOS ANGELES KINGS ", "LOS ANGELES KINGS ", "LOS ANGELES KINGS ", "LOS ANGELES KINGS ", "LOS ANGELES KINGS ", "LOS ANGELES KINGS ", "LOS ANGELES KINGS ", "LOS ANGELES KINGS ", "LOS ANGELES KINGS ", "LOS ANGELES KINGS ", "LOS ANGELES KINGS "], "GA": [0, 0, 0, 0, 0, 0, 0, 0, 0, 0, 0, 0, 0, 0, 0, 0, 0, 0, 0.0, "0", 0, 0, 0, 0, 0, 0, 0, 0, 0, 0, 0, 0, 0, 0, 0, 0, 0, 0, 0, "2"], "SA": [0, 0, 0, 0, 0, 0, 0, 0, 0, 0, 0, 0, 0, 0, 0, 0, 0, 0, 0.0, "35", 0, 0, 0, 0, 0, 0, 0, 0, 0, 0, 0, 0, 0, 0, 0, 0, 0, 0, 0, "13"]}}