{"game_info": {"date": "2013-10-13", "visitor": "LOS ANGELES KINGS ", "home": "FLORIDA PANTHERS ", "game_id": 76, "status": "final"}, "player_stats": {"number": ["2", "8", "10", "11", "13", "14", "17", "21", "22", "23", "26", "27", "28", "33", "44", "71", "74", "77", "32", "54", "7", "11", "14", "16", "17", "18", "19", "21", "23", "24", "32", "43", "44", "51", "57", "77", "82", "97", "25", "30"], "position": ["D", "D", "C", "C", "L", "R", "L", "R", "C", "L", "D", "D", "C", "D", "D", "C", "L", "C", "G", "G", "D", "C", "L", "C", "C", "C", "R", "R", "C", "R", "R", "D", "D", "D", "C", "D", "R", "D", "G", "G"], "name": ["GREENE, MATT", "DOUGHTY, DREW", "RICHARDS, MIKE", "KOPITAR, ANZE", "CLIFFORD, KYLE", "WILLIAMS, JUSTIN", "CARCILLO, DANIEL", "FRATTIN, MATT", "LEWIS, TREVOR", "BROWN, DUSTIN", "VOYNOV, SLAVA", "MARTINEZ, ALEC", "STOLL, JARRET", "MITCHELL, WILLIE", "REGEHR, ROBYN", "NOLAN, JORDAN", "KING, DWIGHT", "CARTER, JEFF", "QUICK, JONATHAN", "SCRIVENS, BEN", "KULIKOV, DMITRY", "HUBERDEAU, JONATHAN", "FLEISCHMANN, TOMAS", "BARKOV, ALEKSANDER", "WINCHESTER, JESSE", "MATTHIAS, SHAWN", "UPSHALL, SCOTTIE", "BARCH, KRYS", "GOMEZ, SCOTT", "BOYES, BRAD", "VERSTEEG, KRIS", "WEAVER, MIKE", "GUDBRANSON, ERIK", "CAMPBELL, BRIAN", "GOC, MARCEL", "GILBERT, TOM", "KOPECKY, TOMAS", "GILROY, MATT", "MARKSTROM, JACOB", "CLEMMENSEN, SCOTT"], "G": [0, 0, 0, 0, 0, "1", "1", 0, 0, 0, 0, 0, 0, 0, 0, "1", 0, 0, 0, 0, 0, 0, 0, 0, 0, 0, 0, 0, 0, 0, 0, 0, 0, 0, 0, 0, 0, 0, 0, 0], "A": [0, 0, "1", "1", 0, 0, "1", 0, 0, 0, 0, 0, "1", 0, 0, "1", 0, 0, 0, 0, 0, 0, 0, 0, 0, 0, 0, 0, 0, 0, 0, 0, 0, 0, 0, 0, 0, 0, 0, 0], "P": [0, 0, "1", "1", 0, "1", "2", 0, 0, 0, 0, 0, "1", 0, 0, "2", 0, 0, 0, 0, 0, 0, 0, 0, 0, 0, 0, 0, 0, 0, 0, 0, 0, 0, 0, 0, 0, 0, 0, 0], "+/-": ["+1", "+2", "+1", "+1", 0, "+1", "+2", 0, 0, "+1", 0, "+2", "+1", 0, "+1", "+1", 0, "+1", 0, 0, "-1", "-2", 0, 0, "-1", 0, "-1", 0, "-3", 0, "-2", 0, "-1", "-2", 0, "-2", 0, 0, 0, 0], "PN": [0, 0, 0, 0, 0, 0, 0, 0, 0, 0, 0, 0, 0, "1", 0, 0, 0, "1", 0, 0, 0, 0, 0, 0, 0, 0, 0, 0, 0, 0, 0, "1", 0, 0, 0, 0, 0, 0, 0, 0], "PIM": [0, 0, 0, 0, 0, 0, 0, 0, 0, 0, 0, 0, 0, "2", 0, 0, 0, "2", 0, 0, 0, 0, 0, 0, 0, 0, 0, 0, 0, 0, 0, "2", 0, 0, 0, 0, 0, 0, 0, 0], "TOT": ["17:28", "22:28", "18:41", "17:50", "12:37", "15:51", "11:58", "13:58", "13:19", "14:16", "20:38", "15:12", "12:19", "23:24", "20:26", "10:17", "16:38", "18:40", 0, "60:00", "18:31", "13:35", "19:44", "17:18", "10:11", "11:55", "14:55", "08:00", "15:01", "18:52", "15:10", "16:38", "21:01", "24:04", "17:21", "21:18", "15:42", "18:44", "60:00", 0], "SHF": ["24", "29", "22", "22", "16", "20", "14", "18", "20", "19", "25", "24", "19", "25", "28", "14", "22", "22", 0, 0, "22", "21", "22", "21", "13", "16", "21", "10", "20", "21", "21", "24", "28", "26", "22", "26", "20", "25", 0, 0], "AVG TOI/SH": ["00:43", "00:46", "00:50", "00:48", "00:47", "00:47", "00:51", "00:46", "00:39", "00:45", "00:49", "00:38", "00:38", "00:56", "00:43", "00:44", "00:45", "00:50", 0, 0, "00:50", "00:38", "00:53", "00:49", "00:47", "00:44", "00:42", "00:48", "00:45", "00:53", "00:43", "00:41", "00:45", "00:55", "00:47", "00:49", "00:47", "00:44", 0, 0], "PP": ["00:23", "01:03", "00:48", "00:48", "00:09", "01:03", "00:00", "01:03", "00:09", "01:03", "01:08", "00:48", "00:29", "00:09", "00:00", "00:00", "00:09", "00:48", 0, "02:00", "00:05", "00:42", "03:02", "03:03", "00:00", "00:00", "00:04", "00:00", "01:05", "02:54", "01:02", "00:04", "00:00", "03:55", "00:04", "03:56", "00:04", "00:00", "04:00", 0], "SH": ["02:36", "01:24", "00:37", "02:34", "00:00", "01:56", "00:00", "00:00", "00:56", "00:00", "00:00", "00:40", "00:53", "01:56", "01:24", "00:00", "00:33", "00:31", 0, "04:00", "01:11", "00:00", "00:00", "00:00", "00:41", "00:41", "00:49", "00:00", "00:00", "00:00", "00:00", "00:00", "00:49", "00:51", "01:19", "01:09", "00:30", "00:00", "02:00", 0], "EV": ["14:29", "20:01", "17:16", "14:28", "12:28", "12:52", "11:58", "12:55", "12:14", "13:13", "19:30", "13:44", "10:57", "21:19", "19:02", "10:17", "15:56", "17:21", 0, "54:00", "17:15", "12:53", "16:42", "14:15", "09:30", "11:14", "14:02", "08:00", "13:56", "15:58", "14:08", "16:34", "20:12", "19:18", "15:58", "16:13", "15:08", "18:44", "54:00", 0], "S": [0, "3", "1", 0, 0, "6", "3", 0, "2", "2", "2", 0, 0, "1", "1", "1", "1", "6", 0, 0, 0, "1", "3", "1", 0, 0, "1", 0, "1", "3", "4", 0, "1", "1", 0, "1", "2", "1", 0, 0], "A/B": ["1", 0, 0, 0, 0, "1", "2", 0, "1", "2", 0, "1", "1", "1", 0, 0, 0, "5", 0, 0, 0, 0, "1", 0, 0, 0, 0, 0, 0, 0, 0, 0, 0, 0, "1", "2", "1", 0, 0, 0], "MS": ["1", "1", "1", 0, 0, "1", "1", 0, "1", 0, "2", 0, 0, 0, 0, 0, 0, "2", 0, 0, 0, 0, "1", 0, 0, "1", 0, 0, 0, 0, 0, "1", 0, 0, 0, "1", "1", "2", 0, 0], "HT": ["5", "4", 0, "1", "4", 0, 0, "4", "2", "1", "3", 0, "3", "1", "1", "1", "2", "1", 0, 0, "1", "2", "2", 0, "2", "1", "2", "2", "1", 0, 0, "1", "3", 0, "1", "3", 0, "3", 0, 0], "GV": [0, 0, 0, 0, 0, 0, 0, 0, 0, "1", 0, 0, 0, 0, 0, 0, 0, 0, 0, 0, 0, "2", 0, "2", 0, 0, 0, 0, 0, "2", 0, 0, 0, 0, 0, 0, 0, 0, 0, 0], "TK": [0, 0, "3", "2", 0, 0, 0, 0, 0, "1", 0, 0, 0, 0, 0, 0, 0, 0, 0, 0, "1", 0, 0, 0, 0, 0, "1", 0, 0, 0, "1", 0, 0, 0, "1", 0, 0, 0, 0, 0], "BS": ["2", "1", 0, 0, 0, 0, 0, 0, 0, 0, 0, 0, 0, "1", "1", 0, 0, 0, 0, 0, "3", 0, 0, "1", 0, 0, 0, 0, 0, "1", "1", "2", "1", "1", "1", "1", "2", "1", 0, 0], "FW": [0, 0, "7", "7", 0, 0, 0, "1", "2", "0", 0, 0, "5", 0, 0, 0, 0, "4", 0, 0, 0, 0, 0, "4", "2", "1", 0, 0, "3", "0", "0", 0, 0, 0, "9", 0, 0, 0, 0, 0], "FL": [0, 0, "6", "2", 0, 0, 0, "0", "3", "1", 0, 0, "6", 0, 0, 0, 0, "1", 0, 0, 0, 0, 0, "6", "0", "2", 0, 0, "8", "1", "2", 0, 0, 0, "7", 0, 0, 0, 0, 0], "F%": [0, 0, "54", "78", 0, 0, 0, "100", "40", "0", 0, 0, "45", 0, 0, 0, 0, "80", 0, 0, 0, 0, 0, "40", "100", "33", 0, 0, "27", "0", "0", 0, 0, 0, "56", 0, 0, 0, 0, 0], "team": ["LOS ANGELES KINGS ", "LOS ANGELES KINGS ", "LOS ANGELES KINGS ", "LOS ANGELES KINGS ", "LOS ANGELES KINGS ", "LOS ANGELES KINGS ", "LOS ANGELES KINGS ", "LOS ANGELES KINGS ", "LOS ANGELES KINGS ", "LOS ANGELES KINGS ", "LOS ANGELES KINGS ", "LOS ANGELES KINGS ", "LOS ANGELES KINGS ", "LOS ANGELES KINGS ", "LOS ANGELES KINGS ", "LOS ANGELES KINGS ", "LOS ANGELES KINGS ", "LOS ANGELES KINGS ", "LOS ANGELES KINGS ", "LOS ANGELES KINGS ", "FLORIDA PANTHERS ", "FLORIDA PANTHERS ", "FLORIDA PANTHERS ", "FLORIDA PANTHERS ", "FLORIDA PANTHERS ", "FLORIDA PANTHERS ", "FLORIDA PANTHERS ", "FLORIDA PANTHERS ", "FLORIDA PANTHERS ", "FLORIDA PANTHERS ", "FLORIDA PANTHERS ", "FLORIDA PANTHERS ", "FLORIDA PANTHERS ", "FLORIDA PANTHERS ", "FLORIDA PANTHERS ", "FLORIDA PANTHERS ", "FLORIDA PANTHERS ", "FLORIDA PANTHERS ", "FLORIDA PANTHERS ", "FLORIDA PANTHERS "], "GA": [0, 0, 0, 0, 0, 0, 0, 0, 0, 0, 0, 0, 0, 0, 0, 0, 0, 0, 0.0, "0", 0, 0, 0, 0, 0, 0, 0, 0, 0, 0, 0, 0, 0, 0, 0, 0, 0, 0, "3", 0], "SA": [0, 0, 0, 0, 0, 0, 0, 0, 0, 0, 0, 0, 0, 0, 0, 0, 0, 0, 0.0, "20", 0, 0, 0, 0, 0, 0, 0, 0, 0, 0, 0, 0, 0, 0, 0, 0, 0, 0, "29", 0]}}