{"game_info": {"date": "2013-11-07", "visitor": "EDMONTON OILERS ", "home": "TAMPA BAY LIGHTNING ", "game_id": 237, "status": "final"}, "player_stats": {"number": ["2", "4", "5", "14", "15", "20", "21", "23", "26", "27", "28", "36", "64", "81", "83", "89", "93", "94", "1", "40", "2", "6", "7", "8", "9", "12", "14", "16", "17", "18", "19", "25", "26", "44", "51", "71", "77", "91", "30", "39"], "position": ["D", "L", "D", "C", "D", "L", "D", "L", "R", "C", "L", "D", "R", "D", "R", "C", "C", "L", "G", "G", "D", "D", "D", "D", "C", "L", "R", "R", "C", "L", "R", "D", "R", "C", "C", "R", "D", "C", "G", "G"], "name": ["PETRY, JEFF", "HALL, TAYLOR", "SMID, LADISLAV", "EBERLE, JORDAN", "SCHULTZ, NICK", "GAZDIC, LUKE", "FERENCE, ANDREW", "OMARK, LINUS", "ARCOBELLO, MARK", "GORDON, BOYD", "JONES, RYAN", "LARSEN, PHILIP", "YAKUPOV, NAIL", "FEDUN, TAYLOR", "HEMSKY, ALES", "GAGNER, SAM", "NUGENT-HOPKINS, RYAN", "SMYTH, RYAN", "LABARBERA, JASON", "DUBNYK, DEVAN", "BREWER, ERIC", "SALO, SAMI", "GUDAS, RADKO", "BARBERIO, MARK", "JOHNSON, TYLER", "MALONE, RYAN", "CONNOLLY, BRETT", "PURCELL, TEDDY", "KILLORN, ALEX", "PALAT, ONDREJ", "CROMBEEN, B.J.", "CARLE, MATTHEW", "ST. LOUIS, MARTIN", "THOMPSON, NATE", "FILPPULA, VALTTERI", "PANIK, RICHARD", "HEDMAN, VICTOR", "STAMKOS, STEVEN", "BISHOP, BEN", "LINDBACK, ANDERS"], "G": [0, "1", 0, 0, 0, 0, 0, 0, 0, 0, 0, 0, 0, "1", 0, 0, 0, 0, 0, 0, 0, 0, 0, 0, "1", 0, 0, 0, 0, 0, 0, 0, 0, 0, "1", 0, 0, "2", 0, 0], "A": [0, 0, 0, "2", 0, 0, 0, 0, 0, 0, 0, 0, 0, 0, "1", 0, 0, 0, 0, 0, 0, 0, "1", 0, 0, 0, 0, 0, 0, 0, 0, 0, 0, 0, 0, "1", 0, 0, 0, 0], "P": [0, "1", 0, "2", 0, 0, 0, 0, 0, 0, 0, 0, 0, "1", "1", 0, 0, 0, 0, 0, 0, 0, "1", 0, "1", 0, 0, 0, 0, 0, 0, 0, 0, 0, "1", "1", 0, "2", 0, 0], "+/-": ["-1", "-1", "-1", "-2", 0, 0, "-2", "-1", "-1", 0, 0, "-1", "-1", "-1", 0, 0, "-3", "-1", 0, 0, "-1", "-1", "+4", 0, 0, 0, 0, "+1", "+2", 0, 0, "+4", "+2", 0, "+1", "+1", 0, "+2", 0, 0], "PN": [0, 0, 0, 0, 0, 0, "1", 0, 0, 0, 0, "1", 0, 0, 0, 0, 0, "1", 0, 0, 0, "1", "1", 0, 0, 0, 0, 0, 0, "1", 0, 0, 0, 0, 0, 0, 0, 0, 0, 0], "PIM": [0, 0, 0, 0, 0, 0, "2", 0, 0, 0, 0, "2", 0, 0, 0, 0, 0, "2", 0, 0, 0, "2", "2", 0, 0, 0, 0, 0, 0, "2", 0, 0, 0, 0, 0, 0, 0, 0, 0, 0], "TOT": ["20:20", "22:03", "22:38", "19:54", "14:19", "02:32", "22:24", "09:04", "16:27", "14:40", "06:07", "23:34", "11:08", "14:26", "18:31", "20:18", "19:52", "17:20", 0, "58:23", "15:03", "21:33", "22:42", "15:33", "17:43", "09:14", "13:01", "14:10", "19:10", "13:32", "08:11", "19:51", "21:15", "09:22", "17:46", "14:43", "21:49", "20:35", "60:00", 0], "SHF": ["22", "27", "23", "25", "18", "5", "25", "12", "22", "24", "11", "23", "15", "18", "26", "26", "25", "21", 0, 0, "20", "25", "24", "22", "22", "13", "18", "19", "24", "20", "13", "22", "24", "15", "20", "16", "25", "24", 0, 0], "AVG TOI/SH": ["00:55", "00:49", "00:59", "00:47", "00:47", "00:30", "00:53", "00:45", "00:44", "00:36", "00:33", "01:01", "00:44", "00:48", "00:42", "00:46", "00:47", "00:49", 0, 0, "00:45", "00:51", "00:56", "00:42", "00:48", "00:42", "00:43", "00:44", "00:47", "00:40", "00:37", "00:54", "00:53", "00:37", "00:53", "00:55", "00:52", "00:51", 0, 0], "PP": ["00:00", "02:47", "00:00", "02:47", "00:00", "00:00", "00:00", "00:00", "00:00", "00:22", "00:00", "02:47", "00:00", "00:00", "00:00", "00:00", "02:47", "02:25", 0, "02:47", "00:00", "00:52", "02:34", "00:00", "02:27", "01:14", "00:27", "01:14", "02:27", "00:00", "00:19", "00:34", "01:14", "00:19", "02:27", "02:19", "00:19", "01:14", "04:00", 0], "SH": ["01:30", "00:19", "02:30", "00:29", "02:30", "00:00", "01:30", "00:00", "02:44", "01:38", "00:00", "00:00", "00:00", "00:00", "00:00", "01:16", "00:00", "01:34", 0, "04:00", "00:23", "00:21", "02:03", "00:23", "01:53", "00:00", "00:00", "00:00", "00:00", "00:23", "00:54", "02:03", "00:00", "00:54", "01:30", "00:00", "00:21", "00:00", "02:47", 0], "EV": ["18:50", "18:57", "20:08", "16:38", "11:49", "02:32", "20:54", "09:04", "13:43", "12:40", "06:07", "20:47", "11:08", "14:26", "18:31", "19:02", "17:05", "13:21", 0, "51:36", "14:40", "20:20", "18:05", "15:10", "13:23", "08:00", "12:34", "12:56", "16:43", "13:09", "06:58", "17:14", "20:01", "08:09", "13:49", "12:24", "21:09", "19:21", "53:13", 0], "S": ["1", "8", "1", "4", "1", 0, 0, 0, "2", "2", "1", "3", 0, "2", "4", "3", "4", "4", 0, 0, 0, 0, "3", 0, "2", "1", 0, "4", "1", "1", "2", 0, "1", "1", "1", "3", "1", "5", 0, 0], "A/B": [0, 0, "1", "1", 0, 0, "1", 0, "1", 0, 0, "3", 0, 0, 0, 0, "2", "1", 0, 0, "1", "1", "2", "1", "1", "1", 0, 0, 0, "1", "2", "1", "1", 0, "1", "1", "2", "1", 0, 0], "MS": [0, 0, 0, 0, 0, 0, 0, "2", 0, 0, "1", "1", 0, "1", 0, "3", "1", 0, 0, 0, 0, "2", 0, 0, "1", 0, "1", 0, 0, 0, 0, "1", "2", 0, 0, 0, "1", 0, 0, 0], "HT": ["1", "2", "4", 0, "1", 0, "2", "1", "1", "1", "2", "2", 0, 0, 0, 0, "1", 0, 0, 0, "3", 0, "3", 0, "1", 0, 0, 0, "1", "1", "1", "1", 0, "2", 0, "2", "1", "6", 0, 0], "GV": [0, 0, "1", 0, 0, 0, 0, 0, "1", 0, "1", "1", 0, 0, 0, 0, 0, "1", 0, 0, 0, "1", "1", 0, "1", "1", "1", 0, 0, "2", "1", 0, "1", 0, 0, 0, 0, 0, 0, 0], "TK": [0, "1", "1", "2", 0, 0, 0, 0, 0, 0, 0, 0, 0, 0, 0, 0, 0, "1", 0, 0, 0, 0, "1", 0, 0, "1", 0, "3", "1", 0, 0, 0, 0, "1", "1", 0, 0, "3", 0, 0], "BS": ["2", "2", "2", 0, "3", 0, 0, 0, "1", "1", "2", "1", "1", 0, "1", "1", 0, 0, 0, 0, 0, "2", "1", "1", 0, 0, 0, 0, 0, "1", 0, "3", 0, "1", 0, "1", 0, 0, 0, 0], "FW": [0, 0, 0, "1", 0, 0, 0, 0, 0, "9", 0, 0, 0, 0, 0, "9", "7", "0", 0, 0, 0, 0, 0, 0, "5", 0, 0, 0, 0, 0, 0, 0, "0", "4", "6", 0, 0, "6", 0, 0], "FL": [0, 0, 0, "0", 0, 0, 0, 0, 0, "8", 0, 0, 0, 0, 0, "8", "3", "2", 0, 0, 0, 0, 0, 0, "6", 0, 0, 0, 0, 0, 0, 0, "2", "4", "6", 0, 0, "8", 0, 0], "F%": [0, 0, 0, "100", 0, 0, 0, 0, 0, "53", 0, 0, 0, 0, 0, "53", "70", "0", 0, 0, 0, 0, 0, 0, "45", 0, 0, 0, 0, 0, 0, 0, "0", "50", "50", 0, 0, "43", 0, 0], "team": ["EDMONTON OILERS ", "EDMONTON OILERS ", "EDMONTON OILERS ", "EDMONTON OILERS ", "EDMONTON OILERS ", "EDMONTON OILERS ", "EDMONTON OILERS ", "EDMONTON OILERS ", "EDMONTON OILERS ", "EDMONTON OILERS ", "EDMONTON OILERS ", "EDMONTON OILERS ", "EDMONTON OILERS ", "EDMONTON OILERS ", "EDMONTON OILERS ", "EDMONTON OILERS ", "EDMONTON OILERS ", "EDMONTON OILERS ", "EDMONTON OILERS ", "EDMONTON OILERS ", "TAMPA BAY LIGHTNING ", "TAMPA BAY LIGHTNING ", "TAMPA BAY LIGHTNING ", "TAMPA BAY LIGHTNING ", "TAMPA BAY LIGHTNING ", "TAMPA BAY LIGHTNING ", "TAMPA BAY LIGHTNING ", "TAMPA BAY LIGHTNING ", "TAMPA BAY LIGHTNING ", "TAMPA BAY LIGHTNING ", "TAMPA BAY LIGHTNING ", "TAMPA BAY LIGHTNING ", "TAMPA BAY LIGHTNING ", "TAMPA BAY LIGHTNING ", "TAMPA BAY LIGHTNING ", "TAMPA BAY LIGHTNING ", "TAMPA BAY LIGHTNING ", "TAMPA BAY LIGHTNING ", "TAMPA BAY LIGHTNING ", "TAMPA BAY LIGHTNING "], "GA": [0, 0, 0, 0, 0, 0, 0, 0, 0, 0, 0, 0, 0, 0, 0, 0, 0, 0, 0.0, "3", 0, 0, 0, 0, 0, 0, 0, 0, 0, 0, 0, 0, 0, 0, 0, 0, 0, 0, "2", 0], "SA": [0, 0, 0, 0, 0, 0, 0, 0, 0, 0, 0, 0, 0, 0, 0, 0, 0, 0, 0.0, "25", 0, 0, 0, 0, 0, 0, 0, 0, 0, 0, 0, 0, 0, 0, 0, 0, 0, 0, "40", 0]}}