{"game_info": {"date": "2014-03-25", "visitor": "NEW YORK ISLANDERS ", "home": "CAROLINA HURRICANES ", "game_id": 1082, "status": "final"}, "player_stats": {"number": ["3", "7", "12", "13", "14", "15", "17", "18", "21", "24", "27", "28", "29", "43", "44", "46", "51", "53", "20", "45", "4", "8", "11", "12", "14", "16", "19", "20", "21", "22", "26", "27", "28", "39", "44", "53", "65", "73", "30", "31"], "position": ["D", "D", "C", "R", "D", "R", "L", "C", "R", "D", "C", "C", "C", "L", "D", "D", "C", "C", "G", "G", "D", "C", "C", "C", "C", "C", "C", "C", "L", "C", "D", "D", "R", "R", "D", "C", "D", "D", "G", "G"], "name": ["HAMONIC, TRAVIS", "CARKNER, MATT", "BAILEY, JOSH", "MCDONALD, COLIN", "HICKEY, THOMAS", "CLUTTERBUCK, CAL", "MARTIN, MATT", "STROME, RYAN", "OKPOSO, KYLE", "CZUCZMAN, KEVIN", "LEE, ANDERS", "SUNDSTROM, JOHAN", "NELSON, BROCK", "HALMO, MIKE", "DE HAAN, CALVIN", "DONOVAN, MATT", "NIELSEN, FRANS", "CIZIKAS, CASEY", "NABOKOV, EVGENI", "NILSSON, ANDERS", "SEKERA, ANDREJ", "LOKTIONOV, ANDREI", "STAAL, JORDAN", "STAAL, ERIC", "GERBE, NATHAN", "LINDHOLM, ELIAS", "TLUSTY, JIRI", "NASH, RILEY", "BOWMAN, DRAYSON", "MALHOTRA, MANNY", "LILES, JOHN-MICHAEL", "FAULK, JUSTIN", "SEMIN, ALEXANDER", "DWYER, PATRICK", "HARRISON, JAY", "SKINNER, JEFF", "HAINSEY, RON", "BELLEMORE, BRETT", "WARD, CAM", "KHUDOBIN, ANTON"], "G": [0, 0, 0, "2", 0, "1", "2", 0, 0, 0, 0, 0, 0, 0, 0, 0, 0, 0, 0, 0, 0, "1", 0, 0, "1", 0, 0, 0, 0, 0, 0, 0, "1", 0, 0, "1", 0, 0, 0, 0], "A": ["2", 0, "1", "1", "2", 0, 0, "2", 0, "1", 0, 0, 0, 0, "1", 0, 0, 0, 0, 0, 0, "1", "2", 0, 0, 0, "1", 0, 0, 0, "1", 0, 0, 0, "1", 0, "1", "1", 0, 0], "P": ["2", 0, "1", "3", "2", "1", "2", "2", 0, "1", 0, 0, 0, 0, "1", 0, 0, 0, 0, 0, 0, "2", "2", 0, "1", 0, "1", 0, 0, 0, "1", 0, "1", 0, "1", "1", "1", "1", 0, 0], "+/-": ["+2", 0, 0, "+4", "+1", 0, "+4", "+4", 0, "+1", 0, "-1", 0, "-1", "+2", 0, 0, "-1", 0, 0, "-4", "-2", 0, "-3", "-1", 0, "-1", 0, 0, 0, 0, "-3", "-1", "-1", 0, 0, 0, "+1", 0, 0], "PN": [0, 0, 0, 0, 0, 0, 0, 0, 0, "3", 0, "1", 0, 0, 0, 0, 0, 0, 0, 0, "1", 0, "1", 0, 0, 0, "1", 0, 0, 0, 0, 0, 0, 0, 0, 0, 0, 0, 0, 0], "PIM": [0, 0, 0, 0, 0, 0, 0, 0, 0, "6", 0, "2", 0, 0, 0, 0, 0, 0, 0, 0, "2", 0, "2", 0, 0, 0, "2", 0, 0, 0, 0, 0, 0, 0, 0, 0, 0, 0, 0, 0], "TOT": ["27:10", "11:40", "15:49", "13:48", "17:07", "18:51", "12:35", "13:25", "20:49", "14:47", "18:46", "05:13", "18:46", "06:38", "27:21", "18:23", "22:15", "11:22", 0, "60:00", "21:10", "13:44", "19:29", "15:57", "14:43", "19:20", "10:27", "20:24", "05:58", "06:15", "21:19", "21:09", "19:36", "11:19", "17:06", "20:33", "23:37", "13:10", "06:12", "52:32"], "SHF": ["34", "19", "25", "23", "27", "30", "22", "23", "27", "25", "26", "11", "28", "12", "36", "26", "32", "22", 0, 0, "30", "22", "29", "27", "22", "26", "18", "29", "10", "13", "26", "29", "27", "17", "23", "28", "29", "19", 0, 0], "AVG TOI/SH": ["00:47", "00:36", "00:37", "00:36", "00:38", "00:37", "00:34", "00:35", "00:46", "00:35", "00:43", "00:28", "00:40", "00:33", "00:45", "00:42", "00:41", "00:31", 0, 0, "00:42", "00:37", "00:40", "00:35", "00:40", "00:44", "00:34", "00:42", "00:35", "00:28", "00:49", "00:43", "00:43", "00:39", "00:44", "00:44", "00:48", "00:41", 0, 0], "PP": ["02:32", "00:00", "02:03", "00:47", "00:00", "02:03", "00:00", "02:03", "03:57", "00:00", "03:10", "00:00", "03:28", "00:00", "02:32", "03:28", "03:57", "00:00", 0, "06:00", "02:08", "02:31", "02:37", "02:37", "00:00", "02:38", "00:00", "02:38", "00:00", "00:00", "02:37", "00:07", "02:44", "00:00", "03:00", "02:38", "00:00", "00:00", "00:00", "05:15"], "SH": ["04:11", "00:00", "00:00", "00:00", "01:40", "02:58", "00:00", "00:00", "00:18", "00:00", "00:00", "00:00", "02:27", "00:00", "03:42", "00:57", "03:07", "01:40", 0, "05:15", "01:35", "00:00", "00:57", "00:47", "01:30", "00:00", "00:00", "00:49", "01:01", "02:08", "00:07", "02:30", "01:05", "03:43", "01:25", "00:00", "03:30", "02:53", "00:00", "06:00"], "EV": ["20:27", "11:40", "13:46", "13:01", "15:27", "13:50", "12:35", "11:22", "16:34", "14:47", "15:36", "05:13", "12:51", "06:38", "21:07", "13:58", "15:11", "09:42", 0, "48:45", "17:27", "11:13", "15:55", "12:33", "13:13", "16:42", "10:27", "16:57", "04:57", "04:07", "18:35", "18:32", "15:47", "07:36", "12:41", "17:55", "20:07", "10:17", "06:12", "41:17"], "S": ["2", "1", "2", "5", "1", "2", "3", 0, "3", "1", "1", "1", "1", "2", "2", "2", "2", "1", 0, 0, "1", "3", 0, "3", "2", "1", 0, 0, "1", 0, 0, "1", "3", 0, "4", "7", "2", 0, 0, 0], "A/B": ["1", 0, "1", "1", 0, 0, 0, 0, "2", 0, 0, 0, "2", 0, "2", 0, 0, 0, 0, 0, "3", "1", "1", 0, "2", 0, 0, 0, 0, 0, "1", "2", "2", 0, "1", "3", 0, 0, 0, 0], "MS": ["2", 0, "1", 0, 0, "1", "1", "2", 0, 0, 0, 0, "1", 0, "1", "1", "1", 0, 0, 0, "1", 0, "1", "1", 0, "1", "2", "2", "1", 0, 0, "2", "3", "1", 0, 0, "1", 0, 0, 0], "HT": ["1", "2", "1", "2", "2", "6", "3", 0, "1", "1", "3", 0, "2", "1", "4", 0, "1", 0, 0, 0, "1", "1", "2", 0, 0, 0, "1", "2", 0, 0, 0, 0, 0, "1", "2", 0, "1", "2", 0, 0], "GV": [0, "1", "1", 0, 0, 0, 0, 0, 0, "2", 0, 0, 0, 0, 0, "1", 0, 0, 0, "1", 0, 0, "1", "3", 0, "1", 0, "1", 0, 0, "1", 0, 0, "1", 0, "1", 0, "1", 0, 0], "TK": [0, 0, 0, 0, 0, "1", "1", "1", "1", 0, 0, 0, "1", 0, 0, "1", "3", 0, 0, 0, "1", "2", "1", "1", 0, "1", 0, "3", "1", 0, "1", "2", "3", 0, "1", "1", "2", 0, 0, 0], "BS": ["4", "1", "1", 0, "2", "1", 0, 0, 0, "2", 0, 0, 0, "1", "2", "2", 0, 0, 0, 0, "2", 0, "1", 0, 0, "1", "1", 0, 0, 0, 0, 0, 0, 0, "1", 0, "2", "1", 0, 0], "FW": [0, 0, "3", "0", 0, 0, "0", "3", "8", 0, "0", 0, "6", 0, 0, 0, "8", "4", 0, 0, 0, "1", "11", "7", 0, "1", 0, "13", 0, "9", 0, 0, "0", "0", 0, 0, 0, 0, 0, 0], "FL": [0, 0, "1", "1", 0, 0, "1", "9", "4", 0, "1", 0, "9", 0, 0, 0, "10", "6", 0, 0, 0, "1", "14", "6", 0, "1", 0, "7", 0, "1", 0, 0, "1", "1", 0, 0, 0, 0, 0, 0], "F%": [0, 0, "75", "0", 0, 0, "0", "25", "67", 0, "0", 0, "40", 0, 0, 0, "44", "40", 0, 0, 0, "50", "44", "54", 0, "50", 0, "65", 0, "90", 0, 0, "0", "0", 0, 0, 0, 0, 0, 0], "team": ["NEW YORK ISLANDERS ", "NEW YORK ISLANDERS ", "NEW YORK ISLANDERS ", "NEW YORK ISLANDERS ", "NEW YORK ISLANDERS ", "NEW YORK ISLANDERS ", "NEW YORK ISLANDERS ", "NEW YORK ISLANDERS ", "NEW YORK ISLANDERS ", "NEW YORK ISLANDERS ", "NEW YORK ISLANDERS ", "NEW YORK ISLANDERS ", "NEW YORK ISLANDERS ", "NEW YORK ISLANDERS ", "NEW YORK ISLANDERS ", "NEW YORK ISLANDERS ", "NEW YORK ISLANDERS ", "NEW YORK ISLANDERS ", "NEW YORK ISLANDERS ", "NEW YORK ISLANDERS ", "CAROLINA HURRICANES ", "CAROLINA HURRICANES ", "CAROLINA HURRICANES ", "CAROLINA HURRICANES ", "CAROLINA HURRICANES ", "CAROLINA HURRICANES ", "CAROLINA HURRICANES ", "CAROLINA HURRICANES ", "CAROLINA HURRICANES ", "CAROLINA HURRICANES ", "CAROLINA HURRICANES ", "CAROLINA HURRICANES ", "CAROLINA HURRICANES ", "CAROLINA HURRICANES ", "CAROLINA HURRICANES ", "CAROLINA HURRICANES ", "CAROLINA HURRICANES ", "CAROLINA HURRICANES ", "CAROLINA HURRICANES ", "CAROLINA HURRICANES "], "GA": [0, 0, 0, 0, 0, 0, 0, 0, 0, 0, 0, 0, 0, 0, 0, 0, 0, 0, 0.0, "4", 0, 0, 0, 0, 0, 0, 0, 0, 0, 0, 0, 0, 0, 0, 0, 0, 0, 0, "3", "2"], "SA": [0, 0, 0, 0, 0, 0, 0, 0, 0, 0, 0, 0, 0, 0, 0, 0, 0, 0, 0.0, "28", 0, 0, 0, 0, 0, 0, 0, 0, 0, 0, 0, 0, 0, 0, 0, 0, 0, 0, "9", "23"]}}