{"game_info": {"date": "2014-01-24", "visitor": "PHOENIX COYOTES ", "home": "EDMONTON OILERS ", "game_id": 774, "status": "final"}, "player_stats": {"number": ["3", "4", "6", "11", "14", "17", "18", "19", "23", "24", "26", "28", "34", "36", "50", "53", "63", "89", "1", "41", "2", "4", "6", "14", "19", "21", "23", "26", "27", "28", "44", "57", "64", "77", "85", "89", "93", "94", "30", "80"], "position": ["D", "D", "D", "C", "C", "R", "R", "R", "D", "C", "D", "L", "L", "C", "C", "D", "C", "L", "G", "G", "D", "L", "L", "C", "D", "D", "C", "R", "C", "L", "D", "L", "R", "D", "D", "C", "C", "L", "G", "G"], "name": ["YANDLE, KEITH", "MICHALEK, ZBYNEK", "SCHLEMKO, DAVID", "HANZAL, MARTIN", "HALPERN, JEFF", "VRBATA, RADIM", "MOSS, DAVID", "DOAN, SHANE", "EKMAN-LARSSON, OLIVER", "CHIPCHURA, KYLE", "STONE, MICHAEL", "KORPIKOSKI, LAURI", "KENNEDY, TIM", "KLINKHAMMER, ROB", "VERMETTE, ANTOINE", "MORRIS, DEREK", "RIBEIRO, MIKE", "BOEDKER, MIKKEL", "GREISS, THOMAS", "SMITH, MIKE", "PETRY, JEFF", "HALL, TAYLOR", "JOENSUU, JESSE", "EBERLE, JORDAN", "SCHULTZ, JUSTIN", "FERENCE, ANDREW", "HENDRICKS, MATT", "ARCOBELLO, MARK", "GORDON, BOYD", "JONES, RYAN", "POTTER, COREY", "PERRON, DAVID", "YAKUPOV, NAIL", "BELOV, ANTON", "MARINCIN, MARTIN", "GAGNER, SAM", "NUGENT-HOPKINS, RYAN", "SMYTH, RYAN", "SCRIVENS, BEN", "BRYZGALOV, ILYA"], "G": [0, 0, 0, 0, 0, "1", 0, 0, 0, 0, 0, 0, 0, 0, 0, "1", "1", "1", 0, 0, 0, 0, 0, 0, 0, 0, "1", 0, 0, 0, 0, "1", 0, 0, 0, 0, "1", 0, 0, 0], "A": [0, 0, 0, "1", "1", 0, "1", 0, 0, 0, 0, "1", 0, "1", "1", 0, "1", 0, 0, "1", 0, "1", 0, "1", 0, 0, 0, 0, "1", "1", "1", 0, 0, 0, "1", 0, 0, 0, 0, 0], "P": [0, 0, 0, "1", "1", "1", "1", 0, 0, 0, 0, "1", 0, "1", "1", "1", "2", "1", 0, "1", 0, "1", 0, "1", 0, 0, "1", 0, "1", "1", "1", "1", 0, 0, "1", 0, "1", 0, 0, 0], "+/-": ["+2", "-2", "-1", "-2", "+1", "-2", "+1", "+1", "-1", 0, "-1", 0, "-2", "+1", "+1", "+3", 0, "+1", 0, 0, 0, 0, 0, 0, "-1", "-1", "+1", 0, "+1", "+1", "+1", "-1", "-1", 0, "+1", "-1", 0, 0, 0, 0], "PN": ["1", 0, 0, "1", 0, 0, 0, 0, 0, "2", "1", 0, 0, 0, 0, 0, 0, 0, 0, "1", 0, 0, 0, 0, 0, 0, "3", 0, 0, 0, 0, 0, 0, 0, 0, 0, 0, 0, 0, 0], "PIM": ["2", 0, 0, "2", 0, 0, 0, 0, 0, "4", "2", 0, 0, 0, 0, 0, 0, 0, 0, "2", 0, 0, 0, 0, 0, 0, "6", 0, 0, 0, 0, 0, 0, 0, 0, 0, 0, 0, 0, 0], "TOT": ["18:43", "25:42", "15:28", "16:58", "11:45", "16:57", "14:20", "15:08", "29:03", "06:32", "12:55", "17:17", "13:18", "06:33", "18:43", "18:29", "14:44", "17:25", 0, "60:00", "22:11", "20:13", "08:38", "20:00", "27:27", "06:09", "10:01", "08:54", "13:33", "12:26", "16:33", "20:42", "12:51", "13:55", "23:53", "20:23", "21:20", "18:49", 0, "58:45"], "SHF": ["26", "32", "24", "24", "20", "23", "21", "18", "34", "12", "19", "25", "18", "11", "26", "29", "17", "22", 0, 0, "27", "23", "11", "23", "28", "9", "17", "12", "24", "20", "23", "25", "18", "20", "27", "25", "26", "24", 0, 0], "AVG TOI/SH": ["00:43", "00:48", "00:38", "00:42", "00:35", "00:44", "00:40", "00:50", "00:51", "00:32", "00:40", "00:41", "00:44", "00:35", "00:43", "00:38", "00:52", "00:47", 0, 0, "00:49", "00:52", "00:47", "00:52", "00:58", "00:41", "00:35", "00:44", "00:33", "00:37", "00:43", "00:49", "00:42", "00:41", "00:53", "00:48", "00:49", "00:47", 0, 0], "PP": ["02:58", "00:00", "00:19", "02:00", "00:00", "01:36", "00:00", "01:41", "02:58", "00:00", "00:19", "00:00", "00:00", "00:00", "01:17", "00:00", "02:00", "01:17", 0, "03:17", "00:08", "04:12", "03:38", "04:17", "07:48", "00:00", "00:08", "00:00", "01:21", "00:08", "01:22", "04:53", "04:30", "00:00", "00:51", "04:47", "04:45", "03:42", 0, "09:18"], "SH": ["00:09", "06:12", "02:41", "01:41", "04:10", "01:47", "03:03", "00:04", "06:28", "00:00", "00:04", "03:28", "00:08", "00:00", "03:28", "03:06", "00:01", "00:00", 0, "09:18", "01:53", "00:00", "00:00", "00:00", "00:00", "02:05", "00:00", "01:03", "01:55", "01:17", "01:24", "00:00", "00:00", "00:00", "01:12", "00:19", "01:19", "00:41", 0, "03:17"], "EV": ["15:36", "19:30", "12:28", "13:17", "07:35", "13:34", "11:17", "13:23", "19:37", "06:32", "12:32", "13:49", "13:10", "06:33", "13:58", "15:23", "12:43", "16:08", 0, "47:25", "20:10", "16:01", "05:00", "15:43", "19:39", "04:04", "09:53", "07:51", "10:17", "11:01", "13:47", "15:49", "08:21", "13:55", "21:50", "15:17", "15:16", "14:26", 0, "46:10"], "S": ["4", "2", 0, "1", "1", "6", 0, "2", "1", 0, "2", "1", "1", "1", "2", "2", "1", "2", 0, 0, "5", "5", "2", "3", "2", 0, "3", "1", "4", "3", "1", "2", "1", "1", 0, "3", "2", "1", 0, 0], "A/B": ["3", 0, 0, "3", "1", 0, "1", "2", "4", "1", 0, "1", "1", "1", "1", 0, 0, 0, 0, 0, "1", "1", 0, "1", "1", 0, 0, "1", 0, 0, 0, "3", "1", 0, "2", 0, 0, "1", 0, 0], "MS": ["1", "2", "2", "1", 0, "1", 0, "1", "2", 0, "1", 0, "1", "1", 0, 0, 0, 0, 0, 0, 0, "2", "2", 0, "2", 0, 0, 0, 0, 0, 0, "1", 0, "1", "1", 0, "1", "2", 0, 0], "HT": [0, "1", "1", "1", "2", "2", 0, "2", "1", 0, "1", "2", "1", "1", "1", "2", "1", "1", 0, 0, "2", 0, 0, 0, 0, 0, "4", "1", "1", "1", "2", "1", "1", "3", 0, 0, 0, "1", 0, 0], "GV": [0, "2", 0, 0, 0, 0, "2", 0, "2", 0, 0, "1", 0, "1", 0, 0, "1", 0, 0, "2", "3", "4", "2", "2", "2", "1", 0, 0, 0, 0, "2", "2", 0, 0, "1", "3", "1", "1", 0, "1"], "TK": [0, "2", 0, 0, 0, "2", 0, 0, "1", 0, 0, "1", 0, 0, "1", 0, 0, "1", 0, 0, 0, "1", 0, 0, 0, 0, 0, 0, 0, "2", 0, 0, 0, 0, 0, 0, 0, 0, 0, 0], "BS": [0, "4", "1", 0, 0, 0, 0, 0, "1", 0, 0, 0, "1", 0, 0, "4", 0, "1", 0, 0, "3", 0, 0, "1", "2", "1", "1", "1", "1", 0, "4", 0, 0, 0, "2", 0, "2", "1", 0, 0], "FW": [0, 0, 0, "9", "8", 0, "1", "1", 0, "0", 0, 0, "1", 0, "10", 0, "0", 0, 0, 0, 0, 0, 0, "0", 0, 0, 0, "0", "10", 0, 0, "1", 0, 0, 0, "7", "9", "1", 0, 0], "FL": [0, 0, 0, "7", "3", 0, "0", "0", 0, "1", 0, 0, "0", 0, "7", 0, "10", 0, 0, 0, 0, 0, 0, "1", 0, 0, 0, "2", "11", 0, 0, "0", 0, 0, 0, "9", "6", "1", 0, 0], "F%": [0, 0, 0, "56", "73", 0, "100", "100", 0, "0", 0, 0, "100", 0, "59", 0, "0", 0, 0, 0, 0, 0, 0, "0", 0, 0, 0, "0", "48", 0, 0, "100", 0, 0, 0, "44", "60", "50", 0, 0], "team": ["PHOENIX COYOTES ", "PHOENIX COYOTES ", "PHOENIX COYOTES ", "PHOENIX COYOTES ", "PHOENIX COYOTES ", "PHOENIX COYOTES ", "PHOENIX COYOTES ", "PHOENIX COYOTES ", "PHOENIX COYOTES ", "PHOENIX COYOTES ", "PHOENIX COYOTES ", "PHOENIX COYOTES ", "PHOENIX COYOTES ", "PHOENIX COYOTES ", "PHOENIX COYOTES ", "PHOENIX COYOTES ", "PHOENIX COYOTES ", "PHOENIX COYOTES ", "PHOENIX COYOTES ", "PHOENIX COYOTES ", "EDMONTON OILERS ", "EDMONTON OILERS ", "EDMONTON OILERS ", "EDMONTON OILERS ", "EDMONTON OILERS ", "EDMONTON OILERS ", "EDMONTON OILERS ", "EDMONTON OILERS ", "EDMONTON OILERS ", "EDMONTON OILERS ", "EDMONTON OILERS ", "EDMONTON OILERS ", "EDMONTON OILERS ", "EDMONTON OILERS ", "EDMONTON OILERS ", "EDMONTON OILERS ", "EDMONTON OILERS ", "EDMONTON OILERS ", "EDMONTON OILERS ", "EDMONTON OILERS "], "GA": [0, 0, 0, 0, 0, 0, 0, 0, 0, 0, 0, 0, 0, 0, 0, 0, 0, 0, 0.0, "3", 0, 0, 0, 0, 0, 0, 0, 0, 0, 0, 0, 0, 0, 0, 0, 0, 0, 0, 0, "4"], "SA": [0, 0, 0, 0, 0, 0, 0, 0, 0, 0, 0, 0, 0, 0, 0, 0, 0, 0, 0.0, "39", 0, 0, 0, 0, 0, 0, 0, 0, 0, 0, 0, 0, 0, 0, 0, 0, 0, 0, 0, "29"]}}