{"game_info": {"date": "2013-10-30", "visitor": "SAN JOSE SHARKS ", "home": "LOS ANGELES KINGS ", "game_id": 187, "status": "final"}, "player_stats": {"number": ["5", "7", "8", "9", "10", "12", "15", "18", "19", "27", "39", "43", "44", "48", "52", "57", "61", "81", "31", "32", 0, "2", "6", "8", "10", "11", "13", "14", "17", "21", "22", "23", "24", "26", "28", "33", "44", "74", "77", "32", "54"], "position": ["D", "D", "C", "R", "C", "C", "C", "R", "C", "D", "C", "L", "D", "C", "D", "C", "D", "C", "G", "G", 0, "D", "D", "D", "C", "C", "L", "R", "L", "R", "C", "L", "C", "D", "C", "D", "D", "L", "C", "G", "G"], "name": ["DEMERS, JASON", "STUART, BRAD", "PAVELSKI, JOE", "HAVLAT, MARTY", "DESJARDINS, ANDREW", "MARLEAU, PATRICK", "SHEPPARD, JAMES", "BROWN, MIKE", "THORNTON, JOE", "HANNAN, SCOTT", "COUTURE, LOGAN", "MCCARTHY, JOHN", "VLASIC, MARC-EDOUARD", "HERTL, TOMAS", "IRWIN, MATT", "WINGELS, TOMMY", "BRAUN, JUSTIN", "KENNEDY, TYLER", "NIEMI, ANTTI", "STALOCK, ALEX", "TEAM PENALTY", "GREENE, MATT", "MUZZIN, JAKE", "DOUGHTY, DREW", "RICHARDS, MIKE", "KOPITAR, ANZE", "CLIFFORD, KYLE", "WILLIAMS, JUSTIN", "CARCILLO, DANIEL", "FRATTIN, MATT", "LEWIS, TREVOR", "BROWN, DUSTIN", "FRASER, COLIN", "VOYNOV, SLAVA", "STOLL, JARRET", "MITCHELL, WILLIE", "REGEHR, ROBYN", "KING, DWIGHT", "CARTER, JEFF", "QUICK, JONATHAN", "SCRIVENS, BEN"], "G": [0, 0, "1", 0, 0, 0, 0, 0, 0, 0, "1", 0, "1", 0, 0, 0, 0, 0, 0, 0, 0, 0, 0, "1", 0, "1", 0, "1", 0, 0, 0, 0, 0, 0, "1", 0, 0, 0, 0, 0, 0], "A": ["1", 0, 0, 0, 0, "1", 0, 0, 0, 0, "1", 0, 0, 0, 0, "1", 0, "1", 0, 0, 0, 0, 0, "1", "2", "1", 0, "1", 0, 0, 0, "1", 0, "1", 0, 0, 0, 0, 0, 0, 0], "P": ["1", 0, "1", 0, 0, "1", 0, 0, 0, 0, "2", 0, "1", 0, 0, "1", 0, "1", 0, 0, 0, 0, 0, "2", "2", "2", 0, "2", 0, 0, 0, "1", 0, "1", "1", 0, 0, 0, 0, 0, 0], "+/-": [0, "-2", "+1", "+1", "-1", 0, 0, "-1", 0, "-1", 0, "-1", "+2", 0, "-1", "+1", "+2", 0, 0, 0, 0, 0, 0, 0, "-1", 0, "+1", 0, 0, 0, "-1", "+1", 0, 0, "+1", 0, 0, 0, "-1", 0, 0], "PN": [0, 0, "1", 0, 0, 0, 0, "1", 0, 0, 0, 0, 0, 0, "1", "1", "1", 0, 0, 0, "2", 0, 0, 0, 0, 0, "2", "1", "1", 0, 0, 0, 0, 0, 0, "1", 0, 0, 0, 0, 0], "PIM": [0, 0, "2", 0, 0, 0, 0, "5", 0, 0, 0, 0, 0, 0, "2", "2", "2", 0, 0, 0, "4", 0, 0, 0, 0, 0, "7", "2", "2", 0, 0, 0, 0, 0, 0, "2", 0, 0, 0, 0, 0], "TOT": ["17:24", "21:52", "19:02", "14:01", "11:37", "17:38", "13:19", "08:02", "17:35", "22:23", "19:21", "12:16", "21:52", "16:26", "15:07", "15:52", "23:27", "13:02", "62:24", 0, 0, "17:45", "19:23", "26:02", "22:48", "23:24", "10:04", "17:54", "11:28", "07:24", "14:32", "15:51", "05:53", "18:45", "14:35", "18:34", "17:57", "18:05", "23:02", "62:32", 0], "SHF": ["21", "31", "28", "19", "16", "25", "20", "10", "26", "28", "28", "16", "29", "23", "21", "22", "31", "20", 0, 0, 0, "24", "29", "33", "27", "28", "14", "22", "16", "11", "24", "21", "10", "21", "23", "26", "25", "25", "27", 0, 0], "AVG TOI/SH": ["00:49", "00:42", "00:40", "00:44", "00:43", "00:42", "00:39", "00:48", "00:40", "00:47", "00:41", "00:46", "00:45", "00:42", "00:43", "00:43", "00:45", "00:39", 0, 0, 0, "00:44", "00:40", "00:47", "00:50", "00:50", "00:43", "00:48", "00:43", "00:40", "00:36", "00:45", "00:35", "00:53", "00:38", "00:42", "00:43", "00:43", "00:51", 0, 0], "PP": ["02:33", "00:00", "03:13", "01:52", "00:11", "03:19", "00:00", "00:00", "03:01", "00:00", "03:31", "00:00", "00:30", "02:15", "02:03", "02:03", "03:01", "00:18", "05:34", 0, 0, "00:00", "02:08", "06:43", "06:44", "06:33", "00:00", "04:20", "00:00", "00:00", "00:00", "02:53", "00:00", "02:09", "02:22", "00:00", "00:00", "02:19", "06:30", "08:52", 0], "SH": ["00:00", "04:20", "03:02", "00:00", "01:46", "02:30", "00:00", "00:00", "00:56", "04:53", "03:39", "02:22", "04:23", "00:00", "00:00", "01:50", "04:08", "00:00", "08:52", 0, 0, "03:45", "01:11", "01:49", "00:17", "02:29", "00:00", "00:00", "00:00", "00:00", "03:18", "00:00", "00:00", "00:00", "02:48", "02:34", "01:49", "01:52", "00:24", "05:34", 0], "EV": ["14:51", "17:32", "12:47", "12:09", "09:40", "11:49", "13:19", "08:02", "13:38", "17:30", "12:11", "09:54", "16:59", "14:11", "13:04", "11:59", "16:18", "12:44", "47:58", 0, 0, "14:00", "16:04", "17:30", "15:47", "14:22", "10:04", "13:34", "11:28", "07:24", "11:14", "12:58", "05:53", "16:36", "09:25", "16:00", "16:08", "13:54", "16:08", "48:06", 0], "S": [0, 0, "2", 0, "2", "3", 0, "2", "2", 0, "1", "1", "1", "2", 0, "1", "3", 0, 0, 0, 0, 0, 0, "2", "3", "4", "1", "3", 0, 0, "1", "3", 0, "1", "1", "1", "1", 0, "2", 0, 0], "A/B": [0, 0, 0, "1", 0, "1", "2", 0, "1", 0, 0, 0, "1", 0, 0, "1", 0, 0, 0, 0, 0, "1", "2", "3", "2", 0, 0, 0, 0, "1", "1", 0, "1", "1", "1", 0, 0, 0, "4", 0, 0], "MS": ["2", 0, "1", 0, 0, "1", 0, 0, 0, 0, "3", 0, "1", "2", 0, "1", 0, "1", 0, 0, 0, "2", "1", "1", "2", "1", "1", "2", "1", "1", "2", "1", 0, "2", 0, 0, "2", "2", "2", 0, 0], "HT": ["2", "1", "1", "2", 0, "1", 0, "2", "1", 0, 0, "2", "2", "1", "2", 0, "2", "2", 0, 0, 0, "4", "5", "2", "2", 0, "4", 0, "1", "3", "2", "6", 0, "6", "3", "2", "3", "2", "1", 0, 0], "GV": ["3", "2", "2", 0, 0, 0, 0, 0, "2", 0, "1", "1", 0, "1", "2", 0, "1", "1", "1", 0, 0, "3", "1", 0, "2", 0, 0, "2", "1", 0, "2", "2", "1", 0, 0, "2", 0, "2", 0, "2", 0], "TK": [0, "1", 0, 0, 0, 0, 0, 0, 0, 0, "1", 0, 0, 0, 0, "1", 0, 0, 0, 0, 0, 0, 0, 0, "1", "1", 0, "1", 0, 0, 0, "1", 0, "1", 0, 0, 0, 0, 0, 0, 0], "BS": ["2", "1", 0, "1", "1", 0, 0, "1", 0, "2", 0, "3", "3", "1", "2", 0, 0, 0, 0, 0, 0, "2", "1", 0, 0, "1", 0, 0, 0, 0, 0, 0, 0, 0, "1", "1", 0, 0, "1", 0, 0], "FW": [0, 0, "4", 0, "6", "0", 0, 0, "7", 0, "2", 0, 0, "1", 0, 0, 0, "3", 0, 0, 0, 0, 0, 0, "4", "12", 0, 0, 0, 0, "1", 0, "2", 0, "13", 0, 0, 0, "7", 0, 0], "FL": [0, 0, "9", 0, "7", "2", 0, 0, "10", 0, "7", 0, 0, "0", 0, 0, 0, "4", 0, 0, 0, 0, 0, 0, "5", "6", 0, 0, 0, 0, "0", 0, "1", 0, "6", 0, 0, 0, "5", 0, 0], "F%": [0, 0, "31", 0, "46", "0", 0, 0, "41", 0, "22", 0, 0, "100", 0, 0, 0, "43", 0, 0, 0, 0, 0, 0, "44", "67", 0, 0, 0, 0, "100", 0, "67", 0, "68", 0, 0, 0, "58", 0, 0], "team": ["SAN JOSE SHARKS ", "SAN JOSE SHARKS ", "SAN JOSE SHARKS ", "SAN JOSE SHARKS ", "SAN JOSE SHARKS ", "SAN JOSE SHARKS ", "SAN JOSE SHARKS ", "SAN JOSE SHARKS ", "SAN JOSE SHARKS ", "SAN JOSE SHARKS ", "SAN JOSE SHARKS ", "SAN JOSE SHARKS ", "SAN JOSE SHARKS ", "SAN JOSE SHARKS ", "SAN JOSE SHARKS ", "SAN JOSE SHARKS ", "SAN JOSE SHARKS ", "SAN JOSE SHARKS ", "SAN JOSE SHARKS ", "SAN JOSE SHARKS ", "SAN JOSE SHARKS ", "LOS ANGELES KINGS ", "LOS ANGELES KINGS ", "LOS ANGELES KINGS ", "LOS ANGELES KINGS ", "LOS ANGELES KINGS ", "LOS ANGELES KINGS ", "LOS ANGELES KINGS ", "LOS ANGELES KINGS ", "LOS ANGELES KINGS ", "LOS ANGELES KINGS ", "LOS ANGELES KINGS ", "LOS ANGELES KINGS ", "LOS ANGELES KINGS ", "LOS ANGELES KINGS ", "LOS ANGELES KINGS ", "LOS ANGELES KINGS ", "LOS ANGELES KINGS ", "LOS ANGELES KINGS ", "LOS ANGELES KINGS ", "LOS ANGELES KINGS "], "GA": [0, 0, 0, 0, 0, 0, 0, 0, 0, 0, 0, 0, 0, 0, 0, 0, 0, 0, "4", 0, 0, 0, 0, 0, 0, 0, 0, 0, 0, 0, 0, 0, 0, 0, 0, 0, 0, 0, 0, "3", 0], "SA": [0, 0, 0, 0, 0, 0, 0, 0, 0, 0, 0, 0, 0, 0, 0, 0, 0, 0, "23", 0, 0, 0, 0, 0, 0, 0, 0, 0, 0, 0, 0, 0, 0, 0, 0, 0, 0, 0, 0, "20", 0]}}