{"game_info": {"date": "2014-03-03", "visitor": "CALGARY FLAMES ", "home": "MINNESOTA WILD ", "game_id": 922, "status": "final"}, "player_stats": {"number": ["3", "4", "5", "6", "7", "8", "11", "13", "16", "17", "22", "23", "24", "32", "39", "44", "54", "60", "29", "37", "2", "3", "6", "9", "11", "14", "15", "17", "20", "21", "22", "24", "25", "29", "39", "46", "56", "64", "32", "35"], "position": ["D", "D", "D", "D", "D", "C", "C", "L", "R", "L", "R", "C", "C", "C", "L", "D", "R", "C", "G", "G", "D", "C", "D", "C", "L", "R", "L", "C", "D", "C", "R", "L", "D", "R", "D", "D", "L", "C", "G", "G"], "name": ["SMID, LADISLAV", "RUSSELL, KRIS", "GIORDANO, MARK", "WIDEMAN, DENNIS", "BRODIE, TJ", "COLBORNE, JOE", "BACKLUND, MIKAEL", "CAMMALLERI, MIKE", "MCGRATTAN, BRIAN", "BOUMA, LANCE", "STEMPNIAK, LEE", "MONAHAN, SEAN", "HUDLER, JIRI", "BYRON, PAUL", "GALIARDI, TJ", "BUTLER, CHRIS", "JONES, DAVID", "GRANLUND, MARKUS", "BERRA, RETO", "ORTIO, JONI", "BALLARD, KEITH", "COYLE, CHARLIE", "SCANDELLA, MARCO", "KOIVU, MIKKO", "PARISE, ZACH", "FONTAINE, JUSTIN", "HEATLEY, DANY", "MITCHELL, TORREY", "SUTER, RYAN", "BRODZIAK, KYLE", "NIEDERREITER, NINO", "COOKE, MATT", "BRODIN, JONAS", "POMINVILLE, JASON", "PROSSER, NATE", "SPURGEON, JARED", "HAULA, ERIK", "GRANLUND, MIKAEL", "BACKSTROM, NIKLAS", "KUEMPER, DARCY"], "G": [0, 0, "1", 0, 0, 0, 0, "1", 0, 0, 0, 0, 0, 0, 0, 0, 0, 0, 0, 0, 0, 0, 0, 0, "1", 0, 0, 0, 0, "1", 0, 0, 0, 0, 0, "1", 0, 0, 0, 0], "A": [0, 0, 0, "1", 0, "1", 0, 0, 0, 0, 0, 0, 0, 0, "1", 0, 0, "1", 0, 0, 0, 0, 0, 0, 0, 0, 0, 0, "1", 0, 0, "1", 0, "1", 0, 0, 0, "2", 0, 0], "P": [0, 0, "1", "1", 0, "1", 0, "1", 0, 0, 0, 0, 0, 0, "1", 0, 0, "1", 0, 0, 0, 0, 0, 0, "1", 0, 0, 0, "1", "1", 0, "1", 0, "1", 0, "1", 0, "2", 0, 0], "+/-": ["+1", "-2", "+1", "+1", "+1", "+1", "-1", 0, 0, 0, 0, 0, 0, 0, 0, "-2", "-1", "+1", 0, 0, "+1", "-1", 0, "-1", "+1", 0, "-1", 0, "-1", 0, 0, 0, 0, "+1", "+1", "-1", 0, "+1", 0, 0], "PN": [0, 0, "1", 0, 0, 0, "1", 0, 0, 0, 0, 0, 0, 0, 0, 0, 0, 0, 0, 0, "1", 0, 0, 0, 0, 0, 0, 0, 0, 0, 0, 0, 0, 0, 0, 0, 0, 0, 0, 0], "PIM": [0, 0, "2", 0, 0, 0, "2", 0, 0, 0, 0, 0, 0, 0, 0, 0, 0, 0, 0, 0, "2", 0, 0, 0, 0, 0, 0, 0, 0, 0, 0, 0, 0, 0, 0, 0, 0, 0, 0, 0], "TOT": ["18:57", "18:29", "23:32", "19:19", "24:03", "12:18", "21:54", "22:01", "05:57", "09:24", "20:18", "17:32", "18:50", "13:37", "12:09", "15:40", "12:13", "12:31", "58:22", 0, "10:35", "16:34", "20:18", "19:21", "18:44", "08:06", "15:51", "07:56", "27:03", "16:55", "16:16", "16:56", "24:02", "18:30", "11:56", "25:13", "07:25", "16:19", 0, "60:00"], "SHF": ["26", "26", "31", "24", "33", "20", "26", "27", "11", "17", "30", "26", "25", "25", "20", "24", "15", "22", 0, 0, "15", "21", "28", "23", "25", "12", "20", "12", "29", "21", "19", "21", "29", "24", "21", "30", "11", "22", 0, 0], "AVG TOI/SH": ["00:43", "00:42", "00:45", "00:48", "00:43", "00:36", "00:50", "00:48", "00:32", "00:33", "00:40", "00:40", "00:45", "00:32", "00:36", "00:39", "00:48", "00:34", 0, 0, "00:42", "00:47", "00:43", "00:50", "00:44", "00:40", "00:47", "00:39", "00:55", "00:48", "00:51", "00:48", "00:49", "00:46", "00:34", "00:50", "00:40", "00:44", 0, 0], "PP": ["00:00", "01:27", "01:27", "00:00", "00:00", "00:00", "00:28", "01:27", "00:00", "00:00", "00:00", "00:59", "00:28", "00:00", "00:00", "00:00", "00:00", "00:59", "01:27", 0, "00:06", "01:20", "00:00", "00:59", "00:59", "00:00", "01:16", "00:00", "02:15", "00:00", "01:01", "00:00", "00:06", "00:59", "00:00", "01:22", "00:00", "01:22", 0, "02:21"], "SH": ["01:34", "00:00", "00:47", "00:00", "01:19", "00:00", "00:21", "00:36", "00:37", "00:25", "01:19", "00:00", "00:00", "01:02", "00:22", "01:02", "00:00", "00:00", "02:21", 0, "00:00", "00:00", "01:01", "00:57", "00:08", "00:00", "00:00", "00:00", "00:26", "00:30", "00:00", "01:19", "01:01", "00:00", "00:00", "00:26", "00:00", "00:00", 0, "01:27"], "EV": ["17:23", "17:02", "21:18", "19:19", "22:44", "12:18", "21:05", "19:58", "05:20", "08:59", "18:59", "16:33", "18:22", "12:35", "11:47", "14:38", "12:13", "11:32", "54:34", 0, "10:29", "15:14", "19:17", "17:25", "17:37", "08:06", "14:35", "07:56", "24:22", "16:25", "15:15", "15:37", "22:55", "17:31", "11:56", "23:25", "07:25", "14:57", 0, "56:12"], "S": ["1", 0, "2", "1", "4", "1", "3", "3", 0, 0, "2", 0, 0, 0, "2", 0, "3", "1", 0, 0, 0, 0, 0, 0, "5", "1", "1", "1", "4", "2", "1", "1", 0, "3", "1", "4", "1", "2", 0, 0], "A/B": ["1", "2", 0, "1", "2", 0, "1", "1", 0, 0, "2", "2", 0, "1", 0, "1", 0, 0, 0, 0, 0, 0, "1", 0, "1", "1", 0, 0, "1", 0, "1", "1", "1", "2", 0, "1", 0, "1", 0, 0], "MS": [0, 0, 0, 0, "1", 0, 0, "3", 0, 0, 0, "1", "1", 0, 0, 0, 0, 0, 0, 0, "1", "2", 0, "1", 0, "2", "1", 0, "1", "2", 0, 0, 0, "1", 0, 0, 0, 0, 0, 0], "HT": [0, 0, "1", "1", 0, 0, 0, 0, "1", "3", "3", "2", "1", "1", "3", 0, 0, 0, 0, 0, 0, 0, "2", 0, "2", 0, "1", "2", 0, "1", "2", "1", 0, "1", 0, 0, 0, 0, 0, 0], "GV": [0, "1", 0, 0, 0, 0, 0, 0, 0, 0, 0, 0, 0, 0, 0, 0, 0, "1", 0, 0, 0, "1", 0, "2", 0, 0, 0, 0, 0, 0, "1", "1", 0, 0, 0, 0, "1", 0, 0, "3"], "TK": [0, "1", 0, 0, 0, 0, "2", 0, 0, 0, 0, "1", 0, 0, 0, 0, 0, 0, 0, 0, 0, "1", 0, "1", "1", "2", "2", 0, 0, 0, "2", 0, 0, 0, 0, "1", 0, "2", 0, 0], "BS": ["2", "2", 0, 0, 0, 0, "1", 0, 0, "1", "1", 0, "1", 0, 0, "3", 0, 0, 0, 0, "1", "1", 0, 0, "1", 0, "1", 0, "1", 0, 0, 0, "2", "1", "2", "2", 0, "2", 0, 0], "FW": [0, 0, 0, 0, 0, "1", "8", "1", 0, 0, "0", "8", 0, "1", "2", 0, "1", "5", 0, 0, 0, "1", 0, "10", "0", 0, 0, 0, 0, "6", 0, "0", 0, "1", 0, 0, "2", "7", 0, 0], "FL": [0, 0, 0, 0, 0, "0", "8", "0", 0, 0, "1", "7", 0, "2", "3", 0, "1", "5", 0, 0, 0, "2", 0, "7", "1", 0, 0, 0, 0, "7", 0, "1", 0, "1", 0, 0, "4", "4", 0, 0], "F%": [0, 0, 0, 0, 0, "100", "50", "100", 0, 0, "0", "53", 0, "33", "40", 0, "50", "50", 0, 0, 0, "33", 0, "59", "0", 0, 0, 0, 0, "46", 0, "0", 0, "50", 0, 0, "33", "64", 0, 0], "team": ["CALGARY FLAMES ", "CALGARY FLAMES ", "CALGARY FLAMES ", "CALGARY FLAMES ", "CALGARY FLAMES ", "CALGARY FLAMES ", "CALGARY FLAMES ", "CALGARY FLAMES ", "CALGARY FLAMES ", "CALGARY FLAMES ", "CALGARY FLAMES ", "CALGARY FLAMES ", "CALGARY FLAMES ", "CALGARY FLAMES ", "CALGARY FLAMES ", "CALGARY FLAMES ", "CALGARY FLAMES ", "CALGARY FLAMES ", "CALGARY FLAMES ", "CALGARY FLAMES ", "MINNESOTA WILD ", "MINNESOTA WILD ", "MINNESOTA WILD ", "MINNESOTA WILD ", "MINNESOTA WILD ", "MINNESOTA WILD ", "MINNESOTA WILD ", "MINNESOTA WILD ", "MINNESOTA WILD ", "MINNESOTA WILD ", "MINNESOTA WILD ", "MINNESOTA WILD ", "MINNESOTA WILD ", "MINNESOTA WILD ", "MINNESOTA WILD ", "MINNESOTA WILD ", "MINNESOTA WILD ", "MINNESOTA WILD ", "MINNESOTA WILD ", "MINNESOTA WILD "], "GA": [0, 0, 0, 0, 0, 0, 0, 0, 0, 0, 0, 0, 0, 0, 0, 0, 0, 0, "3", 0, 0, 0, 0, 0, 0, 0, 0, 0, 0, 0, 0, 0, 0, 0, 0, 0, 0, 0, 0, "2"], "SA": [0, 0, 0, 0, 0, 0, 0, 0, 0, 0, 0, 0, 0, 0, 0, 0, 0, 0, "27", 0, 0, 0, 0, 0, 0, 0, 0, 0, 0, 0, 0, 0, 0, 0, 0, 0, 0, 0, 0, "23"]}}