{"game_info": {"date": "2013-11-16", "visitor": "EDMONTON OILERS ", "home": "CALGARY FLAMES ", "game_id": 302, "status": "final"}, "player_stats": {"number": ["2", "4", "6", "14", "15", "20", "21", "27", "36", "41", "44", "57", "64", "77", "83", "89", "93", "94", "1", "40", 0, "3", "4", "6", "7", "8", "11", "13", "16", "17", "18", "22", "23", "24", "27", "39", "44", "47", "54", "29", "31", 0], "position": ["D", "L", "L", "C", "D", "L", "D", "C", "D", "R", "D", "L", "R", "D", "R", "C", "C", "L", "G", "G", 0, "D", "D", "D", "D", "C", "C", "L", "R", "L", "C", "R", "C", "C", "D", "L", "D", "L", "R", "G", "G", 0], "name": ["PETRY, JEFF", "HALL, TAYLOR", "JOENSUU, JESSE", "EBERLE, JORDAN", "SCHULTZ, NICK", "GAZDIC, LUKE", "FERENCE, ANDREW", "GORDON, BOYD", "LARSEN, PHILIP", "ACTON, WILL", "POTTER, COREY", "PERRON, DAVID", "YAKUPOV, NAIL", "BELOV, ANTON", "HEMSKY, ALES", "GAGNER, SAM", "NUGENT-HOPKINS, RYAN", "SMYTH, RYAN", "LABARBERA, JASON", "DUBNYK, DEVAN", "TEAM PENALTY", "SMID, LADISLAV", "RUSSELL, KRIS", "WIDEMAN, DENNIS", "BRODIE, TJ", "COLBORNE, JOE", "BACKLUND, MIKAEL", "CAMMALLERI, MIKE", "MCGRATTAN, BRIAN", "BOUMA, LANCE", "STAJAN, MATT", "STEMPNIAK, LEE", "MONAHAN, SEAN", "HUDLER, JIRI", "SMITH, DEREK", "GALIARDI, TJ", "BUTLER, CHRIS", "BAERTSCHI, SVEN", "JONES, DAVID", "BERRA, RETO", "RAMO, KARRI", "TEAM PENALTY"], "G": [0, 0, 0, "1", 0, 0, 0, "1", 0, 0, 0, "1", 0, 0, "1", 0, 0, 0, 0, 0, 0, 0, 0, "1", 0, 0, 0, 0, 0, 0, 0, 0, "1", 0, 0, 0, 0, 0, 0, 0, 0, 0], "A": [0, "1", 0, 0, 0, 0, 0, "1", 0, 0, 0, 0, "1", "1", 0, "1", 0, "1", 0, 0, 0, 0, 0, 0, 0, 0, 0, 0, 0, 0, "1", 0, 0, "1", 0, 0, 0, "1", 0, 0, 0, 0], "P": [0, "1", 0, "1", 0, 0, 0, "2", 0, 0, 0, "1", "1", "1", "1", "1", 0, "1", 0, 0, 0, 0, 0, "1", 0, 0, 0, 0, 0, 0, "1", 0, "1", "1", 0, 0, 0, "1", 0, 0, 0, 0], "+/-": ["+3", 0, 0, 0, 0, 0, "+2", "+1", 0, 0, "-1", "+1", "+1", 0, "+1", "+1", 0, "+1", 0, 0, 0, 0, "-1", "-1", "-1", 0, 0, "-1", 0, 0, "-2", "-2", 0, "-1", 0, "-1", "-1", 0, 0, 0, 0, 0], "PN": [0, 0, 0, 0, 0, "1", "2", 0, 0, 0, 0, 0, 0, 0, 0, 0, "1", 0, 0, 0, "1", 0, 0, 0, 0, "1", 0, 0, "1", 0, 0, "1", 0, 0, 0, 0, 0, 0, 0, 0, 0, "1"], "PIM": [0, 0, 0, 0, 0, "5", "7", 0, 0, 0, 0, 0, 0, 0, 0, 0, "2", 0, 0, 0, "2", 0, 0, 0, 0, "2", 0, 0, "5", 0, 0, "5", 0, 0, 0, 0, 0, 0, 0, 0, 0, "2"], "TOT": ["24:03", "18:41", "05:49", "18:54", "17:51", "04:16", "19:22", "15:57", "22:11", "06:25", "11:40", "18:00", "16:19", "23:48", "14:02", "16:49", "20:21", "19:05", 0, "60:00", 0, "16:36", "24:45", "26:00", "21:26", "06:12", "17:01", "21:40", "03:58", "07:46", "16:45", "18:06", "19:52", "21:46", "09:12", "14:58", "19:27", "17:09", "14:43", "58:38", 0, 0], "SHF": ["27", "30", "9", "32", "27", "8", "26", "27", "29", "12", "17", "31", "25", "26", "24", "26", "30", "31", 0, 0, 0, "22", "33", "37", "29", "12", "26", "29", "8", "14", "27", "27", "30", "30", "15", "25", "26", "25", "26", 0, 0, 0], "AVG TOI/SH": ["00:53", "00:37", "00:38", "00:35", "00:39", "00:32", "00:44", "00:35", "00:45", "00:32", "00:41", "00:34", "00:39", "00:54", "00:35", "00:38", "00:40", "00:36", 0, 0, 0, "00:45", "00:45", "00:42", "00:44", "00:31", "00:39", "00:44", "00:29", "00:33", "00:37", "00:40", "00:39", "00:43", "00:36", "00:35", "00:44", "00:41", "00:33", 0, 0, 0], "PP": ["00:40", "00:43", "00:00", "01:13", "00:00", "00:00", "00:00", "00:00", "02:06", "00:00", "00:00", "01:00", "00:35", "01:23", "01:24", "01:24", "01:13", "01:24", 0, "02:37", 0, "00:00", "02:25", "01:42", "02:30", "01:23", "00:52", "02:25", "00:55", "00:00", "00:00", "02:37", "02:58", "02:12", "00:00", "00:06", "00:57", "02:59", "01:19", "05:04", 0, 0], "SH": ["03:10", "00:52", "00:00", "01:02", "02:32", "00:00", "02:27", "03:06", "00:00", "00:46", "01:54", "00:04", "00:00", "00:05", "00:00", "00:59", "00:00", "03:19", 0, "05:04", 0, "01:49", "00:12", "00:48", "00:36", "00:00", "00:53", "00:46", "00:00", "01:15", "01:18", "00:36", "00:00", "00:00", "00:00", "00:26", "01:49", "00:00", "00:00", "02:37", 0, 0], "EV": ["20:13", "17:06", "05:49", "16:39", "15:19", "04:16", "16:55", "12:51", "20:05", "05:39", "09:46", "16:56", "15:44", "22:20", "12:38", "14:26", "19:08", "14:22", 0, "52:19", 0, "14:47", "22:08", "23:30", "18:20", "04:49", "15:16", "18:29", "03:03", "06:31", "15:27", "14:53", "16:54", "19:34", "09:12", "14:26", "16:41", "14:10", "13:24", "50:57", 0, 0], "S": [0, 0, 0, "2", "1", 0, 0, 0, "2", 0, "3", "5", "1", "1", "2", "4", "1", "1", 0, 0, 0, "2", "2", "2", 0, 0, "3", "4", "2", 0, "2", "4", "5", "2", "2", "3", 0, "1", "1", 0, 0, 0], "A/B": [0, "2", 0, "1", 0, 0, "1", 0, "1", 0, 0, "1", 0, 0, "1", 0, "1", 0, 0, 0, 0, 0, "1", "1", "4", 0, 0, "1", 0, 0, 0, 0, "1", "1", 0, "1", "2", "2", 0, 0, 0, 0], "MS": ["1", 0, 0, "2", 0, 0, 0, 0, 0, 0, 0, "1", "1", 0, "2", 0, "1", 0, 0, 0, 0, 0, 0, "1", "2", "1", 0, 0, 0, "1", "1", "2", "1", "1", "1", "2", 0, 0, 0, 0, 0, 0], "HT": ["3", "1", 0, "1", 0, "1", "2", 0, "4", 0, "1", 0, "1", "3", 0, "2", "1", "1", 0, 0, 0, "4", 0, "1", "1", "2", "4", "1", 0, "2", "3", "2", "1", "4", "1", "4", 0, "3", 0, 0, 0, 0], "GV": [0, "3", 0, "1", "2", "1", "3", "1", 0, 0, 0, "1", "2", 0, "2", 0, 0, 0, 0, 0, 0, 0, "1", "3", "1", "1", "2", "1", 0, 0, 0, "1", "2", 0, "1", 0, 0, "2", "1", "1", 0, 0], "TK": [0, 0, 0, 0, 0, 0, 0, 0, 0, 0, 0, "1", 0, 0, 0, "1", "2", 0, 0, 0, 0, 0, 0, "1", 0, 0, "1", "1", 0, 0, "2", "1", 0, "2", 0, 0, "1", 0, 0, 0, 0, 0], "BS": ["2", "1", "1", "1", "1", 0, "1", "2", "3", 0, 0, 0, 0, "1", "1", 0, 0, 0, 0, 0, 0, "1", "1", "1", "1", 0, 0, 0, 0, 0, "1", "1", 0, 0, 0, 0, "2", 0, 0, 0, 0, 0], "FW": [0, "1", 0, 0, 0, "1", 0, "8", 0, "2", 0, 0, 0, 0, "0", "3", "9", "1", 0, 0, 0, 0, 0, 0, 0, "1", "8", "0", 0, "0", "7", "1", "12", 0, 0, "0", 0, 0, "1", 0, 0, 0], "FL": [0, "0", 0, 0, 0, "0", 0, "10", 0, "1", 0, 0, 0, 0, "1", "8", "10", "0", 0, 0, 0, 0, 0, 0, 0, "2", "5", "1", 0, "1", "6", "1", "7", 0, 0, "1", 0, 0, "1", 0, 0, 0], "F%": [0, "100", 0, 0, 0, "100", 0, "44", 0, "67", 0, 0, 0, 0, "0", "27", "47", "100", 0, 0, 0, 0, 0, 0, 0, "33", "62", "0", 0, "0", "54", "50", "63", 0, 0, "0", 0, 0, "50", 0, 0, 0], "team": ["EDMONTON OILERS ", "EDMONTON OILERS ", "EDMONTON OILERS ", "EDMONTON OILERS ", "EDMONTON OILERS ", "EDMONTON OILERS ", "EDMONTON OILERS ", "EDMONTON OILERS ", "EDMONTON OILERS ", "EDMONTON OILERS ", "EDMONTON OILERS ", "EDMONTON OILERS ", "EDMONTON OILERS ", "EDMONTON OILERS ", "EDMONTON OILERS ", "EDMONTON OILERS ", "EDMONTON OILERS ", "EDMONTON OILERS ", "EDMONTON OILERS ", "EDMONTON OILERS ", "EDMONTON OILERS ", "CALGARY FLAMES ", "CALGARY FLAMES ", "CALGARY FLAMES ", "CALGARY FLAMES ", "CALGARY FLAMES ", "CALGARY FLAMES ", "CALGARY FLAMES ", "CALGARY FLAMES ", "CALGARY FLAMES ", "CALGARY FLAMES ", "CALGARY FLAMES ", "CALGARY FLAMES ", "CALGARY FLAMES ", "CALGARY FLAMES ", "CALGARY FLAMES ", "CALGARY FLAMES ", "CALGARY FLAMES ", "CALGARY FLAMES ", "CALGARY FLAMES ", "CALGARY FLAMES ", "CALGARY FLAMES "], "GA": [0, 0, 0, 0, 0, 0, 0, 0, 0, 0, 0, 0, 0, 0, 0, 0, 0, 0, 0.0, "2", 0, 0, 0, 0, 0, 0, 0, 0, 0, 0, 0, 0, 0, 0, 0, 0, 0, 0, 0, "3", 0, 0], "SA": [0, 0, 0, 0, 0, 0, 0, 0, 0, 0, 0, 0, 0, 0, 0, 0, 0, 0, 0.0, "35", 0, 0, 0, 0, 0, 0, 0, 0, 0, 0, 0, 0, 0, 0, 0, 0, 0, 0, 0, "23", 0, 0]}}