{"game_info": {"date": "2014-01-25", "visitor": "PITTSBURGH PENGUINS ", "home": "DALLAS STARS ", "game_id": 781, "status": "final"}, "player_stats": {"number": ["2", "3", "4", "7", "12", "14", "15", "16", "17", "18", "25", "27", "36", "44", "58", "59", "71", "87", "29", "37", "4", "6", "10", "12", "13", "14", "16", "17", "20", "21", "24", "27", "33", "38", "43", "55", "72", "91", "30", "32"], "position": ["D", "D", "D", "D", "R", "L", "L", "C", "L", "L", "C", "R", "L", "D", "D", "C", "C", "C", "G", "G", "D", "D", "C", "R", "L", "L", "C", "C", "C", "L", "D", "D", "D", "L", "R", "D", "L", "C", "G", "G"], "name": ["NISKANEN, MATT", "MAATTA, OLLI", "SCUDERI, ROB", "MARTIN, PAUL", "KOBASEW, CHUCK", "KUNITZ, CHRIS", "GLASS, TANNER", "SUTTER, BRANDON", "PYATT, TAYLOR", "NEAL, JAMES", "EBBETT, ANDREW", "ADAMS, CRAIG", "JOKINEN, JUSSI", "ORPIK, BROOKS", "LETANG, KRIS", "MEGNA, JAYSON", "MALKIN, EVGENI", "CROSBY, SIDNEY", "FLEURY, MARC-ANDRE", "ZATKOFF, JEFF", "DILLON, BRENDEN", "DALEY, TREVOR", "HORCOFF, SHAWN", "CHIASSON, ALEX", "WHITNEY, RAY", "BENN, JAMIE", "GARBUTT, RYAN", "PEVERLEY, RICH", "EAKIN, CODY", "ROUSSEL, ANTOINE", "BENN, JORDIE", "ROME, AARON", "GOLIGOSKI, ALEX", "FIDDLER, VERNON", "NICHUSHKIN, VALERI", "GONCHAR, SERGEI", "COLE, ERIK", "SEGUIN, TYLER", "ELLIS, DAN", "LEHTONEN, KARI"], "G": [0, 0, 0, 0, 0, 0, 0, 0, 0, 0, 0, 0, 0, 0, 0, 0, 0, 0, 0, 0, 0, 0, 0, 0, 0, "1", 0, "1", 0, 0, 0, 0, 0, 0, 0, "1", 0, 0, 0, 0], "A": [0, 0, 0, 0, 0, 0, 0, 0, 0, 0, 0, 0, 0, 0, 0, 0, 0, 0, 0, 0, 0, 0, "1", 0, "1", 0, 0, 0, 0, 0, 0, 0, "1", 0, 0, 0, 0, "1", 0, "1"], "P": [0, 0, 0, 0, 0, 0, 0, 0, 0, 0, 0, 0, 0, 0, 0, 0, 0, 0, 0, 0, 0, 0, "1", 0, "1", "1", 0, "1", 0, 0, 0, 0, "1", 0, 0, "1", 0, "1", 0, "1"], "+/-": [0, 0, 0, "-1", 0, 0, 0, 0, 0, "-1", 0, 0, "-1", "-1", 0, 0, "-1", 0, 0, 0, "+1", 0, "+1", "+1", 0, 0, 0, "+1", 0, 0, "+1", 0, 0, 0, 0, 0, 0, 0, 0, 0], "PN": [0, "1", 0, 0, 0, "1", 0, 0, 0, "1", 0, 0, 0, 0, "1", 0, 0, 0, 0, 0, "2", 0, "1", 0, 0, 0, 0, 0, "1", "1", 0, 0, 0, 0, 0, 0, 0, 0, 0, 0], "PIM": [0, "2", 0, 0, 0, "2", 0, 0, 0, "2", 0, 0, 0, 0, "2", 0, 0, 0, 0, 0, "4", 0, "2", 0, 0, 0, 0, 0, "2", "2", 0, 0, 0, 0, 0, 0, 0, 0, 0, 0], "TOT": ["20:05", "18:26", "14:14", "21:46", "11:31", "22:52", "11:32", "16:36", "10:54", "17:50", "07:15", "10:20", "15:46", "18:39", "20:51", "12:06", "20:07", "23:57", "60:00", 0, "17:50", "23:19", "12:18", "11:42", "12:49", "16:07", "19:02", "14:36", "19:20", "16:27", "19:21", "13:54", "26:07", "13:51", "11:49", "14:39", "13:05", "15:44", 0, "60:00"], "SHF": ["23", "23", "17", "24", "16", "22", "15", "23", "14", "20", "11", "15", "19", "22", "19", "17", "22", "25", 0, 0, "25", "24", "18", "15", "17", "25", "24", "22", "28", "24", "25", "19", "26", "25", "16", "21", "18", "21", 0, 0], "AVG TOI/SH": ["00:52", "00:48", "00:50", "00:54", "00:43", "01:02", "00:46", "00:43", "00:46", "00:53", "00:39", "00:41", "00:49", "00:50", "01:05", "00:42", "00:54", "00:57", 0, 0, "00:42", "00:58", "00:41", "00:46", "00:45", "00:38", "00:47", "00:39", "00:41", "00:41", "00:46", "00:43", "01:00", "00:33", "00:44", "00:41", "00:43", "00:44", 0, 0], "PP": ["01:59", "00:12", "00:03", "01:22", "00:00", "06:28", "00:00", "01:33", "00:33", "05:01", "00:09", "00:00", "02:45", "00:00", "06:26", "00:00", "06:57", "06:32", "08:00", 0, "00:00", "00:06", "02:17", "02:50", "02:17", "02:50", "00:06", "02:17", "02:17", "00:06", "00:00", "00:00", "02:50", "00:06", "00:00", "02:23", "02:50", "02:50", 0, "05:13"], "SH": ["00:31", "01:10", "01:42", "03:00", "01:26", "00:00", "01:16", "03:09", "00:00", "00:00", "00:00", "03:37", "00:00", "03:31", "00:32", "00:04", "00:00", "00:54", "05:13", 0, "01:36", "05:39", "00:18", "00:00", "00:00", "01:01", "03:48", "01:55", "03:15", "02:25", "02:25", "00:45", "05:35", "03:11", "00:00", "00:00", "00:00", "00:07", 0, "08:00"], "EV": ["17:35", "17:04", "12:29", "17:24", "10:05", "16:24", "10:16", "11:54", "10:21", "12:49", "07:06", "06:43", "13:01", "15:08", "13:53", "12:02", "13:10", "16:31", "46:47", 0, "16:14", "17:34", "09:43", "08:52", "10:32", "12:16", "15:08", "10:24", "13:48", "13:56", "16:56", "13:09", "17:42", "10:34", "11:49", "12:16", "10:15", "12:47", 0, "46:47"], "S": ["2", "2", 0, 0, "3", "1", 0, "1", 0, "2", "1", 0, "2", "1", "2", 0, "3", "4", 0, 0, "1", 0, 0, 0, "1", "2", "2", "1", "4", "3", "1", 0, "3", "2", "4", "1", 0, "3", 0, 0], "A/B": ["2", "1", "1", "1", 0, "2", 0, 0, "1", "3", 0, "1", "1", "1", "2", "2", 0, 0, 0, 0, 0, 0, 0, "1", 0, 0, "2", 0, "4", "1", "1", "1", 0, 0, 0, "1", "1", "1", 0, 0], "MS": ["1", 0, 0, "2", "1", 0, "1", "1", 0, "2", 0, 0, 0, 0, "1", 0, "2", "1", 0, 0, "1", "1", 0, 0, "2", "1", "2", "2", "1", 0, "1", 0, 0, 0, 0, 0, 0, "3", 0, 0], "HT": ["2", "2", 0, 0, "1", "2", "13", "1", "1", "6", "1", "2", "2", "1", 0, "2", 0, 0, 0, 0, "1", "1", "1", "1", "1", "2", "2", "1", "3", "3", 0, 0, "2", 0, "4", "1", 0, "3", 0, 0], "GV": ["2", 0, 0, 0, 0, 0, 0, 0, 0, 0, "2", "1", 0, 0, 0, 0, "3", 0, "1", 0, 0, 0, 0, 0, 0, 0, 0, 0, 0, 0, 0, 0, 0, 0, "1", 0, "1", 0, 0, 0], "TK": [0, "1", 0, 0, "1", 0, 0, 0, 0, 0, 0, 0, 0, 0, 0, 0, "1", 0, 0, 0, 0, 0, "1", 0, 0, 0, "5", 0, "1", 0, 0, 0, 0, 0, "1", 0, 0, 0, 0, 0], "BS": ["1", 0, "3", "2", 0, 0, 0, 0, "1", 0, "1", "2", "1", "1", "1", 0, 0, 0, 0, 0, 0, "2", 0, "1", 0, 0, "2", "2", "1", "2", "2", "3", "2", "1", 0, 0, 0, 0, 0, 0], "FW": [0, 0, 0, 0, 0, 0, "0", "4", 0, 0, "2", 0, "0", 0, 0, 0, "5", "18", 0, 0, 0, 0, "3", 0, 0, "4", 0, "8", "11", "1", 0, 0, 0, "3", 0, 0, "2", "2", 0, 0], "FL": [0, 0, 0, 0, 0, 0, "1", "9", 0, 0, "4", 0, "1", 0, 0, 0, "7", "12", 0, 0, 0, 0, "1", 0, 0, "2", 0, "2", "10", "0", 0, 0, 0, "10", 0, 0, "0", "4", 0, 0], "F%": [0, 0, 0, 0, 0, 0, "0", "31", 0, 0, "33", 0, "0", 0, 0, 0, "42", "60", 0, 0, 0, 0, "75", 0, 0, "67", 0, "80", "52", "100", 0, 0, 0, "23", 0, 0, "100", "33", 0, 0], "team": ["PITTSBURGH PENGUINS ", "PITTSBURGH PENGUINS ", "PITTSBURGH PENGUINS ", "PITTSBURGH PENGUINS ", "PITTSBURGH PENGUINS ", "PITTSBURGH PENGUINS ", "PITTSBURGH PENGUINS ", "PITTSBURGH PENGUINS ", "PITTSBURGH PENGUINS ", "PITTSBURGH PENGUINS ", "PITTSBURGH PENGUINS ", "PITTSBURGH PENGUINS ", "PITTSBURGH PENGUINS ", "PITTSBURGH PENGUINS ", "PITTSBURGH PENGUINS ", "PITTSBURGH PENGUINS ", "PITTSBURGH PENGUINS ", "PITTSBURGH PENGUINS ", "PITTSBURGH PENGUINS ", "PITTSBURGH PENGUINS ", "DALLAS STARS ", "DALLAS STARS ", "DALLAS STARS ", "DALLAS STARS ", "DALLAS STARS ", "DALLAS STARS ", "DALLAS STARS ", "DALLAS STARS ", "DALLAS STARS ", "DALLAS STARS ", "DALLAS STARS ", "DALLAS STARS ", "DALLAS STARS ", "DALLAS STARS ", "DALLAS STARS ", "DALLAS STARS ", "DALLAS STARS ", "DALLAS STARS ", "DALLAS STARS ", "DALLAS STARS "], "GA": [0, 0, 0, 0, 0, 0, 0, 0, 0, 0, 0, 0, 0, 0, 0, 0, 0, 0, "3", 0, 0, 0, 0, 0, 0, 0, 0, 0, 0, 0, 0, 0, 0, 0, 0, 0, 0, 0, 0, "0"], "SA": [0, 0, 0, 0, 0, 0, 0, 0, 0, 0, 0, 0, 0, 0, 0, 0, 0, 0, "28", 0, 0, 0, 0, 0, 0, 0, 0, 0, 0, 0, 0, 0, 0, 0, 0, 0, 0, 0, 0, "24"]}}