{"game_info": {"date": "2013-11-19", "visitor": "NEW YORK ISLANDERS ", "home": "TORONTO MAPLE LEAFS ", "game_id": 313, "status": "final"}, "player_stats": {"number": ["3", "7", "12", "13", "14", "15", "16", "17", "21", "29", "36", "46", "47", "51", "53", "55", "91", "96", "45", "60", "3", "4", "11", "12", "15", "19", "21", "22", "23", "24", "28", "36", "38", "41", "44", "51", "71", "81", "34", "45"], "position": ["D", "D", "C", "R", "D", "R", "C", "L", "R", "C", "L", "D", "D", "C", "C", "D", "C", "C", "G", "G", "D", "D", "C", "L", "D", "R", "L", "R", "C", "C", "R", "D", "L", "L", "D", "D", "R", "C", "G", "G"], "name": ["HAMONIC, TRAVIS", "CARKNER, MATT", "BAILEY, JOSH", "MCDONALD, COLIN", "HICKEY, THOMAS", "CLUTTERBUCK, CAL", "REGIN, PETER", "MARTIN, MATT", "OKPOSO, KYLE", "NELSON, BROCK", "BOULTON, ERIC", "DONOVAN, MATT", "MACDONALD, ANDREW", "NIELSEN, FRANS", "CIZIKAS, CASEY", "NESS, AARON", "TAVARES, JOHN", "BOUCHARD, PIERRE-MARC", "NILSSON, ANDERS", "POULIN, KEVIN", "PHANEUF, DION", "FRANSON, CODY", "MCCLEMENT, JAY", "RAYMOND, MASON", "RANGER, PAUL", "LUPUL, JOFFREY", "VAN RIEMSDYK, JAMES", "SMITHSON, JERRED", "SMITH, TREVOR", "HOLLAND, PETER", "ORR, COLTON", "GUNNARSSON, CARL", "MCLAREN, FRAZER", "KULEMIN, NIKOLAI", "RIELLY, MORGAN", "GARDINER, JAKE", "CLARKSON, DAVID", "KESSEL, PHIL", "REIMER, JAMES", "BERNIER, JONATHAN"], "G": [0, 0, 0, 0, 0, 0, 0, 0, 0, 0, 0, 0, 0, "1", "1", 0, 0, 0, 0, 0, 0, 0, 0, "1", 0, 0, 0, 0, "1", 0, 0, 0, 0, 0, 0, 0, "1", "2", 0, 0], "A": [0, 0, "1", 0, 0, 0, 0, 0, 0, 0, 0, 0, 0, 0, 0, 0, 0, 0, 0, 0, "1", 0, "1", 0, 0, "3", "1", 0, "2", 0, 0, 0, 0, 0, 0, 0, 0, 0, 0, 0], "P": [0, 0, "1", 0, 0, 0, 0, 0, 0, 0, 0, 0, 0, "1", "1", 0, 0, 0, 0, 0, "1", 0, "1", "1", 0, "3", "1", 0, "3", 0, 0, 0, 0, 0, 0, 0, "1", "2", 0, 0], "+/-": ["-2", "-2", 0, "+1", 0, 0, 0, "+1", "-3", "-1", 0, "+1", "+1", "-1", "+1", "-2", "-2", "-2", 0, 0, "+2", "-2", "+1", "+1", "+1", 0, "+1", 0, 0, "+1", 0, "+3", 0, "+1", "+1", "-1", 0, "+1", 0, 0], "PN": [0, "1", 0, "1", 0, 0, 0, 0, 0, 0, "1", 0, "1", 0, 0, 0, 0, 0, 0, 0, 0, 0, 0, 0, "1", "1", 0, 0, 0, 0, "1", 0, "1", 0, 0, 0, 0, 0, 0, 0], "PIM": [0, "5", 0, "2", 0, 0, 0, 0, 0, 0, "5", 0, "2", 0, 0, 0, 0, 0, 0, 0, 0, 0, 0, 0, "2", "2", 0, 0, 0, 0, "5", 0, "5", 0, 0, 0, 0, 0, 0, 0], "TOT": ["27:18", "13:01", "19:11", "18:32", "19:12", "15:01", "14:45", "09:06", "16:47", "16:03", "07:23", "19:25", "24:48", "18:50", "08:49", "14:11", "18:04", "16:26", 0, "60:00", "22:16", "20:56", "20:18", "15:57", "17:22", "19:28", "16:54", "08:43", "16:42", "12:44", "06:29", "19:31", "06:39", "17:26", "17:45", "22:20", "18:49", "15:41", 0, "60:00"], "SHF": ["26", "19", "19", "21", "23", "18", "17", "13", "20", "19", "11", "21", "27", "22", "16", "22", "21", "19", 0, 0, "27", "26", "24", "20", "23", "23", "20", "19", "20", "17", "11", "22", "11", "23", "23", "28", "22", "18", 0, 0], "AVG TOI/SH": ["01:03", "00:41", "01:00", "00:52", "00:50", "00:50", "00:52", "00:42", "00:50", "00:50", "00:40", "00:55", "00:55", "00:51", "00:33", "00:38", "00:51", "00:51", 0, 0, "00:49", "00:48", "00:50", "00:47", "00:45", "00:50", "00:50", "00:27", "00:50", "00:44", "00:35", "00:53", "00:36", "00:45", "00:46", "00:47", "00:51", "00:52", 0, 0], "PP": ["02:05", "00:00", "01:55", "00:00", "00:00", "01:55", "00:00", "00:00", "02:05", "01:17", "00:00", "01:55", "01:55", "01:31", "00:00", "00:00", "02:05", "03:17", 0, "04:00", "02:52", "02:18", "00:00", "00:32", "00:00", "02:36", "02:36", "00:00", "00:32", "00:00", "00:00", "00:00", "00:00", "00:00", "00:16", "00:50", "00:32", "02:36", 0, "03:08"], "SH": ["02:14", "00:54", "00:00", "00:41", "01:35", "00:19", "01:50", "00:00", "00:00", "01:06", "00:00", "00:00", "01:06", "01:18", "01:02", "00:27", "00:00", "00:00", 0, "03:08", "02:47", "01:13", "02:47", "00:00", "01:20", "00:00", "01:13", "01:35", "00:00", "00:00", "00:00", "00:52", "00:00", "02:25", "00:00", "01:48", "00:00", "00:00", 0, "04:00"], "EV": ["22:59", "12:07", "17:16", "17:51", "17:37", "12:47", "12:55", "09:06", "14:42", "13:40", "07:23", "17:30", "21:47", "16:01", "07:47", "13:44", "15:59", "13:09", 0, "52:52", "16:37", "17:25", "17:31", "15:25", "16:02", "16:52", "13:05", "07:08", "16:10", "12:44", "06:29", "18:39", "06:39", "15:01", "17:29", "19:42", "18:17", "13:05", 0, "52:52"], "S": ["1", "2", "3", "3", "1", "3", "4", 0, "3", "4", "1", "2", 0, "1", "2", "2", "2", "3", 0, 0, 0, "2", "1", "3", 0, 0, "2", 0, "2", "1", 0, 0, 0, "3", "1", "3", "2", "4", 0, 0], "A/B": ["1", 0, "1", "1", "2", "3", 0, 0, "2", "2", "1", "2", "1", 0, 0, "1", "1", "1", 0, 0, "2", "3", 0, 0, "1", 0, 0, 0, 0, "2", "1", "2", "1", 0, 0, "1", "2", "1", 0, 0], "MS": [0, "1", "1", 0, "1", "2", "1", 0, 0, 0, 0, "1", "1", 0, "1", "1", 0, 0, 0, 0, "2", "2", 0, "1", "1", 0, "2", "1", 0, 0, 0, 0, 0, 0, 0, "1", "2", "2", 0, 0], "HT": ["1", "2", "2", "6", "2", "2", "2", "4", "1", "1", "1", "3", 0, "3", "2", "1", 0, "1", 0, 0, "4", "4", 0, 0, "2", "2", 0, "3", "1", "3", "4", "4", "1", "3", "2", 0, "5", "1", 0, 0], "GV": ["2", 0, 0, 0, "1", "1", 0, 0, 0, "1", 0, "1", 0, "1", 0, 0, "1", 0, 0, 0, "1", "2", 0, 0, "3", "1", "2", 0, "1", 0, 0, "3", 0, "1", "2", "1", "1", 0, 0, "1"], "TK": ["1", 0, 0, "1", 0, "1", "2", 0, 0, "1", 0, 0, 0, 0, 0, 0, 0, 0, 0, 0, 0, 0, "1", 0, "1", 0, "1", 0, "1", 0, 0, "1", 0, "1", "1", 0, 0, 0, 0, 0], "BS": ["1", "1", "2", "1", "1", 0, 0, 0, "1", "1", 0, 0, "4", 0, "1", "3", 0, 0, 0, 0, "2", "1", 0, 0, "2", 0, 0, "2", "2", "1", 0, "1", 0, "2", "4", "1", "1", 0, 0, 0], "FW": [0, 0, "1", 0, 0, 0, "7", 0, 0, 0, 0, 0, 0, "7", "3", 0, "12", 0, 0, 0, 0, 0, "13", 0, 0, "1", "1", "13", "8", "1", 0, 0, 0, "0", 0, 0, "0", 0, 0, 0], "FL": [0, 0, "0", 0, 0, 0, "3", 0, 0, 0, 0, 0, 0, "9", "9", 0, "16", 0, 0, 0, 0, 0, "9", 0, 0, "0", "3", "3", "6", "6", 0, 0, 0, "1", 0, 0, "2", 0, 0, 0], "F%": [0, 0, "100", 0, 0, 0, "70", 0, 0, 0, 0, 0, 0, "44", "25", 0, "43", 0, 0, 0, 0, 0, "59", 0, 0, "100", "25", "81", "57", "14", 0, 0, 0, "0", 0, 0, "0", 0, 0, 0], "team": ["NEW YORK ISLANDERS ", "NEW YORK ISLANDERS ", "NEW YORK ISLANDERS ", "NEW YORK ISLANDERS ", "NEW YORK ISLANDERS ", "NEW YORK ISLANDERS ", "NEW YORK ISLANDERS ", "NEW YORK ISLANDERS ", "NEW YORK ISLANDERS ", "NEW YORK ISLANDERS ", "NEW YORK ISLANDERS ", "NEW YORK ISLANDERS ", "NEW YORK ISLANDERS ", "NEW YORK ISLANDERS ", "NEW YORK ISLANDERS ", "NEW YORK ISLANDERS ", "NEW YORK ISLANDERS ", "NEW YORK ISLANDERS ", "NEW YORK ISLANDERS ", "NEW YORK ISLANDERS ", "TORONTO MAPLE LEAFS ", "TORONTO MAPLE LEAFS ", "TORONTO MAPLE LEAFS ", "TORONTO MAPLE LEAFS ", "TORONTO MAPLE LEAFS ", "TORONTO MAPLE LEAFS ", "TORONTO MAPLE LEAFS ", "TORONTO MAPLE LEAFS ", "TORONTO MAPLE LEAFS ", "TORONTO MAPLE LEAFS ", "TORONTO MAPLE LEAFS ", "TORONTO MAPLE LEAFS ", "TORONTO MAPLE LEAFS ", "TORONTO MAPLE LEAFS ", "TORONTO MAPLE LEAFS ", "TORONTO MAPLE LEAFS ", "TORONTO MAPLE LEAFS ", "TORONTO MAPLE LEAFS ", "TORONTO MAPLE LEAFS ", "TORONTO MAPLE LEAFS "], "GA": [0, 0, 0, 0, 0, 0, 0, 0, 0, 0, 0, 0, 0, 0, 0, 0, 0, 0, 0.0, "5", 0, 0, 0, 0, 0, 0, 0, 0, 0, 0, 0, 0, 0, 0, 0, 0, 0, 0, 0, "2"], "SA": [0, 0, 0, 0, 0, 0, 0, 0, 0, 0, 0, 0, 0, 0, 0, 0, 0, 0, 0.0, "24", 0, 0, 0, 0, 0, 0, 0, 0, 0, 0, 0, 0, 0, 0, 0, 0, 0, 0, 0, "37"]}}