{"game_info": {"date": "2013-12-10", "visitor": "PHOENIX COYOTES ", "home": "COLORADO AVALANCHE ", "game_id": 466, "status": "final"}, "player_stats": {"number": ["3", "4", "5", "6", "11", "12", "14", "17", "18", "23", "24", "26", "29", "34", "36", "50", "63", "89", "1", "41", "2", "4", "5", "6", "7", "9", "11", "15", "16", "24", "25", "26", "29", "55", "58", "61", "90", "92", "1", "35"], "position": ["D", "D", "D", "D", "C", "L", "C", "R", "R", "D", "C", "D", "R", "L", "C", "C", "C", "L", "G", "G", "D", "D", "D", "D", "C", "C", "L", "R", "D", "R", "C", "C", "C", "L", "L", "D", "C", "L", "G", "G"], "name": ["YANDLE, KEITH", "MICHALEK, ZBYNEK", "MURPHY, CONNOR", "SCHLEMKO, DAVID", "HANZAL, MARTIN", "BISSONNETTE, PAUL", "HALPERN, JEFF", "VRBATA, RADIM", "MOSS, DAVID", "EKMAN-LARSSON, OLIVER", "CHIPCHURA, KYLE", "STONE, MICHAEL", "SZWARZ, JORDAN", "KENNEDY, TIM", "KLINKHAMMER, ROB", "VERMETTE, ANTOINE", "RIBEIRO, MIKE", "BOEDKER, MIKKEL", "GREISS, THOMAS", "SMITH, MIKE", "HOLDEN, NICK", "BARRIE, TYSON", "GUENIN, NATE", "JOHNSON, ERIK", "MITCHELL, JOHN", "DUCHENE, MATT", "MCGINN, JAMIE", "PARENTEAU, PA", "SARICH, CORY", "CLICHE, MARC-ANDRE", "TALBOT, MAXIME", "STASTNY, PAUL", "MACKINNON, NATHAN", "MCLEOD, CODY", "BORDELEAU, PATRICK", "BENOIT, ANDRE", "O'REILLY, RYAN", "LANDESKOG, GABRIEL", "VARLAMOV, SEMYON", "GIGUERE, JEAN-SEBASTIEN"], "G": [0, 0, 0, 0, 0, 0, 0, 0, 0, 0, 0, 0, "1", 0, 0, "2", 0, 0, 0, 0, 0, 0, 0, 0, 0, 0, 0, 0, 0, 0, 0, 0, 0, 0, "1", 0, 0, 0, 0, 0], "A": ["1", 0, 0, 0, 0, "1", "1", 0, 0, "1", 0, 0, 0, 0, 0, 0, "1", "1", 0, 0, 0, 0, 0, 0, 0, 0, 0, 0, "1", 0, 0, 0, 0, "1", 0, 0, 0, 0, 0, 0], "P": ["1", 0, 0, 0, 0, "1", "1", 0, 0, "1", 0, 0, "1", 0, 0, "2", "1", "1", 0, 0, 0, 0, 0, 0, 0, 0, 0, 0, "1", 0, 0, 0, 0, "1", "1", 0, 0, 0, 0, 0], "+/-": [0, "+1", 0, 0, 0, "+1", 0, 0, 0, "+1", "+1", 0, 0, 0, 0, "+1", "-1", "+1", 0, 0, "-1", 0, 0, 0, "-2", 0, 0, 0, 0, 0, "-1", "-1", 0, "+1", 0, "-1", 0, 0, 0, 0], "PN": [0, 0, 0, 0, 0, 0, 0, 0, 0, 0, 0, "1", 0, 0, 0, "1", 0, 0, 0, 0, "1", 0, 0, 0, 0, "1", 0, 0, 0, 0, 0, 0, 0, 0, 0, 0, 0, 0, 0, 0], "PIM": [0, 0, 0, 0, 0, 0, 0, 0, 0, 0, 0, "2", 0, 0, 0, "2", 0, 0, 0, 0, "2", 0, 0, 0, 0, "2", 0, 0, 0, 0, 0, 0, 0, 0, 0, 0, 0, 0, 0, 0], "TOT": ["26:43", "17:32", "26:50", "14:28", "20:15", "03:53", "10:28", "16:53", "15:49", "20:54", "17:25", "13:43", "10:52", "15:16", "16:37", "16:09", "15:26", "16:47", "60:00", 0, "15:36", "19:19", "17:05", "27:31", "18:26", "19:06", "13:31", "17:49", "17:38", "07:13", "15:58", "16:36", "18:45", "05:56", "05:41", "20:23", "20:37", "21:14", "58:54", 0], "SHF": ["28", "23", "28", "20", "24", "8", "16", "21", "23", "25", "23", "23", "14", "21", "20", "22", "21", "22", 0, 0, "19", "23", "23", "28", "19", "19", "19", "19", "20", "10", "16", "19", "19", "8", "8", "24", "21", "19", 0, 0], "AVG TOI/SH": ["00:57", "00:45", "00:57", "00:43", "00:50", "00:29", "00:39", "00:48", "00:41", "00:50", "00:45", "00:35", "00:46", "00:43", "00:49", "00:44", "00:44", "00:45", 0, 0, "00:49", "00:50", "00:44", "00:58", "00:58", "01:00", "00:42", "00:56", "00:52", "00:43", "00:59", "00:52", "00:59", "00:44", "00:42", "00:50", "00:58", "01:07", 0, 0], "PP": ["02:36", "00:00", "00:00", "00:29", "00:56", "00:00", "00:00", "00:56", "01:46", "02:13", "00:00", "00:06", "00:00", "00:00", "00:00", "01:46", "01:38", "01:04", "02:42", 0, "00:20", "02:13", "00:00", "01:47", "02:33", "02:33", "00:00", "02:28", "00:00", "00:00", "00:00", "01:27", "01:27", "00:00", "00:00", "01:12", "01:27", "02:33", "04:00", 0], "SH": ["00:00", "01:16", "02:44", "02:35", "01:39", "00:00", "01:51", "00:00", "01:27", "01:25", "00:00", "00:00", "01:51", "00:00", "00:42", "00:30", "00:00", "00:00", "04:00", 0, "00:31", "00:31", "01:15", "01:15", "00:33", "00:00", "00:53", "00:00", "00:56", "01:47", "00:56", "00:26", "00:00", "00:00", "00:00", "00:56", "00:49", "00:00", "02:42", 0], "EV": ["24:07", "16:16", "24:06", "11:24", "17:40", "03:53", "08:37", "15:57", "12:36", "17:16", "17:25", "13:37", "09:01", "15:16", "15:55", "13:53", "13:48", "15:43", "53:18", 0, "14:45", "16:35", "15:50", "24:29", "15:20", "16:33", "12:38", "15:21", "16:42", "05:26", "15:02", "14:43", "17:18", "05:56", "05:41", "18:15", "18:21", "18:41", "52:12", 0], "S": ["3", "1", "2", "1", "3", 0, "2", "1", "1", "3", 0, 0, "1", "1", 0, "4", 0, "2", 0, 0, 0, "1", 0, "2", "2", "1", "2", "2", "1", 0, "3", "1", "5", 0, "1", "3", "4", "2", 0, 0], "A/B": ["3", "1", 0, "2", "1", 0, 0, "1", "1", 0, 0, "2", 0, "2", "1", 0, 0, 0, 0, 0, 0, 0, 0, "2", 0, "1", 0, 0, 0, 0, 0, 0, "2", 0, 0, 0, "2", 0, 0, 0], "MS": [0, 0, "1", 0, "2", 0, 0, "3", "2", 0, 0, "1", 0, 0, "3", 0, 0, 0, 0, 0, "1", 0, "1", 0, "1", "1", "1", 0, "2", 0, 0, "1", "1", 0, 0, "1", "1", 0, 0, 0], "HT": ["1", "2", "3", 0, "4", "1", "1", "2", "2", "2", 0, "1", 0, "1", "1", "1", "1", "1", 0, 0, "2", 0, "3", "3", 0, "2", "2", "1", "1", 0, "1", "1", "1", 0, "2", "1", 0, "4", 0, 0], "GV": [0, 0, 0, 0, 0, 0, 0, "1", 0, 0, 0, 0, 0, 0, 0, 0, "1", 0, 0, 0, "1", 0, 0, "2", "1", "1", 0, 0, 0, 0, 0, 0, 0, 0, 0, 0, "1", 0, 0, 0], "TK": [0, 0, "1", 0, "1", 0, 0, 0, "1", 0, 0, "2", "1", "1", "1", 0, "1", "2", 0, 0, 0, "1", 0, 0, 0, 0, "1", "1", "1", 0, 0, 0, "1", 0, 0, "1", 0, 0, 0, 0], "BS": [0, "1", "1", 0, "1", 0, 0, 0, 0, "2", 0, 0, "1", "1", 0, 0, 0, 0, 0, 0, "2", 0, 0, "2", 0, "1", "1", 0, 0, 0, 0, "1", "2", 0, 0, "4", 0, "1", 0, 0], "FW": [0, 0, 0, 0, "9", 0, "4", 0, "0", 0, 0, 0, 0, 0, 0, "12", "2", 0, 0, 0, 0, 0, 0, 0, "2", "3", 0, "0", 0, "0", "0", "5", "3", 0, 0, 0, "6", 0, 0, 0], "FL": [0, 0, 0, 0, "3", 0, "3", 0, "2", 0, 0, 0, 0, 0, 0, "7", "4", 0, 0, 0, 0, 0, 0, 0, "2", "5", 0, "1", 0, "6", "1", "5", "5", 0, 0, 0, "2", 0, 0, 0], "F%": [0, 0, 0, 0, "75", 0, "57", 0, "0", 0, 0, 0, 0, 0, 0, "63", "33", 0, 0, 0, 0, 0, 0, 0, "50", "38", 0, "0", 0, "0", "0", "50", "38", 0, 0, 0, "75", 0, 0, 0], "team": ["PHOENIX COYOTES ", "PHOENIX COYOTES ", "PHOENIX COYOTES ", "PHOENIX COYOTES ", "PHOENIX COYOTES ", "PHOENIX COYOTES ", "PHOENIX COYOTES ", "PHOENIX COYOTES ", "PHOENIX COYOTES ", "PHOENIX COYOTES ", "PHOENIX COYOTES ", "PHOENIX COYOTES ", "PHOENIX COYOTES ", "PHOENIX COYOTES ", "PHOENIX COYOTES ", "PHOENIX COYOTES ", "PHOENIX COYOTES ", "PHOENIX COYOTES ", "PHOENIX COYOTES ", "PHOENIX COYOTES ", "COLORADO AVALANCHE ", "COLORADO AVALANCHE ", "COLORADO AVALANCHE ", "COLORADO AVALANCHE ", "COLORADO AVALANCHE ", "COLORADO AVALANCHE ", "COLORADO AVALANCHE ", "COLORADO AVALANCHE ", "COLORADO AVALANCHE ", "COLORADO AVALANCHE ", "COLORADO AVALANCHE ", "COLORADO AVALANCHE ", "COLORADO AVALANCHE ", "COLORADO AVALANCHE ", "COLORADO AVALANCHE ", "COLORADO AVALANCHE ", "COLORADO AVALANCHE ", "COLORADO AVALANCHE ", "COLORADO AVALANCHE ", "COLORADO AVALANCHE "], "GA": [0, 0, 0, 0, 0, 0, 0, 0, 0, 0, 0, 0, 0, 0, 0, 0, 0, 0, "1", 0, 0, 0, 0, 0, 0, 0, 0, 0, 0, 0, 0, 0, 0, 0, 0, 0, 0, 0, "3", 0], "SA": [0, 0, 0, 0, 0, 0, 0, 0, 0, 0, 0, 0, 0, 0, 0, 0, 0, 0, "30", 0, 0, 0, 0, 0, 0, 0, 0, 0, 0, 0, 0, 0, 0, 0, 0, 0, 0, 0, "25", 0]}}