{"game_info": {"date": "2013-12-21", "visitor": "PHOENIX COYOTES ", "home": "OTTAWA SENATORS ", "game_id": 539, "status": "final"}, "player_stats": {"number": ["3", "5", "8", "11", "16", "17", "18", "23", "24", "26", "28", "29", "34", "36", "50", "53", "63", "89", "1", "41", "2", "3", "4", "5", "6", "7", "9", "14", "15", "16", "19", "22", "25", "28", "44", "62", "65", "89", "40", "41"], "position": ["D", "D", "C", "C", "D", "R", "R", "D", "C", "D", "L", "R", "L", "C", "C", "D", "C", "L", "G", "G", "D", "D", "D", "D", "R", "C", "L", "C", "C", "L", "C", "R", "R", "L", "C", "D", "D", "C", "G", "G"], "name": ["YANDLE, KEITH", "MURPHY, CONNOR", "BRULE, GILBERT", "HANZAL, MARTIN", "KLESLA, ROSTISLAV", "VRBATA, RADIM", "MOSS, DAVID", "EKMAN-LARSSON, OLIVER", "CHIPCHURA, KYLE", "STONE, MICHAEL", "KORPIKOSKI, LAURI", "SZWARZ, JORDAN", "KENNEDY, TIM", "KLINKHAMMER, ROB", "VERMETTE, ANTOINE", "MORRIS, DEREK", "RIBEIRO, MIKE", "BOEDKER, MIKKEL", "GREISS, THOMAS", "SMITH, MIKE", "COWEN, JARED", "METHOT, MARC", "PHILLIPS, CHRIS", "CECI, CODY", "RYAN, BOBBY", "TURRIS, KYLE", "MICHALEK, MILAN", "GREENING, COLIN", "SMITH, ZACK", "MACARTHUR, CLARKE", "SPEZZA, JASON", "CONDRA, ERIK", "NEIL, CHRIS", "KASSIAN, MATT", "PAGEAU, JEAN-GABRIEL", "GRYBA, ERIC", "KARLSSON, ERIK", "CONACHER, CORY", "LEHNER, ROBIN", "ANDERSON, CRAIG"], "G": [0, 0, 0, 0, 0, "1", 0, 0, 0, 0, 0, 0, 0, 0, "3", 0, 0, 0, 0, 0, 0, "1", 0, 0, 0, "1", 0, 0, "1", 0, 0, 0, 0, 0, 0, 0, 0, 0, 0, 0], "A": [0, 0, 0, "1", 0, 0, "1", 0, 0, 0, "1", 0, 0, 0, 0, "1", 0, "2", 0, 0, 0, "1", 0, 0, "1", 0, "1", 0, 0, 0, 0, 0, 0, 0, 0, "1", 0, 0, 0, 0], "P": [0, 0, 0, "1", 0, "1", "1", 0, 0, 0, "1", 0, 0, 0, "3", "1", 0, "2", 0, 0, 0, "2", 0, 0, "1", "1", "1", 0, "1", 0, 0, 0, 0, 0, 0, "1", 0, 0, 0, 0], "+/-": ["-1", 0, "-1", 0, 0, 0, 0, 0, "-1", 0, "+1", 0, 0, 0, "+1", "+1", "-1", "+1", 0, 0, "-1", "+1", 0, 0, "-1", 0, 0, 0, "+1", 0, 0, 0, 0, 0, 0, "+1", "-1", 0, 0, 0], "PN": ["1", "1", 0, "2", 0, 0, 0, "2", 0, "1", 0, 0, 0, 0, 0, "1", "2", 0, 0, "1", 0, 0, 0, 0, 0, 0, "1", "2", "1", "1", 0, "1", "2", 0, "1", "1", 0, 0, 0, 0], "PIM": ["2", "2", 0, "4", 0, 0, 0, "4", 0, "2", 0, 0, 0, 0, 0, "2", "4", 0, 0, "2", 0, 0, 0, 0, 0, 0, "2", "4", "2", "2", 0, "2", "4", 0, "2", "2", 0, 0, 0, 0], "TOT": ["26:48", "19:22", "08:54", "20:06", "14:55", "18:47", "18:14", "26:56", "07:02", "12:21", "12:46", "06:29", "10:22", "07:46", "22:20", "24:54", "20:26", "16:26", 0, "62:23", "20:16", "25:40", "14:34", "18:38", "15:17", "18:44", "18:23", "15:45", "16:54", "18:41", "19:27", "10:28", "13:44", "04:15", "09:37", "20:37", "25:33", "11:16", 0, "62:22"], "SHF": ["28", "29", "11", "29", "23", "26", "29", "33", "11", "19", "19", "12", "15", "11", "37", "31", "22", "23", 0, 0, "26", "32", "22", "24", "20", "25", "29", "23", "24", "24", "28", "16", "20", "7", "17", "27", "25", "17", 0, 0], "AVG TOI/SH": ["00:57", "00:40", "00:48", "00:41", "00:38", "00:43", "00:37", "00:48", "00:38", "00:39", "00:40", "00:32", "00:41", "00:42", "00:36", "00:48", "00:55", "00:42", 0, 0, "00:46", "00:48", "00:39", "00:46", "00:45", "00:44", "00:38", "00:41", "00:42", "00:46", "00:41", "00:39", "00:41", "00:36", "00:33", "00:45", "01:01", "00:39", 0, 0], "PP": ["08:08", "00:00", "00:27", "05:15", "00:16", "05:12", "03:05", "06:35", "00:19", "02:09", "00:07", "00:00", "00:00", "00:16", "03:14", "00:56", "06:06", "03:05", 0, "09:02", "00:03", "05:32", "00:46", "08:11", "06:11", "05:51", "04:26", "02:10", "01:12", "05:22", "05:03", "00:00", "02:26", "00:00", "00:00", "00:00", "09:20", "03:07", 0, "11:56"], "SH": ["00:03", "04:32", "00:00", "01:24", "07:01", "00:23", "05:16", "03:52", "00:00", "01:26", "05:04", "03:48", "00:00", "00:00", "07:57", "06:58", "00:00", "00:00", 0, "11:56", "03:42", "05:18", "03:37", "01:09", "00:00", "01:45", "02:28", "00:26", "00:26", "02:12", "03:26", "03:30", "00:00", "00:00", "03:51", "04:11", "00:07", "00:00", 0, "09:02"], "EV": ["18:37", "14:50", "08:27", "13:27", "07:38", "13:12", "09:53", "16:29", "06:43", "08:46", "07:35", "02:41", "10:22", "07:30", "11:09", "17:00", "14:20", "13:21", 0, "41:25", "16:31", "14:50", "10:11", "09:18", "09:06", "11:08", "11:29", "13:09", "15:16", "11:07", "10:58", "06:58", "11:18", "04:15", "05:46", "16:26", "16:06", "08:09", 0, "41:24"], "S": ["8", "1", 0, "2", "3", "4", "1", "3", 0, "1", "1", "1", 0, 0, "5", "5", "2", "1", 0, 0, "1", "4", "2", "1", "5", "2", "2", "1", "4", "2", "2", "2", "2", "1", 0, "2", "6", 0, 0, "1"], "A/B": ["2", 0, "1", "2", 0, 0, "2", "2", "1", "1", "1", "1", 0, 0, 0, 0, 0, "1", 0, 0, "1", "1", "1", "1", "2", "3", "1", 0, 0, 0, 0, 0, 0, 0, 0, 0, "3", 0, 0, 0], "MS": ["1", 0, 0, "1", "1", "1", 0, "1", "1", 0, "1", "1", 0, 0, "1", "2", 0, 0, 0, 0, 0, 0, 0, "1", "3", 0, 0, "2", 0, 0, "1", 0, "1", "1", "1", "1", "2", 0, 0, 0], "HT": [0, "1", "3", "4", "1", "1", "2", "6", 0, "3", "2", "1", "2", 0, "1", "4", "4", "4", 0, 0, "4", "1", "1", 0, "5", "2", "1", "2", "3", 0, 0, 0, "5", "2", "1", "4", "5", "1", 0, 0], "GV": ["1", "1", "1", "1", "1", "1", 0, 0, 0, 0, 0, 0, "1", "1", "1", "1", "1", 0, 0, 0, "2", "2", "1", "1", "1", 0, 0, "1", 0, "1", "1", 0, 0, 0, "1", 0, "1", "1", 0, "1"], "TK": [0, "1", 0, 0, 0, "2", "1", 0, "1", 0, 0, 0, "1", 0, "3", "1", 0, "1", 0, 0, 0, "1", "1", 0, 0, "1", "1", 0, "1", 0, "2", 0, "2", 0, 0, 0, 0, 0, 0, 0], "BS": ["2", "2", 0, 0, 0, "1", 0, "1", 0, 0, 0, "1", 0, 0, "3", "3", 0, 0, 0, 0, "2", 0, "3", "1", "1", 0, "1", "1", "2", 0, 0, 0, 0, 0, 0, "1", "2", 0, 0, 0], "FW": [0, 0, 0, "10", 0, "0", "0", 0, "2", 0, 0, 0, 0, 0, "16", 0, "5", 0, 0, 0, 0, 0, 0, 0, 0, "8", 0, "1", "8", "0", "12", 0, 0, 0, "1", 0, 0, 0, 0, 0], "FL": [0, 0, 0, "11", 0, "1", "1", 0, "1", 0, 0, 0, 0, 0, "11", 0, "5", 0, 0, 0, 0, 0, 0, 0, 0, "10", 0, "1", "4", "1", "11", 0, 0, 0, "6", 0, 0, 0, 0, 0], "F%": [0, 0, 0, "48", 0, "0", "0", 0, "67", 0, 0, 0, 0, 0, "59", 0, "50", 0, 0, 0, 0, 0, 0, 0, 0, "44", 0, "50", "67", "0", "52", 0, 0, 0, "14", 0, 0, 0, 0, 0], "team": ["PHOENIX COYOTES ", "PHOENIX COYOTES ", "PHOENIX COYOTES ", "PHOENIX COYOTES ", "PHOENIX COYOTES ", "PHOENIX COYOTES ", "PHOENIX COYOTES ", "PHOENIX COYOTES ", "PHOENIX COYOTES ", "PHOENIX COYOTES ", "PHOENIX COYOTES ", "PHOENIX COYOTES ", "PHOENIX COYOTES ", "PHOENIX COYOTES ", "PHOENIX COYOTES ", "PHOENIX COYOTES ", "PHOENIX COYOTES ", "PHOENIX COYOTES ", "PHOENIX COYOTES ", "PHOENIX COYOTES ", "OTTAWA SENATORS ", "OTTAWA SENATORS ", "OTTAWA SENATORS ", "OTTAWA SENATORS ", "OTTAWA SENATORS ", "OTTAWA SENATORS ", "OTTAWA SENATORS ", "OTTAWA SENATORS ", "OTTAWA SENATORS ", "OTTAWA SENATORS ", "OTTAWA SENATORS ", "OTTAWA SENATORS ", "OTTAWA SENATORS ", "OTTAWA SENATORS ", "OTTAWA SENATORS ", "OTTAWA SENATORS ", "OTTAWA SENATORS ", "OTTAWA SENATORS ", "OTTAWA SENATORS ", "OTTAWA SENATORS "], "GA": [0, 0, 0, 0, 0, 0, 0, 0, 0, 0, 0, 0, 0, 0, 0, 0, 0, 0, 0.0, "3", 0, 0, 0, 0, 0, 0, 0, 0, 0, 0, 0, 0, 0, 0, 0, 0, 0, 0, 0, "4"], "SA": [0, 0, 0, 0, 0, 0, 0, 0, 0, 0, 0, 0, 0, 0, 0, 0, 0, 0, 0.0, "40", 0, 0, 0, 0, 0, 0, 0, 0, 0, 0, 0, 0, 0, 0, 0, 0, 0, 0, 0, "38"]}}