{"game_info": {"date": "2013-11-21", "visitor": "COLORADO AVALANCHE ", "home": "PHOENIX COYOTES ", "game_id": 332, "status": "final"}, "player_stats": {"number": ["4", "5", "6", "7", "8", "11", "15", "16", "24", "25", "26", "29", "42", "55", "58", "61", "90", "92", "1", "35", "2", "3", "11", "12", "14", "16", "17", "18", "19", "23", "24", "26", "34", "36", "50", "53", "63", "89", "1", "41"], "position": ["D", "D", "D", "C", "D", "L", "R", "D", "R", "C", "C", "C", "C", "L", "L", "D", "C", "L", "G", "G", "D", "D", "C", "L", "C", "D", "R", "R", "R", "D", "C", "D", "L", "C", "C", "D", "C", "L", "G", "G"], "name": ["BARRIE, TYSON", "GUENIN, NATE", "JOHNSON, ERIK", "MITCHELL, JOHN", "HEJDA, JAN", "MCGINN, JAMIE", "PARENTEAU, PA", "SARICH, CORY", "CLICHE, MARC-ANDRE", "TALBOT, MAXIME", "STASTNY, PAUL", "MACKINNON, NATHAN", "MALONE, BRAD", "MCLEOD, CODY", "BORDELEAU, PATRICK", "BENOIT, ANDRE", "O'REILLY, RYAN", "LANDESKOG, GABRIEL", "VARLAMOV, SEMYON", "GIGUERE, JEAN-SEBASTIEN", "RUNDBLAD, DAVID", "YANDLE, KEITH", "HANZAL, MARTIN", "BISSONNETTE, PAUL", "HALPERN, JEFF", "KLESLA, ROSTISLAV", "VRBATA, RADIM", "MOSS, DAVID", "DOAN, SHANE", "EKMAN-LARSSON, OLIVER", "CHIPCHURA, KYLE", "STONE, MICHAEL", "KENNEDY, TIM", "KLINKHAMMER, ROB", "VERMETTE, ANTOINE", "MORRIS, DEREK", "RIBEIRO, MIKE", "BOEDKER, MIKKEL", "GREISS, THOMAS", "SMITH, MIKE"], "G": [0, 0, 0, "1", 0, 0, 0, 0, 0, 0, 0, 0, 0, "1", 0, "1", "1", 0, 0, 0, 0, 0, "1", 0, 0, 0, 0, 0, 0, 0, 0, "1", 0, 0, "1", 0, 0, 0, 0, 0], "A": [0, 0, 0, "1", 0, 0, "2", 0, 0, 0, 0, "1", 0, 0, 0, "2", 0, 0, 0, 0, 0, "1", 0, "1", 0, "1", 0, 0, "1", 0, "1", 0, "1", 0, 0, 0, 0, 0, 0, 0], "P": [0, 0, 0, "2", 0, 0, "2", 0, 0, 0, 0, "1", 0, "1", 0, "3", "1", 0, 0, 0, 0, "1", "1", "1", 0, "1", 0, 0, "1", 0, "1", "1", "1", 0, "1", 0, 0, 0, 0, 0], "+/-": ["+1", 0, "-1", "+1", "-1", "-1", "-1", 0, 0, "+1", "-1", 0, 0, "+1", 0, "+1", 0, 0, 0, 0, 0, 0, "+1", "+1", "+1", 0, "+1", "-1", "-1", 0, "+1", 0, "+1", "-1", "-1", 0, "-1", "-1", 0, 0], "PN": [0, 0, 0, 0, "1", 0, 0, "1", 0, 0, 0, 0, 0, 0, 0, "1", 0, 0, 0, 0, 0, "1", "1", 0, 0, 0, 0, 0, 0, 0, 0, "1", 0, 0, "1", 0, "1", 0, 0, 0], "PIM": [0, 0, 0, 0, "2", 0, 0, "2", 0, 0, 0, 0, 0, 0, 0, "2", 0, 0, 0, 0, 0, "2", "2", 0, 0, 0, 0, 0, 0, 0, 0, "2", 0, 0, "2", 0, "2", 0, 0, 0], "TOT": ["20:29", "19:29", "26:24", "17:30", "24:49", "19:45", "19:20", "14:06", "08:29", "14:34", "21:56", "17:49", "05:50", "14:30", "05:23", "18:37", "22:30", "19:45", "64:18", 0, "14:48", "25:05", "21:08", "05:31", "08:34", "16:32", "20:07", "15:49", "17:56", "25:34", "08:10", "21:51", "13:12", "14:07", "20:33", "24:46", "19:47", "16:42", 0, "64:18"], "SHF": ["28", "29", "34", "22", "36", "26", "25", "23", "14", "23", "28", "22", "8", "23", "9", "30", "29", "25", 0, 0, "21", "30", "25", "10", "18", "25", "24", "22", "20", "32", "14", "30", "15", "19", "27", "32", "21", "23", 0, 0], "AVG TOI/SH": ["00:43", "00:40", "00:46", "00:47", "00:41", "00:45", "00:46", "00:36", "00:36", "00:38", "00:47", "00:48", "00:43", "00:37", "00:35", "00:37", "00:46", "00:47", 0, 0, "00:42", "00:50", "00:50", "00:33", "00:28", "00:39", "00:50", "00:43", "00:53", "00:47", "00:35", "00:43", "00:52", "00:44", "00:45", "00:46", "00:56", "00:43", 0, 0], "PP": ["02:34", "00:00", "02:44", "02:22", "00:00", "02:53", "04:04", "00:00", "00:00", "00:00", "03:58", "02:22", "00:00", "00:00", "00:00", "03:45", "04:57", "02:56", "07:00", 0, "01:22", "04:31", "02:49", "00:00", "00:00", "00:00", "02:49", "00:00", "03:08", "04:35", "00:00", "01:26", "00:04", "00:00", "03:08", "00:00", "04:02", "01:51", 0, "05:57"], "SH": ["00:00", "04:06", "00:24", "02:16", "03:18", "00:56", "00:00", "01:53", "02:45", "02:14", "00:56", "00:00", "00:00", "02:09", "00:00", "02:13", "00:38", "00:00", "05:57", 0, "00:00", "00:00", "01:51", "00:00", "03:08", "02:37", "00:47", "02:06", "00:00", "04:23", "00:00", "03:59", "00:00", "00:00", "02:58", "03:01", "00:00", "00:45", 0, "07:00"], "EV": ["17:55", "15:23", "23:16", "12:52", "21:31", "15:56", "15:16", "12:13", "05:44", "12:20", "17:02", "15:27", "05:50", "12:21", "05:23", "12:39", "16:55", "16:49", "51:21", 0, "13:26", "20:34", "16:28", "05:31", "05:26", "13:55", "16:31", "13:43", "14:48", "16:36", "08:10", "16:26", "13:08", "14:07", "14:27", "21:45", "15:45", "14:06", 0, "51:21"], "S": ["2", "1", "3", "4", "2", 0, "1", 0, 0, 0, "2", "3", "1", "1", 0, "2", "3", "5", 0, 0, "2", "2", "6", 0, 0, "3", "5", "2", "3", "2", "2", "5", "5", 0, "2", "3", "1", "1", 0, 0], "A/B": ["1", "1", 0, 0, "1", "1", 0, "1", 0, 0, 0, "3", 0, "1", 0, "3", 0, "3", 0, 0, "1", "3", 0, 0, "1", 0, "1", "1", "1", "3", "1", 0, 0, 0, 0, "1", 0, "1", 0, 0], "MS": [0, 0, 0, "1", 0, "1", "2", 0, 0, 0, 0, "2", 0, 0, 0, 0, 0, 0, 0, 0, "1", "2", "1", 0, 0, "1", "2", "2", "4", 0, 0, "1", 0, "1", 0, "3", 0, "2", 0, 0], "HT": ["2", "3", "1", "2", "4", "4", 0, "3", 0, 0, 0, 0, "3", 0, "3", 0, "2", "1", 0, 0, "2", 0, "4", "1", "1", "1", "1", "1", "1", "4", "1", "3", "2", "4", "2", "3", 0, "1", 0, 0], "GV": [0, 0, 0, 0, 0, 0, 0, 0, 0, 0, 0, 0, 0, 0, 0, 0, 0, "1", 0, 0, 0, "2", 0, 0, 0, 0, 0, "1", 0, 0, 0, 0, "1", 0, 0, "1", 0, "1", 0, 0], "TK": [0, 0, 0, "1", 0, 0, "1", 0, 0, 0, 0, 0, 0, 0, 0, 0, "1", 0, 0, 0, 0, 0, "1", 0, "2", "1", 0, 0, "1", 0, "1", 0, 0, 0, 0, "1", 0, 0, 0, 0], "BS": ["1", "4", "2", 0, 0, 0, 0, "1", "1", 0, "2", 0, 0, 0, 0, "3", 0, 0, 0, 0, 0, "3", 0, 0, 0, "2", 0, 0, 0, "1", 0, "2", "2", 0, "1", "3", 0, "1", 0, 0], "FW": [0, 0, 0, "5", 0, 0, "0", 0, "6", "0", "8", "8", 0, 0, 0, 0, "2", 0, 0, 0, 0, 0, "12", 0, "4", 0, "1", "0", 0, 0, "0", 0, 0, 0, "16", 0, "5", 0, 0, 0], "FL": [0, 0, 0, "8", 0, 0, "1", 0, "2", "3", "14", "7", 0, 0, 0, 0, "3", 0, 0, 0, 0, 0, "8", 0, "3", 0, "1", "1", 0, 0, "1", 0, 0, 0, "6", 0, "9", 0, 0, 0], "F%": [0, 0, 0, "38", 0, 0, "0", 0, "75", "0", "36", "53", 0, 0, 0, 0, "40", 0, 0, 0, 0, 0, "60", 0, "57", 0, "50", "0", 0, 0, "0", 0, 0, 0, "73", 0, "36", 0, 0, 0], "team": ["COLORADO AVALANCHE ", "COLORADO AVALANCHE ", "COLORADO AVALANCHE ", "COLORADO AVALANCHE ", "COLORADO AVALANCHE ", "COLORADO AVALANCHE ", "COLORADO AVALANCHE ", "COLORADO AVALANCHE ", "COLORADO AVALANCHE ", "COLORADO AVALANCHE ", "COLORADO AVALANCHE ", "COLORADO AVALANCHE ", "COLORADO AVALANCHE ", "COLORADO AVALANCHE ", "COLORADO AVALANCHE ", "COLORADO AVALANCHE ", "COLORADO AVALANCHE ", "COLORADO AVALANCHE ", "COLORADO AVALANCHE ", "COLORADO AVALANCHE ", "PHOENIX COYOTES ", "PHOENIX COYOTES ", "PHOENIX COYOTES ", "PHOENIX COYOTES ", "PHOENIX COYOTES ", "PHOENIX COYOTES ", "PHOENIX COYOTES ", "PHOENIX COYOTES ", "PHOENIX COYOTES ", "PHOENIX COYOTES ", "PHOENIX COYOTES ", "PHOENIX COYOTES ", "PHOENIX COYOTES ", "PHOENIX COYOTES ", "PHOENIX COYOTES ", "PHOENIX COYOTES ", "PHOENIX COYOTES ", "PHOENIX COYOTES ", "PHOENIX COYOTES ", "PHOENIX COYOTES "], "GA": [0, 0, 0, 0, 0, 0, 0, 0, 0, 0, 0, 0, 0, 0, 0, 0, 0, 0, "3", 0, 0, 0, 0, 0, 0, 0, 0, 0, 0, 0, 0, 0, 0, 0, 0, 0, 0, 0, 0, "4"], "SA": [0, 0, 0, 0, 0, 0, 0, 0, 0, 0, 0, 0, 0, 0, 0, 0, 0, 0, "44", 0, 0, 0, 0, 0, 0, 0, 0, 0, 0, 0, 0, 0, 0, 0, 0, 0, 0, 0, 0, "30"]}}