{"game_info": {"date": "2014-01-16", "visitor": "NEW YORK ISLANDERS ", "home": "TAMPA BAY LIGHTNING ", "game_id": 713, "status": "final"}, "player_stats": {"number": ["4", "12", "13", "14", "15", "16", "17", "21", "26", "29", "37", "40", "44", "46", "47", "51", "53", "91", "45", "60", "2", "6", "7", "8", "9", "12", "16", "17", "18", "22", "23", "25", "26", "44", "51", "71", "77", "86", "30", "39"], "position": ["D", "C", "R", "D", "R", "C", "L", "R", "L", "C", "D", "R", "D", "D", "D", "C", "C", "C", "G", "G", "D", "D", "D", "D", "C", "L", "R", "C", "L", "D", "R", "D", "R", "C", "C", "R", "D", "R", "G", "G"], "name": ["MARTINEK, RADEK", "BAILEY, JOSH", "MCDONALD, COLIN", "HICKEY, THOMAS", "CLUTTERBUCK, CAL", "REGIN, PETER", "MARTIN, MATT", "OKPOSO, KYLE", "VANEK, THOMAS", "NELSON, BROCK", "STRAIT, BRIAN", "GRABNER, MICHAEL", "DE HAAN, CALVIN", "DONOVAN, MATT", "MACDONALD, ANDREW", "NIELSEN, FRANS", "CIZIKAS, CASEY", "TAVARES, JOHN", "NILSSON, ANDERS", "POULIN, KEVIN", "BREWER, ERIC", "SALO, SAMI", "GUDAS, RADKO", "BARBERIO, MARK", "JOHNSON, TYLER", "MALONE, RYAN", "PURCELL, TEDDY", "KILLORN, ALEX", "PALAT, ONDREJ", "COTE, JEAN-PHILIPPE", "BROWN, J.T.", "CARLE, MATTHEW", "ST. LOUIS, MARTIN", "THOMPSON, NATE", "FILPPULA, VALTTERI", "PANIK, RICHARD", "HEDMAN, VICTOR", "KUCHEROV, NIKITA", "BISHOP, BEN", "LINDBACK, ANDERS"], "G": [0, 0, 0, 0, 0, 0, 0, 0, "1", 0, 0, 0, 0, 0, 0, 0, 0, 0, 0, 0, 0, 0, 0, 0, 0, 0, 0, 0, 0, 0, 0, 0, "1", 0, 0, 0, 0, 0, 0, 0], "A": [0, 0, 0, 0, 0, 0, 0, 0, 0, 0, 0, 0, 0, 0, 0, "1", 0, "1", 0, 0, 0, 0, 0, 0, "1", 0, 0, 0, 0, 0, 0, 0, 0, 0, "1", 0, 0, 0, 0, 0], "P": [0, 0, 0, 0, 0, 0, 0, 0, "1", 0, 0, 0, 0, 0, 0, "1", 0, "1", 0, 0, 0, 0, 0, 0, "1", 0, 0, 0, 0, 0, 0, 0, "1", 0, "1", 0, 0, 0, 0, 0], "+/-": [0, 0, 0, 0, 0, 0, 0, 0, 0, 0, 0, 0, 0, 0, 0, 0, 0, 0, 0, 0, 0, 0, 0, 0, 0, 0, 0, 0, 0, 0, 0, 0, 0, 0, 0, 0, 0, 0, 0, 0], "PN": [0, 0, "1", 0, 0, 0, 0, "1", 0, 0, "1", 0, 0, 0, "1", 0, 0, 0, 0, 0, "1", 0, 0, 0, 0, 0, "1", 0, "1", 0, 0, 0, 0, 0, 0, 0, "2", 0, 0, 0], "PIM": [0, 0, "5", 0, 0, 0, 0, "2", 0, 0, "2", 0, 0, 0, "2", 0, 0, 0, 0, 0, "5", 0, 0, 0, 0, 0, "2", 0, "2", 0, 0, 0, 0, 0, 0, 0, "4", 0, 0, 0], "TOT": ["15:37", "16:28", "10:59", "18:05", "13:22", "13:27", "11:18", "20:29", "20:41", "12:54", "22:46", "14:37", "22:25", "21:15", "27:12", "18:03", "15:12", "20:53", 0, "64:35", "17:45", "17:45", "21:07", "13:43", "21:28", "11:30", "16:20", "18:05", "20:32", "09:52", "13:21", "22:41", "24:23", "16:14", "20:28", "10:54", "24:43", "13:07", "64:57", 0], "SHF": ["20", "23", "16", "24", "22", "17", "17", "24", "22", "20", "30", "20", "30", "26", "33", "24", "20", "23", 0, 0, "23", "28", "24", "19", "28", "16", "20", "22", "26", "15", "21", "30", "30", "29", "25", "16", "31", "19", 0, 0], "AVG TOI/SH": ["00:46", "00:42", "00:41", "00:45", "00:36", "00:47", "00:39", "00:51", "00:56", "00:38", "00:45", "00:43", "00:44", "00:49", "00:49", "00:45", "00:45", "00:54", 0, 0, "00:46", "00:38", "00:52", "00:43", "00:46", "00:43", "00:49", "00:49", "00:47", "00:39", "00:38", "00:45", "00:48", "00:33", "00:49", "00:40", "00:47", "00:41", 0, 0], "PP": ["00:07", "00:56", "00:00", "00:14", "00:56", "00:00", "00:00", "03:37", "03:37", "01:10", "00:00", "00:00", "01:35", "01:28", "03:33", "02:51", "00:00", "03:51", 0, "04:47", "00:00", "00:58", "00:00", "00:00", "02:26", "00:00", "01:52", "00:50", "01:32", "00:00", "00:00", "00:58", "02:34", "00:00", "02:34", "00:00", "02:26", "00:50", "03:24", 0], "SH": ["00:00", "00:00", "00:00", "02:18", "01:30", "00:00", "00:00", "00:00", "00:10", "00:00", "01:58", "01:44", "00:44", "00:00", "01:48", "00:30", "02:44", "00:10", 0, "03:24", "01:41", "02:26", "01:50", "00:10", "02:13", "00:00", "00:00", "00:02", "01:19", "00:21", "01:51", "02:23", "01:27", "02:32", "00:10", "00:00", "00:43", "00:00", "04:47", 0], "EV": ["15:30", "15:32", "10:59", "15:33", "10:56", "13:27", "11:18", "16:52", "16:54", "11:44", "20:48", "12:53", "20:06", "19:47", "21:51", "14:42", "12:28", "16:52", 0, "56:24", "16:04", "14:21", "19:17", "13:33", "16:49", "11:30", "14:28", "17:13", "17:41", "09:31", "11:30", "19:20", "20:22", "13:42", "17:44", "10:54", "21:34", "12:17", "56:46", 0], "S": ["2", 0, "1", "2", "3", 0, "2", "2", "3", "2", "2", 0, "1", "5", 0, "2", "1", "2", 0, 0, "3", 0, "1", "1", "2", "1", 0, "2", 0, 0, "2", "4", "1", "1", "2", "2", "6", "2", 0, 0], "A/B": ["3", "1", 0, "2", 0, "1", 0, "2", "1", 0, "1", 0, "1", 0, "2", 0, 0, "1", 0, 0, "1", "1", "2", "2", 0, 0, 0, "1", "3", 0, 0, 0, 0, 0, 0, 0, "1", "1", 0, 0], "MS": ["1", "1", "1", 0, 0, "1", "1", "1", 0, 0, 0, 0, "1", 0, "2", "1", 0, "2", 0, 0, 0, 0, "1", 0, "1", 0, "2", "1", "1", 0, "2", 0, "2", 0, 0, 0, "1", "3", 0, 0], "HT": ["1", "2", "4", 0, "6", 0, "3", 0, 0, 0, "3", 0, 0, 0, 0, "1", 0, "1", 0, 0, "1", "3", "4", "1", 0, "2", 0, "1", "1", "1", 0, "1", 0, "1", "1", "2", "2", 0, 0, 0], "GV": [0, 0, 0, "1", 0, 0, 0, 0, 0, 0, 0, "1", 0, 0, 0, "1", 0, "1", 0, 0, 0, 0, "1", 0, 0, "2", 0, 0, 0, 0, 0, 0, 0, 0, 0, 0, "1", 0, "1", 0], "TK": ["1", 0, 0, 0, 0, 0, "1", 0, 0, 0, "1", 0, 0, 0, "1", 0, "2", 0, 0, 0, 0, "1", 0, "1", 0, 0, 0, 0, "1", 0, 0, "1", "2", "1", "1", "2", 0, 0, 0, 0], "BS": [0, 0, 0, "1", "1", 0, 0, "2", "1", "1", "1", "1", "1", "1", "1", "1", 0, 0, 0, 0, 0, "2", "2", 0, 0, 0, 0, "1", "1", "2", "2", "2", 0, "2", 0, 0, "1", 0, 0, 0], "FW": [0, "0", 0, 0, 0, 0, 0, "1", 0, "7", 0, 0, 0, 0, 0, "6", "6", "13", 0, 0, 0, 0, 0, 0, "6", "0", 0, "3", 0, 0, "1", 0, "2", "9", "12", 0, 0, 0, 0, 0], "FL": [0, "2", 0, 0, 0, 0, 0, "1", 0, "7", 0, 0, 0, 0, 0, "9", "7", "7", 0, 0, 0, 0, 0, 0, "10", "1", 0, "0", 0, 0, "0", 0, "3", "8", "11", 0, 0, 0, 0, 0], "F%": [0, "0", 0, 0, 0, 0, 0, "50", 0, "50", 0, 0, 0, 0, 0, "40", "46", "65", 0, 0, 0, 0, 0, 0, "38", "0", 0, "100", 0, 0, "100", 0, "40", "53", "52", 0, 0, 0, 0, 0], "team": ["NEW YORK ISLANDERS ", "NEW YORK ISLANDERS ", "NEW YORK ISLANDERS ", "NEW YORK ISLANDERS ", "NEW YORK ISLANDERS ", "NEW YORK ISLANDERS ", "NEW YORK ISLANDERS ", "NEW YORK ISLANDERS ", "NEW YORK ISLANDERS ", "NEW YORK ISLANDERS ", "NEW YORK ISLANDERS ", "NEW YORK ISLANDERS ", "NEW YORK ISLANDERS ", "NEW YORK ISLANDERS ", "NEW YORK ISLANDERS ", "NEW YORK ISLANDERS ", "NEW YORK ISLANDERS ", "NEW YORK ISLANDERS ", "NEW YORK ISLANDERS ", "NEW YORK ISLANDERS ", "TAMPA BAY LIGHTNING ", "TAMPA BAY LIGHTNING ", "TAMPA BAY LIGHTNING ", "TAMPA BAY LIGHTNING ", "TAMPA BAY LIGHTNING ", "TAMPA BAY LIGHTNING ", "TAMPA BAY LIGHTNING ", "TAMPA BAY LIGHTNING ", "TAMPA BAY LIGHTNING ", "TAMPA BAY LIGHTNING ", "TAMPA BAY LIGHTNING ", "TAMPA BAY LIGHTNING ", "TAMPA BAY LIGHTNING ", "TAMPA BAY LIGHTNING ", "TAMPA BAY LIGHTNING ", "TAMPA BAY LIGHTNING ", "TAMPA BAY LIGHTNING ", "TAMPA BAY LIGHTNING ", "TAMPA BAY LIGHTNING ", "TAMPA BAY LIGHTNING "], "GA": [0, 0, 0, 0, 0, 0, 0, 0, 0, 0, 0, 0, 0, 0, 0, 0, 0, 0, 0.0, "1", 0, 0, 0, 0, 0, 0, 0, 0, 0, 0, 0, 0, 0, 0, 0, 0, 0, 0, "1", 0], "SA": [0, 0, 0, 0, 0, 0, 0, 0, 0, 0, 0, 0, 0, 0, 0, 0, 0, 0, 0.0, "30", 0, 0, 0, 0, 0, 0, 0, 0, 0, 0, 0, 0, 0, 0, 0, 0, 0, 0, "30", 0]}}