{"game_info": {"date": "2014-02-04", "visitor": "TAMPA BAY LIGHTNING ", "home": "MINNESOTA WILD ", "game_id": 851, "status": "final"}, "player_stats": {"number": ["2", "3", "6", "7", "8", "9", "12", "16", "17", "18", "19", "23", "25", "26", "44", "51", "77", "86", "30", "31", "2", "3", "6", "11", "15", "16", "17", "19", "20", "21", "22", "24", "25", "29", "39", "46", "56", "64", "32", "35"], "position": ["D", "D", "D", "D", "D", "C", "L", "R", "C", "L", "R", "R", "D", "R", "C", "C", "D", "R", "G", "G", "D", "C", "D", "L", "L", "L", "C", "L", "D", "C", "R", "L", "D", "R", "D", "D", "L", "C", "G", "G"], "name": ["BREWER, ERIC", "AULIE, KEITH", "SALO, SAMI", "GUDAS, RADKO", "BARBERIO, MARK", "JOHNSON, TYLER", "MALONE, RYAN", "PURCELL, TEDDY", "KILLORN, ALEX", "PALAT, ONDREJ", "CROMBEEN, B.J.", "BROWN, J.T.", "CARLE, MATTHEW", "ST. LOUIS, MARTIN", "THOMPSON, NATE", "FILPPULA, VALTTERI", "HEDMAN, VICTOR", "KUCHEROV, NIKITA", "BISHOP, BEN", "DESJARDINS, CEDRICK", "BALLARD, KEITH", "COYLE, CHARLIE", "SCANDELLA, MARCO", "PARISE, ZACH", "HEATLEY, DANY", "ZUCKER, JASON", "MITCHELL, TORREY", "VEILLEUX, STEPHANE", "SUTER, RYAN", "BRODZIAK, KYLE", "NIEDERREITER, NINO", "COOKE, MATT", "BRODIN, JONAS", "POMINVILLE, JASON", "PROSSER, NATE", "SPURGEON, JARED", "HAULA, ERIK", "GRANLUND, MIKAEL", "BACKSTROM, NIKLAS", "KUEMPER, DARCY"], "G": [0, 0, 0, 0, 0, 0, 0, 0, 0, 0, 0, 0, 0, 0, 0, "1", 0, 0, 0, 0, 0, 0, 0, 0, "1", 0, 0, 0, 0, 0, "1", 0, 0, 0, 0, 0, 0, 0, 0, 0], "A": [0, 0, 0, "1", 0, 0, 0, 0, 0, 0, 0, 0, 0, "1", 0, 0, 0, 0, 0, 0, 0, 0, 0, 0, 0, "1", 0, 0, 0, 0, 0, 0, 0, 0, 0, "2", 0, 0, 0, 0], "P": [0, 0, 0, "1", 0, 0, 0, 0, 0, 0, 0, 0, 0, "1", 0, "1", 0, 0, 0, 0, 0, 0, 0, 0, "1", "1", 0, 0, 0, 0, "1", 0, 0, 0, 0, "2", 0, 0, 0, 0], "+/-": [0, 0, 0, 0, 0, 0, 0, "+1", 0, 0, 0, "-1", "+1", "+1", 0, 0, "-1", "-1", 0, 0, 0, "+1", 0, 0, "+1", "+1", 0, 0, "+1", "-1", "-1", "-1", "-1", 0, 0, 0, 0, 0, 0, 0], "PN": [0, 0, 0, "1", 0, "1", 0, 0, 0, 0, "1", 0, 0, 0, 0, 0, 0, 0, 0, 0, 0, 0, 0, 0, 0, "1", 0, "1", 0, 0, 0, "1", 0, 0, 0, 0, 0, 0, 0, 0], "PIM": [0, 0, 0, "2", 0, "2", 0, 0, 0, 0, "2", 0, 0, 0, 0, 0, 0, 0, 0, 0, 0, 0, 0, 0, 0, "2", 0, "2", 0, 0, 0, "2", 0, 0, 0, 0, 0, 0, 0, 0], "TOT": ["13:26", "07:07", "15:55", "17:49", "16:25", "21:33", "12:04", "16:59", "15:09", "18:30", "09:55", "13:16", "21:16", "22:09", "15:55", "22:04", "24:34", "13:12", "58:33", 0, "16:55", "14:44", "00:55", "22:17", "14:27", "13:30", "10:49", "09:08", "34:31", "15:58", "12:39", "14:26", "26:24", "18:41", "18:14", "21:12", "09:11", "19:59", 0, "60:00"], "SHF": ["19", "11", "25", "25", "20", "24", "16", "20", "18", "22", "15", "19", "26", "23", "21", "25", "28", "17", 0, 0, "28", "19", "2", "22", "17", "19", "15", "14", "38", "22", "18", "20", "31", "21", "23", "28", "14", "19", 0, 0], "AVG TOI/SH": ["00:42", "00:38", "00:38", "00:42", "00:49", "00:53", "00:45", "00:50", "00:50", "00:50", "00:39", "00:41", "00:49", "00:57", "00:45", "00:52", "00:52", "00:46", 0, 0, "00:36", "00:46", "00:27", "01:00", "00:51", "00:42", "00:43", "00:39", "00:54", "00:43", "00:42", "00:43", "00:51", "00:53", "00:47", "00:45", "00:39", "01:03", 0, 0], "PP": ["00:00", "00:00", "00:28", "00:00", "00:37", "03:23", "00:00", "03:23", "00:37", "00:00", "00:00", "00:37", "00:37", "03:23", "00:00", "03:23", "02:55", "00:37", "04:00", 0, "00:20", "00:20", "00:00", "01:49", "01:49", "00:20", "00:00", "00:00", "01:49", "00:00", "00:20", "00:00", "00:00", "01:49", "00:00", "00:20", "00:00", "01:49", 0, "02:09"], "SH": ["00:11", "00:00", "00:20", "00:21", "00:00", "00:00", "00:00", "00:00", "00:00", "01:28", "00:00", "00:30", "01:49", "00:11", "00:41", "01:28", "01:37", "00:00", "02:09", 0, "01:05", "00:00", "00:00", "01:22", "00:00", "00:00", "01:27", "00:38", "02:03", "02:00", "00:00", "01:29", "01:20", "00:03", "01:57", "01:35", "00:58", "00:03", 0, "04:00"], "EV": ["13:15", "07:07", "15:07", "17:28", "15:48", "18:10", "12:04", "13:36", "14:32", "17:02", "09:55", "12:09", "18:50", "18:35", "15:14", "17:13", "20:02", "12:35", "52:24", 0, "15:30", "14:24", "00:55", "19:06", "12:38", "13:10", "09:22", "08:30", "30:39", "13:58", "12:19", "12:57", "25:04", "16:49", "16:17", "19:17", "08:13", "18:07", 0, "53:51"], "S": [0, 0, "1", "2", "1", "2", "1", "2", "1", "2", "3", "2", "1", "5", "1", "4", "6", "1", 0, 0, "1", "2", 0, "6", "2", "1", 0, "1", 0, "2", "1", 0, 0, "3", 0, "2", "2", "3", 0, 0], "A/B": [0, 0, 0, "2", "1", 0, 0, 0, 0, "1", 0, 0, "2", 0, "1", 0, "1", "2", 0, 0, "2", "1", 0, "1", 0, 0, 0, 0, "1", 0, 0, "1", 0, "2", "1", "1", 0, 0, 0, 0], "MS": [0, 0, 0, 0, "1", "1", 0, "1", "1", 0, 0, 0, "1", 0, "2", "1", "3", "2", 0, 0, 0, 0, 0, "1", 0, "2", 0, 0, "1", 0, "1", 0, "2", "2", 0, 0, 0, 0, 0, 0], "HT": ["1", "1", 0, "3", "1", 0, 0, 0, "1", 0, 0, "1", "1", 0, 0, 0, "1", 0, 0, 0, "3", "1", 0, "1", 0, 0, "2", 0, "1", 0, 0, 0, 0, "1", 0, "1", "1", 0, 0, 0], "GV": [0, 0, 0, 0, 0, 0, 0, 0, 0, 0, 0, 0, 0, 0, 0, 0, "3", 0, "1", 0, 0, 0, 0, "1", 0, "1", 0, 0, 0, 0, 0, 0, 0, "1", 0, 0, 0, 0, 0, 0], "TK": [0, 0, 0, 0, 0, "1", 0, 0, 0, 0, 0, "1", 0, "1", 0, "1", 0, 0, 0, 0, 0, 0, 0, "3", 0, 0, 0, 0, 0, "1", "1", 0, "1", "1", 0, 0, "1", 0, 0, 0], "BS": [0, "2", "1", "2", 0, 0, "1", 0, 0, 0, 0, "1", 0, 0, "1", "1", "1", 0, 0, 0, 0, 0, 0, "1", "1", 0, 0, "1", "2", 0, 0, 0, "1", 0, "3", 0, 0, "1", 0, 0], "FW": [0, 0, 0, 0, 0, "14", 0, 0, "0", 0, 0, 0, 0, 0, "9", "13", 0, 0, 0, 0, 0, "6", 0, 0, 0, 0, "0", 0, 0, "5", 0, "0", 0, "0", 0, 0, "4", "5", 0, 0], "FL": [0, 0, 0, 0, 0, "6", 0, 0, "2", 0, 0, 0, 0, 0, "7", "5", 0, 0, 0, 0, 0, "8", 0, 0, 0, 0, "1", 0, 0, "9", 0, "1", 0, "1", 0, 0, "4", "12", 0, 0], "F%": [0, 0, 0, 0, 0, "70", 0, 0, "0", 0, 0, 0, 0, 0, "56", "72", 0, 0, 0, 0, 0, "43", 0, 0, 0, 0, "0", 0, 0, "36", 0, "0", 0, "0", 0, 0, "50", "29", 0, 0], "team": ["TAMPA BAY LIGHTNING ", "TAMPA BAY LIGHTNING ", "TAMPA BAY LIGHTNING ", "TAMPA BAY LIGHTNING ", "TAMPA BAY LIGHTNING ", "TAMPA BAY LIGHTNING ", "TAMPA BAY LIGHTNING ", "TAMPA BAY LIGHTNING ", "TAMPA BAY LIGHTNING ", "TAMPA BAY LIGHTNING ", "TAMPA BAY LIGHTNING ", "TAMPA BAY LIGHTNING ", "TAMPA BAY LIGHTNING ", "TAMPA BAY LIGHTNING ", "TAMPA BAY LIGHTNING ", "TAMPA BAY LIGHTNING ", "TAMPA BAY LIGHTNING ", "TAMPA BAY LIGHTNING ", "TAMPA BAY LIGHTNING ", "TAMPA BAY LIGHTNING ", "MINNESOTA WILD ", "MINNESOTA WILD ", "MINNESOTA WILD ", "MINNESOTA WILD ", "MINNESOTA WILD ", "MINNESOTA WILD ", "MINNESOTA WILD ", "MINNESOTA WILD ", "MINNESOTA WILD ", "MINNESOTA WILD ", "MINNESOTA WILD ", "MINNESOTA WILD ", "MINNESOTA WILD ", "MINNESOTA WILD ", "MINNESOTA WILD ", "MINNESOTA WILD ", "MINNESOTA WILD ", "MINNESOTA WILD ", "MINNESOTA WILD ", "MINNESOTA WILD "], "GA": [0, 0, 0, 0, 0, 0, 0, 0, 0, 0, 0, 0, 0, 0, 0, 0, 0, 0, "2", 0, 0, 0, 0, 0, 0, 0, 0, 0, 0, 0, 0, 0, 0, 0, 0, 0, 0, 0, 0, "1"], "SA": [0, 0, 0, 0, 0, 0, 0, 0, 0, 0, 0, 0, 0, 0, 0, 0, 0, 0, "26", 0, 0, 0, 0, 0, 0, 0, 0, 0, 0, 0, 0, 0, 0, 0, 0, 0, 0, 0, 0, "35"]}}