{"game_info": {"date": "2013-12-02", "visitor": "NEW JERSEY DEVILS ", "home": "MONTREAL CANADIENS ", "game_id": 407, "status": "final"}, "player_stats": {"number": ["2", "6", "7", "8", "12", "14", "16", "17", "18", "19", "21", "22", "23", "25", "26", "28", "34", "68", "30", "35", "6", "8", "11", "14", "17", "21", "26", "27", "32", "48", "49", "51", "61", "67", "74", "76", "79", "81", "30", "31"], "position": ["D", "D", "D", "C", "C", "C", "C", "R", "R", "C", "C", "D", "C", "R", "L", "D", "D", "R", "G", "G", "D", "L", "R", "C", "R", "R", "D", "C", "L", "C", "L", "C", "D", "L", "D", "D", "D", "C", "G", "G"], "name": ["ZIDLICKY, MAREK", "GREENE, ANDY", "FAYNE, MARK", "ZUBRUS, DAINIUS", "BRUNNER, DAMIEN", "HENRIQUE, ADAM", "JOSEFSON, JACOB", "RYDER, MICHAEL", "BERNIER, STEVE", "ZAJAC, TRAVIS", "LOKTIONOV, ANDREI", "GELINAS, ERIC", "SESTITO, TIM", "JANSSEN, CAM", "ELIAS, PATRIK", "VOLCHENKOV, ANTON", "MERRILL, JON", "JAGR, JAROMIR", "BRODEUR, MARTIN", "SCHNEIDER, CORY", "MURRAY, DOUGLAS", "PRUST, BRANDON", "GALLAGHER, BRENDAN", "PLEKANEC, TOMAS", "BOURQUE, RENE", "GIONTA, BRIAN", "GORGES, JOSH", "GALCHENYUK, ALEX", "MOEN, TRAVIS", "BRIERE, DANIEL", "BOURNIVAL, MICHAEL", "DESHARNAIS, DAVID", "DIAZ, RAPHAEL", "PACIORETTY, MAX", "EMELIN, ALEXEI", "SUBBAN, P.K.", "MARKOV, ANDREI", "ELLER, LARS", "BUDAJ, PETER", "PRICE, CAREY"], "G": [0, 0, 0, 0, 0, 0, 0, "1", "1", 0, 0, 0, 0, 0, 0, 0, 0, 0, 0, 0, 0, 0, 0, 0, "1", 0, 0, "1", 0, 0, 0, 0, 0, "1", 0, 0, 0, 0, 0, 0], "A": [0, 0, "1", 0, 0, "1", 0, 0, 0, 0, 0, "1", 0, 0, 0, "1", 0, 0, 0, 0, 0, 0, 0, 0, 0, 0, 0, 0, 0, 0, 0, "2", 0, 0, "1", "1", "1", "1", 0, 0], "P": [0, 0, "1", 0, 0, "1", 0, "1", "1", 0, 0, "1", 0, 0, 0, "1", 0, 0, 0, 0, 0, 0, 0, 0, "1", 0, 0, "1", 0, 0, 0, "2", 0, "1", "1", "1", "1", "1", 0, 0], "+/-": [0, "+1", "+1", 0, 0, 0, 0, 0, 0, 0, 0, "-1", 0, 0, 0, 0, "-1", 0, 0, 0, "-2", "-2", 0, 0, "+1", 0, "+1", "+1", 0, "-1", "-1", "+1", "-2", "+1", "+1", "+1", "+1", 0, 0, 0], "PN": [0, 0, 0, "1", 0, 0, 0, "1", 0, 0, 0, 0, 0, 0, 0, 0, 0, 0, 0, 0, 0, 0, 0, 0, 0, 0, 0, 0, 0, 0, "1", 0, 0, 0, "1", 0, 0, "1", 0, 0], "PIM": [0, 0, 0, "2", 0, 0, 0, "2", 0, 0, 0, 0, 0, 0, 0, 0, 0, 0, 0, 0, 0, 0, 0, 0, 0, 0, 0, 0, 0, 0, "2", 0, 0, 0, "2", 0, 0, "2", 0, 0], "TOT": ["21:54", "21:11", "16:10", "19:00", "16:53", "11:18", "07:56", "17:34", "16:45", "23:27", "15:18", "22:31", "07:50", "04:18", "18:16", "16:43", "18:26", "22:21", "59:09", 0, "13:37", "08:26", "18:32", "19:16", "13:01", "16:50", "22:43", "14:19", "14:24", "07:45", "06:50", "17:27", "19:46", "19:37", "14:51", "23:34", "25:36", "17:26", 0, "60:00"], "SHF": ["26", "26", "21", "23", "22", "17", "11", "20", "24", "25", "20", "31", "11", "7", "26", "18", "28", "24", 0, 0, "18", "12", "21", "25", "18", "23", "28", "17", "22", "9", "9", "22", "24", "24", "20", "28", "31", "23", 0, 0], "AVG TOI/SH": ["00:50", "00:48", "00:46", "00:49", "00:46", "00:39", "00:43", "00:52", "00:41", "00:56", "00:45", "00:43", "00:42", "00:36", "00:42", "00:55", "00:39", "00:55", 0, 0, "00:45", "00:42", "00:52", "00:46", "00:43", "00:43", "00:48", "00:50", "00:39", "00:51", "00:45", "00:47", "00:49", "00:49", "00:44", "00:50", "00:49", "00:45", 0, 0], "PP": ["03:17", "02:25", "00:00", "00:47", "02:18", "02:12", "00:00", "02:57", "02:03", "03:42", "00:00", "02:55", "00:00", "00:00", "03:09", "00:00", "00:18", "03:57", "06:00", 0, "00:00", "00:00", "02:15", "00:00", "00:45", "00:00", "00:16", "01:24", "00:00", "00:00", "00:00", "01:25", "00:31", "01:36", "00:00", "02:44", "02:29", "01:35", 0, "03:00"], "SH": ["00:00", "03:00", "00:40", "00:40", "00:00", "00:41", "01:39", "00:00", "00:00", "00:56", "01:23", "00:00", "00:00", "00:00", "00:41", "02:20", "00:00", "00:00", "03:00", 0, "02:11", "01:20", "00:00", "02:57", "00:00", "00:58", "03:35", "00:00", "01:46", "00:00", "00:00", "00:00", "03:35", "02:31", "00:00", "00:14", "02:25", "02:28", 0, "06:00"], "EV": ["18:37", "15:46", "15:30", "17:33", "14:35", "08:25", "06:17", "14:37", "14:42", "18:49", "13:55", "19:36", "07:50", "04:18", "14:26", "14:23", "18:08", "18:24", "50:09", 0, "11:26", "07:06", "16:17", "16:19", "12:16", "15:52", "18:52", "12:55", "12:38", "07:45", "06:50", "16:02", "15:40", "15:30", "14:51", "20:36", "20:42", "13:23", 0, "51:00"], "S": ["2", "1", "1", "3", "2", "3", 0, "2", "6", 0, "1", "2", "2", 0, "1", 0, 0, "4", 0, 0, "1", 0, "1", "2", "1", 0, 0, "4", 0, 0, 0, 0, "1", "4", 0, "1", "2", 0, 0, 0], "A/B": ["2", "1", 0, "2", "5", 0, 0, 0, 0, "4", 0, "3", 0, 0, 0, "1", "3", "1", 0, 0, "1", 0, 0, "2", "1", "2", "2", 0, "1", 0, 0, 0, 0, "1", 0, "1", "2", 0, 0, 0], "MS": [0, 0, 0, "1", "2", "1", 0, 0, "1", 0, 0, "3", "1", 0, 0, "1", 0, "1", 0, 0, 0, 0, "1", "3", "1", 0, 0, "1", 0, 0, 0, "1", 0, "1", 0, "1", 0, 0, 0, 0], "HT": ["2", "4", "1", "2", "1", 0, 0, 0, "1", 0, "1", "4", 0, "1", 0, "3", "2", 0, 0, 0, "3", 0, 0, 0, "2", 0, "2", "1", "3", 0, "1", "1", "3", "1", "2", "1", 0, "1", 0, 0], "GV": [0, 0, 0, "1", 0, 0, 0, 0, 0, 0, 0, "1", "1", 0, 0, "2", 0, 0, "3", 0, 0, 0, 0, "2", 0, 0, 0, "1", 0, 0, 0, 0, "1", 0, "3", 0, "1", "2", 0, 0], "TK": [0, "1", 0, 0, 0, 0, "1", 0, 0, 0, 0, 0, 0, 0, 0, 0, 0, 0, 0, 0, 0, 0, "1", 0, 0, "1", "1", 0, 0, 0, 0, "1", 0, 0, 0, 0, 0, "2", 0, 0], "BS": [0, "2", "2", 0, 0, 0, 0, 0, "1", "1", 0, 0, "1", 0, 0, "3", "3", 0, 0, 0, "3", 0, 0, "1", "1", 0, "2", 0, "2", 0, 0, 0, "3", "1", "3", "5", "1", 0, 0, 0], "FW": [0, 0, 0, "2", 0, "0", "1", 0, 0, "5", "7", 0, 0, 0, "9", 0, 0, 0, 0, 0, 0, "1", "0", "10", 0, 0, 0, 0, 0, "3", 0, "7", 0, 0, 0, 0, 0, "9", 0, 0], "FL": [0, 0, 0, "2", 0, "1", "6", 0, 0, "7", "8", 0, 0, 0, "6", 0, 0, 0, 0, 0, 0, "1", "1", "9", 0, 0, 0, 0, 0, "1", 0, "7", 0, 0, 0, 0, 0, "5", 0, 0], "F%": [0, 0, 0, "50", 0, "0", "14", 0, 0, "42", "47", 0, 0, 0, "60", 0, 0, 0, 0, 0, 0, "50", "0", "53", 0, 0, 0, 0, 0, "75", 0, "50", 0, 0, 0, 0, 0, "64", 0, 0], "team": ["NEW JERSEY DEVILS ", "NEW JERSEY DEVILS ", "NEW JERSEY DEVILS ", "NEW JERSEY DEVILS ", "NEW JERSEY DEVILS ", "NEW JERSEY DEVILS ", "NEW JERSEY DEVILS ", "NEW JERSEY DEVILS ", "NEW JERSEY DEVILS ", "NEW JERSEY DEVILS ", "NEW JERSEY DEVILS ", "NEW JERSEY DEVILS ", "NEW JERSEY DEVILS ", "NEW JERSEY DEVILS ", "NEW JERSEY DEVILS ", "NEW JERSEY DEVILS ", "NEW JERSEY DEVILS ", "NEW JERSEY DEVILS ", "NEW JERSEY DEVILS ", "NEW JERSEY DEVILS ", "MONTREAL CANADIENS ", "MONTREAL CANADIENS ", "MONTREAL CANADIENS ", "MONTREAL CANADIENS ", "MONTREAL CANADIENS ", "MONTREAL CANADIENS ", "MONTREAL CANADIENS ", "MONTREAL CANADIENS ", "MONTREAL CANADIENS ", "MONTREAL CANADIENS ", "MONTREAL CANADIENS ", "MONTREAL CANADIENS ", "MONTREAL CANADIENS ", "MONTREAL CANADIENS ", "MONTREAL CANADIENS ", "MONTREAL CANADIENS ", "MONTREAL CANADIENS ", "MONTREAL CANADIENS ", "MONTREAL CANADIENS ", "MONTREAL CANADIENS "], "GA": [0, 0, 0, 0, 0, 0, 0, 0, 0, 0, 0, 0, 0, 0, 0, 0, 0, 0, "3", 0, 0, 0, 0, 0, 0, 0, 0, 0, 0, 0, 0, 0, 0, 0, 0, 0, 0, 0, 0, "2"], "SA": [0, 0, 0, 0, 0, 0, 0, 0, 0, 0, 0, 0, 0, 0, 0, 0, 0, 0, "17", 0, 0, 0, 0, 0, 0, 0, 0, 0, 0, 0, 0, 0, 0, 0, 0, 0, 0, 0, 0, "30"]}}