{"game_info": {"date": "2013-12-23", "visitor": "ANAHEIM DUCKS ", "home": "WASHINGTON CAPITALS ", "game_id": 555, "status": "final"}, "player_stats": {"number": ["4", "6", "7", "8", "10", "11", "13", "15", "17", "21", "22", "23", "28", "33", "34", "39", "47", "55", "1", "31", "4", "8", "10", "16", "19", "20", "21", "25", "27", "42", "43", "52", "61", "74", "81", "83", "84", "90", "31", "70"], "position": ["D", "D", "C", "R", "R", "C", "C", "C", "R", "C", "C", "D", "D", "R", "C", "L", "D", "D", "G", "G", "D", "L", "R", "R", "C", "R", "C", "L", "D", "R", "R", "D", "D", "D", "D", "C", "C", "C", "G", "G"], "name": ["FOWLER, CAM", "LOVEJOY, BEN", "COGLIANO, ANDREW", "SELANNE, TEEMU", "PERRY, COREY", "KOIVU, SAKU", "BONINO, NICK", "GETZLAF, RYAN", "PENNER, DUSTIN", "PALMIERI, KYLE", "PERREAULT, MATHIEU", "BEAUCHEMIN, FRANCOIS", "FISTRIC, MARK", "SILFVERBERG, JAKOB", "WINNIK, DANIEL", "BELESKEY, MATT", "LINDHOLM, HAMPUS", "ALLEN, BRYAN", "HILLER, JONAS", "ANDERSEN, FREDERIK", "ERSKINE, JOHN", "OVECHKIN, ALEX", "ERAT, MARTIN", "FEHR, ERIC", "BACKSTROM, NICKLAS", "BROUWER, TROY", "LAICH, BROOKS", "CHIMERA, JASON", "ALZNER, KARL", "WARD, JOEL", "WILSON, TOM", "GREEN, MIKE", "OLEKSY, STEVE", "CARLSON, JOHN", "ORLOV, DMITRY", "BEAGLE, JAY", "GRABOVSKI, MIKHAIL", "JOHANSSON, MARCUS", "GRUBAUER, PHILIPP", "HOLTBY, BRADEN"], "G": [0, 0, "1", 0, 0, "1", 0, 0, 0, 0, 0, 0, 0, 0, 0, 0, "1", 0, 0, 0, 0, 0, 0, 0, "1", 0, 0, 0, 0, 0, 0, 0, 0, 0, 0, 0, "1", 0, 0, 0], "A": [0, "1", "1", 0, "1", "1", 0, "1", 0, 0, 0, 0, 0, 0, 0, 0, "1", 0, 0, 0, 0, 0, 0, "1", 0, "2", 0, 0, 0, 0, 0, 0, 0, "1", 0, 0, 0, 0, 0, 0], "P": [0, "1", "2", 0, "1", "2", 0, "1", 0, 0, 0, 0, 0, 0, 0, 0, "2", 0, 0, 0, 0, 0, 0, "1", "1", "2", 0, 0, 0, 0, 0, 0, 0, "1", 0, 0, "1", 0, 0, 0], "+/-": ["-1", 0, "+2", 0, "+1", "+2", 0, "+1", "+1", 0, "-1", 0, "+2", "-1", "+2", "-1", "+2", "+1", 0, 0, "+1", "-1", 0, 0, "-1", 0, "-1", "-1", "-1", "-1", 0, "-2", "+1", "-1", "-2", 0, 0, "-1", 0, 0], "PN": [0, 0, "1", "1", "1", "2", 0, 0, 0, 0, 0, 0, 0, 0, 0, 0, 0, 0, 0, 0, 0, 0, 0, 0, 0, "1", 0, 0, "1", 0, 0, 0, "1", 0, 0, "1", 0, 0, 0, 0], "PIM": [0, 0, "2", "2", "2", "4", 0, 0, 0, 0, 0, 0, 0, 0, 0, 0, 0, 0, 0, 0, 0, 0, 0, 0, 0, "2", 0, 0, "2", 0, 0, 0, "2", 0, 0, "2", 0, 0, 0, 0], "TOT": ["23:32", "17:38", "12:46", "11:58", "21:18", "13:35", "19:38", "21:31", "14:07", "11:23", "10:44", "26:12", "13:17", "12:50", "16:30", "09:31", "17:05", "18:27", "59:47", 0, "14:00", "22:57", "11:28", "14:01", "20:27", "18:02", "13:23", "15:18", "18:10", "17:50", "06:26", "23:10", "11:40", "25:12", "20:21", "07:23", "14:38", "18:40", "58:54", 0], "SHF": ["31", "25", "22", "15", "24", "23", "26", "28", "21", "14", "13", "31", "19", "18", "23", "15", "23", "32", 0, 0, "19", "21", "17", "19", "23", "22", "20", "20", "23", "23", "10", "22", "16", "27", "21", "14", "20", "22", 0, 0], "AVG TOI/SH": ["00:45", "00:42", "00:34", "00:47", "00:53", "00:35", "00:45", "00:46", "00:40", "00:48", "00:49", "00:50", "00:41", "00:42", "00:43", "00:38", "00:44", "00:34", 0, 0, "00:44", "01:05", "00:40", "00:44", "00:53", "00:49", "00:40", "00:45", "00:47", "00:46", "00:38", "01:03", "00:43", "00:56", "00:58", "00:31", "00:43", "00:50", 0, 0], "PP": ["04:19", "00:06", "00:03", "02:57", "05:33", "00:02", "05:02", "03:49", "02:41", "00:49", "01:45", "02:45", "00:00", "01:35", "00:00", "00:00", "02:39", "00:00", "06:49", 0, "00:00", "06:42", "01:10", "00:00", "05:03", "04:37", "00:36", "00:12", "00:01", "02:17", "00:00", "03:32", "00:00", "03:28", "00:17", "00:06", "01:56", "05:03", "07:00", 0], "SH": ["03:55", "02:40", "00:45", "00:00", "00:25", "01:19", "02:15", "03:13", "00:00", "00:00", "00:00", "03:59", "00:13", "01:53", "03:28", "00:42", "00:13", "03:00", "07:00", 0, "03:36", "00:00", "00:00", "01:41", "00:00", "02:51", "04:20", "02:29", "03:04", "02:17", "00:00", "00:23", "00:03", "06:23", "00:09", "00:00", "00:00", "00:00", "06:49", 0], "EV": ["15:18", "14:52", "11:58", "09:01", "15:20", "12:14", "12:21", "14:29", "11:26", "10:34", "08:59", "19:28", "13:04", "09:22", "13:02", "08:49", "14:13", "15:27", "45:58", 0, "10:24", "16:15", "10:18", "12:20", "15:24", "10:34", "08:27", "12:37", "15:05", "13:16", "06:26", "19:15", "11:37", "15:21", "19:55", "07:17", "12:42", "13:37", "45:05", 0], "S": ["1", "1", "1", 0, "3", "2", "2", "5", 0, "1", "1", 0, "1", "4", "5", 0, "2", 0, 0, 0, "1", "5", "2", 0, "2", 0, "1", "2", 0, "1", 0, "2", "1", 0, 0, 0, "1", "1", 0, 0], "A/B": ["1", 0, 0, 0, "2", 0, "1", "1", "1", 0, 0, 0, 0, "3", "1", 0, "2", "1", 0, 0, 0, "6", 0, "4", 0, 0, 0, 0, 0, 0, "1", "4", 0, "3", 0, "1", 0, "2", 0, 0], "MS": [0, 0, "1", 0, "2", "1", "3", "2", "2", "2", 0, 0, 0, 0, 0, 0, "1", 0, 0, 0, 0, "3", "3", 0, "1", "1", 0, "1", "1", 0, "1", 0, 0, 0, "1", 0, 0, "1", 0, 0], "HT": ["1", 0, "1", "1", "2", 0, "1", "2", "3", 0, 0, "3", "5", "1", "3", "3", 0, 0, 0, 0, "2", "4", "1", 0, "2", "1", 0, "3", 0, "1", "3", "1", 0, 0, 0, "1", 0, 0, 0, 0], "GV": [0, "2", 0, "1", "1", "1", 0, 0, "1", 0, 0, "1", "2", 0, "1", 0, "1", 0, 0, 0, 0, "1", 0, 0, 0, 0, 0, "1", 0, 0, 0, "3", "1", "2", "1", 0, 0, 0, 0, 0], "TK": [0, 0, 0, "1", 0, 0, "1", "1", 0, 0, 0, 0, 0, 0, "1", 0, 0, 0, 0, 0, 0, 0, 0, 0, "1", 0, 0, 0, 0, "3", 0, 0, 0, "1", 0, 0, 0, 0, 0, 0], "BS": ["2", "4", 0, 0, 0, "2", 0, "4", 0, 0, 0, "2", "2", 0, "1", 0, "2", "2", 0, 0, "3", 0, "1", "1", 0, 0, 0, 0, 0, 0, 0, "1", "1", "5", "1", 0, 0, 0, 0, 0], "FW": [0, 0, 0, 0, 0, "4", "10", "5", 0, 0, "4", 0, 0, 0, "0", 0, 0, 0, 0, 0, 0, 0, "5", 0, "9", "5", "9", "1", 0, "3", 0, 0, 0, 0, 0, "3", "10", "0", 0, 0], "FL": [0, 0, 0, 0, 0, "8", "13", "14", 0, 0, "8", 0, 0, 0, "2", 0, 0, 0, 0, 0, 0, 0, "2", 0, "4", "2", "4", "0", 0, "1", 0, 0, 0, 0, 0, "6", "3", "1", 0, 0], "F%": [0, 0, 0, 0, 0, "33", "43", "26", 0, 0, "33", 0, 0, 0, "0", 0, 0, 0, 0, 0, 0, 0, "71", 0, "69", "71", "69", "100", 0, "75", 0, 0, 0, 0, 0, "33", "77", "0", 0, 0], "team": ["ANAHEIM DUCKS ", "ANAHEIM DUCKS ", "ANAHEIM DUCKS ", "ANAHEIM DUCKS ", "ANAHEIM DUCKS ", "ANAHEIM DUCKS ", "ANAHEIM DUCKS ", "ANAHEIM DUCKS ", "ANAHEIM DUCKS ", "ANAHEIM DUCKS ", "ANAHEIM DUCKS ", "ANAHEIM DUCKS ", "ANAHEIM DUCKS ", "ANAHEIM DUCKS ", "ANAHEIM DUCKS ", "ANAHEIM DUCKS ", "ANAHEIM DUCKS ", "ANAHEIM DUCKS ", "ANAHEIM DUCKS ", "ANAHEIM DUCKS ", "WASHINGTON CAPITALS ", "WASHINGTON CAPITALS ", "WASHINGTON CAPITALS ", "WASHINGTON CAPITALS ", "WASHINGTON CAPITALS ", "WASHINGTON CAPITALS ", "WASHINGTON CAPITALS ", "WASHINGTON CAPITALS ", "WASHINGTON CAPITALS ", "WASHINGTON CAPITALS ", "WASHINGTON CAPITALS ", "WASHINGTON CAPITALS ", "WASHINGTON CAPITALS ", "WASHINGTON CAPITALS ", "WASHINGTON CAPITALS ", "WASHINGTON CAPITALS ", "WASHINGTON CAPITALS ", "WASHINGTON CAPITALS ", "WASHINGTON CAPITALS ", "WASHINGTON CAPITALS "], "GA": [0, 0, 0, 0, 0, 0, 0, 0, 0, 0, 0, 0, 0, 0, 0, 0, 0, 0, "2", 0, 0, 0, 0, 0, 0, 0, 0, 0, 0, 0, 0, 0, 0, 0, 0, 0, 0, 0, "3", 0], "SA": [0, 0, 0, 0, 0, 0, 0, 0, 0, 0, 0, 0, 0, 0, 0, 0, 0, 0, "19", 0, 0, 0, 0, 0, 0, 0, 0, 0, 0, 0, 0, 0, 0, 0, 0, 0, 0, 0, "29", 0]}}