{"game_info": {"date": "2013-11-10", "visitor": "WASHINGTON CAPITALS ", "home": "COLORADO AVALANCHE ", "game_id": 260, "status": "final"}, "player_stats": {"number": ["8", "10", "19", "20", "21", "24", "25", "27", "34", "42", "43", "46", "52", "61", "74", "84", "88", "90", "30", "70", "2", "5", "6", "7", "8", "9", "11", "15", "16", "24", "25", "26", "29", "55", "58", "61", "90", "92", "1", "35", 0], "position": ["L", "R", "C", "R", "C", "L", "L", "D", "D", "R", "R", "C", "D", "D", "D", "C", "D", "C", "G", "G", "D", "D", "D", "C", "D", "C", "L", "R", "D", "R", "C", "C", "C", "L", "L", "D", "C", "L", "G", "G", 0], "name": ["OVECHKIN, ALEX", "ERAT, MARTIN", "BACKSTROM, NICKLAS", "BROUWER, TROY", "LAICH, BROOKS", "VOLPATTI, AARON", "CHIMERA, JASON", "ALZNER, KARL", "URBOM, ALEXANDER", "WARD, JOEL", "WILSON, TOM", "LATTA, MICHAEL", "GREEN, MIKE", "OLEKSY, STEVE", "CARLSON, JOHN", "GRABOVSKI, MIKHAIL", "SCHMIDT, NATE", "JOHANSSON, MARCUS", "NEUVIRTH, MICHAL", "HOLTBY, BRADEN", "HOLDEN, NICK", "GUENIN, NATE", "JOHNSON, ERIK", "MITCHELL, JOHN", "HEJDA, JAN", "DUCHENE, MATT", "MCGINN, JAMIE", "PARENTEAU, PA", "SARICH, CORY", "CLICHE, MARC-ANDRE", "TALBOT, MAXIME", "STASTNY, PAUL", "MACKINNON, NATHAN", "MCLEOD, CODY", "BORDELEAU, PATRICK", "BENOIT, ANDRE", "O'REILLY, RYAN", "LANDESKOG, GABRIEL", "VARLAMOV, SEMYON", "GIGUERE, JEAN-SEBASTIEN", "TEAM PENALTY"], "G": [0, 0, 0, 0, 0, 0, 0, 0, 0, "1", 0, 0, 0, 0, 0, 0, 0, 0, 0, 0, "1", 0, 0, 0, 0, 0, 0, "1", 0, 0, 0, 0, 0, 0, "1", 0, 0, "1", 0, 0, 0], "A": [0, 0, 0, 0, 0, 0, 0, 0, 0, 0, 0, 0, 0, 0, 0, "1", 0, 0, 0, 0, 0, 0, "2", 0, 0, "1", 0, 0, 0, "1", 0, "1", 0, "1", 0, 0, 0, "1", 0, 0, 0], "P": [0, 0, 0, 0, 0, 0, 0, 0, 0, "1", 0, 0, 0, 0, 0, "1", 0, 0, 0, 0, "1", 0, "2", 0, 0, "1", 0, "1", 0, "1", 0, "1", 0, "1", "1", 0, 0, "2", 0, 0, 0], "+/-": ["-1", 0, "-1", "-1", "-1", "-1", "-1", "-1", 0, "-1", "-1", "-1", "-1", 0, "-2", 0, "-1", "-1", 0, 0, "+1", "+1", "+3", 0, "+3", "+1", "+1", "+1", "-1", "+1", 0, "+1", 0, "+1", "+1", "-1", "+1", "+1", 0, 0, 0], "PN": ["1", 0, 0, 0, 0, 0, "1", "1", 0, 0, 0, 0, 0, 0, 0, 0, 0, 0, 0, 0, 0, 0, 0, 0, 0, 0, 0, 0, "2", 0, "1", 0, 0, 0, 0, 0, 0, 0, 0, 0, "1"], "PIM": ["2", 0, 0, 0, 0, 0, "2", "2", 0, 0, 0, 0, 0, 0, 0, 0, 0, 0, 0, 0, 0, 0, 0, 0, 0, 0, 0, 0, "4", 0, "2", 0, 0, 0, 0, 0, 0, 0, 0, 0, "2"], "TOT": ["21:28", "13:45", "20:46", "20:17", "17:18", "07:09", "15:16", "16:37", "17:50", "18:06", "06:39", "09:24", "21:50", "16:49", "21:28", "13:58", "18:34", "16:46", 0, "60:00", "18:07", "17:10", "18:28", "17:26", "20:59", "17:24", "14:32", "16:45", "20:13", "08:58", "15:02", "16:23", "16:20", "09:35", "06:31", "22:49", "18:22", "16:56", "60:00", 0, 0], "SHF": ["24", "20", "24", "24", "24", "9", "23", "22", "20", "23", "11", "14", "23", "19", "23", "20", "21", "19", 0, 0, "24", "27", "22", "21", "27", "21", "19", "21", "23", "16", "21", "19", "19", "13", "9", "26", "24", "20", 0, 0, 0], "AVG TOI/SH": ["00:53", "00:41", "00:51", "00:50", "00:43", "00:47", "00:39", "00:45", "00:53", "00:47", "00:36", "00:40", "00:56", "00:53", "00:56", "00:41", "00:53", "00:52", 0, 0, "00:45", "00:38", "00:50", "00:49", "00:46", "00:49", "00:45", "00:47", "00:52", "00:33", "00:42", "00:51", "00:51", "00:44", "00:43", "00:52", "00:45", "00:50", 0, 0, 0], "PP": ["06:40", "00:45", "06:04", "05:32", "00:45", "00:00", "00:10", "00:19", "00:00", "03:07", "00:10", "00:00", "03:03", "00:00", "03:56", "00:10", "00:00", "04:14", 0, "06:59", "02:38", "00:00", "02:53", "00:00", "00:00", "03:02", "02:45", "03:02", "00:17", "00:00", "00:00", "02:53", "02:53", "00:00", "00:00", "03:17", "03:02", "02:53", "05:55", 0, 0], "SH": ["00:00", "00:47", "00:09", "02:01", "02:47", "00:00", "01:05", "02:22", "02:34", "01:27", "00:00", "02:18", "00:00", "02:32", "03:23", "00:00", "00:59", "01:16", 0, "05:55", "00:43", "04:38", "00:07", "03:18", "05:46", "00:00", "00:00", "00:00", "01:24", "01:44", "01:37", "00:12", "00:00", "03:23", "00:00", "02:14", "01:47", "00:07", "06:59", 0, 0], "EV": ["14:48", "12:13", "14:33", "12:44", "13:46", "07:09", "14:01", "13:56", "15:16", "13:32", "06:29", "07:06", "18:47", "14:17", "14:09", "13:48", "17:35", "11:16", 0, "47:06", "14:46", "12:32", "15:28", "14:08", "15:13", "14:22", "11:47", "13:43", "18:32", "07:14", "13:25", "13:18", "13:27", "06:12", "06:31", "17:18", "13:33", "13:56", "47:06", 0, 0], "S": ["7", 0, "2", "3", "2", 0, "1", 0, 0, "3", "1", 0, "7", "1", "3", "1", "3", 0, 0, 0, "2", 0, "3", "2", "1", "2", 0, "5", "1", "1", "2", "2", "4", 0, "1", "1", "6", "4", 0, 0, 0], "A/B": ["3", 0, "2", "1", "1", "2", 0, "1", 0, 0, 0, 0, "1", 0, "2", "1", "2", "1", 0, 0, 0, 0, "1", "3", 0, "2", 0, 0, 0, 0, 0, 0, "4", "1", 0, "3", "1", "2", 0, 0, 0], "MS": ["2", 0, "1", 0, 0, 0, "1", 0, 0, "2", 0, 0, "3", "1", 0, 0, 0, 0, 0, 0, 0, 0, "1", 0, 0, "2", "2", "1", "1", 0, "1", 0, "2", 0, 0, 0, 0, 0, 0, 0, 0], "HT": ["1", "1", "1", "2", "3", "1", "3", 0, 0, "1", 0, 0, 0, 0, "1", 0, 0, 0, 0, 0, "3", "2", "3", "1", "1", 0, 0, "1", "1", 0, "3", "1", "1", "1", 0, 0, "1", "2", 0, 0, 0], "GV": [0, 0, 0, 0, 0, 0, 0, 0, 0, 0, 0, 0, 0, 0, 0, 0, 0, 0, 0, 0, 0, 0, "1", 0, "2", "3", 0, 0, 0, 0, "2", 0, 0, 0, 0, 0, 0, 0, "1", 0, 0], "TK": [0, 0, "2", "1", 0, 0, 0, 0, 0, "1", "2", 0, 0, "1", "1", 0, "1", "1", 0, 0, 0, 0, "1", "1", "1", "4", 0, 0, "1", "1", "1", 0, 0, 0, 0, 0, "2", 0, 0, 0, 0], "BS": [0, 0, "1", "1", "1", "1", "1", 0, 0, 0, 0, 0, "2", "2", "5", 0, "3", 0, 0, 0, 0, "2", 0, "2", "4", "1", "1", 0, "1", "2", "1", 0, 0, 0, 0, "3", 0, 0, 0, 0, 0], "FW": [0, 0, "10", "1", "2", "0", "1", 0, 0, "1", 0, "4", 0, 0, 0, "11", 0, "1", 0, 0, 0, 0, 0, "5", 0, "5", 0, 0, 0, "5", "2", "4", "1", 0, 0, 0, "2", 0, 0, 0, 0], "FL": [0, 0, "7", "3", "0", "1", "0", 0, 0, "0", 0, "2", 0, 0, 0, "3", 0, "8", 0, 0, 0, 0, 0, "2", 0, "10", 0, 0, 0, "7", "1", "8", "2", 0, 0, 0, "1", 0, 0, 0, 0], "F%": [0, 0, "59", "25", "100", "0", "100", 0, 0, "100", 0, "67", 0, 0, 0, "79", 0, "11", 0, 0, 0, 0, 0, "71", 0, "33", 0, 0, 0, "42", "67", "33", "33", 0, 0, 0, "67", 0, 0, 0, 0], "team": ["WASHINGTON CAPITALS ", "WASHINGTON CAPITALS ", "WASHINGTON CAPITALS ", "WASHINGTON CAPITALS ", "WASHINGTON CAPITALS ", "WASHINGTON CAPITALS ", "WASHINGTON CAPITALS ", "WASHINGTON CAPITALS ", "WASHINGTON CAPITALS ", "WASHINGTON CAPITALS ", "WASHINGTON CAPITALS ", "WASHINGTON CAPITALS ", "WASHINGTON CAPITALS ", "WASHINGTON CAPITALS ", "WASHINGTON CAPITALS ", "WASHINGTON CAPITALS ", "WASHINGTON CAPITALS ", "WASHINGTON CAPITALS ", "WASHINGTON CAPITALS ", "WASHINGTON CAPITALS ", "COLORADO AVALANCHE ", "COLORADO AVALANCHE ", "COLORADO AVALANCHE ", "COLORADO AVALANCHE ", "COLORADO AVALANCHE ", "COLORADO AVALANCHE ", "COLORADO AVALANCHE ", "COLORADO AVALANCHE ", "COLORADO AVALANCHE ", "COLORADO AVALANCHE ", "COLORADO AVALANCHE ", "COLORADO AVALANCHE ", "COLORADO AVALANCHE ", "COLORADO AVALANCHE ", "COLORADO AVALANCHE ", "COLORADO AVALANCHE ", "COLORADO AVALANCHE ", "COLORADO AVALANCHE ", "COLORADO AVALANCHE ", "COLORADO AVALANCHE ", "COLORADO AVALANCHE "], "GA": [0, 0, 0, 0, 0, 0, 0, 0, 0, 0, 0, 0, 0, 0, 0, 0, 0, 0, 0.0, "4", 0, 0, 0, 0, 0, 0, 0, 0, 0, 0, 0, 0, 0, 0, 0, 0, 0, 0, "1", 0, 0], "SA": [0, 0, 0, 0, 0, 0, 0, 0, 0, 0, 0, 0, 0, 0, 0, 0, 0, 0, 0.0, "37", 0, 0, 0, 0, 0, 0, 0, 0, 0, 0, 0, 0, 0, 0, 0, 0, 0, 0, "34", 0, 0]}}