{"game_info": {"date": "2013-11-21", "visitor": "NEW JERSEY DEVILS ", "home": "LOS ANGELES KINGS ", "game_id": 334, "status": "final"}, "player_stats": {"number": ["2", "5", "6", "7", "8", "9", "10", "11", "14", "17", "18", "19", "20", "21", "22", "25", "26", "68", "30", "35", "6", "8", "10", "11", "14", "17", "21", "22", "23", "26", "27", "28", "33", "44", "57", "70", "73", "74", "31", "54"], "position": ["D", "D", "D", "D", "C", "L", "D", "R", "C", "R", "R", "C", "C", "C", "D", "R", "L", "R", "G", "G", "D", "D", "C", "C", "R", "L", "R", "C", "L", "D", "D", "C", "D", "D", "R", "L", "C", "L", "G", "G"], "name": ["ZIDLICKY, MAREK", "LARSSON, ADAM", "GREENE, ANDY", "FAYNE, MARK", "ZUBRUS, DAINIUS", "TEDENBY, MATTIAS", "HARROLD, PETER", "GIONTA, STEPHEN", "HENRIQUE, ADAM", "RYDER, MICHAEL", "BERNIER, STEVE", "ZAJAC, TRAVIS", "CARTER, RYAN", "LOKTIONOV, ANDREI", "GELINAS, ERIC", "JANSSEN, CAM", "ELIAS, PATRIK", "JAGR, JAROMIR", "BRODEUR, MARTIN", "SCHNEIDER, CORY", "MUZZIN, JAKE", "DOUGHTY, DREW", "RICHARDS, MIKE", "KOPITAR, ANZE", "WILLIAMS, JUSTIN", "CARCILLO, DANIEL", "FRATTIN, MATT", "LEWIS, TREVOR", "BROWN, DUSTIN", "VOYNOV, SLAVA", "MARTINEZ, ALEC", "STOLL, JARRET", "MITCHELL, WILLIE", "REGEHR, ROBYN", "VEY, LINDEN", "PEARSON, TANNER", "TOFFOLI, TYLER", "KING, DWIGHT", "JONES, MARTIN", "SCRIVENS, BEN"], "G": [0, 0, 0, 0, 0, 0, 0, 0, 0, 0, 0, 0, "1", 0, 0, 0, 0, "1", 0, 0, 0, 0, 0, 0, "1", 0, 0, 0, 0, 0, 0, 0, 0, 0, 0, 0, 0, 0, 0, 0], "A": ["1", 0, 0, 0, "1", 0, 0, "1", 0, "1", 0, 0, 0, 0, 0, 0, 0, 0, 0, 0, 0, 0, 0, "1", 0, 0, 0, 0, "1", 0, 0, 0, 0, 0, 0, 0, 0, 0, 0, 0], "P": ["1", 0, 0, 0, "1", 0, 0, "1", 0, "1", 0, 0, "1", 0, 0, 0, 0, "1", 0, 0, 0, 0, 0, "1", "1", 0, 0, 0, "1", 0, 0, 0, 0, 0, 0, 0, 0, 0, 0, 0], "+/-": ["+2", 0, "-1", "-1", 0, 0, "+1", "+1", 0, "+1", 0, "-1", "+1", 0, "+1", 0, 0, 0, 0, 0, "+1", 0, "-1", 0, "+1", 0, 0, "-1", 0, 0, "-1", 0, "-2", 0, 0, "-1", 0, 0, 0, 0], "PN": [0, 0, "1", 0, 0, 0, 0, "1", 0, 0, 0, 0, "1", 0, 0, "1", 0, "2", 0, 0, 0, "1", 0, 0, 0, "1", 0, 0, "1", 0, 0, "1", 0, 0, 0, 0, 0, 0, 0, 0], "PIM": [0, 0, "2", 0, 0, 0, 0, "2", 0, 0, 0, 0, "2", 0, 0, "5", 0, "4", 0, 0, 0, "2", 0, 0, 0, "5", 0, 0, "2", 0, 0, "2", 0, 0, 0, 0, 0, 0, 0, 0], "TOT": ["21:25", "19:33", "25:03", "20:20", "19:00", "07:55", "18:43", "12:32", "20:12", "17:29", "13:16", "19:18", "12:09", "12:05", "18:37", "04:33", "20:48", "17:02", 0, "62:30", "22:09", "25:26", "16:18", "22:11", "19:33", "10:48", "17:31", "10:22", "21:59", "21:40", "16:19", "15:14", "17:42", "17:36", "12:16", "09:52", "12:46", "14:18", 0, "62:30"], "SHF": ["30", "26", "32", "28", "27", "11", "29", "23", "29", "24", "22", "28", "23", "18", "25", "8", "28", "25", 0, 0, "26", "32", "23", "27", "24", "16", "22", "16", "28", "29", "21", "25", "24", "26", "14", "13", "19", "19", 0, 0], "AVG TOI/SH": ["00:42", "00:45", "00:46", "00:43", "00:42", "00:43", "00:38", "00:32", "00:41", "00:43", "00:36", "00:41", "00:31", "00:40", "00:44", "00:34", "00:44", "00:40", 0, 0, "00:51", "00:47", "00:42", "00:49", "00:48", "00:40", "00:47", "00:38", "00:47", "00:44", "00:46", "00:36", "00:44", "00:40", "00:52", "00:45", "00:40", "00:45", 0, 0], "PP": ["01:56", "00:00", "02:04", "00:00", "00:00", "00:00", "00:08", "00:00", "02:19", "02:19", "01:41", "01:44", "00:00", "01:41", "02:08", "00:00", "02:19", "01:41", 0, "04:00", "03:34", "04:29", "03:35", "03:37", "03:28", "00:04", "02:04", "00:32", "03:56", "03:04", "01:20", "00:13", "00:02", "00:00", "03:56", "02:02", "03:32", "00:32", 0, "08:00"], "SH": ["00:53", "03:50", "04:59", "04:45", "03:16", "00:00", "01:16", "01:37", "02:25", "00:00", "00:00", "03:12", "01:10", "01:31", "00:17", "00:00", "02:49", "00:00", 0, "08:00", "00:00", "00:43", "00:59", "00:48", "00:00", "00:00", "00:00", "01:18", "00:48", "02:23", "00:54", "00:56", "01:37", "02:23", "01:17", "00:00", "00:00", "01:54", 0, "04:00"], "EV": ["18:36", "15:43", "18:00", "15:35", "15:44", "07:55", "17:19", "10:55", "15:28", "15:10", "11:35", "14:22", "10:59", "08:53", "16:12", "04:33", "15:40", "15:21", 0, "50:30", "18:35", "20:14", "11:44", "17:46", "16:05", "10:44", "15:27", "08:32", "17:15", "16:13", "14:05", "14:05", "16:03", "15:13", "07:03", "07:50", "09:14", "11:52", 0, "50:30"], "S": ["1", "1", "2", 0, 0, 0, "1", 0, "1", 0, "1", 0, "3", "1", "1", 0, "2", "1", 0, 0, "4", "2", 0, "5", "5", 0, "3", "2", "5", "2", 0, 0, 0, 0, "1", "2", "2", "2", 0, 0], "A/B": ["3", 0, 0, 0, 0, 0, 0, "1", 0, "2", 0, 0, 0, 0, "2", 0, 0, "1", 0, 0, "1", "2", "1", "2", "2", 0, 0, 0, "2", "1", "1", "1", "4", "2", 0, "1", 0, 0, 0, 0], "MS": ["1", "1", "2", 0, 0, 0, 0, 0, "1", "2", "1", 0, "2", "2", "1", 0, "1", 0, 0, 0, "1", "3", 0, 0, "2", "1", "1", "2", "3", "1", "2", 0, 0, 0, 0, "1", "2", "2", 0, 0], "HT": ["1", "2", "3", "2", 0, 0, "1", "5", "3", "1", "5", "1", "2", 0, "5", "2", "1", 0, 0, 0, "3", "1", 0, "1", "2", "3", "2", "5", "7", 0, "1", "6", "1", "3", 0, 0, "3", 0, 0, 0], "GV": ["1", "1", "2", "1", 0, 0, "1", 0, "1", "1", 0, 0, 0, "1", 0, 0, 0, 0, 0, 0, "1", "2", "2", "1", "1", "2", 0, 0, "2", "1", 0, 0, 0, 0, "1", "1", "1", 0, 0, 0], "TK": [0, 0, 0, 0, 0, 0, 0, 0, 0, 0, 0, 0, 0, 0, 0, 0, "1", 0, 0, 0, 0, 0, 0, 0, 0, 0, 0, 0, 0, 0, 0, 0, 0, 0, 0, 0, 0, 0, 0, 0], "BS": ["1", "7", "4", "3", 0, 0, 0, 0, "2", "1", "1", "1", 0, 0, 0, 0, 0, 0, 0, 0, 0, 0, 0, 0, 0, 0, "4", 0, "1", "2", "1", 0, 0, "1", 0, 0, 0, 0, 0, 0], "FW": [0, 0, 0, 0, "3", "0", 0, "2", "8", 0, 0, "9", 0, "3", 0, 0, "0", 0, 0, 0, 0, 0, "6", "18", 0, 0, 0, "2", 0, 0, 0, "5", 0, 0, "3", 0, 0, 0, 0, 0], "FL": [0, 0, 0, 0, "6", "1", 0, "4", "7", 0, 0, "9", 0, "4", 0, 0, "3", 0, 0, 0, 0, 0, "8", "11", 0, 0, 0, "1", 0, 0, 0, "4", 0, 0, "1", 0, 0, 0, 0, 0], "F%": [0, 0, 0, 0, "33", "0", 0, "33", "53", 0, 0, "50", 0, "43", 0, 0, "0", 0, 0, 0, 0, 0, "43", "62", 0, 0, 0, "67", 0, 0, 0, "56", 0, 0, "75", 0, 0, 0, 0, 0], "team": ["NEW JERSEY DEVILS ", "NEW JERSEY DEVILS ", "NEW JERSEY DEVILS ", "NEW JERSEY DEVILS ", "NEW JERSEY DEVILS ", "NEW JERSEY DEVILS ", "NEW JERSEY DEVILS ", "NEW JERSEY DEVILS ", "NEW JERSEY DEVILS ", "NEW JERSEY DEVILS ", "NEW JERSEY DEVILS ", "NEW JERSEY DEVILS ", "NEW JERSEY DEVILS ", "NEW JERSEY DEVILS ", "NEW JERSEY DEVILS ", "NEW JERSEY DEVILS ", "NEW JERSEY DEVILS ", "NEW JERSEY DEVILS ", "NEW JERSEY DEVILS ", "NEW JERSEY DEVILS ", "LOS ANGELES KINGS ", "LOS ANGELES KINGS ", "LOS ANGELES KINGS ", "LOS ANGELES KINGS ", "LOS ANGELES KINGS ", "LOS ANGELES KINGS ", "LOS ANGELES KINGS ", "LOS ANGELES KINGS ", "LOS ANGELES KINGS ", "LOS ANGELES KINGS ", "LOS ANGELES KINGS ", "LOS ANGELES KINGS ", "LOS ANGELES KINGS ", "LOS ANGELES KINGS ", "LOS ANGELES KINGS ", "LOS ANGELES KINGS ", "LOS ANGELES KINGS ", "LOS ANGELES KINGS ", "LOS ANGELES KINGS ", "LOS ANGELES KINGS "], "GA": [0, 0, 0, 0, 0, 0, 0, 0, 0, 0, 0, 0, 0, 0, 0, 0, 0, 0, 0.0, "1", 0, 0, 0, 0, 0, 0, 0, 0, 0, 0, 0, 0, 0, 0, 0, 0, 0, 0, 0, "2"], "SA": [0, 0, 0, 0, 0, 0, 0, 0, 0, 0, 0, 0, 0, 0, 0, 0, 0, 0, 0.0, "35", 0, 0, 0, 0, 0, 0, 0, 0, 0, 0, 0, 0, 0, 0, 0, 0, 0, 0, 0, "15"]}}