{"game_info": {"date": "2014-01-06", "visitor": "CALGARY FLAMES ", "home": "COLORADO AVALANCHE ", "game_id": 646, "status": "final"}, "player_stats": {"number": ["3", "5", "6", "7", "8", "11", "13", "15", "16", "17", "18", "22", "23", "24", "32", "39", "44", "55", "29", "31", 0, "2", "4", "6", "7", "8", "9", "11", "16", "24", "25", "26", "29", "42", "55", "58", "61", "90", "92", "1", "35", 0], "position": ["D", "D", "D", "D", "C", "C", "L", "R", "R", "L", "C", "R", "C", "C", "C", "L", "D", "D", "G", "G", 0, "D", "D", "D", "C", "D", "C", "L", "D", "R", "C", "C", "C", "C", "L", "L", "D", "C", "L", "G", "G", 0], "name": ["SMID, LADISLAV", "GIORDANO, MARK", "WIDEMAN, DENNIS", "BRODIE, TJ", "COLBORNE, JOE", "BACKLUND, MIKAEL", "CAMMALLERI, MIKE", "WESTGARTH, KEVIN", "MCGRATTAN, BRIAN", "BOUMA, LANCE", "STAJAN, MATT", "STEMPNIAK, LEE", "MONAHAN, SEAN", "HUDLER, JIRI", "BYRON, PAUL", "GALIARDI, TJ", "BUTLER, CHRIS", "O'BRIEN, SHANE", "BERRA, RETO", "RAMO, KARRI", "TEAM PENALTY", "HOLDEN, NICK", "BARRIE, TYSON", "JOHNSON, ERIK", "MITCHELL, JOHN", "HEJDA, JAN", "DUCHENE, MATT", "MCGINN, JAMIE", "SARICH, CORY", "CLICHE, MARC-ANDRE", "TALBOT, MAXIME", "STASTNY, PAUL", "MACKINNON, NATHAN", "MALONE, BRAD", "MCLEOD, CODY", "BORDELEAU, PATRICK", "BENOIT, ANDRE", "O'REILLY, RYAN", "LANDESKOG, GABRIEL", "VARLAMOV, SEMYON", "GIGUERE, JEAN-SEBASTIEN", "TEAM PENALTY"], "G": [0, 0, 0, 0, "1", 0, "1", 0, 0, 0, 0, 0, "1", "1", 0, 0, 0, 0, 0, 0, 0, 0, 0, 0, 0, 0, 0, 0, 0, 0, 0, "1", "2", 0, 0, 0, 0, 0, 0, 0, 0, 0], "A": [0, "1", "1", 0, "1", "1", 0, 0, 0, 0, 0, "1", 0, "1", 0, "1", 0, "1", 0, 0, 0, 0, "1", 0, 0, "1", 0, 0, 0, 0, 0, "2", 0, 0, 0, 0, "1", 0, "1", 0, 0, 0], "P": [0, "1", "1", 0, "2", "1", "1", 0, 0, 0, 0, "1", "1", "2", 0, "1", 0, "1", 0, 0, 0, 0, "1", 0, 0, "1", 0, 0, 0, 0, 0, "3", "2", 0, 0, 0, "1", 0, "1", 0, 0, 0], "+/-": ["+1", 0, "+1", 0, "+1", 0, "+1", "+1", 0, "-1", 0, 0, "+1", "+1", "+1", "+1", "+1", "+1", 0, 0, 0, 0, "-1", "+1", "-1", "+1", "-1", "-2", "-3", "-1", "-1", "+1", 0, "-1", "-1", "-1", "-2", "+1", "+1", 0, 0, 0], "PN": [0, 0, 0, 0, "1", 0, "1", "1", 0, 0, 0, 0, 0, 0, 0, 0, 0, 0, 0, 0, "1", 0, 0, 0, 0, 0, 0, "1", 0, 0, 0, "1", 0, 0, 0, 0, 0, 0, 0, 0, 0, "1"], "PIM": [0, 0, 0, 0, "2", 0, "2", "2", 0, 0, 0, 0, 0, 0, 0, 0, 0, 0, 0, 0, "2", 0, 0, 0, 0, 0, 0, "2", 0, 0, 0, "2", 0, 0, 0, 0, 0, 0, 0, 0, 0, "2"], "TOT": ["22:25", "27:03", "21:35", "22:35", "11:41", "20:06", "19:43", "09:51", "06:14", "13:52", "16:50", "16:13", "13:32", "18:55", "14:15", "12:18", "16:09", "10:13", 0, "60:00", 0, "18:27", "19:55", "25:50", "14:43", "20:17", "18:18", "18:04", "16:47", "10:08", "16:54", "19:11", "14:28", "05:33", "14:16", "05:51", "18:44", "20:08", "18:51", 0, "58:19", 0], "SHF": ["32", "29", "28", "31", "17", "27", "25", "16", "10", "23", "23", "25", "20", "24", "22", "19", "23", "15", 0, 0, 0, "26", "23", "27", "21", "26", "21", "21", "24", "17", "21", "23", "19", "11", "20", "11", "26", "25", "22", 0, 0, 0], "AVG TOI/SH": ["00:42", "00:55", "00:46", "00:43", "00:41", "00:44", "00:47", "00:36", "00:37", "00:36", "00:43", "00:38", "00:40", "00:47", "00:38", "00:38", "00:42", "00:40", 0, 0, 0, "00:42", "00:51", "00:57", "00:42", "00:46", "00:52", "00:51", "00:41", "00:35", "00:48", "00:50", "00:45", "00:30", "00:42", "00:31", "00:43", "00:48", "00:51", 0, 0, 0], "PP": ["00:01", "04:44", "04:22", "00:51", "02:43", "02:31", "03:01", "00:00", "00:00", "00:01", "00:29", "01:05", "01:54", "03:40", "00:47", "00:01", "00:50", "00:00", 0, "05:24", 0, "02:08", "04:12", "03:29", "00:00", "00:00", "02:54", "02:54", "00:00", "00:00", "00:00", "03:36", "03:36", "00:00", "00:00", "00:00", "03:11", "02:54", "03:36", 0, "06:30", 0], "SH": ["02:39", "03:51", "00:00", "02:50", "00:00", "01:55", "00:04", "00:00", "00:00", "02:48", "04:06", "01:35", "00:00", "00:00", "01:57", "00:35", "03:40", "00:00", 0, "06:30", 0, "00:27", "00:01", "03:08", "01:48", "03:34", "00:00", "00:00", "01:49", "03:35", "03:10", "00:00", "00:00", "00:00", "01:28", "00:00", "01:49", "00:46", "00:01", 0, "05:24", 0], "EV": ["19:45", "18:28", "17:13", "18:54", "08:58", "15:40", "16:38", "09:51", "06:14", "11:03", "12:15", "13:33", "11:38", "15:15", "11:31", "11:42", "11:39", "10:13", 0, "48:06", 0, "15:52", "15:42", "19:13", "12:55", "16:43", "15:24", "15:10", "14:58", "06:33", "13:44", "15:35", "10:52", "05:33", "12:48", "05:51", "13:44", "16:28", "15:14", 0, "46:25", 0], "S": [0, 0, 0, "1", "2", 0, "5", "2", 0, "2", 0, "2", "2", "1", 0, "1", 0, "1", 0, 0, 0, "1", 0, "3", "1", 0, "2", "4", "1", "2", "1", "1", "6", "1", 0, 0, "1", 0, "1", 0, 0, 0], "A/B": [0, "2", "1", "1", 0, 0, "2", 0, 0, 0, "1", 0, 0, 0, "3", 0, "2", 0, 0, 0, 0, 0, "3", "1", 0, 0, 0, "1", 0, 0, 0, "1", "1", "1", "1", 0, "1", 0, "2", 0, 0, 0], "MS": ["2", "1", 0, "2", 0, 0, "3", 0, 0, "2", "1", 0, "2", 0, 0, "2", "1", "1", 0, 0, 0, 0, "1", 0, "1", 0, "1", "1", "1", 0, 0, 0, 0, 0, 0, 0, 0, "3", 0, 0, 0, 0], "HT": ["1", 0, "1", 0, "2", 0, 0, "1", 0, "3", "2", "1", "2", 0, 0, "1", 0, "1", 0, 0, 0, "1", 0, 0, "1", 0, "1", "1", "3", 0, "1", "1", 0, "1", "3", "1", 0, 0, "3", 0, 0, 0], "GV": [0, 0, 0, 0, "1", 0, 0, 0, 0, 0, 0, 0, 0, 0, 0, 0, 0, 0, 0, 0, 0, 0, 0, "1", "1", 0, 0, "1", 0, 0, 0, 0, 0, 0, 0, 0, 0, 0, "1", 0, 0, 0], "TK": [0, "3", 0, 0, 0, "1", 0, 0, 0, 0, "2", 0, 0, "1", 0, 0, "1", 0, 0, 0, 0, 0, "1", "1", 0, "1", 0, "1", 0, 0, "2", 0, 0, 0, 0, 0, 0, "2", 0, 0, 0, 0], "BS": ["3", "1", 0, 0, "1", 0, "1", 0, 0, "1", "1", 0, "1", 0, 0, 0, "2", "1", 0, 0, 0, "1", "1", "2", "2", "1", "1", 0, 0, 0, 0, 0, 0, 0, 0, "1", "2", "1", 0, 0, 0, 0], "FW": [0, 0, 0, 0, "10", "11", "2", 0, 0, 0, "7", "1", "3", 0, 0, "0", 0, 0, 0, 0, 0, 0, 0, 0, "5", 0, "7", 0, 0, "7", "1", "10", "1", "1", 0, 0, 0, "1", 0, 0, 0, 0], "FL": [0, 0, 0, 0, "4", "9", "2", 0, 0, 0, "11", "0", "6", 0, 0, "1", 0, 0, 0, 0, 0, 0, 0, 0, "6", 0, "6", 0, 0, "5", "5", "8", "1", "2", 0, 0, 0, "1", 0, 0, 0, 0], "F%": [0, 0, 0, 0, "71", "55", "50", 0, 0, 0, "39", "100", "33", 0, 0, "0", 0, 0, 0, 0, 0, 0, 0, 0, "45", 0, "54", 0, 0, "58", "17", "56", "50", "33", 0, 0, 0, "50", 0, 0, 0, 0], "team": ["CALGARY FLAMES ", "CALGARY FLAMES ", "CALGARY FLAMES ", "CALGARY FLAMES ", "CALGARY FLAMES ", "CALGARY FLAMES ", "CALGARY FLAMES ", "CALGARY FLAMES ", "CALGARY FLAMES ", "CALGARY FLAMES ", "CALGARY FLAMES ", "CALGARY FLAMES ", "CALGARY FLAMES ", "CALGARY FLAMES ", "CALGARY FLAMES ", "CALGARY FLAMES ", "CALGARY FLAMES ", "CALGARY FLAMES ", "CALGARY FLAMES ", "CALGARY FLAMES ", "CALGARY FLAMES ", "COLORADO AVALANCHE ", "COLORADO AVALANCHE ", "COLORADO AVALANCHE ", "COLORADO AVALANCHE ", "COLORADO AVALANCHE ", "COLORADO AVALANCHE ", "COLORADO AVALANCHE ", "COLORADO AVALANCHE ", "COLORADO AVALANCHE ", "COLORADO AVALANCHE ", "COLORADO AVALANCHE ", "COLORADO AVALANCHE ", "COLORADO AVALANCHE ", "COLORADO AVALANCHE ", "COLORADO AVALANCHE ", "COLORADO AVALANCHE ", "COLORADO AVALANCHE ", "COLORADO AVALANCHE ", "COLORADO AVALANCHE ", "COLORADO AVALANCHE ", "COLORADO AVALANCHE "], "GA": [0, 0, 0, 0, 0, 0, 0, 0, 0, 0, 0, 0, 0, 0, 0, 0, 0, 0, 0.0, "3", 0, 0, 0, 0, 0, 0, 0, 0, 0, 0, 0, 0, 0, 0, 0, 0, 0, 0, 0, 0, "4", 0], "SA": [0, 0, 0, 0, 0, 0, 0, 0, 0, 0, 0, 0, 0, 0, 0, 0, 0, 0, 0.0, "25", 0, 0, 0, 0, 0, 0, 0, 0, 0, 0, 0, 0, 0, 0, 0, 0, 0, 0, 0, 0, "19", 0]}}