{"game_info": {"date": "2014-03-10", "visitor": "TORONTO MAPLE LEAFS ", "home": "ANAHEIM DUCKS ", "game_id": 975, "status": "final"}, "player_stats": {"number": ["3", "4", "8", "11", "12", "15", "19", "21", "24", "36", "40", "41", "42", "43", "44", "51", "71", "81", "34", "45", 0, "4", "6", "7", "8", "10", "11", "13", "15", "21", "23", "28", "33", "34", "39", "47", "55", "62", "67", "1", "31"], "position": ["D", "D", "D", "C", "L", "D", "R", "L", "C", "D", "R", "L", "C", "C", "D", "D", "R", "C", "G", "G", 0, "D", "D", "C", "R", "R", "C", "C", "C", "C", "D", "D", "R", "C", "L", "D", "D", "L", "R", "G", "G"], "name": ["PHANEUF, DION", "FRANSON, CODY", "GLEASON, TIM", "MCCLEMENT, JAY", "RAYMOND, MASON", "RANGER, PAUL", "LUPUL, JOFFREY", "VAN RIEMSDYK, JAMES", "HOLLAND, PETER", "GUNNARSSON, CARL", "BODIE, TROY", "KULEMIN, NIKOLAI", "BOZAK, TYLER", "KADRI, NAZEM", "RIELLY, MORGAN", "GARDINER, JAKE", "CLARKSON, DAVID", "KESSEL, PHIL", "REIMER, JAMES", "BERNIER, JONATHAN", "TEAM PENALTY", "FOWLER, CAM", "LOVEJOY, BEN", "COGLIANO, ANDREW", "SELANNE, TEEMU", "PERRY, COREY", "KOIVU, SAKU", "BONINO, NICK", "GETZLAF, RYAN", "PALMIERI, KYLE", "BEAUCHEMIN, FRANCOIS", "FISTRIC, MARK", "SILFVERBERG, JAKOB", "WINNIK, DANIEL", "BELESKEY, MATT", "LINDHOLM, HAMPUS", "ALLEN, BRYAN", "MAROON, PATRICK", "RAKELL, RICKARD", "HILLER, JONAS", "ANDERSEN, FREDERIK"], "G": [0, 0, 0, 0, 0, "1", 0, 0, 0, 0, 0, 0, "1", 0, 0, 0, 0, "1", 0, 0, 0, 0, 0, 0, 0, "1", 0, 0, 0, 0, 0, 0, 0, 0, 0, 0, 0, 0, 0, 0, 0], "A": ["1", 0, 0, 0, 0, 0, 0, "1", 0, 0, 0, 0, "2", 0, 0, 0, 0, "2", 0, 0, 0, 0, 0, 0, 0, 0, 0, 0, "1", 0, 0, 0, 0, 0, 0, 0, 0, "1", 0, 0, 0], "P": ["1", 0, 0, 0, 0, "1", 0, "1", 0, 0, 0, 0, "3", 0, 0, 0, 0, "3", 0, 0, 0, 0, 0, 0, 0, "1", 0, 0, "1", 0, 0, 0, 0, 0, 0, 0, 0, "1", 0, 0, 0], "+/-": [0, 0, 0, 0, 0, "+1", "-1", "+2", 0, 0, 0, 0, "+2", "-1", "+1", 0, 0, "+1", 0, 0, 0, "-1", 0, 0, "-1", "-1", 0, 0, 0, 0, "-1", 0, 0, "-1", 0, 0, 0, "+1", "-1", 0, 0], "PN": ["1", 0, "3", 0, 0, 0, 0, 0, 0, 0, 0, 0, 0, "1", 0, 0, "3", 0, 0, 0, "1", 0, "3", 0, 0, 0, "1", 0, 0, 0, 0, 0, 0, 0, 0, 0, "1", "2", 0, 0, 0], "PIM": ["2", 0, "9", 0, 0, 0, 0, 0, 0, 0, 0, 0, 0, "2", 0, 0, "12", 0, 0, 0, "2", 0, "9", 0, 0, 0, "2", 0, 0, 0, 0, 0, 0, 0, 0, 0, "5", "7", 0, 0, 0], "TOT": ["20:03", "17:44", "11:16", "13:20", "15:55", "16:05", "16:28", "22:19", "11:08", "23:56", "07:18", "18:03", "20:30", "14:15", "13:51", "17:38", "09:17", "20:54", 0, "60:00", 0, "29:36", "16:28", "12:00", "14:11", "24:21", "13:10", "16:30", "26:35", "12:32", "26:00", "12:03", "15:49", "09:43", "14:40", "20:16", "09:55", "13:54", "10:26", 0, "57:44"], "SHF": ["30", "25", "20", "21", "23", "24", "22", "34", "13", "34", "8", "26", "32", "22", "21", "23", "12", "27", 0, 0, 0, "32", "22", "17", "16", "26", "17", "18", "26", "18", "31", "18", "19", "14", "19", "25", "16", "15", "13", 0, 0], "AVG TOI/SH": ["00:40", "00:42", "00:33", "00:38", "00:41", "00:40", "00:44", "00:39", "00:51", "00:42", "00:54", "00:41", "00:38", "00:38", "00:39", "00:46", "00:46", "00:46", 0, 0, 0, "00:55", "00:44", "00:42", "00:53", "00:56", "00:46", "00:55", "01:01", "00:41", "00:50", "00:40", "00:49", "00:41", "00:46", "00:48", "00:37", "00:55", "00:48", 0, 0], "PP": ["02:07", "00:46", "00:00", "00:00", "00:45", "00:00", "00:45", "01:22", "00:00", "00:00", "00:00", "00:00", "01:08", "00:59", "00:00", "01:14", "00:00", "01:22", 0, "02:07", 0, "05:05", "00:08", "00:02", "03:36", "04:50", "00:41", "04:28", "06:42", "00:22", "03:37", "00:00", "03:16", "00:02", "02:29", "03:08", "00:00", "00:39", "00:55", 0, "08:00"], "SH": ["03:13", "01:58", "02:31", "05:40", "02:12", "03:39", "00:00", "03:24", "00:00", "04:39", "00:00", "03:44", "01:00", "00:00", "00:00", "00:00", "00:00", "00:00", 0, "08:00", 0, "00:17", "00:00", "00:59", "00:00", "00:02", "01:15", "00:28", "00:52", "00:02", "02:05", "00:42", "00:00", "00:38", "00:00", "00:00", "01:01", "00:00", "00:00", 0, "02:07"], "EV": ["14:43", "15:00", "08:45", "07:40", "12:58", "12:26", "15:43", "17:33", "11:08", "19:17", "07:18", "14:19", "18:22", "13:16", "13:51", "16:24", "09:17", "19:32", 0, "49:53", 0, "24:14", "16:20", "10:59", "10:35", "19:29", "11:14", "11:34", "19:01", "12:08", "20:18", "11:21", "12:33", "09:03", "12:11", "17:08", "08:54", "13:15", "09:31", 0, "47:37"], "S": [0, "2", 0, 0, "2", "3", "1", "1", "1", "1", 0, 0, "2", 0, "2", "2", 0, "6", 0, 0, 0, "2", "1", "1", "2", "8", "2", "1", "4", "2", "5", "1", "2", "2", "1", "4", "2", "3", "1", 0, 0], "A/B": [0, "1", 0, 0, "2", "1", 0, 0, 0, "1", "1", "1", "1", 0, "1", "1", "2", 0, 0, 0, 0, "1", 0, "1", "2", "3", 0, "1", 0, "2", "3", 0, "1", 0, "5", "1", "1", "3", 0, 0, 0], "MS": ["1", 0, 0, 0, 0, "1", "2", 0, 0, 0, 0, "1", 0, "1", 0, 0, 0, 0, 0, 0, 0, "2", 0, "1", "1", "4", "1", 0, "4", 0, "1", "1", "1", 0, "2", "1", "1", "2", "1", 0, 0], "HT": ["6", "2", 0, 0, 0, "4", "1", 0, 0, "2", "1", "2", 0, "1", "2", 0, "4", 0, 0, 0, 0, "1", "3", 0, 0, 0, 0, 0, "1", "1", "1", "3", "4", 0, "2", "3", 0, "2", 0, 0, 0], "GV": ["1", "1", 0, 0, "2", 0, "2", "1", 0, 0, 0, "1", "1", 0, 0, 0, 0, "1", 0, 0, 0, "1", 0, 0, 0, "3", 0, 0, 0, 0, "2", 0, 0, "2", 0, 0, "1", 0, 0, 0, 0], "TK": [0, 0, "1", "1", 0, "1", 0, "2", 0, "1", 0, 0, "2", 0, 0, 0, 0, 0, 0, 0, 0, 0, 0, 0, 0, 0, 0, 0, 0, 0, 0, 0, 0, "1", "1", "1", 0, "1", 0, 0, 0], "BS": ["8", "1", "1", "1", 0, "3", "1", 0, 0, "5", 0, "1", "1", 0, 0, "1", 0, "1", 0, 0, 0, "2", "2", 0, 0, "1", 0, 0, 0, 0, "1", "2", 0, "1", 0, "1", "2", 0, 0, 0, 0], "FW": [0, 0, 0, "10", 0, 0, 0, "1", "5", 0, 0, 0, "14", "8", 0, 0, 0, 0, 0, 0, 0, 0, 0, 0, "1", 0, "5", "9", "14", 0, 0, 0, 0, 0, "0", 0, 0, "0", "3", 0, 0], "FL": [0, 0, 0, "9", 0, 0, 0, "0", "4", 0, 0, 0, "16", "3", 0, 0, 0, 0, 0, 0, 0, 0, 0, 0, "3", 0, "9", "9", "9", 0, 0, 0, 0, 0, "2", 0, 0, "1", "5", 0, 0], "F%": [0, 0, 0, "53", 0, 0, 0, "100", "56", 0, 0, 0, "47", "73", 0, 0, 0, 0, 0, 0, 0, 0, 0, 0, "25", 0, "36", "50", "61", 0, 0, 0, 0, 0, "0", 0, 0, "0", "38", 0, 0], "team": ["TORONTO MAPLE LEAFS ", "TORONTO MAPLE LEAFS ", "TORONTO MAPLE LEAFS ", "TORONTO MAPLE LEAFS ", "TORONTO MAPLE LEAFS ", "TORONTO MAPLE LEAFS ", "TORONTO MAPLE LEAFS ", "TORONTO MAPLE LEAFS ", "TORONTO MAPLE LEAFS ", "TORONTO MAPLE LEAFS ", "TORONTO MAPLE LEAFS ", "TORONTO MAPLE LEAFS ", "TORONTO MAPLE LEAFS ", "TORONTO MAPLE LEAFS ", "TORONTO MAPLE LEAFS ", "TORONTO MAPLE LEAFS ", "TORONTO MAPLE LEAFS ", "TORONTO MAPLE LEAFS ", "TORONTO MAPLE LEAFS ", "TORONTO MAPLE LEAFS ", "TORONTO MAPLE LEAFS ", "ANAHEIM DUCKS ", "ANAHEIM DUCKS ", "ANAHEIM DUCKS ", "ANAHEIM DUCKS ", "ANAHEIM DUCKS ", "ANAHEIM DUCKS ", "ANAHEIM DUCKS ", "ANAHEIM DUCKS ", "ANAHEIM DUCKS ", "ANAHEIM DUCKS ", "ANAHEIM DUCKS ", "ANAHEIM DUCKS ", "ANAHEIM DUCKS ", "ANAHEIM DUCKS ", "ANAHEIM DUCKS ", "ANAHEIM DUCKS ", "ANAHEIM DUCKS ", "ANAHEIM DUCKS ", "ANAHEIM DUCKS ", "ANAHEIM DUCKS "], "GA": [0, 0, 0, 0, 0, 0, 0, 0, 0, 0, 0, 0, 0, 0, 0, 0, 0, 0, 0.0, "1", 0, 0, 0, 0, 0, 0, 0, 0, 0, 0, 0, 0, 0, 0, 0, 0, 0, 0, 0, 0, "3"], "SA": [0, 0, 0, 0, 0, 0, 0, 0, 0, 0, 0, 0, 0, 0, 0, 0, 0, 0, 0.0, "44", 0, 0, 0, 0, 0, 0, 0, 0, 0, 0, 0, 0, 0, 0, 0, 0, 0, 0, 0, 0, "23"]}}