{"game_info": {"date": "2014-03-27", "visitor": "BUFFALO SABRES ", "home": "NASHVILLE PREDATORS ", "game_id": 1099, "status": "final"}, "player_stats": {"number": ["4", "5", "6", "10", "19", "20", "21", "22", "23", "27", "32", "37", "44", "55", "63", "65", "82", "88", "31", "50", 0, "4", "5", "6", "7", "12", "13", "15", "16", "19", "24", "25", "27", "33", "42", "57", "59", "64", "84", "30", "35"], "position": ["D", "D", "D", "D", "C", "D", "R", "L", "L", "R", "L", "L", "L", "D", "C", "C", "L", "C", "G", "G", 0, "D", "D", "D", "C", "C", "C", "C", "L", "C", "L", "L", "R", "C", "D", "L", "D", "D", "C", "G", "G"], "name": ["MCBAIN, JAMIE", "RUHWEDEL, CHAD", "WEBER, MIKE", "EHRHOFF, CHRISTIAN", "HODGSON, CODY", "TALLINDER, HENRIK", "STAFFORD, DREW", "LARSSON, JOHAN", "LEINO, VILLE", "D'AGOSTINI, MATT", "SCOTT, JOHN", "ELLIS, MATT", "DESLAURIERS, NICOLAS", "RISTOLAINEN, RASMUS", "ENNIS, TYLER", "FLYNN, BRIAN", "FOLIGNO, MARCUS", "CONACHER, CORY", "HACKETT, MATT", "LIEUWEN, NATHAN", "TEAM PENALTY", "ELLIS, RYAN", "DEL ZOTTO, MICHAEL", "WEBER, SHEA", "CULLEN, MATT", "FISHER, MIKE", "SPALING, NICK", "SMITH, CRAIG", "CLUNE, RICH", "JARNKROK, CALLE", "NYSTROM, ERIC", "STALBERG, VIKTOR", "HORNQVIST, PATRIC", "WILSON, COLIN", "EKHOLM, MATTIAS", "BOURQUE, GABRIEL", "JOSI, ROMAN", "BARTLEY, VICTOR", "SISSONS, COLTON", "HUTTON, CARTER", "RINNE, PEKKA"], "G": [0, 0, 0, 0, 0, 0, 0, 0, 0, 0, 0, 0, 0, "1", 0, 0, 0, 0, 0, 0, 0, 0, 0, "2", 0, 0, 0, 0, 0, "1", "1", 0, 0, "1", 0, 0, 0, 0, "1", 0, 0], "A": [0, 0, 0, 0, 0, 0, 0, "1", 0, 0, 0, 0, 0, 0, 0, "1", 0, 0, 0, 0, 0, 0, 0, 0, "1", "1", "1", "1", "2", 0, "1", "1", "1", 0, 0, "1", "1", 0, 0, 0, 0], "P": [0, 0, 0, 0, 0, 0, 0, "1", 0, 0, 0, 0, 0, "1", 0, "1", 0, 0, 0, 0, 0, 0, 0, "2", "1", "1", "1", "1", "2", "1", "2", "1", "1", "1", 0, "1", "1", 0, "1", 0, 0], "+/-": ["-2", "-2", "-1", "-1", 0, "-2", "-3", "-1", 0, 0, 0, 0, 0, 0, "-3", "-1", "-3", "-1", 0, 0, 0, 0, "+1", "+3", "+1", "+1", 0, "+1", "+2", "+1", "+2", 0, "+1", 0, 0, "+1", "+3", "+1", "+2", 0, 0], "PN": [0, 0, 0, 0, 0, "1", 0, "1", 0, 0, 0, 0, "2", 0, 0, 0, 0, 0, 0, 0, "1", 0, "1", 0, 0, "1", 0, 0, "1", 0, 0, 0, 0, "1", 0, 0, 0, "1", 0, 0, 0], "PIM": [0, 0, 0, 0, 0, "2", 0, "2", 0, 0, 0, 0, "7", 0, 0, 0, 0, 0, 0, 0, "2", 0, "2", 0, 0, "2", 0, 0, "2", 0, 0, 0, 0, "2", 0, 0, 0, "5", 0, 0, 0], "TOT": ["23:13", "16:57", "21:09", "19:24", "17:38", "17:34", "19:46", "18:00", "00:58", "16:52", "10:38", "09:01", "16:30", "19:33", "19:42", "16:15", "15:37", "15:35", "20:00", "40:00", 0, "21:45", "15:53", "23:48", "17:39", "16:49", "12:18", "15:21", "13:45", "13:04", "15:50", "12:45", "15:34", "14:00", "19:23", "14:25", "23:27", "15:44", "14:28", "60:00", 0], "SHF": ["29", "23", "25", "24", "27", "25", "25", "22", "2", "24", "15", "12", "22", "30", "24", "22", "20", "19", 0, 0, 0, "26", "20", "31", "24", "23", "19", "21", "21", "20", "21", "18", "20", "20", "27", "21", "31", "21", "22", 0, 0], "AVG TOI/SH": ["00:48", "00:44", "00:50", "00:48", "00:39", "00:42", "00:47", "00:49", "00:29", "00:42", "00:42", "00:45", "00:45", "00:39", "00:49", "00:44", "00:46", "00:49", 0, 0, 0, "00:50", "00:47", "00:46", "00:44", "00:43", "00:38", "00:43", "00:39", "00:39", "00:45", "00:42", "00:46", "00:42", "00:43", "00:41", "00:45", "00:44", "00:39", 0, 0], "PP": ["02:20", "00:00", "00:00", "01:45", "01:42", "00:01", "02:15", "00:00", "00:00", "01:59", "00:02", "00:00", "02:16", "01:42", "02:15", "00:00", "01:45", "02:08", "00:00", "04:02", 0, "01:45", "00:41", "03:27", "03:23", "03:23", "00:04", "00:41", "00:00", "00:41", "00:00", "00:04", "03:23", "00:04", "00:00", "00:41", "02:23", "00:00", "00:00", "04:08", 0], "SH": ["01:10", "00:45", "02:44", "02:24", "00:49", "00:26", "01:32", "01:14", "00:00", "00:00", "00:00", "01:17", "00:00", "00:47", "00:00", "01:19", "00:35", "00:00", "04:08", "00:00", 0, "00:00", "00:00", "03:01", "00:15", "00:36", "01:23", "00:12", "01:08", "00:12", "01:51", "00:00", "00:00", "00:02", "01:01", "00:51", "03:01", "01:01", "01:34", "04:02", 0], "EV": ["19:43", "16:12", "18:25", "15:15", "15:07", "17:07", "15:59", "16:46", "00:58", "14:53", "10:36", "07:44", "14:14", "17:04", "17:27", "14:56", "13:17", "13:27", "15:52", "35:58", 0, "20:00", "15:12", "17:20", "14:01", "12:50", "10:51", "14:28", "12:37", "12:11", "13:59", "12:41", "12:11", "13:54", "18:22", "12:53", "18:03", "14:43", "12:54", "51:50", 0], "S": ["1", "2", "1", "2", "3", 0, "3", "2", 0, "5", 0, "3", "4", "1", "3", 0, 0, "3", 0, 0, 0, "3", "2", "6", "3", "1", 0, "3", "2", "1", "3", "2", "2", "2", "1", "2", 0, 0, "1", 0, 0], "A/B": ["4", "1", "1", 0, "3", "1", "1", 0, 0, "1", 0, 0, "1", 0, "1", 0, "1", "1", 0, 0, 0, "1", 0, "1", "1", 0, 0, 0, 0, 0, "3", "1", 0, "1", "2", 0, "2", 0, 0, 0, 0], "MS": [0, 0, "2", "2", "1", 0, "2", 0, 0, "1", 0, 0, 0, 0, "1", 0, 0, 0, 0, 0, 0, 0, 0, "4", "2", 0, "1", 0, 0, 0, 0, "1", 0, "1", 0, 0, "1", 0, 0, 0, 0], "HT": [0, "1", "3", "1", "2", "1", "1", "2", 0, 0, "1", 0, 0, "1", 0, 0, 0, 0, 0, 0, 0, 0, "1", 0, 0, "1", 0, 0, "2", "1", "1", 0, 0, 0, 0, 0, 0, 0, 0, 0, 0], "GV": [0, "1", "2", 0, "1", 0, 0, 0, 0, "1", 0, 0, 0, 0, 0, 0, 0, 0, 0, 0, 0, "1", "1", 0, "2", 0, 0, 0, "1", 0, 0, 0, 0, 0, 0, "1", 0, 0, 0, 0, 0], "TK": ["1", 0, 0, 0, 0, 0, 0, 0, 0, 0, 0, "1", 0, "2", 0, 0, 0, 0, 0, 0, 0, "1", 0, "1", "1", 0, 0, 0, 0, 0, 0, 0, "1", "1", 0, 0, 0, 0, 0, 0, 0], "BS": [0, 0, "2", "2", 0, 0, 0, "3", 0, 0, "2", 0, 0, 0, "1", "1", "1", 0, 0, 0, 0, 0, "1", "2", 0, "1", 0, "1", "1", 0, "1", 0, "2", 0, "1", "1", "3", "2", 0, 0, 0], "FW": [0, 0, 0, 0, "8", 0, "6", "8", 0, "1", 0, "0", 0, 0, "6", "2", "1", 0, 0, 0, 0, 0, 0, 0, "6", "11", 0, 0, 0, "6", 0, 0, 0, "6", 0, 0, 0, 0, "7", 0, 0], "FL": [0, 0, 0, 0, "9", 0, "6", "6", 0, "1", 0, "2", 0, 0, "9", "3", "0", 0, 0, 0, 0, 0, 0, 0, "6", "5", 0, 0, 0, "7", 0, 0, 0, "4", 0, 0, 0, 0, "10", 0, 0], "F%": [0, 0, 0, 0, "47", 0, "50", "57", 0, "50", 0, "0", 0, 0, "40", "40", "100", 0, 0, 0, 0, 0, 0, 0, "50", "69", 0, 0, 0, "46", 0, 0, 0, "60", 0, 0, 0, 0, "41", 0, 0], "team": ["BUFFALO SABRES ", "BUFFALO SABRES ", "BUFFALO SABRES ", "BUFFALO SABRES ", "BUFFALO SABRES ", "BUFFALO SABRES ", "BUFFALO SABRES ", "BUFFALO SABRES ", "BUFFALO SABRES ", "BUFFALO SABRES ", "BUFFALO SABRES ", "BUFFALO SABRES ", "BUFFALO SABRES ", "BUFFALO SABRES ", "BUFFALO SABRES ", "BUFFALO SABRES ", "BUFFALO SABRES ", "BUFFALO SABRES ", "BUFFALO SABRES ", "BUFFALO SABRES ", "BUFFALO SABRES ", "NASHVILLE PREDATORS ", "NASHVILLE PREDATORS ", "NASHVILLE PREDATORS ", "NASHVILLE PREDATORS ", "NASHVILLE PREDATORS ", "NASHVILLE PREDATORS ", "NASHVILLE PREDATORS ", "NASHVILLE PREDATORS ", "NASHVILLE PREDATORS ", "NASHVILLE PREDATORS ", "NASHVILLE PREDATORS ", "NASHVILLE PREDATORS ", "NASHVILLE PREDATORS ", "NASHVILLE PREDATORS ", "NASHVILLE PREDATORS ", "NASHVILLE PREDATORS ", "NASHVILLE PREDATORS ", "NASHVILLE PREDATORS ", "NASHVILLE PREDATORS ", "NASHVILLE PREDATORS "], "GA": [0, 0, 0, 0, 0, 0, 0, 0, 0, 0, 0, 0, 0, 0, 0, 0, 0, 0, "4", "2", 0, 0, 0, 0, 0, 0, 0, 0, 0, 0, 0, 0, 0, 0, 0, 0, 0, 0, 0, "1", 0], "SA": [0, 0, 0, 0, 0, 0, 0, 0, 0, 0, 0, 0, 0, 0, 0, 0, 0, 0, "15", "19", 0, 0, 0, 0, 0, 0, 0, 0, 0, 0, 0, 0, 0, 0, 0, 0, 0, 0, 0, "33", 0]}}