{"game_info": {"date": "2013-12-19", "visitor": "COLUMBUS BLUE JACKETS ", "home": "PHILADELPHIA FLYERS ", "game_id": 525, "status": "final"}, "player_stats": {"number": ["5", "6", "7", "11", "13", "14", "17", "18", "19", "20", "26", "27", "38", "42", "51", "55", "58", "71", "30", "31", "5", "8", "9", "10", "12", "14", "17", "18", "19", "22", "24", "26", "28", "32", "36", "44", "76", "93", "29", "35"], "position": ["R", "D", "D", "L", "R", "L", "C", "C", "C", "D", "R", "D", "C", "C", "D", "C", "D", "L", "G", "G", "D", "D", "R", "C", "L", "C", "R", "R", "L", "D", "R", "D", "R", "D", "C", "D", "C", "R", "G", "G"], "name": ["SKILLE, JACK", "NIKITIN, NIKITA", "JOHNSON, JACK", "CALVERT, MATT", "ATKINSON, CAM", "COMEAU, BLAKE", "DUBINSKY, BRANDON", "UMBERGER, RJ", "JOHANSEN, RYAN", "ERIXON, TIM", "TROPP, COREY", "MURRAY, RYAN", "JENNER, BOONE", "ANISIMOV, ARTEM", "TYUTIN, FEDOR", "LETESTU, MARK", "SAVARD, DAVID", "FOLIGNO, NICK", "MCKENNA, MIKE", "MCELHINNEY, CURTIS", "COBURN, BRAYDON", "GROSSMANN, NICKLAS", "DOWNIE, STEVE", "SCHENN, BRAYDEN", "RAFFL, MICHAEL", "COUTURIER, SEAN", "SIMMONDS, WAYNE", "HALL, ADAM", "HARTNELL, SCOTT", "SCHENN, LUKE", "READ, MATT", "GUSTAFSSON, ERIK", "GIROUX, CLAUDE", "STREIT, MARK", "RINALDO, ZAC", "TIMONEN, KIMMO", "VANDEVELDE, CHRIS", "VORACEK, JAKUB", "EMERY, RAY", "MASON, STEVE"], "G": ["1", 0, 0, 0, "1", "1", 0, 0, 0, 0, 0, 0, 0, 0, 0, 0, 0, "1", 0, 0, "1", 0, 0, 0, 0, 0, 0, 0, 0, 0, 0, "1", "2", 0, 0, 0, 0, "1", 0, 0], "A": [0, "1", "1", 0, 0, 0, "1", 0, 0, 0, 0, "1", 0, "1", 0, "1", 0, 0, 0, 0, 0, 0, 0, 0, "1", 0, "1", 0, 0, 0, 0, 0, "2", "2", 0, 0, 0, "2", 0, 0], "P": ["1", "1", "1", 0, "1", "1", "1", 0, 0, 0, 0, "1", 0, "1", 0, "1", 0, "1", 0, 0, "1", 0, 0, 0, "1", 0, "1", 0, 0, 0, 0, "1", "4", "2", 0, 0, 0, "3", 0, 0], "+/-": [0, "+1", 0, "-1", "+2", "+1", "+1", "-3", "-3", "+1", "-2", "-2", "+2", "+1", 0, "-1", "-2", "-1", 0, 0, "-1", "+1", 0, 0, "+1", 0, "-1", 0, "+1", "-1", "-1", 0, "+3", "+3", 0, "+1", "-1", "+1", 0, 0], "PN": [0, "1", "1", 0, 0, 0, "1", 0, 0, "1", 0, 0, 0, 0, 0, 0, 0, 0, 0, 0, "1", 0, 0, 0, 0, 0, 0, 0, 0, 0, 0, 0, 0, 0, "1", 0, 0, 0, 0, 0], "PIM": [0, "2", "2", 0, 0, 0, "2", 0, 0, "2", 0, 0, 0, 0, 0, 0, 0, 0, 0, 0, "2", 0, 0, 0, 0, 0, 0, 0, 0, 0, 0, 0, 0, 0, "2", 0, 0, 0, 0, 0], "TOT": ["06:09", "16:03", "24:04", "18:14", "16:50", "11:58", "17:31", "16:57", "17:26", "14:17", "09:59", "21:28", "12:31", "15:25", "22:50", "13:17", "21:41", "18:10", 0, "58:39", "20:27", "18:23", "17:06", "16:49", "15:13", "17:09", "16:49", "08:01", "15:54", "16:52", "19:03", "17:05", "20:46", "22:26", "07:48", "19:44", "08:16", "18:58", 0, "59:11"], "SHF": ["9", "22", "27", "26", "24", "17", "23", "23", "21", "19", "14", "25", "16", "21", "27", "20", "24", "22", 0, 0, "24", "25", "20", "19", "21", "22", "19", "11", "19", "20", "21", "20", "21", "24", "11", "24", "11", "21", 0, 0], "AVG TOI/SH": ["00:41", "00:43", "00:53", "00:42", "00:42", "00:42", "00:45", "00:44", "00:49", "00:45", "00:42", "00:51", "00:46", "00:44", "00:50", "00:39", "00:54", "00:49", 0, 0, "00:51", "00:44", "00:51", "00:53", "00:43", "00:46", "00:53", "00:43", "00:50", "00:50", "00:54", "00:51", "00:59", "00:56", "00:42", "00:49", "00:45", "00:54", 0, 0], "PP": ["00:00", "00:45", "02:37", "01:28", "01:28", "00:00", "01:28", "01:47", "01:47", "00:00", "00:00", "00:38", "00:00", "00:00", "02:30", "00:00", "00:00", "01:47", 0, "03:15", "00:49", "00:04", "02:07", "01:55", "00:31", "01:48", "03:03", "00:00", "03:16", "00:00", "01:51", "00:05", "03:58", "02:07", "00:05", "03:24", "00:00", "03:47", 0, "05:46"], "SH": ["00:00", "00:31", "03:01", "01:32", "00:45", "00:14", "02:16", "01:17", "01:24", "00:31", "00:00", "02:14", "00:00", "02:16", "02:39", "02:11", "02:36", "00:04", 0, "05:19", "01:01", "00:38", "00:00", "00:00", "00:58", "02:17", "00:00", "01:12", "00:00", "01:50", "02:03", "00:44", "00:00", "00:00", "00:00", "02:17", "00:00", "00:00", 0, "03:15"], "EV": ["06:09", "14:47", "18:26", "15:14", "14:37", "11:44", "13:47", "13:53", "14:15", "13:46", "09:59", "18:36", "12:31", "13:09", "17:41", "11:06", "19:05", "16:19", 0, "50:05", "18:37", "17:41", "14:59", "14:54", "13:44", "13:04", "13:46", "06:49", "12:38", "15:02", "15:09", "16:16", "16:48", "20:19", "07:43", "14:03", "08:16", "15:11", 0, "50:10"], "S": ["2", "2", "4", 0, "4", "1", "2", "1", "3", 0, 0, "1", "3", "2", "1", "2", 0, "1", 0, 0, "4", "2", "1", "5", "1", "2", "2", 0, "1", "3", "4", "3", "2", 0, "1", "4", "1", "3", 0, 0], "A/B": [0, 0, "1", 0, 0, 0, "3", 0, "1", 0, 0, "1", 0, "1", "2", 0, 0, 0, 0, 0, "3", "2", "1", "2", 0, "1", "1", 0, "2", "2", 0, 0, "4", "1", 0, 0, 0, "1", 0, 0], "MS": [0, "1", 0, 0, 0, "1", "1", "3", 0, 0, 0, "1", 0, "1", 0, 0, 0, 0, 0, 0, "2", 0, 0, "1", "2", "3", "1", 0, 0, "1", "1", 0, "1", 0, "1", "1", 0, "2", 0, 0], "HT": ["2", "1", "2", "3", "2", "3", "4", "2", 0, "1", "1", 0, "2", 0, "1", 0, "2", "4", 0, 0, 0, "1", "1", 0, "2", 0, "1", "1", "2", "2", "1", 0, "1", "1", "1", 0, "3", 0, 0, 0], "GV": [0, "1", "2", 0, "1", "1", 0, 0, 0, 0, 0, 0, "1", "1", "1", 0, 0, "1", 0, 0, "1", 0, 0, 0, 0, 0, 0, 0, "1", 0, 0, 0, 0, "1", 0, "1", 0, "1", 0, "1"], "TK": [0, 0, 0, 0, 0, "2", 0, "1", "2", 0, 0, 0, "1", "1", 0, 0, "2", 0, 0, 0, "1", 0, "1", 0, "1", 0, "1", 0, 0, 0, "1", 0, 0, "1", 0, 0, 0, "1", 0, 0], "BS": ["2", "3", "3", 0, 0, "1", "1", "2", 0, "1", "1", "1", "1", 0, "2", 0, "1", "1", 0, 0, "1", "1", 0, 0, 0, 0, 0, "1", "1", 0, "2", 0, 0, 0, 0, "3", 0, 0, 0, 0], "FW": [0, 0, 0, 0, 0, 0, "11", 0, "5", 0, 0, 0, 0, "7", 0, "5", 0, "0", 0, 0, 0, 0, 0, "8", 0, "6", 0, "1", 0, 0, 0, 0, "14", 0, 0, 0, "2", 0, 0, 0], "FL": [0, 0, 0, 0, 0, 0, "7", 0, "9", 0, 0, 0, 0, "6", 0, "8", 0, "1", 0, 0, 0, 0, 0, "7", 0, "7", 0, "1", 0, 0, 0, 0, "12", 0, 0, 0, "1", 0, 0, 0], "F%": [0, 0, 0, 0, 0, 0, "61", 0, "36", 0, 0, 0, 0, "54", 0, "38", 0, "0", 0, 0, 0, 0, 0, "53", 0, "46", 0, "50", 0, 0, 0, 0, "54", 0, 0, 0, "67", 0, 0, 0], "team": ["COLUMBUS BLUE JACKETS ", "COLUMBUS BLUE JACKETS ", "COLUMBUS BLUE JACKETS ", "COLUMBUS BLUE JACKETS ", "COLUMBUS BLUE JACKETS ", "COLUMBUS BLUE JACKETS ", "COLUMBUS BLUE JACKETS ", "COLUMBUS BLUE JACKETS ", "COLUMBUS BLUE JACKETS ", "COLUMBUS BLUE JACKETS ", "COLUMBUS BLUE JACKETS ", "COLUMBUS BLUE JACKETS ", "COLUMBUS BLUE JACKETS ", "COLUMBUS BLUE JACKETS ", "COLUMBUS BLUE JACKETS ", "COLUMBUS BLUE JACKETS ", "COLUMBUS BLUE JACKETS ", "COLUMBUS BLUE JACKETS ", "COLUMBUS BLUE JACKETS ", "COLUMBUS BLUE JACKETS ", "PHILADELPHIA FLYERS ", "PHILADELPHIA FLYERS ", "PHILADELPHIA FLYERS ", "PHILADELPHIA FLYERS ", "PHILADELPHIA FLYERS ", "PHILADELPHIA FLYERS ", "PHILADELPHIA FLYERS ", "PHILADELPHIA FLYERS ", "PHILADELPHIA FLYERS ", "PHILADELPHIA FLYERS ", "PHILADELPHIA FLYERS ", "PHILADELPHIA FLYERS ", "PHILADELPHIA FLYERS ", "PHILADELPHIA FLYERS ", "PHILADELPHIA FLYERS ", "PHILADELPHIA FLYERS ", "PHILADELPHIA FLYERS ", "PHILADELPHIA FLYERS ", "PHILADELPHIA FLYERS ", "PHILADELPHIA FLYERS "], "GA": [0, 0, 0, 0, 0, 0, 0, 0, 0, 0, 0, 0, 0, 0, 0, 0, 0, 0, 0.0, "5", 0, 0, 0, 0, 0, 0, 0, 0, 0, 0, 0, 0, 0, 0, 0, 0, 0, 0, 0, "4"], "SA": [0, 0, 0, 0, 0, 0, 0, 0, 0, 0, 0, 0, 0, 0, 0, 0, 0, 0, 0.0, "39", 0, 0, 0, 0, 0, 0, 0, 0, 0, 0, 0, 0, 0, 0, 0, 0, 0, 0, 0, "29"]}}