{"game_info": {"date": "2014-04-03", "visitor": "MINNESOTA WILD ", "home": "CHICAGO BLACKHAWKS ", "game_id": 1148, "status": "final"}, "player_stats": {"number": ["3", "6", "7", "9", "11", "14", "15", "18", "19", "20", "21", "24", "25", "26", "29", "39", "46", "56", "30", "33", 0, "2", "4", "5", "7", "8", "10", "11", "12", "16", "17", "20", "23", "28", "29", "42", "52", "65", "81", "31", "50"], "position": ["C", "D", "D", "C", "L", "R", "L", "C", "L", "D", "C", "L", "D", "L", "R", "D", "D", "L", "G", "G", 0, "D", "D", "D", "D", "D", "R", "L", "C", "C", "D", "L", "R", "R", "L", "C", "L", "C", "R", "G", "G"], "name": ["COYLE, CHARLIE", "SCANDELLA, MARCO", "BLUM, JONATHON", "KOIVU, MIKKO", "PARISE, ZACH", "FONTAINE, JUSTIN", "HEATLEY, DANY", "DOWELL, JAKE", "VEILLEUX, STEPHANE", "SUTER, RYAN", "BRODZIAK, KYLE", "COOKE, MATT", "BRODIN, JONAS", "MOULSON, MATT", "POMINVILLE, JASON", "PROSSER, NATE", "SPURGEON, JARED", "HAULA, ERIK", "BRYZGALOV, ILYA", "CURRY, JOHN", "TEAM PENALTY", "KEITH, DUNCAN", "HJALMARSSON, NIKLAS", "RUNDBLAD, DAVID", "SEABROOK, BRENT", "LEDDY, NICK", "SHARP, PATRICK", "MORIN, JEREMY", "REGIN, PETER", "KRUGER, MARCUS", "BROOKBANK, SHELDON", "SAAD, BRANDON", "VERSTEEG, KRIS", "SMITH, BEN", "BICKELL, BRYAN", "NORDSTROM, JOAKIM", "BOLLIG, BRANDON", "SHAW, ANDREW", "HOSSA, MARIAN", "RAANTA, ANTTI", "CRAWFORD, COREY"], "G": ["1", 0, 0, 0, 0, 0, 0, 0, 0, 0, 0, 0, 0, 0, 0, 0, 0, "1", 0, 0, 0, 0, 0, 0, 0, 0, 0, 0, 0, 0, 0, 0, 0, "1", "1", 0, 0, 0, 0, 0, 0], "A": [0, 0, 0, 0, 0, "1", 0, 0, 0, "1", 0, 0, 0, 0, 0, 0, "1", 0, 0, 0, 0, 0, 0, 0, 0, "1", 0, "1", 0, 0, 0, "1", 0, 0, 0, 0, 0, 0, 0, 0, 0], "P": ["1", 0, 0, 0, 0, "1", 0, 0, 0, "1", 0, 0, 0, 0, 0, 0, "1", "1", 0, 0, 0, 0, 0, 0, 0, "1", 0, "1", 0, 0, 0, "1", 0, "1", "1", 0, 0, 0, 0, 0, 0], "+/-": ["+1", "+1", 0, "+1", "+1", 0, "-1", "-1", 0, "+1", "-2", 0, "-1", 0, 0, "-2", "+1", "+1", 0, 0, 0, "+1", "-2", "+1", 0, "+1", "-1", "+1", "+1", "-1", "-1", "+1", "+1", "+1", "+1", "-1", "-1", "-1", "-1", 0, 0], "PN": [0, 0, 0, 0, 0, 0, 0, 0, 0, 0, 0, 0, 0, 0, 0, 0, 0, "1", 0, 0, "1", 0, 0, 0, 0, 0, 0, "1", 0, 0, 0, 0, "1", 0, 0, 0, 0, 0, 0, 0, 0], "PIM": [0, 0, 0, 0, 0, 0, 0, 0, 0, 0, 0, 0, 0, 0, 0, 0, 0, "2", 0, 0, "2", 0, 0, 0, 0, 0, 0, "2", 0, 0, 0, 0, "2", 0, 0, 0, 0, 0, 0, 0, 0], "TOT": ["20:22", "23:24", "11:47", "22:38", "23:20", "14:12", "08:49", "07:09", "06:26", "33:11", "17:17", "15:43", "22:00", "17:44", "19:45", "13:24", "25:19", "15:30", "65:00", 0, 0, "26:46", "27:35", "09:21", "26:24", "13:33", "20:55", "08:56", "09:35", "17:00", "25:27", "16:30", "17:52", "18:08", "09:56", "13:39", "12:48", "22:08", "21:27", 0, "65:00"], "SHF": ["28", "32", "18", "30", "30", "21", "11", "10", "10", "38", "26", "23", "29", "24", "25", "19", "35", "25", 0, 0, 0, "33", "33", "13", "37", "18", "25", "14", "14", "27", "31", "21", "24", "24", "14", "24", "22", "23", "27", 0, 0], "AVG TOI/SH": ["00:43", "00:43", "00:39", "00:45", "00:46", "00:40", "00:48", "00:42", "00:38", "00:52", "00:39", "00:41", "00:45", "00:44", "00:47", "00:42", "00:43", "00:37", 0, 0, 0, "00:48", "00:50", "00:43", "00:42", "00:45", "00:50", "00:38", "00:41", "00:37", "00:49", "00:47", "00:44", "00:45", "00:42", "00:34", "00:34", "00:57", "00:47", 0, 0], "PP": ["01:02", "00:00", "00:03", "00:58", "00:58", "01:02", "01:02", "00:00", "00:00", "01:05", "00:00", "00:00", "00:55", "00:55", "00:58", "00:00", "01:02", "00:00", "02:00", 0, 0, "00:54", "00:00", "00:00", "01:06", "01:06", "01:26", "00:00", "00:00", "00:34", "00:00", "01:06", "00:54", "00:52", "00:00", "00:00", "00:00", "00:54", "01:08", 0, "02:00"], "SH": ["00:00", "00:56", "00:00", "00:00", "00:00", "00:00", "00:00", "00:58", "00:58", "01:27", "01:02", "01:02", "00:29", "00:00", "00:00", "01:08", "00:00", "00:00", "02:00", 0, 0, "01:05", "00:55", "00:00", "01:05", "00:00", "00:00", "00:00", "00:00", "01:45", "00:55", "00:00", "00:00", "01:41", "00:00", "00:19", "00:00", "00:00", "00:15", 0, "02:00"], "EV": ["19:20", "22:28", "11:44", "21:40", "22:22", "13:10", "07:47", "06:11", "05:28", "30:39", "16:15", "14:41", "20:36", "16:49", "18:47", "12:16", "24:17", "15:30", "61:00", 0, 0, "24:47", "26:40", "09:21", "24:13", "12:27", "19:29", "08:56", "09:35", "14:41", "24:32", "15:24", "16:58", "15:35", "09:56", "13:20", "12:48", "21:14", "20:04", 0, "61:00"], "S": ["3", "1", 0, "3", "2", "2", 0, "1", 0, "3", "2", "2", 0, "2", "1", 0, 0, "5", 0, 0, 0, "1", 0, "1", 0, "2", "2", "1", 0, "1", "1", "3", "3", "1", "4", "2", "1", 0, "3", 0, 0], "A/B": ["1", "2", 0, "2", 0, "1", "1", 0, 0, "1", "1", "2", "2", 0, "2", "1", "1", "1", 0, 0, 0, "1", "2", 0, 0, "2", "3", 0, "1", "1", "2", 0, "1", "1", 0, 0, "2", "1", "1", 0, 0], "MS": ["1", 0, "2", "1", "1", 0, 0, "1", 0, 0, "1", 0, 0, "1", 0, 0, "1", 0, 0, 0, 0, 0, 0, "2", "1", 0, 0, 0, "1", 0, "1", 0, "1", 0, "1", 0, 0, 0, "1", 0, 0], "HT": ["2", "3", "1", 0, "5", 0, "2", "3", "1", "2", "2", "3", "2", 0, 0, 0, "3", "1", 0, 0, 0, "1", 0, "5", "3", 0, "1", "2", "1", 0, 0, 0, 0, 0, "1", 0, "5", "6", "1", 0, 0], "GV": [0, 0, 0, 0, 0, 0, 0, 0, 0, 0, 0, 0, "1", 0, 0, 0, 0, 0, "1", 0, 0, "2", 0, "1", "1", 0, 0, 0, 0, 0, "2", "1", 0, 0, 0, 0, 0, 0, 0, 0, 0], "TK": [0, 0, 0, 0, 0, 0, 0, 0, 0, 0, 0, 0, 0, 0, 0, 0, 0, 0, 0, 0, 0, "1", "1", 0, 0, 0, 0, 0, 0, 0, "1", 0, "1", 0, 0, "1", 0, 0, 0, 0, 0], "BS": ["3", "3", "2", 0, 0, "1", 0, 0, 0, "1", "1", 0, "1", "1", "1", "1", "2", "1", 0, 0, 0, 0, "4", "3", "4", "1", 0, 0, 0, 0, 0, 0, 0, "3", 0, "2", 0, 0, "1", 0, 0], "FW": ["2", 0, 0, "6", "0", 0, 0, "2", 0, 0, "7", 0, 0, 0, "2", 0, 0, "6", 0, 0, 0, 0, 0, 0, 0, 0, "2", 0, "3", "6", 0, "2", "0", "7", 0, "1", 0, "7", 0, 0, 0], "FL": ["2", 0, 0, "13", "1", 0, 0, "2", 0, 0, "5", 0, 0, 0, "0", 0, 0, "5", 0, 0, 0, 0, 0, 0, 0, 0, "1", 0, "3", "4", 0, "3", "1", "4", 0, "1", 0, "8", 0, 0, 0], "F%": ["50", 0, 0, "32", "0", 0, 0, "50", 0, 0, "58", 0, 0, 0, "100", 0, 0, "55", 0, 0, 0, 0, 0, 0, 0, 0, "67", 0, "50", "60", 0, "40", "0", "64", 0, "50", 0, "47", 0, 0, 0], "team": ["MINNESOTA WILD ", "MINNESOTA WILD ", "MINNESOTA WILD ", "MINNESOTA WILD ", "MINNESOTA WILD ", "MINNESOTA WILD ", "MINNESOTA WILD ", "MINNESOTA WILD ", "MINNESOTA WILD ", "MINNESOTA WILD ", "MINNESOTA WILD ", "MINNESOTA WILD ", "MINNESOTA WILD ", "MINNESOTA WILD ", "MINNESOTA WILD ", "MINNESOTA WILD ", "MINNESOTA WILD ", "MINNESOTA WILD ", "MINNESOTA WILD ", "MINNESOTA WILD ", "MINNESOTA WILD ", "CHICAGO BLACKHAWKS ", "CHICAGO BLACKHAWKS ", "CHICAGO BLACKHAWKS ", "CHICAGO BLACKHAWKS ", "CHICAGO BLACKHAWKS ", "CHICAGO BLACKHAWKS ", "CHICAGO BLACKHAWKS ", "CHICAGO BLACKHAWKS ", "CHICAGO BLACKHAWKS ", "CHICAGO BLACKHAWKS ", "CHICAGO BLACKHAWKS ", "CHICAGO BLACKHAWKS ", "CHICAGO BLACKHAWKS ", "CHICAGO BLACKHAWKS ", "CHICAGO BLACKHAWKS ", "CHICAGO BLACKHAWKS ", "CHICAGO BLACKHAWKS ", "CHICAGO BLACKHAWKS ", "CHICAGO BLACKHAWKS ", "CHICAGO BLACKHAWKS "], "GA": [0, 0, 0, 0, 0, 0, 0, 0, 0, 0, 0, 0, 0, 0, 0, 0, 0, 0, "2", 0, 0, 0, 0, 0, 0, 0, 0, 0, 0, 0, 0, 0, 0, 0, 0, 0, 0, 0, 0, 0, "2"], "SA": [0, 0, 0, 0, 0, 0, 0, 0, 0, 0, 0, 0, 0, 0, 0, 0, 0, 0, "26", 0, 0, 0, 0, 0, 0, 0, 0, 0, 0, 0, 0, 0, 0, 0, 0, 0, 0, 0, 0, 0, "27"]}}