{"game_info": {"date": "2014-03-10", "visitor": "WINNIPEG JETS ", "home": "COLORADO AVALANCHE ", "game_id": 972, "status": "final"}, "player_stats": {"number": ["2", "5", "7", "8", "9", "12", "14", "16", "18", "19", "26", "27", "33", "39", "40", "44", "67", "70", "31", "35", "2", "4", "5", "6", "7", "8", "9", "11", "15", "16", "24", "25", "29", "55", "58", "61", "90", "92", "1", "35"], "position": ["D", "D", "D", "D", "L", "C", "R", "L", "C", "C", "R", "L", "D", "D", "R", "D", "R", "C", "G", "G", "D", "D", "D", "D", "C", "D", "C", "L", "R", "D", "R", "C", "C", "L", "L", "D", "C", "L", "G", "G"], "name": ["PARDY, ADAM", "STUART, MARK", "ELLERBY, KEATON", "TROUBA, JACOB", "KANE, EVANDER", "JOKINEN, OLLI", "PELUSO, ANTHONY", "LADD, ANDREW", "LITTLE, BRYAN", "SLATER, JIM", "WHEELER, BLAKE", "TANGRADI, ERIC", "BYFUGLIEN, DUSTIN", "ENSTROM, TOBIAS", "SETOGUCHI, DEVIN", "BOGOSIAN, ZACH", "FROLIK, MICHAEL", "ALBERT, JOHN", "PAVELEC, ONDREJ", "MONTOYA, AL", "HOLDEN, NICK", "BARRIE, TYSON", "GUENIN, NATE", "JOHNSON, ERIK", "MITCHELL, JOHN", "HEJDA, JAN", "DUCHENE, MATT", "MCGINN, JAMIE", "PARENTEAU, PA", "SARICH, CORY", "CLICHE, MARC-ANDRE", "TALBOT, MAXIME", "MACKINNON, NATHAN", "MCLEOD, CODY", "BORDELEAU, PATRICK", "BENOIT, ANDRE", "O'REILLY, RYAN", "LANDESKOG, GABRIEL", "VARLAMOV, SEMYON", "GIGUERE, JEAN-SEBASTIEN"], "G": [0, 0, 0, 0, 0, 0, 0, 0, 0, 0, 0, 0, "2", 0, 0, 0, 0, 0, 0, 0, 0, 0, 0, 0, "1", 0, "1", 0, 0, 0, 0, 0, 0, 0, 0, "1", 0, 0, 0, 0], "A": [0, 0, 0, 0, 0, 0, 0, 0, "2", 0, "1", 0, 0, 0, 0, 0, "1", 0, 0, 0, "1", "2", 0, "1", "1", 0, 0, 0, 0, 0, 0, 0, 0, 0, 0, 0, 0, 0, 0, 0], "P": [0, 0, 0, 0, 0, 0, 0, 0, "2", 0, "1", 0, "2", 0, 0, 0, "1", 0, 0, 0, "1", "2", 0, "1", "2", 0, "1", 0, 0, 0, 0, 0, 0, 0, 0, "1", 0, 0, 0, 0], "+/-": [0, 0, 0, "+1", "-2", "-2", 0, "-1", 0, 0, 0, 0, 0, "-2", "-2", "-2", "+1", 0, 0, 0, "+2", "+2", "+1", "-1", "+1", 0, "+1", 0, 0, "-1", 0, "+1", "+1", 0, 0, "+1", "+1", 0, 0, 0], "PN": [0, 0, 0, "1", "1", "1", 0, 0, 0, "1", 0, 0, "1", "1", "1", "1", 0, 0, 0, 0, 0, 0, 0, 0, "1", 0, 0, 0, 0, "1", 0, 0, 0, 0, 0, 0, 0, "1", 0, 0], "PIM": [0, 0, 0, "2", "2", "2", 0, 0, 0, "2", 0, 0, "2", "2", "2", "2", 0, 0, 0, 0, 0, 0, 0, 0, "2", 0, 0, 0, 0, "2", 0, 0, 0, 0, 0, 0, 0, "2", 0, 0], "TOT": ["11:56", "23:31", "09:07", "25:07", "20:45", "18:03", "01:44", "19:39", "21:04", "14:54", "21:21", "01:51", "18:31", "26:58", "13:23", "27:00", "17:27", "02:06", 0, "62:18", "18:51", "21:43", "14:01", "22:56", "19:13", "19:57", "24:36", "21:10", "00:49", "07:16", "13:20", "16:57", "21:25", "12:15", "06:30", "19:38", "25:02", "20:22", "62:21", 0], "SHF": ["21", "33", "16", "36", "32", "29", "3", "30", "33", "25", "31", "3", "26", "40", "23", "38", "28", "4", 0, 0, "25", "29", "18", "26", "26", "27", "29", "29", "2", "11", "20", "22", "26", "19", "9", "25", "32", "27", 0, 0], "AVG TOI/SH": ["00:34", "00:42", "00:34", "00:41", "00:38", "00:37", "00:34", "00:39", "00:38", "00:35", "00:41", "00:37", "00:42", "00:40", "00:34", "00:42", "00:37", "00:31", 0, 0, "00:45", "00:44", "00:46", "00:52", "00:44", "00:44", "00:50", "00:43", "00:24", "00:39", "00:40", "00:46", "00:49", "00:38", "00:43", "00:47", "00:46", "00:45", 0, 0], "PP": ["00:00", "00:00", "00:00", "00:23", "00:00", "00:00", "00:00", "00:23", "00:23", "00:00", "00:23", "00:00", "00:23", "00:00", "00:00", "00:00", "00:00", "00:00", 0, "00:23", "04:58", "05:50", "00:07", "06:09", "04:21", "00:20", "07:32", "06:04", "00:00", "00:00", "00:07", "00:07", "05:49", "00:05", "00:02", "05:52", "06:29", "05:36", "12:00", 0], "SH": ["03:01", "06:00", "00:02", "05:57", "05:06", "02:11", "00:00", "03:24", "03:57", "01:35", "03:33", "00:00", "00:11", "04:19", "00:05", "04:39", "03:28", "00:00", 0, "12:00", "00:00", "00:00", "00:23", "00:00", "00:00", "00:23", "00:00", "00:00", "00:00", "00:00", "00:23", "00:23", "00:00", "00:00", "00:00", "00:00", "00:00", "00:00", "00:23", 0], "EV": ["08:55", "17:31", "09:05", "18:47", "15:39", "15:52", "01:44", "15:52", "16:44", "13:19", "17:25", "01:51", "17:57", "22:39", "13:18", "22:21", "13:59", "02:06", 0, "49:55", "13:53", "15:53", "13:31", "16:47", "14:52", "19:14", "17:04", "15:06", "00:49", "07:16", "12:50", "16:27", "15:36", "12:10", "06:28", "13:46", "18:33", "14:46", "49:58", 0], "S": [0, "1", 0, "1", "3", "1", 0, "2", "7", "5", "3", "1", "3", "2", "2", "2", "1", "1", 0, 0, "1", "1", "2", "5", "3", 0, "2", "7", 0, "1", 0, "1", "2", "2", 0, "2", "4", "1", 0, 0], "A/B": [0, "1", "1", "2", "1", 0, 0, "2", 0, 0, "3", 0, "4", 0, "1", "2", "1", 0, 0, 0, 0, 0, 0, "2", "1", 0, "1", 0, 0, 0, "3", "2", 0, 0, 0, 0, "1", 0, 0, 0], "MS": [0, "2", 0, "2", 0, "1", 0, "1", "2", 0, "2", 0, "1", "2", "1", 0, 0, 0, 0, 0, 0, "1", 0, 0, 0, "1", "1", 0, 0, 0, 0, "1", 0, 0, 0, 0, "1", "1", 0, 0], "HT": [0, "5", "1", "1", "5", "2", 0, "3", 0, "1", 0, 0, "2", "1", "3", "2", 0, 0, 0, 0, 0, "1", 0, "1", "2", "2", 0, "2", 0, "1", "1", "2", "1", "6", "2", 0, 0, "3", 0, 0], "GV": [0, 0, 0, "1", 0, 0, 0, 0, 0, 0, 0, 0, 0, 0, 0, "1", 0, 0, 0, 0, 0, "1", 0, "1", "2", 0, "1", 0, 0, 0, 0, 0, 0, 0, 0, 0, "1", "2", "1", 0], "TK": [0, 0, 0, 0, 0, 0, 0, 0, 0, 0, "2", 0, "2", 0, "1", 0, "2", 0, 0, 0, 0, 0, 0, "1", 0, 0, "2", "3", 0, 0, 0, "2", "3", "1", 0, 0, "2", "1", 0, 0], "BS": ["3", "1", "1", "1", 0, 0, 0, 0, "1", 0, 0, 0, 0, "1", 0, "1", "1", 0, 0, 0, "3", 0, "3", "1", 0, "1", "2", 0, 0, 0, "2", "1", "1", 0, "1", "3", 0, 0, 0, 0], "FW": [0, 0, 0, 0, "1", "9", 0, 0, "15", "6", "2", 0, 0, 0, 0, 0, "3", "1", 0, 0, 0, 0, 0, 0, "6", 0, "6", 0, 0, 0, "8", "1", "1", 0, 0, 0, "5", 0, 0, 0], "FL": [0, 0, 0, 0, "2", "8", 0, 0, "8", "7", "2", 0, 0, 0, 0, 0, "0", "0", 0, 0, 0, 0, 0, 0, "12", 0, "11", 0, 0, 0, "4", "3", "5", 0, 0, 0, "2", 0, 0, 0], "F%": [0, 0, 0, 0, "33", "53", 0, 0, "65", "46", "50", 0, 0, 0, 0, 0, "100", "100", 0, 0, 0, 0, 0, 0, "33", 0, "35", 0, 0, 0, "67", "25", "17", 0, 0, 0, "71", 0, 0, 0], "team": ["WINNIPEG JETS ", "WINNIPEG JETS ", "WINNIPEG JETS ", "WINNIPEG JETS ", "WINNIPEG JETS ", "WINNIPEG JETS ", "WINNIPEG JETS ", "WINNIPEG JETS ", "WINNIPEG JETS ", "WINNIPEG JETS ", "WINNIPEG JETS ", "WINNIPEG JETS ", "WINNIPEG JETS ", "WINNIPEG JETS ", "WINNIPEG JETS ", "WINNIPEG JETS ", "WINNIPEG JETS ", "WINNIPEG JETS ", "WINNIPEG JETS ", "WINNIPEG JETS ", "COLORADO AVALANCHE ", "COLORADO AVALANCHE ", "COLORADO AVALANCHE ", "COLORADO AVALANCHE ", "COLORADO AVALANCHE ", "COLORADO AVALANCHE ", "COLORADO AVALANCHE ", "COLORADO AVALANCHE ", "COLORADO AVALANCHE ", "COLORADO AVALANCHE ", "COLORADO AVALANCHE ", "COLORADO AVALANCHE ", "COLORADO AVALANCHE ", "COLORADO AVALANCHE ", "COLORADO AVALANCHE ", "COLORADO AVALANCHE ", "COLORADO AVALANCHE ", "COLORADO AVALANCHE ", "COLORADO AVALANCHE ", "COLORADO AVALANCHE "], "GA": [0, 0, 0, 0, 0, 0, 0, 0, 0, 0, 0, 0, 0, 0, 0, 0, 0, 0, 0.0, "3", 0, 0, 0, 0, 0, 0, 0, 0, 0, 0, 0, 0, 0, 0, 0, 0, 0, 0, "2", 0], "SA": [0, 0, 0, 0, 0, 0, 0, 0, 0, 0, 0, 0, 0, 0, 0, 0, 0, 0, 0.0, "34", 0, 0, 0, 0, 0, 0, 0, 0, 0, 0, 0, 0, 0, 0, 0, 0, 0, 0, "35", 0]}}