{"game_info": {"date": "2013-11-14", "visitor": "SAN JOSE SHARKS ", "home": "VANCOUVER CANUCKS ", "game_id": 283, "status": "final"}, "player_stats": {"number": ["5", "7", "8", "9", "10", "12", "15", "19", "22", "27", "39", "43", "44", "48", "57", "61", "81", "83", "31", "32", "2", "3", "5", "7", "8", "9", "13", "14", "15", "17", "18", "20", "21", "22", "23", "25", "29", "33", "1", "31"], "position": ["D", "D", "C", "R", "C", "C", "C", "C", "D", "D", "C", "L", "D", "C", "C", "D", "C", "L", "G", "G", "D", "D", "D", "L", "D", "R", "C", "L", "R", "C", "D", "L", "C", "L", "D", "C", "L", "C", "G", "G"], "name": ["DEMERS, JASON", "STUART, BRAD", "PAVELSKI, JOE", "HAVLAT, MARTY", "DESJARDINS, ANDREW", "MARLEAU, PATRICK", "SHEPPARD, JAMES", "THORNTON, JOE", "BOYLE, DAN", "HANNAN, SCOTT", "COUTURE, LOGAN", "MCCARTHY, JOHN", "VLASIC, MARC-EDOUARD", "HERTL, TOMAS", "WINGELS, TOMMY", "BRAUN, JUSTIN", "KENNEDY, TYLER", "NIETO, MATTHEW", "NIEMI, ANTTI", "STALOCK, ALEX", "HAMHUIS, DAN", "BIEKSA, KEVIN", "GARRISON, JASON", "BOOTH, DAVID", "TANEV, CHRISTOPHER", "KASSIAN, ZACK", "WELSH, JEREMY", "BURROWS, ALEXANDRE", "RICHARDSON, BRAD", "KESLER, RYAN", "STANTON, RYAN", "HIGGINS, CHRIS", "DALPE, ZAC", "SEDIN, DANIEL", "EDLER, ALEXANDER", "SANTORELLI, MIKE", "SESTITO, TOM", "SEDIN, HENRIK", "LUONGO, ROBERTO", "LACK, EDDIE"], "G": [0, 0, 0, 0, 0, 0, 0, 0, "1", 0, 0, 0, 0, "1", 0, 0, 0, 0, 0, 0, 0, "1", 0, 0, 0, 0, 0, 0, 0, 0, 0, 0, 0, 0, 0, 0, 0, 0, 0, 0], "A": [0, 0, "1", 0, 0, 0, 0, "1", "1", 0, "1", 0, 0, 0, 0, 0, 0, 0, 0, 0, 0, 0, 0, 0, 0, 0, 0, "1", 0, 0, 0, 0, 0, 0, 0, 0, 0, "1", 0, 0], "P": [0, 0, "1", 0, 0, 0, 0, "1", "2", 0, "1", 0, 0, "1", 0, 0, 0, 0, 0, 0, 0, "1", 0, 0, 0, 0, 0, "1", 0, 0, 0, 0, 0, 0, 0, 0, 0, "1", 0, 0], "+/-": [0, 0, "+1", 0, 0, "+1", 0, "+1", "+1", 0, "+1", 0, 0, "+1", 0, 0, 0, 0, 0, 0, 0, 0, 0, 0, "-1", 0, 0, 0, 0, "-1", 0, "-1", 0, 0, "-1", "-1", 0, 0, 0, 0], "PN": [0, 0, "2", 0, "1", 0, 0, 0, 0, "1", 0, 0, 0, 0, 0, 0, 0, 0, 0, 0, 0, "1", 0, "1", 0, 0, 0, "1", "1", 0, 0, 0, 0, 0, "1", 0, 0, "1", 0, 0], "PIM": [0, 0, "4", 0, "5", 0, 0, 0, 0, "2", 0, 0, 0, 0, 0, 0, 0, 0, 0, 0, 0, "5", 0, "2", 0, 0, 0, "2", "2", 0, 0, 0, 0, 0, "2", 0, 0, "2", 0, 0], "TOT": ["19:40", "19:55", "19:36", "11:27", "08:19", "22:09", "11:38", "18:47", "22:34", "15:34", "21:47", "10:16", "22:34", "17:40", "18:58", "21:52", "12:32", "09:39", "62:23", 0, "25:40", "22:21", "18:19", "12:04", "23:10", "10:55", "04:09", "16:41", "14:32", "23:18", "12:34", "20:32", "04:16", "24:03", "22:56", "18:16", "04:12", "24:11", "62:30", 0], "SHF": ["21", "26", "27", "15", "13", "28", "18", "27", "25", "19", "29", "21", "25", "24", "25", "27", "18", "12", 0, 0, "31", "23", "27", "18", "31", "16", "7", "25", "23", "28", "14", "27", "7", "25", "30", "25", "7", "25", 0, 0], "AVG TOI/SH": ["00:56", "00:45", "00:43", "00:45", "00:38", "00:47", "00:38", "00:41", "00:54", "00:49", "00:45", "00:29", "00:54", "00:44", "00:45", "00:48", "00:41", "00:48", 0, 0, "00:49", "00:58", "00:40", "00:40", "00:44", "00:40", "00:35", "00:40", "00:37", "00:49", "00:53", "00:45", "00:36", "00:57", "00:45", "00:43", "00:36", "00:58", 0, 0], "PP": ["01:58", "00:11", "02:59", "01:50", "00:00", "03:21", "00:11", "02:28", "03:02", "00:00", "03:21", "00:00", "00:14", "01:50", "01:50", "01:58", "00:11", "00:00", "05:11", 0, "02:05", "01:52", "00:38", "00:00", "00:00", "00:00", "00:00", "00:51", "00:00", "01:39", "00:00", "00:21", "00:00", "02:09", "00:25", "00:21", "00:00", "02:09", "02:30", 0], "SH": ["00:43", "01:47", "01:09", "00:00", "00:30", "01:03", "00:00", "00:06", "00:00", "00:00", "00:51", "00:30", "00:43", "00:00", "00:25", "01:47", "00:00", "00:26", "02:30", 0, "03:08", "01:49", "00:53", "00:00", "03:22", "00:00", "00:00", "00:00", "03:03", "02:37", "00:00", "01:38", "00:00", "00:30", "00:39", "02:04", "00:00", "00:30", "05:11", 0], "EV": ["16:59", "17:57", "15:28", "09:37", "07:49", "17:45", "11:27", "16:13", "19:32", "15:34", "17:35", "09:46", "21:37", "15:50", "16:43", "18:07", "12:21", "09:13", "54:42", 0, "20:27", "18:40", "16:48", "12:04", "19:48", "10:55", "04:09", "15:50", "11:29", "19:02", "12:34", "18:33", "04:16", "21:24", "21:52", "15:51", "04:12", "21:32", "54:49", 0], "S": ["1", 0, "3", 0, 0, "2", "4", 0, "2", 0, "5", "1", "6", "1", "1", "1", "1", "2", 0, 0, "2", "4", "3", "2", "3", 0, 0, "2", "2", "4", "1", "4", "1", "1", "4", "1", 0, "1", 0, 0], "A/B": [0, "1", "2", 0, 0, "3", "2", 0, "1", "3", "1", 0, "7", "2", "1", "1", "1", 0, 0, 0, "2", "3", "1", 0, 0, 0, 0, "2", 0, "3", 0, "2", 0, "1", "5", "2", 0, 0, 0, 0], "MS": [0, 0, 0, 0, 0, 0, 0, "2", "1", 0, "1", 0, "3", "1", 0, 0, 0, 0, 0, 0, "1", 0, "1", "1", 0, 0, 0, "3", "1", "1", 0, "2", 0, "1", "2", 0, 0, "2", 0, 0], "HT": ["1", "2", "1", 0, 0, 0, 0, "1", "1", "1", "1", "2", 0, 0, "2", 0, 0, 0, 0, 0, "2", "1", 0, 0, "1", "1", 0, 0, 0, 0, "2", "1", "1", 0, "4", 0, "3", 0, 0, 0], "GV": [0, 0, "2", 0, 0, 0, 0, "1", "1", 0, 0, 0, 0, 0, 0, 0, "1", 0, "1", 0, "1", 0, 0, 0, 0, 0, 0, 0, 0, "2", 0, 0, 0, "1", 0, 0, 0, "1", 0, 0], "TK": [0, 0, 0, 0, 0, "1", 0, 0, 0, 0, 0, 0, "1", "1", 0, 0, "1", 0, 0, 0, 0, 0, 0, 0, 0, 0, 0, "1", 0, "1", "1", "2", 0, "1", 0, 0, 0, 0, 0, 0], "BS": ["2", "3", "2", 0, "1", "1", 0, "2", "1", 0, "1", "1", 0, "1", "3", "2", 0, "1", 0, 0, "1", "3", "4", 0, "2", 0, "1", "1", "1", "5", "1", "1", 0, 0, "4", 0, 0, "1", 0, 0], "FW": [0, 0, "11", 0, "4", "0", 0, "5", 0, 0, "10", "2", 0, 0, "1", 0, "4", 0, 0, 0, 0, 0, 0, 0, 0, 0, "1", "5", "7", "8", 0, 0, "0", 0, 0, "7", 0, "11", 0, 0], "FL": [0, 0, "8", 0, "3", "1", 0, "15", 0, 0, "6", "2", 0, 0, "1", 0, "3", 0, 0, 0, 0, 0, 0, 0, 0, 0, "1", "3", "9", "6", 0, 0, "1", 0, 0, "10", 0, "7", 0, 0], "F%": [0, 0, "58", 0, "57", "0", 0, "25", 0, 0, "63", "50", 0, 0, "50", 0, "57", 0, 0, 0, 0, 0, 0, 0, 0, 0, "50", "63", "44", "57", 0, 0, "0", 0, 0, "41", 0, "61", 0, 0], "team": ["SAN JOSE SHARKS ", "SAN JOSE SHARKS ", "SAN JOSE SHARKS ", "SAN JOSE SHARKS ", "SAN JOSE SHARKS ", "SAN JOSE SHARKS ", "SAN JOSE SHARKS ", "SAN JOSE SHARKS ", "SAN JOSE SHARKS ", "SAN JOSE SHARKS ", "SAN JOSE SHARKS ", "SAN JOSE SHARKS ", "SAN JOSE SHARKS ", "SAN JOSE SHARKS ", "SAN JOSE SHARKS ", "SAN JOSE SHARKS ", "SAN JOSE SHARKS ", "SAN JOSE SHARKS ", "SAN JOSE SHARKS ", "SAN JOSE SHARKS ", "VANCOUVER CANUCKS ", "VANCOUVER CANUCKS ", "VANCOUVER CANUCKS ", "VANCOUVER CANUCKS ", "VANCOUVER CANUCKS ", "VANCOUVER CANUCKS ", "VANCOUVER CANUCKS ", "VANCOUVER CANUCKS ", "VANCOUVER CANUCKS ", "VANCOUVER CANUCKS ", "VANCOUVER CANUCKS ", "VANCOUVER CANUCKS ", "VANCOUVER CANUCKS ", "VANCOUVER CANUCKS ", "VANCOUVER CANUCKS ", "VANCOUVER CANUCKS ", "VANCOUVER CANUCKS ", "VANCOUVER CANUCKS ", "VANCOUVER CANUCKS ", "VANCOUVER CANUCKS "], "GA": [0, 0, 0, 0, 0, 0, 0, 0, 0, 0, 0, 0, 0, 0, 0, 0, 0, 0, "1", 0, 0, 0, 0, 0, 0, 0, 0, 0, 0, 0, 0, 0, 0, 0, 0, 0, 0, 0, "2", 0], "SA": [0, 0, 0, 0, 0, 0, 0, 0, 0, 0, 0, 0, 0, 0, 0, 0, 0, 0, "35", 0, 0, 0, 0, 0, 0, 0, 0, 0, 0, 0, 0, 0, 0, 0, 0, 0, 0, 0, "30", 0]}}