{"game_info": {"date": "2013-11-29", "visitor": "COLORADO AVALANCHE ", "home": "MINNESOTA WILD ", "game_id": 387, "status": "final"}, "player_stats": {"number": ["4", "5", "6", "7", "8", "9", "11", "15", "16", "24", "25", "29", "42", "55", "58", "61", "90", "92", "1", "35", "2", "3", "4", "6", "9", "11", "15", "16", "17", "20", "21", "22", "24", "25", "28", "29", "46", "56", "32", "37"], "position": ["D", "D", "D", "C", "D", "C", "L", "R", "D", "R", "C", "C", "C", "L", "L", "D", "C", "L", "G", "G", "D", "C", "D", "D", "C", "L", "L", "L", "C", "D", "C", "R", "L", "D", "C", "R", "D", "L", "G", "G"], "name": ["BARRIE, TYSON", "GUENIN, NATE", "JOHNSON, ERIK", "MITCHELL, JOHN", "HEJDA, JAN", "DUCHENE, MATT", "MCGINN, JAMIE", "PARENTEAU, PA", "SARICH, CORY", "CLICHE, MARC-ANDRE", "TALBOT, MAXIME", "MACKINNON, NATHAN", "MALONE, BRAD", "MCLEOD, CODY", "BORDELEAU, PATRICK", "BENOIT, ANDRE", "O'REILLY, RYAN", "LANDESKOG, GABRIEL", "VARLAMOV, SEMYON", "GIGUERE, JEAN-SEBASTIEN", "BALLARD, KEITH", "COYLE, CHARLIE", "STONER, CLAYTON", "SCANDELLA, MARCO", "KOIVU, MIKKO", "PARISE, ZACH", "HEATLEY, DANY", "ZUCKER, JASON", "MITCHELL, TORREY", "SUTER, RYAN", "BRODZIAK, KYLE", "NIEDERREITER, NINO", "COOKE, MATT", "BRODIN, JONAS", "KONOPKA, ZENON", "POMINVILLE, JASON", "SPURGEON, JARED", "HAULA, ERIK", "BACKSTROM, NIKLAS", "HARDING, JOSH"], "G": [0, 0, 0, 0, "1", 0, 0, 0, 0, 0, 0, "1", 0, 0, 0, 0, 0, "1", 0, 0, 0, 0, 0, 0, 0, 0, "1", 0, 0, 0, 0, 0, 0, 0, 0, 0, 0, 0, 0, 0], "A": [0, 0, "1", 0, 0, 0, 0, 0, 0, "1", 0, "1", 0, 0, 0, 0, 0, "2", 0, 0, 0, 0, 0, 0, 0, 0, 0, 0, 0, 0, 0, "1", 0, 0, 0, 0, 0, "1", 0, 0], "P": [0, 0, "1", 0, "1", 0, 0, 0, 0, "1", 0, "2", 0, 0, 0, 0, 0, "3", 0, 0, 0, 0, 0, 0, 0, 0, "1", 0, 0, 0, 0, "1", 0, 0, 0, 0, 0, "1", 0, 0], "+/-": ["-1", 0, "+2", "-1", "+3", 0, 0, "+3", 0, "+1", 0, "+1", 0, 0, 0, 0, 0, "+2", 0, 0, "-1", "-1", "-1", "+1", "-2", "-2", 0, 0, 0, "-2", 0, 0, 0, "-1", 0, "-2", 0, 0, 0, 0], "PN": [0, 0, 0, "1", 0, 0, 0, 0, 0, 0, 0, "1", 0, "2", 0, 0, 0, 0, 0, 0, 0, 0, "1", 0, 0, "1", 0, 0, 0, 0, 0, "1", 0, 0, 0, 0, 0, 0, 0, 0], "PIM": [0, 0, 0, "2", 0, 0, 0, 0, 0, 0, 0, "2", 0, "15", 0, 0, 0, 0, 0, 0, 0, 0, "2", 0, 0, "2", 0, 0, 0, 0, 0, "2", 0, 0, 0, 0, 0, 0, 0, 0], "TOT": ["17:29", "19:37", "19:59", "16:03", "23:25", "19:52", "14:16", "16:02", "18:54", "09:09", "21:26", "16:02", "05:29", "03:37", "10:55", "19:10", "21:35", "18:00", 0, "60:00", "15:08", "20:51", "12:55", "18:11", "25:29", "23:03", "14:06", "10:42", "08:25", "28:56", "14:15", "12:17", "13:48", "20:21", "02:23", "19:39", "19:31", "14:17", 0, "59:43"], "SHF": ["24", "27", "22", "22", "29", "21", "23", "21", "22", "16", "24", "20", "10", "6", "16", "23", "25", "24", 0, 0, "22", "23", "18", "22", "23", "22", "20", "15", "13", "28", "20", "20", "19", "24", "4", "22", "25", "23", 0, 0], "AVG TOI/SH": ["00:43", "00:43", "00:54", "00:43", "00:48", "00:56", "00:37", "00:45", "00:51", "00:34", "00:53", "00:48", "00:32", "00:36", "00:40", "00:50", "00:51", "00:45", 0, 0, "00:41", "00:54", "00:43", "00:49", "01:06", "01:02", "00:42", "00:42", "00:38", "01:02", "00:42", "00:36", "00:43", "00:50", "00:35", "00:53", "00:46", "00:37", 0, 0], "PP": ["02:04", "00:00", "02:38", "01:56", "00:00", "02:04", "02:04", "01:56", "00:00", "00:00", "00:00", "01:56", "00:00", "00:00", "00:00", "01:56", "01:22", "02:04", 0, "04:00", "01:40", "05:00", "00:00", "00:02", "05:00", "04:35", "02:25", "00:00", "00:00", "04:50", "00:00", "02:00", "00:00", "00:24", "00:00", "05:02", "02:02", "02:00", 0, "07:00"], "SH": ["00:04", "03:45", "00:04", "01:24", "04:04", "00:23", "01:02", "00:00", "03:11", "03:38", "04:35", "00:04", "00:00", "00:00", "00:00", "02:52", "02:50", "00:04", 0, "07:00", "00:22", "00:07", "00:22", "01:31", "00:56", "00:00", "00:00", "00:00", "01:31", "02:07", "02:11", "00:00", "02:22", "02:07", "00:00", "00:00", "01:31", "00:53", 0, "04:00"], "EV": ["15:21", "15:52", "17:17", "12:43", "19:21", "17:25", "11:10", "14:06", "15:43", "05:31", "16:51", "14:02", "05:29", "03:37", "10:55", "14:22", "17:23", "15:52", 0, "49:00", "13:06", "15:44", "12:33", "16:38", "19:33", "18:28", "11:41", "10:42", "06:54", "21:59", "12:04", "10:17", "11:26", "17:50", "02:23", "14:37", "15:58", "11:24", 0, "48:43"], "S": ["1", "1", "1", "1", "2", "1", "1", "1", 0, "1", "2", "4", 0, 0, 0, "3", "1", "1", 0, 0, "2", "3", 0, "1", "2", "4", "2", "2", 0, "3", "2", "3", 0, 0, 0, "1", "1", "2", 0, 0], "A/B": [0, 0, "1", "1", 0, "1", "1", 0, "2", 0, 0, 0, 0, 0, "1", "2", 0, "3", 0, 0, 0, "1", "2", 0, "3", "1", "2", "1", 0, "4", "1", 0, 0, "1", 0, "2", "1", 0, 0, 0], "MS": [0, 0, 0, 0, 0, "2", "1", 0, 0, "1", 0, 0, 0, 0, 0, 0, 0, "1", 0, 0, 0, "1", "1", 0, "1", 0, 0, "2", 0, 0, "1", 0, "1", 0, 0, "3", "1", "1", 0, 0], "HT": [0, "1", "2", 0, 0, "1", "3", 0, "3", "1", "2", 0, 0, 0, "5", "1", 0, 0, 0, 0, "1", "4", "2", "1", 0, "1", 0, "3", 0, 0, "3", "3", "2", "3", 0, "1", "1", 0, 0, 0], "GV": [0, 0, 0, 0, 0, 0, 0, 0, 0, 0, 0, 0, 0, 0, 0, 0, 0, 0, 0, 0, 0, 0, 0, 0, 0, "1", "1", 0, 0, 0, 0, 0, 0, 0, 0, "1", "1", 0, 0, "1"], "TK": [0, 0, 0, 0, "1", 0, 0, "1", 0, 0, 0, 0, 0, 0, 0, 0, 0, 0, 0, 0, 0, 0, 0, 0, "1", 0, "1", 0, 0, "1", 0, "1", 0, 0, 0, 0, "1", 0, 0, 0], "BS": ["2", "2", "2", 0, "3", 0, "1", "1", "4", 0, 0, 0, "1", 0, 0, "1", "1", "1", 0, 0, "2", "1", "1", "1", 0, "1", 0, 0, 0, 0, 0, "1", "1", "1", 0, "1", "1", "1", 0, 0], "FW": [0, 0, 0, "4", 0, "8", 0, 0, 0, "6", "0", "5", 0, 0, 0, 0, "2", "1", 0, 0, 0, "2", 0, 0, "14", 0, 0, 0, 0, 0, "3", 0, 0, 0, "0", 0, 0, "2", 0, 0], "FL": [0, 0, 0, "5", 0, "7", 0, 0, 0, "4", "1", "4", 0, 0, 0, 0, "0", "0", 0, 0, 0, "1", 0, 0, "9", 0, 0, 0, 0, 0, "7", 0, 0, 0, "2", 0, 0, "7", 0, 0], "F%": [0, 0, 0, "44", 0, "53", 0, 0, 0, "60", "0", "56", 0, 0, 0, 0, "100", "100", 0, 0, 0, "67", 0, 0, "61", 0, 0, 0, 0, 0, "30", 0, 0, 0, "0", 0, 0, "22", 0, 0], "team": ["COLORADO AVALANCHE ", "COLORADO AVALANCHE ", "COLORADO AVALANCHE ", "COLORADO AVALANCHE ", "COLORADO AVALANCHE ", "COLORADO AVALANCHE ", "COLORADO AVALANCHE ", "COLORADO AVALANCHE ", "COLORADO AVALANCHE ", "COLORADO AVALANCHE ", "COLORADO AVALANCHE ", "COLORADO AVALANCHE ", "COLORADO AVALANCHE ", "COLORADO AVALANCHE ", "COLORADO AVALANCHE ", "COLORADO AVALANCHE ", "COLORADO AVALANCHE ", "COLORADO AVALANCHE ", "COLORADO AVALANCHE ", "COLORADO AVALANCHE ", "MINNESOTA WILD ", "MINNESOTA WILD ", "MINNESOTA WILD ", "MINNESOTA WILD ", "MINNESOTA WILD ", "MINNESOTA WILD ", "MINNESOTA WILD ", "MINNESOTA WILD ", "MINNESOTA WILD ", "MINNESOTA WILD ", "MINNESOTA WILD ", "MINNESOTA WILD ", "MINNESOTA WILD ", "MINNESOTA WILD ", "MINNESOTA WILD ", "MINNESOTA WILD ", "MINNESOTA WILD ", "MINNESOTA WILD ", "MINNESOTA WILD ", "MINNESOTA WILD "], "GA": [0, 0, 0, 0, 0, 0, 0, 0, 0, 0, 0, 0, 0, 0, 0, 0, 0, 0, 0.0, "1", 0, 0, 0, 0, 0, 0, 0, 0, 0, 0, 0, 0, 0, 0, 0, 0, 0, 0, 0, "2"], "SA": [0, 0, 0, 0, 0, 0, 0, 0, 0, 0, 0, 0, 0, 0, 0, 0, 0, 0, 0.0, "28", 0, 0, 0, 0, 0, 0, 0, 0, 0, 0, 0, 0, 0, 0, 0, 0, 0, 0, 0, "20"]}}