{"game_info": {"date": "2013-10-18", "visitor": "ST. LOUIS BLUES ", "home": "WINNIPEG JETS ", "game_id": 108, "status": "final"}, "player_stats": {"number": ["9", "12", "17", "19", "20", "21", "22", "25", "27", "28", "33", "42", "46", "56", "74", "75", "79", "91", "1", "41", "5", "8", "9", "12", "14", "15", "16", "17", "18", "19", "24", "26", "28", "33", "39", "44", "55", "67", "31", "35"], "position": ["C", "C", "C", "D", "C", "C", "D", "R", "D", "D", "D", "R", "D", "L", "C", "R", "R", "R", "G", "G", "D", "D", "L", "C", "R", "R", "L", "C", "R", "C", "D", "R", "C", "D", "D", "D", "C", "R", "G", "G"], "name": ["SCHWARTZ, JADEN", "ROY, DEREK", "SOBOTKA, VLADIMIR", "BOUWMEESTER, JAY", "STEEN, ALEXANDER", "BERGLUND, PATRIK", "SHATTENKIRK, KEVIN", "STEWART, CHRIS", "PIETRANGELO, ALEX", "COLE, IAN", "LEOPOLD, JORDAN", "BACKES, DAVID", "POLAK, ROMAN", "PAAJARVI, MAGNUS", "OSHIE, T.J.", "REAVES, RYAN", "CRACKNELL, ADAM", "TARASENKO, VLADIMIR", "ELLIOTT, BRIAN", "HALAK, JAROSLAV", "STUART, MARK", "TROUBA, JACOB", "KANE, EVANDER", "JOKINEN, OLLI", "PELUSO, ANTHONY", "HALISCHUK, MATT", "LADD, ANDREW", "WRIGHT, JAMES", "LITTLE, BRYAN", "SLATER, JIM", "CLITSOME, GRANT", "WHEELER, BLAKE", "CORMIER, PATRICE", "BYFUGLIEN, DUSTIN", "ENSTROM, TOBIAS", "BOGOSIAN, ZACH", "SCHEIFELE, MARK", "FROLIK, MICHAEL", "PAVELEC, ONDREJ", "MONTOYA, AL"], "G": [0, 0, 0, 0, "2", 0, 0, 0, 0, 0, 0, "1", 0, 0, 0, 0, 0, 0, 0, 0, 0, 0, "1", "1", 0, 0, 0, 0, 0, 0, 0, 0, 0, 0, "1", 0, 0, 0, 0, 0], "A": [0, 0, 0, "1", 0, 0, 0, 0, 0, 0, 0, "1", 0, 0, "1", 0, 0, 0, 0, 0, 0, 0, 0, 0, 0, "1", 0, 0, "1", 0, 0, "1", 0, "1", 0, 0, 0, 0, 0, 0], "P": [0, 0, 0, "1", "2", 0, 0, 0, 0, 0, 0, "2", 0, 0, "1", 0, 0, 0, 0, 0, 0, 0, "1", "1", 0, "1", 0, 0, "1", 0, 0, "1", 0, "1", "1", 0, 0, 0, 0, 0], "+/-": ["-1", "-1", "-1", "+2", "+2", 0, "-2", "-1", 0, "+1", "-1", "+2", 0, 0, "+2", "-1", "-1", 0, 0, 0, 0, "-1", 0, "+1", 0, "+1", 0, "+1", "-1", "-1", "-1", "-1", 0, 0, "+2", 0, 0, 0, 0, 0], "PN": [0, 0, 0, 0, 0, "1", 0, 0, 0, "1", 0, 0, 0, 0, 0, 0, 0, 0, 0, 0, 0, 0, "2", 0, 0, 0, 0, 0, 0, 0, 0, 0, 0, 0, "1", 0, 0, 0, 0, 0], "PIM": [0, 0, 0, 0, 0, "2", 0, 0, 0, "2", 0, 0, 0, 0, 0, 0, 0, 0, 0, 0, 0, 0, "4", 0, 0, 0, 0, 0, 0, 0, 0, 0, 0, 0, "2", 0, 0, 0, 0, 0], "TOT": ["17:42", "15:25", "15:06", "27:02", "22:26", "17:09", "22:20", "14:32", "26:49", "15:26", "18:20", "23:50", "17:28", "09:45", "22:32", "07:58", "07:28", "16:06", "64:56", 0, "12:29", "06:03", "20:33", "12:51", "07:34", "11:30", "20:19", "13:25", "21:59", "11:47", "27:09", "19:33", "07:31", "31:37", "24:25", "27:55", "17:57", "19:23", "65:00", 0], "SHF": ["26", "21", "20", "35", "31", "24", "33", "20", "37", "22", "28", "31", "23", "17", "29", "14", "13", "23", 0, 0, "16", "10", "24", "19", "8", "18", "27", "21", "29", "18", "27", "26", "9", "31", "27", "28", "20", "24", 0, 0], "AVG TOI/SH": ["00:40", "00:44", "00:45", "00:46", "00:43", "00:42", "00:40", "00:43", "00:43", "00:42", "00:39", "00:46", "00:45", "00:34", "00:46", "00:34", "00:34", "00:42", 0, 0, "00:46", "00:36", "00:51", "00:40", "00:56", "00:38", "00:45", "00:38", "00:45", "00:39", "01:00", "00:45", "00:50", "01:01", "00:54", "00:59", "00:53", "00:48", 0, 0], "PP": ["01:13", "02:02", "01:06", "02:50", "02:52", "02:52", "03:15", "02:02", "02:30", "00:00", "00:33", "02:52", "00:00", "01:06", "02:45", "00:00", "00:00", "02:02", "06:00", 0, "00:00", "00:00", "00:00", "01:06", "00:00", "00:00", "01:34", "00:00", "01:34", "00:00", "00:00", "01:34", "00:00", "02:40", "02:00", "00:00", "01:06", "01:06", "02:40", 0], "SH": ["00:34", "00:07", "00:33", "01:41", "00:48", "00:32", "00:59", "00:00", "01:41", "00:00", "00:00", "01:34", "00:59", "00:00", "00:32", "00:00", "00:00", "00:00", "02:40", 0, "03:20", "01:01", "00:00", "00:00", "00:00", "01:59", "00:42", "03:19", "00:42", "03:19", "01:30", "00:00", "00:00", "03:25", "00:00", "02:44", "00:00", "01:59", "06:00", 0], "EV": ["15:55", "13:16", "13:27", "22:31", "18:46", "13:45", "18:06", "12:30", "22:38", "15:26", "17:47", "19:24", "16:29", "08:39", "19:15", "07:58", "07:28", "14:04", "56:16", 0, "09:09", "05:02", "20:33", "11:45", "07:34", "09:31", "18:03", "10:06", "19:43", "08:28", "25:39", "17:59", "07:31", "25:32", "22:25", "25:11", "16:51", "16:18", "56:20", 0], "S": ["2", "2", "2", 0, "4", "2", 0, "1", 0, "3", "1", "6", "1", "1", 0, 0, "4", "3", 0, 0, 0, "1", "4", "1", "1", "2", "3", 0, "2", 0, "1", "3", 0, "2", "5", "3", "1", 0, 0, 0], "A/B": [0, 0, "1", "2", "4", 0, "3", 0, "2", 0, "1", "2", 0, "1", "1", 0, 0, "1", 0, 0, "2", 0, "4", "1", 0, 0, 0, "1", 0, 0, 0, "2", "2", "5", "1", "1", "1", "1", 0, 0], "MS": ["2", 0, 0, 0, "2", "2", "1", 0, "2", "1", 0, 0, 0, 0, 0, 0, "1", "1", 0, 0, 0, 0, "2", "1", 0, "1", "3", "1", 0, 0, "1", "2", 0, "2", "1", 0, 0, "2", 0, 0], "HT": ["2", 0, "2", 0, "1", "2", "2", "3", 0, 0, 0, "4", 0, 0, 0, "2", "3", 0, 0, 0, "6", 0, "3", 0, "4", 0, "5", "1", "1", 0, "1", 0, "3", 0, 0, "3", 0, "1", 0, 0], "GV": [0, "2", 0, "1", 0, 0, "1", 0, 0, "1", "1", 0, "1", 0, 0, 0, 0, "3", "1", 0, 0, "1", 0, "1", 0, 0, "2", 0, 0, "2", "4", 0, 0, "1", 0, "3", 0, 0, 0, 0], "TK": ["1", 0, 0, 0, 0, 0, 0, 0, 0, "1", 0, 0, 0, 0, "1", 0, 0, 0, 0, 0, 0, "1", "1", 0, 0, 0, "1", "1", 0, 0, 0, 0, 0, "1", 0, 0, 0, 0, 0, 0], "BS": ["2", "3", "1", 0, "1", 0, "1", 0, "3", "1", "3", "2", "4", 0, 0, 0, 0, 0, 0, 0, 0, 0, "1", 0, 0, "2", 0, 0, "1", 0, "3", "2", 0, "1", 0, "6", 0, "2", 0, 0], "FW": ["0", "7", "4", 0, "2", "6", 0, "1", 0, 0, 0, "12", 0, "0", 0, 0, "1", 0, 0, 0, 0, 0, "1", "3", 0, "0", "1", 0, "11", "7", 0, 0, "1", 0, 0, 0, "3", 0, 0, 0], "FL": ["1", "4", "3", 0, "3", "8", 0, "0", 0, 0, 0, "5", 0, "1", 0, 0, "2", 0, 0, 0, 0, 0, "0", "7", 0, "1", "1", 0, "13", "4", 0, 0, "0", 0, 0, 0, "7", 0, 0, 0], "F%": ["0", "64", "57", 0, "40", "43", 0, "100", 0, 0, 0, "71", 0, "0", 0, 0, "33", 0, 0, 0, 0, 0, "100", "30", 0, "0", "50", 0, "46", "64", 0, 0, "100", 0, 0, 0, "30", 0, 0, 0], "team": ["ST. LOUIS BLUES ", "ST. LOUIS BLUES ", "ST. LOUIS BLUES ", "ST. LOUIS BLUES ", "ST. LOUIS BLUES ", "ST. LOUIS BLUES ", "ST. LOUIS BLUES ", "ST. LOUIS BLUES ", "ST. LOUIS BLUES ", "ST. LOUIS BLUES ", "ST. LOUIS BLUES ", "ST. LOUIS BLUES ", "ST. LOUIS BLUES ", "ST. LOUIS BLUES ", "ST. LOUIS BLUES ", "ST. LOUIS BLUES ", "ST. LOUIS BLUES ", "ST. LOUIS BLUES ", "ST. LOUIS BLUES ", "ST. LOUIS BLUES ", "WINNIPEG JETS ", "WINNIPEG JETS ", "WINNIPEG JETS ", "WINNIPEG JETS ", "WINNIPEG JETS ", "WINNIPEG JETS ", "WINNIPEG JETS ", "WINNIPEG JETS ", "WINNIPEG JETS ", "WINNIPEG JETS ", "WINNIPEG JETS ", "WINNIPEG JETS ", "WINNIPEG JETS ", "WINNIPEG JETS ", "WINNIPEG JETS ", "WINNIPEG JETS ", "WINNIPEG JETS ", "WINNIPEG JETS ", "WINNIPEG JETS ", "WINNIPEG JETS "], "GA": [0, 0, 0, 0, 0, 0, 0, 0, 0, 0, 0, 0, 0, 0, 0, 0, 0, 0, "3", 0, 0, 0, 0, 0, 0, 0, 0, 0, 0, 0, 0, 0, 0, 0, 0, 0, 0, 0, "3", 0], "SA": [0, 0, 0, 0, 0, 0, 0, 0, 0, 0, 0, 0, 0, 0, 0, 0, 0, 0, "29", 0, 0, 0, 0, 0, 0, 0, 0, 0, 0, 0, 0, 0, 0, 0, 0, 0, 0, 0, "32", 0]}}