{"game_info": {"date": "2014-01-25", "visitor": "TORONTO MAPLE LEAFS ", "home": "WINNIPEG JETS ", "game_id": 780, "status": "final"}, "player_stats": {"number": ["3", "4", "8", "11", "12", "19", "21", "24", "28", "36", "37", "40", "41", "42", "43", "44", "51", "81", "34", "45", "2", "5", "7", "8", "9", "12", "14", "16", "17", "18", "22", "26", "33", "39", "40", "44", "55", "67", "31", "35"], "position": ["D", "D", "D", "C", "L", "R", "L", "C", "R", "D", "R", "R", "L", "C", "C", "D", "D", "C", "G", "G", "D", "D", "D", "D", "L", "C", "R", "L", "C", "C", "R", "R", "D", "D", "R", "D", "C", "R", "G", "G"], "name": ["PHANEUF, DION", "FRANSON, CODY", "GLEASON, TIM", "MCCLEMENT, JAY", "RAYMOND, MASON", "LUPUL, JOFFREY", "VAN RIEMSDYK, JAMES", "HOLLAND, PETER", "ORR, COLTON", "GUNNARSSON, CARL", "ASHTON, CARTER", "BODIE, TROY", "KULEMIN, NIKOLAI", "BOZAK, TYLER", "KADRI, NAZEM", "RIELLY, MORGAN", "GARDINER, JAKE", "KESSEL, PHIL", "REIMER, JAMES", "BERNIER, JONATHAN", "PARDY, ADAM", "STUART, MARK", "ELLERBY, KEATON", "TROUBA, JACOB", "KANE, EVANDER", "JOKINEN, OLLI", "PELUSO, ANTHONY", "LADD, ANDREW", "WRIGHT, JAMES", "LITTLE, BRYAN", "THORBURN, CHRIS", "WHEELER, BLAKE", "BYFUGLIEN, DUSTIN", "ENSTROM, TOBIAS", "SETOGUCHI, DEVIN", "BOGOSIAN, ZACH", "SCHEIFELE, MARK", "FROLIK, MICHAEL", "PAVELEC, ONDREJ", "MONTOYA, AL"], "G": ["1", 0, "1", 0, 0, 0, 0, 0, 0, 0, 0, "1", 0, 0, 0, 0, 0, "1", 0, 0, 0, 0, 0, 0, 0, 0, 0, 0, 0, "1", 0, "1", "1", 0, 0, "1", "1", 0, 0, 0], "A": [0, "1", 0, 0, 0, 0, "1", 0, 0, 0, "1", 0, 0, 0, "1", "1", 0, "1", 0, 0, 0, 0, 0, "1", "1", 0, 0, "2", 0, "1", 0, "1", "1", "1", 0, 0, 0, "1", "1", 0], "P": ["1", "1", "1", 0, 0, 0, "1", 0, 0, 0, "1", "1", 0, 0, "1", "1", 0, "2", 0, 0, 0, 0, 0, "1", "1", 0, 0, "2", 0, "2", 0, "2", "2", "1", 0, "1", "1", "1", "1", 0], "+/-": [0, "-1", "-1", 0, 0, "-1", 0, 0, "+1", "-1", "+1", "+1", "-1", 0, 0, "+2", "+1", 0, 0, 0, 0, 0, 0, 0, "-1", "-1", 0, "+2", 0, "+2", 0, "-1", 0, 0, "-1", "-1", "-1", "+1", 0, 0], "PN": [0, "1", "1", 0, 0, 0, 0, 0, 0, "1", 0, 0, 0, 0, 0, "1", 0, 0, 0, 0, 0, "1", "1", 0, "1", 0, 0, 0, 0, 0, 0, "1", 0, 0, "1", "1", 0, 0, 0, 0], "PIM": [0, "2", "2", 0, 0, 0, 0, 0, 0, "2", 0, 0, 0, 0, 0, "2", 0, 0, 0, 0, 0, "2", "2", 0, "2", 0, 0, 0, 0, 0, 0, "2", 0, 0, "2", "2", 0, 0, 0, 0], "TOT": ["27:21", "20:12", "17:43", "13:53", "16:32", "20:31", "22:16", "08:31", "06:34", "19:38", "06:52", "10:27", "15:18", "20:56", "18:34", "18:46", "21:53", "21:01", "28:11", "34:31", "12:44", "21:37", "10:51", "25:39", "18:21", "17:07", "04:50", "20:33", "05:44", "20:28", "05:11", "17:41", "18:49", "26:03", "14:19", "24:15", "17:40", "20:09", "62:44", 0], "SHF": ["30", "30", "28", "21", "24", "25", "30", "13", "9", "25", "10", "18", "23", "31", "24", "27", "25", "27", 0, 0, "16", "31", "14", "35", "25", "24", "7", "30", "8", "29", "7", "27", "23", "33", "19", "36", "24", "27", 0, 0], "AVG TOI/SH": ["00:54", "00:40", "00:37", "00:39", "00:41", "00:49", "00:44", "00:39", "00:43", "00:47", "00:41", "00:34", "00:39", "00:40", "00:46", "00:41", "00:52", "00:46", 0, 0, "00:47", "00:41", "00:46", "00:43", "00:44", "00:42", "00:41", "00:41", "00:43", "00:42", "00:44", "00:39", "00:49", "00:47", "00:45", "00:40", "00:44", "00:44", 0, 0], "PP": ["05:24", "04:56", "00:00", "00:00", "02:58", "03:09", "04:58", "00:00", "00:00", "00:07", "00:00", "00:00", "00:25", "04:44", "03:23", "02:50", "02:57", "04:44", "02:55", "05:12", "00:00", "00:00", "00:00", "00:48", "01:29", "01:19", "00:00", "02:31", "00:00", "02:31", "00:00", "01:26", "03:12", "03:12", "00:00", "00:48", "01:29", "01:15", "04:00", 0], "SH": ["02:58", "00:17", "01:02", "03:05", "00:55", "00:00", "00:55", "00:00", "00:00", "02:17", "00:00", "00:00", "02:13", "00:52", "00:00", "00:00", "01:26", "00:00", "04:00", "00:00", "00:55", "05:13", "00:00", "05:13", "01:30", "02:20", "00:00", "02:58", "00:23", "03:31", "00:00", "01:07", "00:00", "02:54", "00:00", "01:59", "00:08", "03:29", "08:07", 0], "EV": ["18:59", "14:59", "16:41", "10:48", "12:39", "17:22", "16:23", "08:31", "06:34", "17:14", "06:52", "10:27", "12:40", "15:20", "15:11", "15:56", "17:30", "16:17", "21:16", "29:19", "11:49", "16:24", "10:51", "19:38", "15:22", "13:28", "04:50", "15:04", "05:21", "14:26", "05:11", "15:08", "15:37", "19:57", "14:19", "21:28", "16:03", "15:25", "50:37", 0], "S": ["1", "3", "1", 0, "2", "4", "4", 0, 0, 0, "1", "2", "2", 0, "1", "4", 0, "3", 0, 0, 0, "2", "1", "2", "2", "2", "1", "1", 0, "4", "1", "1", "2", 0, "5", "1", "3", "4", 0, 0], "A/B": ["5", "3", "2", "1", "1", "1", "1", 0, "1", "1", 0, 0, 0, "1", "2", "3", "1", "3", 0, 0, 0, "1", "1", 0, 0, 0, 0, 0, 0, "2", 0, 0, "1", "1", 0, "1", 0, "3", 0, 0], "MS": [0, 0, "1", "1", 0, 0, 0, "1", 0, 0, 0, "1", "1", "1", "3", "2", "1", "3", 0, 0, 0, 0, 0, "1", "6", "1", 0, 0, 0, "1", 0, 0, "1", "1", "3", "1", 0, 0, 0, 0], "HT": [0, "4", "1", "1", 0, "1", 0, "1", "4", 0, "1", "5", "3", 0, "2", "1", 0, 0, 0, 0, 0, "3", "3", 0, "3", "1", 0, "2", "4", "3", "1", "2", "5", "1", "6", "2", "2", "1", 0, 0], "GV": ["1", 0, 0, 0, "1", 0, 0, 0, 0, "1", 0, 0, 0, 0, "1", 0, "1", "1", "1", 0, 0, "1", "2", "4", "1", "1", 0, "2", "1", 0, 0, 0, "1", 0, 0, "2", "1", 0, 0, 0], "TK": [0, "1", 0, 0, 0, 0, "1", 0, 0, "1", 0, 0, 0, "1", 0, "1", 0, "1", 0, 0, "1", 0, 0, "1", "1", 0, 0, "1", 0, 0, 0, 0, 0, 0, 0, 0, "2", "1", 0, 0], "BS": ["2", "1", 0, 0, 0, 0, 0, "1", 0, "3", 0, 0, 0, 0, "1", 0, 0, "2", 0, 0, "2", "4", "3", "5", 0, "2", 0, 0, "1", "2", 0, "2", "1", 0, 0, "1", "1", "2", 0, 0], "FW": [0, 0, 0, "9", 0, 0, 0, "3", 0, 0, "0", "0", 0, "12", "7", 0, 0, 0, 0, 0, 0, 0, 0, 0, "1", "8", 0, 0, "0", "12", "2", "0", 0, 0, 0, 0, "6", "1", 0, 0], "FL": [0, 0, 0, "7", 0, 0, 0, "2", 0, 0, "1", "1", 0, "12", "7", 0, 0, 0, 0, 0, 0, 0, 0, 0, "1", "11", 0, 0, "2", "9", "0", "1", 0, 0, 0, 0, "6", "1", 0, 0], "F%": [0, 0, 0, "56", 0, 0, 0, "60", 0, 0, "0", "0", 0, "50", "50", 0, 0, 0, 0, 0, 0, 0, 0, 0, "50", "42", 0, 0, "0", "57", "100", "0", 0, 0, 0, 0, "50", "50", 0, 0], "team": ["TORONTO MAPLE LEAFS ", "TORONTO MAPLE LEAFS ", "TORONTO MAPLE LEAFS ", "TORONTO MAPLE LEAFS ", "TORONTO MAPLE LEAFS ", "TORONTO MAPLE LEAFS ", "TORONTO MAPLE LEAFS ", "TORONTO MAPLE LEAFS ", "TORONTO MAPLE LEAFS ", "TORONTO MAPLE LEAFS ", "TORONTO MAPLE LEAFS ", "TORONTO MAPLE LEAFS ", "TORONTO MAPLE LEAFS ", "TORONTO MAPLE LEAFS ", "TORONTO MAPLE LEAFS ", "TORONTO MAPLE LEAFS ", "TORONTO MAPLE LEAFS ", "TORONTO MAPLE LEAFS ", "TORONTO MAPLE LEAFS ", "TORONTO MAPLE LEAFS ", "WINNIPEG JETS ", "WINNIPEG JETS ", "WINNIPEG JETS ", "WINNIPEG JETS ", "WINNIPEG JETS ", "WINNIPEG JETS ", "WINNIPEG JETS ", "WINNIPEG JETS ", "WINNIPEG JETS ", "WINNIPEG JETS ", "WINNIPEG JETS ", "WINNIPEG JETS ", "WINNIPEG JETS ", "WINNIPEG JETS ", "WINNIPEG JETS ", "WINNIPEG JETS ", "WINNIPEG JETS ", "WINNIPEG JETS ", "WINNIPEG JETS ", "WINNIPEG JETS "], "GA": [0, 0, 0, 0, 0, 0, 0, 0, 0, 0, 0, 0, 0, 0, 0, 0, 0, 0, "4", "1", 0, 0, 0, 0, 0, 0, 0, 0, 0, 0, 0, 0, 0, 0, 0, 0, 0, 0, "4", 0], "SA": [0, 0, 0, 0, 0, 0, 0, 0, 0, 0, 0, 0, 0, 0, 0, 0, 0, 0, "19", "13", 0, 0, 0, 0, 0, 0, 0, 0, 0, 0, 0, 0, 0, 0, 0, 0, 0, 0, "28", 0]}}