{"game_info": {"date": "2014-01-04", "visitor": "NASHVILLE PREDATORS ", "home": "FLORIDA PANTHERS ", "game_id": 631, "status": "final"}, "player_stats": {"number": ["3", "4", "6", "7", "8", "11", "12", "13", "15", "24", "25", "26", "27", "28", "33", "42", "57", "59", "30", "39", "7", "11", "12", "14", "16", "18", "19", "20", "21", "24", "27", "43", "51", "55", "57", "72", "77", "82", "30", "34"], "position": ["D", "D", "D", "C", "D", "C", "C", "C", "C", "L", "L", "C", "R", "C", "C", "D", "L", "D", "G", "G", "D", "C", "R", "L", "C", "C", "R", "L", "R", "R", "C", "D", "D", "D", "C", "D", "D", "R", "G", "G"], "name": ["JONES, SETH", "ELLIS, RYAN", "WEBER, SHEA", "CULLEN, MATT", "KLEIN, KEVIN", "LEGWAND, DAVID", "FISHER, MIKE", "SPALING, NICK", "SMITH, CRAIG", "NYSTROM, ERIC", "STALBERG, VIKTOR", "HENDRICKS, MATT", "HORNQVIST, PATRIC", "GAUSTAD, PAUL", "WILSON, COLIN", "EKHOLM, MATTIAS", "BOURQUE, GABRIEL", "JOSI, ROMAN", "HUTTON, CARTER", "MAZANEC, MAREK", "KULIKOV, DMITRY", "HUBERDEAU, JONATHAN", "HAYES, JIMMY", "FLEISCHMANN, TOMAS", "BARKOV, ALEKSANDER", "MATTHIAS, SHAWN", "UPSHALL, SCOTTIE", "BERGENHEIM, SEAN", "BARCH, KRYS", "BOYES, BRAD", "BJUGSTAD, NICK", "WEAVER, MIKE", "CAMPBELL, BRIAN", "JOVANOVSKI, ED", "GOC, MARCEL", "PETROVIC, ALEX", "GILBERT, TOM", "KOPECKY, TOMAS", "CLEMMENSEN, SCOTT", "THOMAS, TIM"], "G": ["1", 0, 0, 0, 0, 0, "1", 0, "1", 0, 0, 0, 0, "1", 0, 0, 0, 0, 0, 0, 0, 0, 0, 0, 0, 0, 0, "1", 0, "1", 0, 0, 0, 0, "1", 0, 0, "1", 0, 0], "A": [0, 0, "2", 0, 0, "1", 0, "1", 0, 0, 0, 0, "1", 0, "1", 0, 0, "1", 0, 0, 0, "2", 0, 0, "2", 0, 0, 0, 0, "1", 0, 0, 0, 0, "1", 0, "1", 0, 0, 0], "P": ["1", 0, "2", 0, 0, "1", "1", "1", "1", 0, 0, 0, "1", "1", "1", 0, 0, "1", 0, 0, 0, "2", 0, 0, "2", 0, 0, "1", 0, "2", 0, 0, 0, 0, "2", 0, "1", "1", 0, 0], "+/-": ["-1", 0, "+1", "-1", "-1", 0, "+1", 0, 0, 0, 0, 0, 0, "+1", 0, "-1", 0, "+2", 0, 0, "-2", "+2", 0, "-1", "-1", 0, "-1", "-1", 0, "-1", "-1", "-2", "-1", "+3", "+2", "+3", "-1", "+2", 0, 0], "PN": [0, 0, 0, 0, 0, 0, "1", "1", 0, 0, 0, 0, 0, 0, 0, 0, 0, 0, 0, 0, 0, 0, 0, "1", 0, 0, 0, 0, 0, 0, 0, 0, "1", 0, 0, 0, 0, 0, 0, 0], "PIM": [0, 0, 0, 0, 0, 0, "2", "2", 0, 0, 0, 0, 0, 0, 0, 0, 0, 0, 0, 0, 0, 0, 0, "2", 0, 0, 0, 0, 0, 0, 0, 0, "2", 0, 0, 0, 0, 0, 0, 0], "TOT": ["23:26", "15:37", "27:40", "16:14", "16:16", "16:16", "20:11", "17:50", "17:47", "13:28", "13:02", "12:12", "16:00", "12:49", "17:02", "18:42", "13:22", "28:19", 0, "64:47", "24:47", "16:28", "06:49", "17:36", "18:46", "09:37", "17:57", "17:26", "06:53", "19:00", "18:32", "23:35", "31:47", "15:54", "19:12", "10:38", "22:07", "18:56", 0, "65:00"], "SHF": ["27", "20", "31", "21", "21", "23", "25", "25", "22", "16", "17", "16", "22", "19", "24", "24", "18", "31", 0, 0, "31", "22", "9", "22", "25", "12", "23", "25", "9", "25", "22", "31", "33", "22", "25", "14", "28", "24", 0, 0], "AVG TOI/SH": ["00:52", "00:46", "00:53", "00:46", "00:46", "00:42", "00:48", "00:42", "00:48", "00:50", "00:46", "00:45", "00:43", "00:40", "00:42", "00:46", "00:44", "00:54", 0, 0, "00:47", "00:44", "00:45", "00:48", "00:45", "00:48", "00:46", "00:41", "00:45", "00:45", "00:50", "00:45", "00:57", "00:43", "00:46", "00:45", "00:47", "00:47", 0, 0], "PP": ["00:20", "00:23", "02:56", "01:19", "00:00", "02:00", "02:00", "01:19", "01:19", "00:00", "00:00", "00:00", "02:00", "00:00", "00:00", "00:00", "00:00", "02:59", 0, "03:19", "00:27", "00:05", "00:00", "01:24", "02:16", "00:00", "00:52", "02:16", "00:00", "02:16", "00:58", "00:00", "03:19", "01:34", "00:05", "00:00", "00:06", "00:57", 0, "03:19"], "SH": ["02:20", "00:00", "00:59", "00:09", "02:16", "00:00", "00:47", "01:22", "00:00", "02:05", "00:00", "01:05", "00:00", "01:07", "00:00", "00:00", "00:03", "01:03", 0, "03:19", "01:28", "00:00", "00:00", "00:00", "00:00", "01:18", "01:18", "00:00", "00:00", "00:00", "00:00", "01:30", "01:09", "01:49", "02:01", "00:42", "00:00", "02:01", 0, "03:19"], "EV": ["20:46", "15:14", "23:45", "14:46", "14:00", "14:16", "17:24", "15:09", "16:28", "11:23", "13:02", "11:07", "14:00", "11:42", "17:02", "18:42", "13:19", "24:17", 0, "58:09", "22:52", "16:23", "06:49", "16:12", "16:30", "08:19", "15:47", "15:10", "06:53", "16:44", "17:34", "22:05", "27:19", "12:31", "17:06", "09:56", "22:01", "15:58", 0, "58:22"], "S": ["3", 0, "2", "3", "1", "3", "4", "2", "3", "1", "3", "1", "4", "2", "3", "2", "1", "4", 0, 0, "2", "1", 0, "3", "2", 0, "2", "4", 0, "3", "1", "1", "2", "1", "2", "1", "1", "3", 0, 0], "A/B": [0, 0, "2", 0, 0, 0, 0, 0, 0, "1", "1", 0, 0, 0, 0, 0, "1", 0, 0, 0, "1", "1", 0, 0, 0, 0, "2", "1", "1", "1", 0, 0, 0, 0, 0, "1", 0, 0, 0, 0], "MS": [0, 0, 0, 0, 0, "1", "1", 0, "1", 0, "1", "1", 0, 0, 0, "1", 0, 0, 0, 0, "1", 0, 0, "3", "2", "1", 0, "3", 0, "1", "2", 0, 0, "1", "2", 0, 0, "2", 0, 0], "HT": ["1", "1", "4", "3", 0, "1", "3", "2", 0, "2", 0, "4", "9", "1", 0, 0, "4", "1", 0, 0, "3", "4", 0, "1", 0, 0, "2", 0, "1", "1", 0, "2", "1", 0, "5", "5", 0, "1", 0, 0], "GV": [0, 0, 0, 0, 0, 0, 0, 0, 0, 0, 0, 0, 0, 0, "1", "1", 0, 0, 0, 0, "1", 0, 0, 0, "1", 0, 0, 0, 0, 0, 0, 0, 0, 0, 0, 0, "1", 0, 0, 0], "TK": ["1", 0, "1", "2", 0, 0, 0, "1", 0, 0, 0, 0, "4", "1", "1", 0, 0, 0, 0, 0, 0, "2", 0, 0, "1", "1", 0, "1", 0, "3", "1", 0, 0, 0, "1", 0, 0, 0, 0, 0], "BS": [0, "1", "2", "1", 0, 0, 0, 0, 0, "1", 0, 0, "1", 0, 0, 0, 0, "2", 0, 0, "1", 0, 0, 0, 0, 0, 0, 0, 0, 0, 0, 0, "2", 0, 0, 0, "2", 0, 0, 0], "FW": [0, 0, 0, "7", 0, "9", "6", "1", 0, 0, 0, 0, 0, "8", 0, 0, 0, 0, 0, 0, 0, 0, "1", 0, "6", "1", 0, 0, 0, "1", "8", 0, 0, 0, "7", 0, 0, "0", 0, 0], "FL": [0, 0, 0, "4", 0, "6", "8", "0", 0, 0, 0, 0, 0, "6", 0, 0, 0, 0, 0, 0, 0, 0, "1", 0, "9", "3", 0, 0, 0, "1", "5", 0, 0, 0, "11", 0, 0, "1", 0, 0], "F%": [0, 0, 0, "64", 0, "60", "43", "100", 0, 0, 0, 0, 0, "57", 0, 0, 0, 0, 0, 0, 0, 0, "50", 0, "40", "25", 0, 0, 0, "50", "62", 0, 0, 0, "39", 0, 0, "0", 0, 0], "team": ["NASHVILLE PREDATORS ", "NASHVILLE PREDATORS ", "NASHVILLE PREDATORS ", "NASHVILLE PREDATORS ", "NASHVILLE PREDATORS ", "NASHVILLE PREDATORS ", "NASHVILLE PREDATORS ", "NASHVILLE PREDATORS ", "NASHVILLE PREDATORS ", "NASHVILLE PREDATORS ", "NASHVILLE PREDATORS ", "NASHVILLE PREDATORS ", "NASHVILLE PREDATORS ", "NASHVILLE PREDATORS ", "NASHVILLE PREDATORS ", "NASHVILLE PREDATORS ", "NASHVILLE PREDATORS ", "NASHVILLE PREDATORS ", "NASHVILLE PREDATORS ", "NASHVILLE PREDATORS ", "FLORIDA PANTHERS ", "FLORIDA PANTHERS ", "FLORIDA PANTHERS ", "FLORIDA PANTHERS ", "FLORIDA PANTHERS ", "FLORIDA PANTHERS ", "FLORIDA PANTHERS ", "FLORIDA PANTHERS ", "FLORIDA PANTHERS ", "FLORIDA PANTHERS ", "FLORIDA PANTHERS ", "FLORIDA PANTHERS ", "FLORIDA PANTHERS ", "FLORIDA PANTHERS ", "FLORIDA PANTHERS ", "FLORIDA PANTHERS ", "FLORIDA PANTHERS ", "FLORIDA PANTHERS ", "FLORIDA PANTHERS ", "FLORIDA PANTHERS "], "GA": [0, 0, 0, 0, 0, 0, 0, 0, 0, 0, 0, 0, 0, 0, 0, 0, 0, 0, 0.0, "4", 0, 0, 0, 0, 0, 0, 0, 0, 0, 0, 0, 0, 0, 0, 0, 0, 0, 0, 0, "4"], "SA": [0, 0, 0, 0, 0, 0, 0, 0, 0, 0, 0, 0, 0, 0, 0, 0, 0, 0, 0.0, "29", 0, 0, 0, 0, 0, 0, 0, 0, 0, 0, 0, 0, 0, 0, 0, 0, 0, 0, 0, "42"]}}