{"game_info": {"date": "2014-02-03", "visitor": "EDMONTON OILERS ", "home": "BUFFALO SABRES ", "game_id": 837, "status": "final"}, "player_stats": {"number": ["2", "4", "5", "6", "14", "15", "19", "20", "21", "23", "27", "57", "64", "83", "85", "89", "93", "94", "30", "80", "4", "6", "9", "10", "17", "19", "20", "21", "27", "28", "32", "37", "52", "57", "63", "65", "82", "84", "1", "30"], "position": ["D", "L", "D", "L", "C", "D", "D", "L", "D", "C", "C", "L", "R", "R", "D", "C", "C", "L", "G", "G", "D", "D", "C", "D", "L", "C", "D", "R", "R", "C", "L", "L", "D", "D", "C", "C", "L", "C", "G", "G"], "name": ["PETRY, JEFF", "HALL, TAYLOR", "FRASER, MARK", "JOENSUU, JESSE", "EBERLE, JORDAN", "SCHULTZ, NICK", "SCHULTZ, JUSTIN", "GAZDIC, LUKE", "FERENCE, ANDREW", "HENDRICKS, MATT", "GORDON, BOYD", "PERRON, DAVID", "YAKUPOV, NAIL", "HEMSKY, ALES", "MARINCIN, MARTIN", "GAGNER, SAM", "NUGENT-HOPKINS, RYAN", "SMYTH, RYAN", "SCRIVENS, BEN", "BRYZGALOV, ILYA", "MCBAIN, JAMIE", "WEBER, MIKE", "OTT, STEVE", "EHRHOFF, CHRISTIAN", "OMARK, LINUS", "HODGSON, CODY", "TALLINDER, HENRIK", "STAFFORD, DREW", "D'AGOSTINI, MATT", "GIRGENSONS, ZEMGUS", "SCOTT, JOHN", "ELLIS, MATT", "SULZER, ALEXANDER", "MYERS, TYLER", "ENNIS, TYLER", "FLYNN, BRIAN", "FOLIGNO, MARCUS", "VARONE, PHILIP", "ENROTH, JHONAS", "MILLER, RYAN"], "G": ["1", 0, 0, 0, 0, 0, "1", 0, 0, "1", 0, 0, 0, 0, 0, 0, 0, 0, 0, 0, 0, 0, "1", 0, 0, 0, 0, "1", 0, 0, 0, 0, 0, 0, 0, 0, 0, 0, 0, 0], "A": [0, 0, 0, 0, 0, 0, 0, 0, "1", 0, "1", "2", "1", 0, "1", 0, 0, 0, 0, 0, 0, "1", 0, 0, 0, "1", 0, 0, 0, "1", 0, 0, 0, "1", 0, 0, 0, 0, 0, 0], "P": ["1", 0, 0, 0, 0, 0, "1", 0, "1", "1", "1", "2", "1", 0, "1", 0, 0, 0, 0, 0, 0, "1", "1", 0, 0, "1", 0, "1", 0, "1", 0, 0, 0, "1", 0, 0, 0, 0, 0, 0], "+/-": ["+2", 0, 0, 0, "-1", "+1", "+1", 0, 0, "+1", "+1", "+1", 0, "+1", "+1", 0, 0, 0, 0, 0, "-1", 0, 0, "-2", "-1", "-1", "+1", "-1", "-1", "+1", 0, "-1", "-1", 0, "-2", 0, "-1", 0, 0, 0], "PN": [0, "1", 0, 0, "1", 0, 0, 0, "1", "1", 0, 0, "1", "1", 0, 0, "1", 0, 0, 0, 0, 0, "2", "2", 0, 0, 0, "1", 0, 0, 0, 0, 0, "1", 0, 0, 0, 0, 0, 0], "PIM": [0, "2", 0, 0, "2", 0, 0, 0, "2", "2", 0, 0, "2", "2", 0, 0, "2", 0, 0, 0, 0, 0, "4", "4", 0, 0, 0, "2", 0, 0, 0, 0, 0, "2", 0, 0, 0, 0, 0, 0], "TOT": ["21:19", "16:07", "11:59", "04:48", "19:17", "17:35", "23:37", "04:28", "18:25", "15:44", "15:18", "18:06", "12:43", "13:10", "20:14", "17:50", "20:58", "15:15", 0, "59:59", "22:22", "18:06", "22:01", "24:29", "16:15", "19:45", "18:26", "20:50", "18:46", "13:12", "02:55", "05:07", "18:45", "14:15", "21:44", "14:26", "10:56", "06:58", "58:42", 0], "SHF": ["27", "23", "18", "7", "24", "24", "24", "8", "25", "26", "26", "27", "17", "22", "27", "22", "31", "25", 0, 0, "31", "23", "25", "28", "21", "22", "25", "26", "24", "21", "7", "13", "24", "18", "23", "24", "20", "12", 0, 0], "AVG TOI/SH": ["00:47", "00:42", "00:39", "00:41", "00:48", "00:43", "00:59", "00:33", "00:44", "00:36", "00:35", "00:40", "00:44", "00:35", "00:44", "00:48", "00:40", "00:36", 0, 0, "00:43", "00:47", "00:52", "00:52", "00:46", "00:53", "00:44", "00:48", "00:46", "00:37", "00:25", "00:23", "00:46", "00:47", "00:56", "00:36", "00:32", "00:34", 0, 0], "PP": ["00:33", "04:27", "00:19", "00:00", "03:52", "00:07", "06:38", "00:00", "01:01", "00:11", "00:07", "03:20", "03:15", "03:29", "00:44", "03:44", "04:37", "04:11", 0, "08:07", "03:30", "00:12", "04:19", "05:45", "03:14", "05:40", "00:03", "03:33", "04:50", "00:03", "00:00", "00:00", "01:51", "03:48", "06:01", "00:06", "03:20", "00:00", "09:15", 0], "SH": ["04:55", "00:00", "01:27", "00:00", "00:00", "04:16", "00:00", "00:00", "03:50", "04:09", "04:15", "03:03", "00:00", "00:00", "04:02", "00:17", "03:06", "03:40", 0, "09:15", "01:38", "02:31", "02:18", "03:01", "00:00", "00:10", "03:30", "01:25", "00:21", "03:33", "00:00", "01:20", "02:51", "02:43", "00:00", "03:54", "03:13", "00:00", "08:07", 0], "EV": ["15:51", "11:40", "10:13", "04:48", "15:25", "13:12", "16:59", "04:28", "13:34", "11:24", "10:56", "11:43", "09:28", "09:41", "15:28", "13:49", "13:15", "07:24", 0, "42:37", "17:14", "15:23", "15:24", "15:43", "13:01", "13:55", "14:53", "15:52", "13:35", "09:36", "02:55", "03:47", "14:03", "07:44", "15:43", "10:26", "04:23", "06:58", "41:20", 0], "S": ["1", "2", 0, "1", "2", "3", "2", 0, 0, "3", "1", "2", "1", "1", "1", "3", "4", "1", 0, 0, "2", "2", "2", "10", "3", "1", 0, "2", "2", "1", 0, "3", "1", "3", "6", "2", "2", "2", 0, 0], "A/B": ["1", "1", 0, 0, "2", 0, 0, 0, 0, 0, 0, 0, 0, 0, "1", 0, "2", 0, 0, 0, "1", "2", 0, "1", "1", "3", "1", 0, "2", 0, 0, 0, 0, 0, 0, "2", 0, 0, 0, 0], "MS": ["1", 0, "1", 0, "1", 0, 0, 0, 0, 0, "1", "1", "2", "1", "2", "1", 0, 0, 0, 0, 0, 0, "2", "3", "1", "1", 0, 0, "3", 0, 0, 0, 0, "1", "2", "2", "1", 0, 0, 0], "HT": ["3", 0, "2", 0, 0, 0, "1", "1", "1", "3", 0, "3", 0, 0, 0, 0, "1", 0, 0, 0, "2", "3", "3", "3", 0, 0, 0, 0, "3", "4", "2", "1", 0, "2", 0, 0, "5", "1", 0, 0], "GV": [0, 0, 0, "1", 0, "1", 0, 0, "1", 0, 0, 0, "1", 0, 0, "1", 0, 0, 0, "1", 0, 0, "1", "2", 0, "1", 0, 0, 0, 0, 0, 0, 0, "1", 0, 0, 0, 0, "1", 0], "TK": ["1", "1", 0, 0, 0, 0, 0, 0, 0, 0, 0, 0, "1", 0, "2", 0, 0, 0, 0, 0, 0, 0, 0, 0, 0, 0, "1", 0, "1", "1", 0, 0, 0, "1", 0, 0, "1", 0, 0, 0], "BS": ["2", 0, "2", 0, 0, 0, "1", 0, "3", "2", "1", 0, 0, "1", 0, 0, "1", 0, 0, 0, 0, "4", 0, 0, "1", 0, 0, "1", 0, "1", 0, 0, 0, 0, 0, 0, 0, 0, 0, 0], "FW": [0, 0, 0, 0, 0, 0, 0, 0, 0, "0", "14", "0", 0, 0, 0, "4", "11", "0", 0, 0, 0, 0, "8", 0, 0, "8", 0, "4", 0, "7", 0, "3", 0, 0, "6", "2", "3", "0", 0, 0], "FL": [0, 0, 0, 0, 0, 0, 0, 0, 0, "1", "14", "1", 0, 0, 0, "11", "11", "3", 0, 0, 0, 0, "6", 0, 0, "5", 0, "3", 0, "4", 0, "2", 0, 0, "7", "1", "0", "1", 0, 0], "F%": [0, 0, 0, 0, 0, 0, 0, 0, 0, "0", "50", "0", 0, 0, 0, "27", "50", "0", 0, 0, 0, 0, "57", 0, 0, "62", 0, "57", 0, "64", 0, "60", 0, 0, "46", "67", "100", "0", 0, 0], "team": ["EDMONTON OILERS ", "EDMONTON OILERS ", "EDMONTON OILERS ", "EDMONTON OILERS ", "EDMONTON OILERS ", "EDMONTON OILERS ", "EDMONTON OILERS ", "EDMONTON OILERS ", "EDMONTON OILERS ", "EDMONTON OILERS ", "EDMONTON OILERS ", "EDMONTON OILERS ", "EDMONTON OILERS ", "EDMONTON OILERS ", "EDMONTON OILERS ", "EDMONTON OILERS ", "EDMONTON OILERS ", "EDMONTON OILERS ", "EDMONTON OILERS ", "EDMONTON OILERS ", "BUFFALO SABRES ", "BUFFALO SABRES ", "BUFFALO SABRES ", "BUFFALO SABRES ", "BUFFALO SABRES ", "BUFFALO SABRES ", "BUFFALO SABRES ", "BUFFALO SABRES ", "BUFFALO SABRES ", "BUFFALO SABRES ", "BUFFALO SABRES ", "BUFFALO SABRES ", "BUFFALO SABRES ", "BUFFALO SABRES ", "BUFFALO SABRES ", "BUFFALO SABRES ", "BUFFALO SABRES ", "BUFFALO SABRES ", "BUFFALO SABRES ", "BUFFALO SABRES "], "GA": [0, 0, 0, 0, 0, 0, 0, 0, 0, 0, 0, 0, 0, 0, 0, 0, 0, 0, 0.0, "2", 0, 0, 0, 0, 0, 0, 0, 0, 0, 0, 0, 0, 0, 0, 0, 0, 0, 0, "3", 0], "SA": [0, 0, 0, 0, 0, 0, 0, 0, 0, 0, 0, 0, 0, 0, 0, 0, 0, 0, 0.0, "44", 0, 0, 0, 0, 0, 0, 0, 0, 0, 0, 0, 0, 0, 0, 0, 0, 0, 0, "28", 0]}}