{"game_info": {"date": "2013-10-19", "visitor": "TORONTO MAPLE LEAFS ", "home": "CHICAGO BLACKHAWKS ", "game_id": 119, "status": "final"}, "player_stats": {"number": ["3", "4", "11", "12", "15", "19", "21", "28", "32", "36", "40", "42", "43", "44", "46", "51", "63", "81", "34", "45", "2", "4", "6", "7", "8", "10", "16", "19", "20", "26", "27", "29", "37", "42", "52", "65", "81", "88", "39", "50"], "position": ["D", "D", "C", "L", "D", "R", "L", "R", "L", "D", "R", "C", "C", "D", "L", "D", "C", "C", "G", "G", "D", "D", "D", "D", "D", "R", "C", "C", "L", "C", "D", "L", "C", "C", "L", "C", "R", "R", "G", "G"], "name": ["PHANEUF, DION", "FRANSON, CODY", "MCCLEMENT, JAY", "RAYMOND, MASON", "RANGER, PAUL", "LUPUL, JOFFREY", "VAN RIEMSDYK, JAMES", "ORR, COLTON", "LEIVO, JOSH", "GUNNARSSON, CARL", "BODIE, TROY", "BOZAK, TYLER", "KADRI, NAZEM", "RIELLY, MORGAN", "BROLL, DAVID", "GARDINER, JAKE", "BOLLAND, DAVE", "KESSEL, PHIL", "REIMER, JAMES", "BERNIER, JONATHAN", "KEITH, DUNCAN", "HJALMARSSON, NIKLAS", "KOSTKA, MICHAEL", "SEABROOK, BRENT", "LEDDY, NICK", "SHARP, PATRICK", "KRUGER, MARCUS", "TOEWS, JONATHAN", "SAAD, BRANDON", "HANDZUS, MICHAL", "ODUYA, JOHNNY", "BICKELL, BRYAN", "PIRRI, BRANDON", "NORDSTROM, JOAKIM", "BOLLIG, BRANDON", "SHAW, ANDREW", "HOSSA, MARIAN", "KANE, PATRICK", "KHABIBULIN, NIKOLAI", "CRAWFORD, COREY"], "G": [0, 0, 0, 0, 0, 0, 0, 0, 0, 0, 0, 0, "1", 0, 0, 0, 0, 0, 0, 0, 0, 0, "1", 0, 0, 0, 0, 0, 0, 0, 0, "1", "1", 0, 0, 0, 0, 0, 0, 0], "A": [0, "1", 0, 0, 0, "1", 0, 0, 0, 0, 0, 0, 0, 0, 0, 0, 0, 0, 0, 0, 0, 0, 0, 0, "2", 0, "1", 0, "1", 0, 0, 0, "1", 0, 0, "1", 0, 0, 0, 0], "P": [0, "1", 0, 0, 0, "1", 0, 0, 0, 0, 0, 0, "1", 0, 0, 0, 0, 0, 0, 0, 0, 0, "1", 0, "2", 0, "1", 0, "1", 0, 0, "1", "2", 0, 0, "1", 0, 0, 0, 0], "+/-": [0, 0, "-1", 0, "-2", 0, "-1", "-1", 0, "-1", 0, "-1", 0, 0, "-1", "-1", 0, "-1", 0, 0, 0, "+1", "+1", 0, "+1", 0, "+1", 0, 0, 0, "+1", "+1", "+1", "+1", "+1", "+1", 0, 0, 0, 0], "PN": ["1", 0, "1", 0, 0, "1", 0, 0, 0, 0, 0, 0, 0, 0, 0, 0, "1", 0, 0, 0, "1", 0, "1", "1", 0, "1", 0, "1", 0, 0, 0, "1", 0, 0, 0, 0, 0, 0, 0, 0], "PIM": ["2", 0, "2", 0, 0, "2", 0, 0, 0, 0, 0, 0, 0, 0, 0, 0, "2", 0, 0, 0, "2", 0, "2", "2", 0, "2", 0, "2", 0, 0, 0, "2", 0, 0, 0, 0, 0, 0, 0, 0], "TOT": ["22:28", "22:12", "10:15", "18:36", "18:23", "19:41", "20:39", "06:00", "09:18", "16:31", "06:23", "22:46", "17:32", "20:19", "04:13", "19:56", "16:05", "22:23", 0, "58:26", "23:55", "21:02", "13:45", "23:17", "14:11", "18:16", "14:32", "23:08", "17:46", "14:01", "21:01", "10:47", "09:37", "07:42", "05:27", "14:39", "18:46", "17:42", 0, "59:55"], "SHF": ["32", "31", "18", "24", "28", "26", "30", "11", "16", "28", "11", "32", "22", "27", "9", "27", "24", "27", 0, 0, "28", "30", "21", "28", "21", "21", "25", "28", "27", "19", "29", "17", "14", "15", "10", "19", "28", "21", 0, 0], "AVG TOI/SH": ["00:42", "00:42", "00:34", "00:46", "00:39", "00:45", "00:41", "00:32", "00:34", "00:35", "00:34", "00:42", "00:47", "00:45", "00:28", "00:44", "00:40", "00:49", 0, 0, "00:51", "00:42", "00:39", "00:49", "00:40", "00:52", "00:34", "00:49", "00:39", "00:44", "00:43", "00:38", "00:41", "00:30", "00:32", "00:46", "00:40", "00:50", 0, 0], "PP": ["04:37", "05:01", "00:09", "03:07", "00:02", "03:16", "04:20", "00:09", "00:00", "00:09", "00:00", "04:20", "03:16", "03:08", "00:09", "02:33", "00:09", "04:20", 0, "07:45", "02:14", "00:00", "01:08", "01:46", "02:01", "03:17", "00:00", "03:24", "01:44", "00:00", "00:00", "00:00", "01:44", "00:00", "00:00", "03:13", "01:51", "03:18", 0, "05:08"], "SH": ["02:33", "02:15", "02:36", "00:55", "01:50", "00:13", "02:05", "00:00", "00:11", "02:26", "00:00", "02:06", "00:34", "00:00", "00:00", "01:01", "01:47", "00:00", 0, "05:08", "02:36", "04:45", "01:02", "01:58", "00:24", "00:09", "04:47", "02:14", "01:08", "03:16", "04:45", "00:00", "00:00", "01:21", "00:00", "00:00", "02:35", "00:00", 0, "07:45"], "EV": ["15:18", "14:56", "07:30", "14:34", "16:31", "16:12", "14:14", "05:51", "09:07", "13:56", "06:23", "16:20", "13:42", "17:11", "04:04", "16:22", "14:09", "18:03", 0, "45:33", "19:05", "16:17", "11:35", "19:33", "11:46", "14:50", "09:45", "17:30", "14:54", "10:45", "16:16", "10:47", "07:53", "06:21", "05:27", "11:26", "14:20", "14:24", 0, "47:02"], "S": ["1", 0, 0, "3", "2", "4", "2", 0, 0, "1", 0, 0, "2", 0, 0, 0, "2", "3", 0, 0, "3", "1", "4", "3", "2", "6", 0, "2", "1", 0, 0, "3", "2", 0, 0, "2", "7", "4", 0, 0], "A/B": ["3", "1", "1", "1", 0, 0, "2", 0, 0, 0, 0, "1", 0, "1", "1", "1", 0, "2", 0, 0, "4", 0, 0, "1", "1", 0, 0, 0, "2", 0, "1", 0, "1", 0, "1", "1", "2", "1", 0, 0], "MS": [0, "1", 0, 0, "2", 0, 0, 0, 0, 0, 0, 0, "2", 0, 0, 0, 0, "1", 0, 0, "2", "1", "1", 0, 0, "1", 0, "2", "1", 0, 0, "1", "1", "1", 0, 0, 0, "1", 0, 0], "HT": ["2", "2", 0, "1", "3", "1", 0, "3", "1", "1", 0, "4", "1", "3", 0, "1", "1", "1", 0, 0, 0, "1", "2", "4", "2", 0, 0, 0, "2", "2", 0, "2", 0, 0, 0, "1", "2", 0, 0, "1"], "GV": [0, 0, 0, 0, 0, 0, 0, 0, 0, "1", 0, 0, 0, 0, 0, 0, 0, 0, 0, 0, 0, "1", 0, "1", 0, 0, 0, 0, 0, 0, "1", 0, 0, 0, 0, 0, 0, 0, 0, 0], "TK": [0, "1", 0, 0, 0, 0, "1", 0, "1", "1", 0, "1", "1", 0, 0, 0, "1", 0, 0, 0, "1", 0, 0, 0, 0, "2", 0, 0, 0, "1", 0, 0, 0, 0, 0, 0, 0, 0, 0, 0], "BS": ["2", "2", "1", 0, "1", 0, 0, "1", 0, "4", 0, 0, 0, "2", 0, "1", 0, "1", 0, 0, "2", "1", 0, "2", 0, "1", "2", 0, 0, "2", "3", "1", 0, 0, 0, 0, 0, 0, 0, 0], "FW": [0, 0, "3", 0, 0, 0, 0, 0, 0, 0, 0, "9", "8", 0, 0, 0, "4", 0, 0, 0, 0, 0, 0, 0, 0, "3", "4", "11", "1", "5", 0, 0, "2", 0, 0, "4", 0, 0, 0, 0], "FL": [0, 0, "3", 0, 0, 0, 0, 0, 0, 0, 0, "16", "6", 0, 0, 0, "5", 0, 0, 0, 0, 0, 0, 0, 0, "1", "4", "8", "0", "7", 0, 0, "3", 0, 0, "1", 0, 0, 0, 0], "F%": [0, 0, "50", 0, 0, 0, 0, 0, 0, 0, 0, "36", "57", 0, 0, 0, "44", 0, 0, 0, 0, 0, 0, 0, 0, "75", "50", "58", "100", "42", 0, 0, "40", 0, 0, "80", 0, 0, 0, 0], "team": ["TORONTO MAPLE LEAFS ", "TORONTO MAPLE LEAFS ", "TORONTO MAPLE LEAFS ", "TORONTO MAPLE LEAFS ", "TORONTO MAPLE LEAFS ", "TORONTO MAPLE LEAFS ", "TORONTO MAPLE LEAFS ", "TORONTO MAPLE LEAFS ", "TORONTO MAPLE LEAFS ", "TORONTO MAPLE LEAFS ", "TORONTO MAPLE LEAFS ", "TORONTO MAPLE LEAFS ", "TORONTO MAPLE LEAFS ", "TORONTO MAPLE LEAFS ", "TORONTO MAPLE LEAFS ", "TORONTO MAPLE LEAFS ", "TORONTO MAPLE LEAFS ", "TORONTO MAPLE LEAFS ", "TORONTO MAPLE LEAFS ", "TORONTO MAPLE LEAFS ", "CHICAGO BLACKHAWKS ", "CHICAGO BLACKHAWKS ", "CHICAGO BLACKHAWKS ", "CHICAGO BLACKHAWKS ", "CHICAGO BLACKHAWKS ", "CHICAGO BLACKHAWKS ", "CHICAGO BLACKHAWKS ", "CHICAGO BLACKHAWKS ", "CHICAGO BLACKHAWKS ", "CHICAGO BLACKHAWKS ", "CHICAGO BLACKHAWKS ", "CHICAGO BLACKHAWKS ", "CHICAGO BLACKHAWKS ", "CHICAGO BLACKHAWKS ", "CHICAGO BLACKHAWKS ", "CHICAGO BLACKHAWKS ", "CHICAGO BLACKHAWKS ", "CHICAGO BLACKHAWKS ", "CHICAGO BLACKHAWKS ", "CHICAGO BLACKHAWKS "], "GA": [0, 0, 0, 0, 0, 0, 0, 0, 0, 0, 0, 0, 0, 0, 0, 0, 0, 0, 0.0, "3", 0, 0, 0, 0, 0, 0, 0, 0, 0, 0, 0, 0, 0, 0, 0, 0, 0, 0, 0, "1"], "SA": [0, 0, 0, 0, 0, 0, 0, 0, 0, 0, 0, 0, 0, 0, 0, 0, 0, 0, 0.0, "40", 0, 0, 0, 0, 0, 0, 0, 0, 0, 0, 0, 0, 0, 0, 0, 0, 0, 0, 0, "20"]}}