{"game_info": {"date": "2013-11-29", "visitor": "NEW YORK RANGERS ", "home": "BOSTON BRUINS ", "game_id": 380, "status": "final"}, "player_stats": {"number": ["5", "6", "14", "16", "17", "18", "19", "20", "21", "22", "24", "27", "28", "36", "44", "61", "62", "67", "30", "33", "11", "12", "17", "18", "20", "21", "22", "23", "27", "33", "34", "37", "44", "46", "47", "54", "55", "63", "30", "40", 0], "position": ["D", "D", "L", "C", "D", "D", "C", "C", "C", "C", "R", "D", "C", "C", "D", "L", "L", "L", "G", "G", "C", "R", "L", "R", "L", "L", "L", "C", "D", "D", "C", "C", "D", "C", "D", "D", "D", "C", "G", "G", 0], "name": ["GIRARDI, DAN", "STRALMAN, ANTON", "PYATT, TAYLOR", "BRASSARD, DERICK", "MOORE, JOHN", "STAAL, MARC", "RICHARDS, BRAD", "KREIDER, CHRIS", "STEPAN, DEREK", "BOYLE, BRIAN", "CALLAHAN, RYAN", "MCDONAGH, RYAN", "MOORE, DOMINIC", "ZUCCARELLO, MATS", "FALK, JUSTIN", "NASH, RICK", "HAGELIN, CARL", "POULIOT, BENOIT", "LUNDQVIST, HENRIK", "TALBOT, CAM", "CAMPBELL, GREGORY", "IGINLA, JAROME", "LUCIC, MILAN", "SMITH, REILLY", "PAILLE, DANIEL", "ERIKSSON, LOUI", "THORNTON, SHAWN", "KELLY, CHRIS", "HAMILTON, DOUGIE", "CHARA, ZDENO", "SODERBERG, CARL", "BERGERON, PATRICE", "SEIDENBERG, DENNIS", "KREJCI, DAVID", "KRUG, TOREY", "MCQUAID, ADAM", "BOYCHUK, JOHNNY", "MARCHAND, BRAD", "JOHNSON, CHAD", "RASK, TUUKKA", "TEAM PENALTY"], "G": [0, 0, 0, 0, 0, 0, 0, 0, 0, 0, 0, "1", 0, 0, 0, "1", 0, 0, 0, 0, 0, 0, 0, 0, 0, 0, 0, 0, 0, "1", 0, "1", 0, 0, 0, 0, 0, "1", 0, 0, 0], "A": [0, 0, 0, "1", 0, 0, "1", 0, 0, 0, "1", 0, 0, 0, 0, 0, "1", 0, 0, 0, 0, 0, 0, 0, 0, "1", 0, 0, 0, "1", 0, 0, 0, "1", 0, 0, "1", "1", 0, 0, 0], "P": [0, 0, 0, "1", 0, 0, "1", 0, 0, 0, "1", "1", 0, 0, 0, "1", "1", 0, 0, 0, 0, 0, 0, 0, 0, "1", 0, 0, 0, "2", 0, "1", 0, "1", 0, 0, "1", "2", 0, 0, 0], "+/-": [0, "-1", 0, 0, 0, "-1", "-1", 0, 0, 0, 0, 0, 0, 0, 0, "-2", "-1", "+1", 0, 0, 0, 0, "+1", "-1", 0, "+2", 0, "-1", "-1", "+2", "-1", "+1", "-1", 0, 0, 0, "+2", "+2", 0, 0, 0], "PN": [0, "1", 0, "1", 0, 0, 0, "1", 0, "1", 0, 0, 0, 0, 0, "1", 0, 0, 0, 0, 0, 0, 0, 0, 0, "1", 0, 0, 0, "2", 0, 0, 0, "1", "1", "1", 0, "1", 0, 0, "1"], "PIM": [0, "2", 0, "2", 0, 0, 0, "2", 0, "5", 0, 0, 0, 0, 0, "2", 0, 0, 0, 0, 0, 0, 0, 0, 0, "2", 0, 0, 0, "7", 0, 0, 0, "2", "2", "2", 0, "2", 0, 0, "2"], "TOT": ["26:30", "16:33", "11:27", "15:04", "16:30", "17:23", "17:20", "14:43", "18:57", "10:38", "18:32", "27:10", "12:04", "15:04", "13:34", "19:15", "16:20", "10:17", "58:39", 0, "12:54", "16:48", "16:46", "12:45", "10:57", "13:23", "08:38", "16:52", "15:52", "19:50", "13:40", "15:04", "24:43", "17:49", "18:12", "19:11", "22:21", "14:15", 0, "60:00", 0], "SHF": ["30", "22", "16", "21", "23", "23", "22", "22", "24", "15", "22", "31", "16", "22", "20", "23", "20", "13", 0, 0, "18", "20", "20", "17", "14", "17", "11", "23", "20", "28", "16", "22", "30", "20", "22", "22", "27", "18", 0, 0, 0], "AVG TOI/SH": ["00:53", "00:45", "00:42", "00:43", "00:43", "00:45", "00:47", "00:40", "00:47", "00:42", "00:50", "00:52", "00:45", "00:41", "00:40", "00:50", "00:49", "00:47", 0, 0, "00:43", "00:50", "00:50", "00:45", "00:46", "00:47", "00:47", "00:44", "00:47", "00:42", "00:51", "00:41", "00:49", "00:53", "00:49", "00:52", "00:49", "00:47", 0, 0, 0], "PP": ["05:06", "00:09", "00:01", "02:36", "03:05", "00:08", "04:23", "03:07", "03:11", "00:01", "04:11", "04:22", "00:01", "03:12", "00:00", "03:15", "01:07", "00:00", "07:35", 0, "00:00", "01:01", "01:01", "00:06", "00:00", "00:11", "00:00", "00:06", "00:17", "01:29", "00:17", "00:28", "00:15", "01:09", "01:07", "00:00", "00:11", "00:17", 0, "01:35", 0], "SH": ["00:40", "00:55", "00:09", "00:00", "00:00", "00:55", "00:11", "00:00", "00:14", "01:00", "00:10", "00:40", "00:52", "00:00", "00:00", "00:11", "00:23", "00:00", "01:35", 0, "03:40", "00:11", "00:00", "00:00", "02:14", "02:02", "00:00", "02:45", "01:11", "03:36", "00:00", "02:38", "03:23", "00:00", "00:36", "02:00", "04:24", "01:40", 0, "07:35", 0], "EV": ["20:44", "15:29", "11:17", "12:28", "13:25", "16:20", "12:46", "11:36", "15:32", "09:37", "14:11", "22:08", "11:11", "11:52", "13:34", "15:49", "14:50", "10:17", "49:29", 0, "09:14", "15:36", "15:45", "12:39", "08:43", "11:10", "08:38", "14:01", "14:24", "14:45", "13:23", "11:58", "21:05", "16:40", "16:29", "17:11", "17:46", "12:18", 0, "50:50", 0], "S": ["1", 0, 0, 0, "2", "1", 0, "2", "2", 0, "4", "1", "1", "1", 0, "2", 0, "2", 0, 0, 0, 0, "4", "1", "2", "2", 0, "1", "2", "2", "1", "3", "1", "2", "1", "3", "2", "1", 0, 0, 0], "A/B": ["1", 0, 0, 0, 0, 0, "2", 0, "1", 0, "2", "2", "1", 0, 0, 0, "1", 0, 0, 0, "1", "2", 0, 0, 0, 0, "1", 0, "1", "2", 0, "1", "4", 0, "2", "1", 0, 0, 0, 0, 0], "MS": ["2", 0, "1", "1", 0, 0, 0, "1", 0, 0, 0, "2", 0, 0, 0, 0, 0, 0, 0, 0, 0, "3", "1", "1", 0, 0, 0, 0, 0, "3", "3", 0, 0, 0, "1", 0, "1", 0, 0, 0, 0], "HT": ["4", "1", "3", "1", 0, "3", "1", "1", "1", "3", "2", "3", "1", "1", "2", 0, "3", "3", 0, 0, "1", "2", "4", "1", "1", 0, "3", "5", "1", 0, 0, 0, "1", "2", 0, "3", "1", "1", 0, 0, 0], "GV": ["1", 0, 0, 0, "1", 0, 0, "1", 0, 0, 0, "1", 0, 0, "1", "1", "2", 0, 0, 0, 0, "1", "1", 0, "1", 0, 0, 0, "1", 0, 0, 0, 0, "1", 0, 0, 0, "1", 0, 0, 0], "TK": ["1", 0, "1", 0, 0, 0, 0, "1", "1", "1", 0, 0, "1", 0, 0, "2", 0, 0, 0, 0, 0, 0, 0, 0, 0, 0, 0, "1", 0, 0, 0, 0, "1", 0, 0, 0, 0, 0, 0, 0, 0], "BS": ["1", 0, "1", 0, "1", 0, 0, "1", 0, "2", "1", "2", 0, 0, "2", "2", "2", 0, 0, 0, "1", 0, 0, "1", "1", "1", 0, 0, 0, "1", 0, "1", "1", 0, 0, "1", "2", 0, 0, 0, 0], "FW": [0, 0, 0, "3", 0, 0, "8", 0, "8", 0, 0, 0, "5", 0, 0, 0, "0", 0, 0, 0, "4", 0, 0, 0, 0, 0, 0, "7", 0, 0, 0, "11", 0, "5", 0, 0, 0, 0, 0, 0, 0], "FL": [0, 0, 0, "4", 0, 0, "8", 0, "11", 0, 0, 0, "3", 0, 0, 0, "1", 0, 0, 0, "3", 0, 0, 0, 0, 0, 0, "8", 0, 0, 0, "5", 0, "8", 0, 0, 0, 0, 0, 0, 0], "F%": [0, 0, 0, "43", 0, 0, "50", 0, "42", 0, 0, 0, "63", 0, 0, 0, "0", 0, 0, 0, "57", 0, 0, 0, 0, 0, 0, "47", 0, 0, 0, "69", 0, "38", 0, 0, 0, 0, 0, 0, 0], "team": ["NEW YORK RANGERS ", "NEW YORK RANGERS ", "NEW YORK RANGERS ", "NEW YORK RANGERS ", "NEW YORK RANGERS ", "NEW YORK RANGERS ", "NEW YORK RANGERS ", "NEW YORK RANGERS ", "NEW YORK RANGERS ", "NEW YORK RANGERS ", "NEW YORK RANGERS ", "NEW YORK RANGERS ", "NEW YORK RANGERS ", "NEW YORK RANGERS ", "NEW YORK RANGERS ", "NEW YORK RANGERS ", "NEW YORK RANGERS ", "NEW YORK RANGERS ", "NEW YORK RANGERS ", "NEW YORK RANGERS ", "BOSTON BRUINS ", "BOSTON BRUINS ", "BOSTON BRUINS ", "BOSTON BRUINS ", "BOSTON BRUINS ", "BOSTON BRUINS ", "BOSTON BRUINS ", "BOSTON BRUINS ", "BOSTON BRUINS ", "BOSTON BRUINS ", "BOSTON BRUINS ", "BOSTON BRUINS ", "BOSTON BRUINS ", "BOSTON BRUINS ", "BOSTON BRUINS ", "BOSTON BRUINS ", "BOSTON BRUINS ", "BOSTON BRUINS ", "BOSTON BRUINS ", "BOSTON BRUINS ", "BOSTON BRUINS "], "GA": [0, 0, 0, 0, 0, 0, 0, 0, 0, 0, 0, 0, 0, 0, 0, 0, 0, 0, "3", 0, 0, 0, 0, 0, 0, 0, 0, 0, 0, 0, 0, 0, 0, 0, 0, 0, 0, 0, 0, "2", 0], "SA": [0, 0, 0, 0, 0, 0, 0, 0, 0, 0, 0, 0, 0, 0, 0, 0, 0, 0, "28", 0, 0, 0, 0, 0, 0, 0, 0, 0, 0, 0, 0, 0, 0, 0, 0, 0, 0, 0, 0, "19", 0]}}