{"game_info": {"date": "2013-12-27", "visitor": "COLUMBUS BLUE JACKETS ", "home": "NEW JERSEY DEVILS ", "game_id": 569, "status": "final"}, "player_stats": {"number": ["5", "6", "7", "13", "14", "17", "18", "19", "21", "24", "26", "27", "38", "42", "51", "55", "58", "71", "30", "31", "2", "6", "7", "8", "9", "11", "14", "15", "17", "18", "19", "21", "22", "26", "28", "29", "34", "68", "30", "35"], "position": ["R", "D", "D", "R", "L", "C", "C", "C", "D", "C", "R", "D", "C", "C", "D", "C", "D", "L", "G", "G", "D", "D", "D", "C", "L", "R", "C", "C", "R", "R", "C", "C", "D", "L", "D", "L", "D", "R", "G", "G"], "name": ["SKILLE, JACK", "NIKITIN, NIKITA", "JOHNSON, JACK", "ATKINSON, CAM", "COMEAU, BLAKE", "DUBINSKY, BRANDON", "UMBERGER, RJ", "JOHANSEN, RYAN", "WISNIEWSKI, JAMES", "MACKENZIE, DEREK", "TROPP, COREY", "MURRAY, RYAN", "JENNER, BOONE", "ANISIMOV, ARTEM", "TYUTIN, FEDOR", "LETESTU, MARK", "SAVARD, DAVID", "FOLIGNO, NICK", "MCKENNA, MIKE", "MCELHINNEY, CURTIS", "ZIDLICKY, MAREK", "GREENE, ANDY", "FAYNE, MARK", "ZUBRUS, DAINIUS", "TEDENBY, MATTIAS", "GIONTA, STEPHEN", "HENRIQUE, ADAM", "BOUCHER, REID", "RYDER, MICHAEL", "BERNIER, STEVE", "ZAJAC, TRAVIS", "LOKTIONOV, ANDREI", "GELINAS, ERIC", "ELIAS, PATRIK", "VOLCHENKOV, ANTON", "CLOWE, RYANE", "MERRILL, JON", "JAGR, JAROMIR", "BRODEUR, MARTIN", "SCHNEIDER, CORY"], "G": [0, 0, 0, 0, 0, 0, 0, 0, 0, 0, 0, 0, 0, "1", 0, 0, 0, 0, 0, 0, 0, 0, 0, 0, 0, 0, "1", 0, 0, 0, 0, 0, 0, 0, 0, 0, 0, 0, 0, 0], "A": [0, 0, 0, "1", 0, "1", 0, 0, 0, 0, 0, 0, 0, 0, 0, 0, 0, 0, 0, 0, "1", 0, 0, 0, 0, 0, 0, 0, 0, 0, 0, 0, 0, "1", 0, 0, 0, 0, 0, 0], "P": [0, 0, 0, "1", 0, "1", 0, 0, 0, 0, 0, 0, 0, "1", 0, 0, 0, 0, 0, 0, "1", 0, 0, 0, 0, 0, "1", 0, 0, 0, 0, 0, 0, "1", 0, 0, 0, 0, 0, 0], "+/-": ["-1", "+1", "+1", "+1", "-1", "+1", 0, 0, "-1", "-1", 0, "-1", 0, "+1", 0, 0, 0, 0, 0, 0, "+1", "-1", "-1", 0, "-1", "+1", "+1", 0, 0, "-1", "-1", 0, "+1", "+1", 0, 0, 0, 0, 0, 0], "PN": [0, 0, 0, 0, 0, 0, 0, "1", "1", 0, 0, 0, 0, 0, 0, "1", 0, "1", 0, 0, "1", 0, "1", 0, 0, 0, 0, 0, 0, 0, "1", "1", "1", 0, 0, 0, "1", 0, 0, 0], "PIM": [0, 0, 0, 0, 0, 0, 0, "2", "2", 0, 0, 0, 0, 0, 0, "2", 0, "2", 0, 0, "2", 0, "2", 0, 0, 0, 0, 0, 0, 0, "2", "2", "2", 0, 0, 0, "2", 0, 0, 0], "TOT": ["07:08", "16:11", "25:58", "16:32", "08:16", "20:49", "19:54", "21:35", "23:00", "10:26", "09:38", "21:24", "10:23", "20:27", "26:40", "18:00", "15:28", "20:13", 0, "65:00", "23:40", "28:15", "16:15", "21:33", "06:48", "10:27", "17:42", "10:20", "15:33", "09:13", "24:19", "12:26", "22:18", "18:29", "18:52", "10:38", "21:21", "19:54", "64:57", 0], "SHF": ["12", "18", "27", "20", "14", "25", "25", "24", "27", "19", "15", "26", "16", "26", "27", "24", "17", "24", 0, 0, "32", "31", "25", "29", "9", "16", "24", "12", "19", "13", "31", "16", "28", "26", "21", "13", "28", "26", 0, 0], "AVG TOI/SH": ["00:35", "00:53", "00:57", "00:49", "00:35", "00:49", "00:47", "00:53", "00:51", "00:32", "00:38", "00:49", "00:38", "00:47", "00:59", "00:45", "00:54", "00:50", 0, 0, "00:44", "00:54", "00:39", "00:44", "00:45", "00:39", "00:44", "00:51", "00:49", "00:42", "00:47", "00:46", "00:47", "00:42", "00:53", "00:49", "00:45", "00:45", 0, 0], "PP": ["00:21", "00:00", "03:46", "00:59", "00:21", "04:46", "03:19", "04:44", "05:26", "00:21", "00:00", "03:15", "00:00", "04:46", "03:00", "03:47", "00:00", "03:19", 0, "08:26", "03:17", "03:27", "00:04", "00:01", "00:00", "00:00", "02:31", "01:05", "02:36", "00:00", "02:50", "00:00", "02:00", "02:56", "00:00", "01:19", "01:54", "02:45", "05:21", 0], "SH": ["00:00", "00:56", "03:10", "00:19", "01:01", "02:04", "00:49", "00:51", "01:15", "02:23", "00:00", "01:15", "00:00", "01:31", "03:10", "01:42", "00:56", "00:02", 0, "05:21", "00:59", "07:27", "00:53", "03:05", "00:00", "01:48", "03:28", "00:00", "00:00", "00:00", "03:17", "00:51", "00:05", "03:26", "06:34", "00:00", "00:54", "00:00", "08:26", 0], "EV": ["06:47", "15:15", "19:02", "15:14", "06:54", "13:59", "15:46", "16:00", "16:19", "07:42", "09:38", "16:54", "10:23", "14:10", "20:30", "12:31", "14:32", "16:52", 0, "51:13", "19:24", "17:21", "15:18", "18:27", "06:48", "08:39", "11:43", "09:15", "12:57", "09:13", "18:12", "11:35", "20:13", "12:07", "12:18", "09:19", "18:33", "17:09", "51:10", 0], "S": ["1", 0, "3", "2", 0, "4", 0, 0, "2", 0, "1", "2", "2", "2", "3", "6", 0, "2", 0, 0, "2", 0, "1", "1", 0, "2", "1", 0, 0, "1", "1", 0, "2", "1", "2", 0, 0, "3", 0, 0], "A/B": [0, "1", "1", 0, 0, 0, "1", 0, 0, 0, 0, 0, 0, 0, 0, "1", 0, 0, 0, 0, 0, 0, 0, 0, 0, 0, 0, 0, "1", 0, "1", "1", "1", "1", 0, 0, "1", "1", 0, 0], "MS": [0, 0, "2", 0, "1", "1", 0, "1", "2", 0, 0, 0, 0, "1", 0, "2", 0, 0, 0, 0, "1", "2", 0, "1", 0, 0, "1", 0, "1", 0, "1", 0, 0, "1", 0, 0, 0, "2", 0, 0], "HT": [0, 0, "1", 0, "2", 0, 0, "1", 0, "3", "2", 0, "2", 0, "1", 0, "1", "2", 0, 0, 0, 0, "3", "1", "1", "3", "1", "2", 0, "1", 0, "1", "1", 0, "2", "4", 0, 0, 0, 0], "GV": [0, "1", 0, 0, 0, "1", 0, 0, 0, 0, 0, 0, 0, 0, "1", 0, 0, 0, 0, 0, "1", "1", 0, 0, 0, "1", 0, "2", 0, 0, 0, 0, 0, 0, "1", 0, 0, "1", "1", 0], "TK": [0, 0, "1", 0, 0, 0, 0, 0, 0, 0, 0, 0, 0, 0, 0, 0, 0, 0, 0, 0, 0, 0, 0, 0, 0, 0, "1", 0, 0, 0, 0, 0, 0, 0, 0, 0, 0, "1", 0, 0], "BS": [0, 0, "2", "1", 0, 0, 0, 0, "2", "1", 0, 0, 0, 0, "1", 0, 0, 0, 0, 0, 0, 0, 0, 0, 0, 0, 0, 0, 0, "1", 0, 0, 0, 0, 0, "1", "2", 0, 0, 0], "FW": [0, 0, 0, 0, 0, 0, 0, "7", 0, "6", 0, 0, 0, "11", 0, "8", 0, 0, 0, 0, 0, 0, 0, "2", 0, "2", "6", 0, 0, 0, "12", "2", 0, "1", 0, 0, 0, 0, 0, 0], "FL": [0, 0, 0, 0, 0, 0, 0, "7", 0, "5", 0, 0, 0, "10", 0, "3", 0, 0, 0, 0, 0, 0, 0, "2", 0, "4", "7", 0, 0, 0, "11", "1", 0, "7", 0, 0, 0, 0, 0, 0], "F%": [0, 0, 0, 0, 0, 0, 0, "50", 0, "55", 0, 0, 0, "52", 0, "73", 0, 0, 0, 0, 0, 0, 0, "50", 0, "33", "46", 0, 0, 0, "52", "67", 0, "13", 0, 0, 0, 0, 0, 0], "team": ["COLUMBUS BLUE JACKETS ", "COLUMBUS BLUE JACKETS ", "COLUMBUS BLUE JACKETS ", "COLUMBUS BLUE JACKETS ", "COLUMBUS BLUE JACKETS ", "COLUMBUS BLUE JACKETS ", "COLUMBUS BLUE JACKETS ", "COLUMBUS BLUE JACKETS ", "COLUMBUS BLUE JACKETS ", "COLUMBUS BLUE JACKETS ", "COLUMBUS BLUE JACKETS ", "COLUMBUS BLUE JACKETS ", "COLUMBUS BLUE JACKETS ", "COLUMBUS BLUE JACKETS ", "COLUMBUS BLUE JACKETS ", "COLUMBUS BLUE JACKETS ", "COLUMBUS BLUE JACKETS ", "COLUMBUS BLUE JACKETS ", "COLUMBUS BLUE JACKETS ", "COLUMBUS BLUE JACKETS ", "NEW JERSEY DEVILS ", "NEW JERSEY DEVILS ", "NEW JERSEY DEVILS ", "NEW JERSEY DEVILS ", "NEW JERSEY DEVILS ", "NEW JERSEY DEVILS ", "NEW JERSEY DEVILS ", "NEW JERSEY DEVILS ", "NEW JERSEY DEVILS ", "NEW JERSEY DEVILS ", "NEW JERSEY DEVILS ", "NEW JERSEY DEVILS ", "NEW JERSEY DEVILS ", "NEW JERSEY DEVILS ", "NEW JERSEY DEVILS ", "NEW JERSEY DEVILS ", "NEW JERSEY DEVILS ", "NEW JERSEY DEVILS ", "NEW JERSEY DEVILS ", "NEW JERSEY DEVILS "], "GA": [0, 0, 0, 0, 0, 0, 0, 0, 0, 0, 0, 0, 0, 0, 0, 0, 0, 0, 0.0, "1", 0, 0, 0, 0, 0, 0, 0, 0, 0, 0, 0, 0, 0, 0, 0, 0, 0, 0, "1", 0], "SA": [0, 0, 0, 0, 0, 0, 0, 0, 0, 0, 0, 0, 0, 0, 0, 0, 0, 0, 0.0, "17", 0, 0, 0, 0, 0, 0, 0, 0, 0, 0, 0, 0, 0, 0, 0, 0, 0, 0, "30", 0]}}