{"game_info": {"date": "2013-12-03", "visitor": "SAN JOSE SHARKS ", "home": "TORONTO MAPLE LEAFS ", "game_id": 410, "status": "final"}, "player_stats": {"number": ["5", "7", "8", "9", "10", "12", "15", "18", "19", "22", "27", "39", "44", "48", "57", "61", "81", "88", "31", "32", "2", "3", "11", "12", "15", "21", "22", "23", "24", "28", "36", "38", "41", "42", "44", "51", "71", "81", "34", "45"], "position": ["D", "D", "C", "R", "C", "C", "C", "R", "C", "D", "D", "C", "D", "C", "C", "D", "C", "R", "G", "G", "D", "D", "C", "L", "D", "L", "R", "C", "C", "R", "D", "L", "L", "C", "D", "D", "R", "C", "G", "G"], "name": ["DEMERS, JASON", "STUART, BRAD", "PAVELSKI, JOE", "HAVLAT, MARTY", "DESJARDINS, ANDREW", "MARLEAU, PATRICK", "SHEPPARD, JAMES", "BROWN, MIKE", "THORNTON, JOE", "BOYLE, DAN", "HANNAN, SCOTT", "COUTURE, LOGAN", "VLASIC, MARC-EDOUARD", "HERTL, TOMAS", "WINGELS, TOMMY", "BRAUN, JUSTIN", "KENNEDY, TYLER", "BURNS, BRENT", "NIEMI, ANTTI", "STALOCK, ALEX", "FRASER, MARK", "PHANEUF, DION", "MCCLEMENT, JAY", "RAYMOND, MASON", "RANGER, PAUL", "VAN RIEMSDYK, JAMES", "SMITHSON, JERRED", "SMITH, TREVOR", "HOLLAND, PETER", "ORR, COLTON", "GUNNARSSON, CARL", "MCLAREN, FRAZER", "KULEMIN, NIKOLAI", "BOZAK, TYLER", "RIELLY, MORGAN", "GARDINER, JAKE", "CLARKSON, DAVID", "KESSEL, PHIL", "REIMER, JAMES", "BERNIER, JONATHAN"], "G": [0, "1", 0, 0, 0, 0, 0, "1", "1", 0, 0, "1", 0, 0, 0, 0, 0, 0, 0, 0, 0, 0, 0, "1", 0, 0, 0, 0, 0, 0, 0, 0, 0, 0, 0, 0, 0, "1", 0, 0], "A": ["1", 0, "1", 0, "1", 0, 0, 0, 0, "2", 0, 0, 0, 0, "1", 0, 0, 0, 0, 0, 0, 0, 0, 0, 0, "1", 0, 0, 0, 0, "1", 0, 0, "1", "1", 0, 0, 0, 0, 0], "P": ["1", "1", "1", 0, "1", 0, 0, "1", "1", "2", 0, "1", 0, 0, "1", 0, 0, 0, 0, 0, 0, 0, 0, "1", 0, "1", 0, 0, 0, 0, "1", 0, 0, "1", "1", 0, 0, "1", 0, 0], "+/-": ["+1", "+1", "+1", "+1", "+1", "+1", "+1", "+1", 0, "+1", "+1", "+1", "+1", 0, "+1", "+1", "+1", 0, 0, 0, "-2", 0, 0, "-1", 0, "-1", "-1", "-1", 0, "-1", 0, "-1", "-1", "-1", "-3", "-1", "-1", "-1", 0, 0], "PN": [0, 0, 0, 0, "1", 0, "1", 0, 0, "1", 0, "1", 0, 0, 0, 0, 0, 0, 0, 0, 0, 0, "1", "2", 0, 0, "1", 0, 0, 0, 0, "1", 0, 0, 0, 0, 0, 0, 0, 0], "PIM": [0, 0, 0, 0, "5", 0, "2", 0, 0, "2", 0, "2", 0, 0, 0, 0, 0, 0, 0, 0, 0, 0, "2", "4", 0, 0, "5", 0, 0, 0, 0, "2", 0, 0, 0, 0, 0, 0, 0, 0], "TOT": ["17:35", "17:49", "18:57", "13:44", "08:11", "20:47", "08:21", "08:47", "18:20", "19:29", "15:59", "21:12", "22:57", "16:01", "15:25", "21:40", "14:13", "16:11", "59:53", 0, "16:15", "25:27", "15:03", "16:59", "16:54", "22:10", "10:28", "18:59", "12:11", "05:57", "19:04", "06:21", "13:37", "12:33", "18:26", "23:54", "17:41", "20:56", "59:38", 0], "SHF": ["23", "23", "26", "19", "14", "29", "14", "14", "28", "23", "21", "30", "28", "26", "26", "26", "22", "25", 0, 0, "22", "29", "21", "25", "28", "28", "17", "25", "17", "8", "28", "9", "19", "16", "26", "26", "25", "26", 0, 0], "AVG TOI/SH": ["00:45", "00:46", "00:43", "00:43", "00:35", "00:43", "00:35", "00:37", "00:39", "00:50", "00:45", "00:42", "00:49", "00:36", "00:35", "00:50", "00:38", "00:38", 0, 0, "00:44", "00:52", "00:43", "00:40", "00:36", "00:47", "00:36", "00:45", "00:43", "00:44", "00:40", "00:42", "00:43", "00:47", "00:42", "00:55", "00:42", "00:48", 0, 0], "PP": ["02:00", "00:00", "04:31", "01:20", "00:00", "05:16", "00:00", "00:00", "03:58", "03:58", "00:12", "05:04", "02:29", "01:27", "00:47", "00:16", "00:00", "02:17", "06:43", 0, "00:00", "03:32", "00:00", "01:13", "00:00", "03:16", "00:00", "00:57", "00:00", "00:00", "00:39", "00:00", "00:00", "02:43", "00:57", "03:50", "01:46", "03:32", "04:29", 0], "SH": ["00:00", "01:51", "01:18", "00:00", "00:36", "02:05", "00:00", "00:00", "01:28", "00:00", "01:35", "01:33", "02:38", "00:00", "01:20", "02:54", "00:38", "00:00", "04:29", 0, "02:25", "04:49", "03:04", "00:19", "01:54", "02:11", "00:24", "00:00", "00:00", "00:00", "04:18", "00:00", "03:54", "02:49", "00:00", "00:00", "00:00", "00:01", "06:43", 0], "EV": ["15:35", "15:58", "13:08", "12:24", "07:35", "13:26", "08:21", "08:47", "12:54", "15:31", "14:12", "14:35", "17:50", "14:34", "13:18", "18:30", "13:35", "13:54", "48:41", 0, "13:50", "17:06", "11:59", "15:27", "15:00", "16:43", "10:04", "18:02", "12:11", "05:57", "14:07", "06:21", "09:43", "07:01", "17:29", "20:04", "15:55", "17:23", "48:26", 0], "S": [0, "5", "1", "3", "1", "5", 0, "4", "2", "3", "1", "2", "3", "4", 0, 0, "3", "4", 0, 0, "1", "4", "1", "4", 0, "7", 0, "1", 0, 0, "1", 0, 0, "1", "2", "2", "1", "5", 0, 0], "A/B": [0, "2", 0, 0, "2", "2", 0, "1", 0, 0, "1", "1", "3", 0, "1", "2", "1", "3", 0, 0, 0, 0, 0, 0, 0, 0, 0, "1", 0, 0, 0, 0, "2", 0, "1", "2", 0, "3", 0, 0], "MS": ["1", 0, "3", 0, 0, "1", "2", "2", 0, "1", "2", "2", 0, "3", "2", "1", "1", "5", 0, 0, 0, "1", 0, "2", "1", 0, 0, 0, "1", 0, 0, 0, "1", 0, 0, "1", "1", "1", 0, 0], "HT": [0, "1", 0, "1", "2", "1", "1", "1", 0, 0, "2", 0, "1", "2", "2", "2", "2", "1", 0, 0, "3", "2", "6", "1", "4", "5", "4", "6", 0, "5", "6", "3", "2", "1", "2", "2", "4", 0, 0, 0], "GV": ["1", "2", "2", 0, 0, 0, 0, 0, 0, 0, "1", "1", 0, 0, 0, 0, 0, 0, 0, 0, 0, "1", "1", "1", "3", "1", 0, 0, 0, 0, "3", "1", 0, 0, "3", "2", 0, 0, "1", 0], "TK": [0, 0, 0, "1", "2", "1", 0, "1", "1", 0, 0, 0, "1", 0, 0, "1", "1", 0, 0, 0, 0, 0, 0, 0, "1", 0, 0, 0, 0, 0, 0, 0, 0, 0, 0, 0, 0, "2", 0, 0], "BS": ["2", "1", "1", 0, 0, 0, 0, 0, 0, "1", "2", 0, 0, 0, 0, "2", 0, 0, 0, 0, "4", "4", 0, 0, "2", 0, 0, 0, "1", 0, "3", 0, 0, 0, "1", "1", "3", 0, 0, 0], "FW": [0, 0, "7", 0, "4", 0, 0, 0, "11", 0, 0, "7", 0, "2", 0, 0, "0", "1", 0, 0, 0, 0, "6", "0", 0, "0", "7", "8", "4", 0, 0, 0, 0, "10", 0, 0, 0, 0, 0, 0], "FL": [0, 0, "10", 0, "4", 0, 0, 0, "9", 0, 0, "8", 0, "0", 0, 0, "1", "3", 0, 0, 0, 0, "3", "1", 0, "1", "8", "7", "5", 0, 0, 0, 0, "7", 0, 0, 0, 0, 0, 0], "F%": [0, 0, "41", 0, "50", 0, 0, 0, "55", 0, 0, "47", 0, "100", 0, 0, "0", "25", 0, 0, 0, 0, "67", "0", 0, "0", "47", "53", "44", 0, 0, 0, 0, "59", 0, 0, 0, 0, 0, 0], "team": ["SAN JOSE SHARKS ", "SAN JOSE SHARKS ", "SAN JOSE SHARKS ", "SAN JOSE SHARKS ", "SAN JOSE SHARKS ", "SAN JOSE SHARKS ", "SAN JOSE SHARKS ", "SAN JOSE SHARKS ", "SAN JOSE SHARKS ", "SAN JOSE SHARKS ", "SAN JOSE SHARKS ", "SAN JOSE SHARKS ", "SAN JOSE SHARKS ", "SAN JOSE SHARKS ", "SAN JOSE SHARKS ", "SAN JOSE SHARKS ", "SAN JOSE SHARKS ", "SAN JOSE SHARKS ", "SAN JOSE SHARKS ", "SAN JOSE SHARKS ", "TORONTO MAPLE LEAFS ", "TORONTO MAPLE LEAFS ", "TORONTO MAPLE LEAFS ", "TORONTO MAPLE LEAFS ", "TORONTO MAPLE LEAFS ", "TORONTO MAPLE LEAFS ", "TORONTO MAPLE LEAFS ", "TORONTO MAPLE LEAFS ", "TORONTO MAPLE LEAFS ", "TORONTO MAPLE LEAFS ", "TORONTO MAPLE LEAFS ", "TORONTO MAPLE LEAFS ", "TORONTO MAPLE LEAFS ", "TORONTO MAPLE LEAFS ", "TORONTO MAPLE LEAFS ", "TORONTO MAPLE LEAFS ", "TORONTO MAPLE LEAFS ", "TORONTO MAPLE LEAFS ", "TORONTO MAPLE LEAFS ", "TORONTO MAPLE LEAFS "], "GA": [0, 0, 0, 0, 0, 0, 0, 0, 0, 0, 0, 0, 0, 0, 0, 0, 0, 0, "2", 0, 0, 0, 0, 0, 0, 0, 0, 0, 0, 0, 0, 0, 0, 0, 0, 0, 0, 0, "3", 0], "SA": [0, 0, 0, 0, 0, 0, 0, 0, 0, 0, 0, 0, 0, 0, 0, 0, 0, 0, "30", 0, 0, 0, 0, 0, 0, 0, 0, 0, 0, 0, 0, 0, 0, 0, 0, 0, 0, 0, "40", 0]}}