{"game_info": {"date": "2013-11-10", "visitor": "VANCOUVER CANUCKS ", "home": "ANAHEIM DUCKS ", "game_id": 261, "status": "final"}, "player_stats": {"number": ["2", "3", "5", "8", "9", "13", "14", "15", "17", "18", "20", "21", "22", "23", "25", "29", "33", "49", "1", "31", "4", "5", "6", "7", "8", "10", "13", "17", "21", "22", "23", "34", "47", "55", "62", "65", "67", "77", "1", "31"], "position": ["D", "D", "D", "D", "R", "C", "L", "R", "C", "D", "L", "C", "L", "D", "C", "L", "C", "R", "G", "G", "D", "D", "D", "C", "R", "R", "C", "R", "C", "C", "D", "C", "D", "D", "L", "R", "R", "R", "G", "G"], "name": ["HAMHUIS, DAN", "BIEKSA, KEVIN", "GARRISON, JASON", "TANEV, CHRISTOPHER", "KASSIAN, ZACK", "WELSH, JEREMY", "BURROWS, ALEXANDRE", "RICHARDSON, BRAD", "KESLER, RYAN", "STANTON, RYAN", "HIGGINS, CHRIS", "DALPE, ZAC", "SEDIN, DANIEL", "EDLER, ALEXANDER", "SANTORELLI, MIKE", "SESTITO, TOM", "SEDIN, HENRIK", "ARCHIBALD, DARREN", "LUONGO, ROBERTO", "LACK, EDDIE", "FOWLER, CAM", "SBISA, LUCA", "LOVEJOY, BEN", "COGLIANO, ANDREW", "SELANNE, TEEMU", "PERRY, COREY", "BONINO, NICK", "PENNER, DUSTIN", "PALMIERI, KYLE", "PERREAULT, MATHIEU", "BEAUCHEMIN, FRANCOIS", "WINNIK, DANIEL", "LINDHOLM, HAMPUS", "ALLEN, BRYAN", "MAROON, PATRICK", "ETEM, EMERSON", "RAKELL, RICKARD", "SMITH-PELLY, DEVANTE", "HILLER, JONAS", "ANDERSEN, FREDERIK"], "G": [0, 0, 0, 0, 0, 0, 0, 0, 0, 0, 0, 0, 0, 0, 0, "1", 0, 0, 0, 0, 0, 0, 0, "1", 0, "1", "1", 0, 0, 0, 0, 0, 0, 0, 0, 0, 0, 0, 0, 0], "A": [0, 0, 0, 0, "1", 0, 0, "1", 0, 0, 0, 0, 0, 0, 0, 0, 0, 0, 0, 0, 0, 0, 0, 0, 0, "1", 0, 0, 0, 0, "1", 0, 0, 0, 0, "1", 0, "1", 0, 0], "P": [0, 0, 0, 0, "1", 0, 0, "1", 0, 0, 0, 0, 0, 0, 0, "1", 0, 0, 0, 0, 0, 0, 0, "1", 0, "2", "1", 0, 0, 0, "1", 0, 0, 0, 0, "1", 0, "1", 0, 0], "+/-": ["-1", "-2", "-1", "+1", "+1", 0, "-2", "+1", "-2", 0, "-2", 0, "-1", "-1", 0, "+1", "-3", 0, 0, 0, 0, "-1", 0, "+1", 0, "+1", "+1", 0, 0, 0, "+3", "+1", "+2", 0, 0, "+1", 0, "+1", 0, 0], "PN": [0, 0, "1", "1", 0, 0, 0, 0, 0, 0, 0, 0, 0, 0, 0, 0, 0, 0, 0, 0, "1", 0, 0, 0, 0, 0, 0, 0, 0, 0, "1", 0, 0, 0, 0, 0, 0, 0, 0, 0], "PIM": [0, 0, "2", "2", 0, 0, 0, 0, 0, 0, 0, 0, 0, 0, 0, 0, 0, 0, 0, 0, "2", 0, 0, 0, 0, 0, 0, 0, 0, 0, "2", 0, 0, 0, 0, 0, 0, 0, 0, 0], "TOT": ["22:20", "21:25", "19:34", "19:50", "14:20", "06:48", "18:44", "14:32", "20:53", "13:06", "19:21", "06:03", "20:39", "21:46", "18:06", "11:42", "21:34", "06:10", 0, "59:07", "22:32", "17:48", "19:21", "17:47", "13:18", "19:20", "17:25", "15:56", "09:53", "15:54", "21:22", "18:54", "17:12", "19:51", "12:05", "11:46", "08:32", "16:41", 0, "60:00"], "SHF": ["25", "23", "26", "26", "15", "11", "24", "20", "23", "16", "26", "10", "23", "27", "23", "16", "26", "10", 0, 0, "24", "25", "25", "25", "17", "24", "23", "22", "13", "21", "29", "24", "24", "27", "14", "18", "13", "21", 0, 0], "AVG TOI/SH": ["00:53", "00:55", "00:45", "00:45", "00:57", "00:37", "00:46", "00:43", "00:54", "00:49", "00:44", "00:36", "00:53", "00:48", "00:47", "00:43", "00:49", "00:37", 0, 0, "00:56", "00:42", "00:46", "00:42", "00:46", "00:48", "00:45", "00:43", "00:45", "00:45", "00:44", "00:47", "00:43", "00:44", "00:51", "00:39", "00:39", "00:47", 0, 0], "PP": ["02:04", "01:11", "01:56", "00:00", "02:20", "00:45", "01:40", "00:00", "02:18", "00:00", "01:42", "00:00", "02:18", "00:31", "01:42", "00:00", "01:33", "00:00", 0, "04:00", "02:27", "00:00", "00:00", "00:05", "01:54", "01:26", "02:34", "01:26", "01:56", "01:24", "01:47", "00:02", "01:26", "00:03", "02:29", "00:00", "00:00", "00:38", 0, "04:00"], "SH": ["01:56", "02:04", "00:48", "01:08", "00:00", "00:00", "00:00", "01:34", "01:12", "00:00", "01:12", "00:00", "01:14", "02:04", "01:34", "00:00", "01:14", "00:00", 0, "04:00", "01:07", "01:24", "01:24", "00:53", "00:00", "01:48", "01:35", "00:00", "00:00", "00:00", "01:29", "02:05", "00:11", "02:25", "00:00", "00:53", "00:23", "00:23", 0, "04:00"], "EV": ["18:20", "18:10", "16:50", "18:42", "12:00", "06:03", "17:04", "12:58", "17:23", "13:06", "16:27", "06:03", "17:07", "19:11", "14:50", "11:42", "18:47", "06:10", 0, "51:07", "18:58", "16:24", "17:57", "16:49", "11:24", "16:06", "13:16", "14:30", "07:57", "14:30", "18:06", "16:47", "15:35", "17:23", "09:36", "10:53", "08:09", "15:40", 0, "52:00"], "S": ["4", "3", "3", 0, "1", "2", "4", "1", "5", "2", "3", 0, "2", "1", "1", "2", "1", "1", 0, 0, 0, "1", "1", "4", "1", "3", "2", "2", 0, "1", "1", "1", 0, "1", "2", "2", "1", 0, 0, 0], "A/B": ["1", "2", "3", "3", 0, 0, 0, 0, "2", 0, "1", 0, 0, "3", "1", 0, 0, 0, 0, 0, "2", "4", "2", 0, "1", "1", 0, 0, 0, "1", 0, "2", "1", "1", 0, "2", 0, 0, 0, 0], "MS": [0, "2", "1", 0, 0, 0, "2", "1", 0, 0, "2", "1", 0, 0, "4", 0, 0, 0, 0, 0, 0, 0, 0, "2", 0, "1", 0, "1", 0, 0, 0, 0, "1", 0, 0, "2", 0, 0, 0, 0], "HT": [0, 0, 0, "1", 0, "1", "1", 0, 0, 0, "1", "1", 0, "5", 0, "2", "1", "2", 0, 0, "1", "3", 0, "2", 0, "1", "1", 0, "1", "1", "1", "2", "1", "4", "1", "2", 0, "3", 0, 0], "GV": [0, 0, 0, 0, 0, "1", 0, 0, 0, 0, 0, 0, 0, 0, 0, 0, 0, 0, 0, 0, "1", 0, 0, 0, "1", 0, 0, "1", "1", 0, 0, 0, "1", 0, 0, 0, 0, 0, 0, 0], "TK": [0, 0, "1", 0, 0, 0, 0, 0, 0, 0, 0, 0, 0, 0, 0, 0, 0, 0, 0, 0, 0, 0, 0, 0, "1", "1", 0, 0, 0, 0, 0, 0, 0, 0, "1", 0, 0, 0, 0, 0], "BS": ["2", "1", "2", 0, 0, "1", "1", "2", 0, "4", 0, 0, 0, "2", 0, "2", 0, 0, 0, 0, "1", "1", "1", "1", 0, "1", "1", 0, "1", 0, "2", "3", 0, "3", 0, 0, "1", 0, 0, 0], "FW": [0, 0, 0, 0, 0, "3", "4", "8", "5", 0, 0, 0, 0, 0, "6", "0", "11", 0, 0, 0, 0, 0, 0, "0", "3", "1", "7", "1", "0", "9", 0, "4", 0, 0, 0, 0, "6", 0, 0, 0], "FL": [0, 0, 0, 0, 0, "4", "1", "7", "6", 0, 0, 0, 0, 0, "8", "1", "4", 0, 0, 0, 0, 0, 0, "2", "0", "1", "12", "2", "1", "7", 0, "8", 0, 0, 0, 0, "4", 0, 0, 0], "F%": [0, 0, 0, 0, 0, "43", "80", "53", "45", 0, 0, 0, 0, 0, "43", "0", "73", 0, 0, 0, 0, 0, 0, "0", "100", "50", "37", "33", "0", "56", 0, "33", 0, 0, 0, 0, "60", 0, 0, 0], "team": ["VANCOUVER CANUCKS ", "VANCOUVER CANUCKS ", "VANCOUVER CANUCKS ", "VANCOUVER CANUCKS ", "VANCOUVER CANUCKS ", "VANCOUVER CANUCKS ", "VANCOUVER CANUCKS ", "VANCOUVER CANUCKS ", "VANCOUVER CANUCKS ", "VANCOUVER CANUCKS ", "VANCOUVER CANUCKS ", "VANCOUVER CANUCKS ", "VANCOUVER CANUCKS ", "VANCOUVER CANUCKS ", "VANCOUVER CANUCKS ", "VANCOUVER CANUCKS ", "VANCOUVER CANUCKS ", "VANCOUVER CANUCKS ", "VANCOUVER CANUCKS ", "VANCOUVER CANUCKS ", "ANAHEIM DUCKS ", "ANAHEIM DUCKS ", "ANAHEIM DUCKS ", "ANAHEIM DUCKS ", "ANAHEIM DUCKS ", "ANAHEIM DUCKS ", "ANAHEIM DUCKS ", "ANAHEIM DUCKS ", "ANAHEIM DUCKS ", "ANAHEIM DUCKS ", "ANAHEIM DUCKS ", "ANAHEIM DUCKS ", "ANAHEIM DUCKS ", "ANAHEIM DUCKS ", "ANAHEIM DUCKS ", "ANAHEIM DUCKS ", "ANAHEIM DUCKS ", "ANAHEIM DUCKS ", "ANAHEIM DUCKS ", "ANAHEIM DUCKS "], "GA": [0, 0, 0, 0, 0, 0, 0, 0, 0, 0, 0, 0, 0, 0, 0, 0, 0, 0, 0.0, "2", 0, 0, 0, 0, 0, 0, 0, 0, 0, 0, 0, 0, 0, 0, 0, 0, 0, 0, 0, "1"], "SA": [0, 0, 0, 0, 0, 0, 0, 0, 0, 0, 0, 0, 0, 0, 0, 0, 0, 0, 0.0, "22", 0, 0, 0, 0, 0, 0, 0, 0, 0, 0, 0, 0, 0, 0, 0, 0, 0, 0, 0, "36"]}}