{"game_info": {"date": "2013-10-26", "visitor": "NEW YORK RANGERS ", "home": "DETROIT RED WINGS ", "game_id": 158, "status": "final"}, "player_stats": {"number": ["4", "5", "6", "10", "12", "14", "15", "16", "17", "18", "19", "20", "21", "22", "27", "28", "36", "67", "31", "33", "2", "4", "8", "11", "13", "18", "20", "21", "22", "23", "27", "40", "44", "55", "65", "71", "90", "93", "35", "50"], "position": ["D", "D", "D", "C", "R", "L", "R", "C", "D", "D", "C", "C", "C", "C", "D", "C", "C", "L", "G", "G", "D", "D", "L", "R", "C", "C", "L", "C", "R", "D", "D", "L", "R", "D", "D", "R", "C", "C", "G", "G"], "name": ["DEL ZOTTO, MICHAEL", "GIRARDI, DAN", "STRALMAN, ANTON", "MILLER, J.T.", "FAST, JESPER", "PYATT, TAYLOR", "DORSETT, DEREK", "BRASSARD, DERICK", "MOORE, JOHN", "STAAL, MARC", "RICHARDS, BRAD", "KREIDER, CHRIS", "STEPAN, DEREK", "BOYLE, BRIAN", "MCDONAGH, RYAN", "MOORE, DOMINIC", "ZUCCARELLO, MATS", "POULIOT, BENOIT", "MISSIAEN, JASON", "TALBOT, CAM", "SMITH, BRENDAN", "KINDL, JAKUB", "ABDELKADER, JUSTIN", "ALFREDSSON, DANIEL", "DATSYUK, PAVEL", "ANDERSSON, JOAKIM", "MILLER, DREW", "TATAR, TOMAS", "TOOTOO, JORDIN", "LASHOFF, BRIAN", "QUINCEY, KYLE", "ZETTERBERG, HENRIK", "BERTUZZI, TODD", "KRONWALL, NIKLAS", "DEKEYSER, DANNY", "CLEARY, DANIEL", "WEISS, STEPHEN", "FRANZEN, JOHAN", "HOWARD, JIMMY", "GUSTAVSSON, JONAS"], "G": [0, 0, 0, 0, 0, 0, 0, "1", 0, 0, 0, 0, 0, 0, 0, 0, "1", "1", 0, 0, 0, 0, 0, "1", 0, 0, "1", 0, 0, 0, 0, 0, 0, 0, 0, 0, 0, 0, 0, 0], "A": [0, 0, 0, 0, 0, 0, 0, 0, 0, "1", 0, 0, 0, "1", "1", "1", 0, "1", 0, 0, 0, 0, 0, 0, "1", "1", 0, 0, 0, 0, 0, 0, 0, 0, "1", 0, 0, 0, 0, 0], "P": [0, 0, 0, 0, 0, 0, 0, "1", 0, "1", 0, 0, 0, "1", "1", "1", "1", "2", 0, 0, 0, 0, 0, "1", "1", "1", "1", 0, 0, 0, 0, 0, 0, 0, "1", 0, 0, 0, 0, 0], "+/-": [0, "+1", 0, 0, 0, 0, 0, "+1", 0, 0, 0, 0, 0, 0, "+1", 0, 0, "+1", 0, 0, 0, "-1", 0, 0, 0, 0, 0, 0, 0, "-1", 0, 0, "-1", 0, 0, 0, "-1", 0, 0, 0], "PN": [0, 0, 0, "1", 0, "2", 0, 0, 0, 0, 0, 0, 0, 0, 0, 0, 0, "1", 0, 0, "1", 0, 0, 0, 0, 0, 0, 0, 0, 0, "2", 0, 0, 0, 0, 0, 0, 0, 0, 0], "PIM": [0, 0, 0, "2", 0, "4", 0, 0, 0, 0, 0, 0, 0, 0, 0, 0, 0, "2", 0, 0, "2", 0, 0, 0, 0, 0, 0, 0, 0, 0, "4", 0, 0, 0, 0, 0, 0, 0, 0, 0], "TOT": ["17:02", "24:57", "20:51", "14:27", "09:38", "15:21", "15:27", "14:37", "17:34", "19:54", "20:39", "18:23", "20:50", "18:14", "26:52", "12:02", "10:24", "14:39", 0, "64:47", "19:25", "19:19", "13:49", "20:03", "22:14", "10:31", "14:05", "15:11", "06:34", "17:18", "20:18", "21:42", "10:15", "27:52", "20:18", "17:30", "17:46", "20:34", "64:44", 0], "SHF": ["18", "30", "28", "22", "14", "23", "21", "21", "21", "29", "26", "26", "34", "28", "32", "17", "13", "22", 0, 0, "31", "26", "20", "23", "24", "16", "21", "20", "9", "27", "32", "25", "14", "35", "33", "22", "24", "24", 0, 0], "AVG TOI/SH": ["00:56", "00:49", "00:44", "00:39", "00:41", "00:40", "00:44", "00:41", "00:50", "00:41", "00:47", "00:42", "00:36", "00:39", "00:50", "00:42", "00:48", "00:39", 0, 0, "00:37", "00:44", "00:41", "00:52", "00:55", "00:39", "00:40", "00:45", "00:43", "00:38", "00:38", "00:52", "00:43", "00:47", "00:36", "00:47", "00:44", "00:51", 0, 0], "PP": ["02:03", "00:00", "00:00", "02:13", "00:00", "00:00", "00:00", "01:57", "02:12", "00:00", "02:24", "02:02", "02:03", "00:32", "01:51", "00:00", "01:46", "02:12", 0, "04:15", "00:00", "01:27", "00:03", "05:24", "05:30", "00:03", "00:00", "01:32", "00:00", "00:00", "00:29", "05:30", "02:27", "05:30", "01:26", "00:11", "01:32", "04:21", "07:05", 0], "SH": ["00:03", "05:03", "01:59", "00:00", "01:55", "02:13", "02:05", "00:00", "00:03", "01:59", "00:12", "00:03", "02:11", "02:31", "05:03", "03:00", "00:00", "00:00", 0, "07:05", "00:32", "00:00", "00:00", "00:00", "00:52", "01:56", "02:33", "00:00", "00:00", "02:42", "00:56", "00:33", "00:00", "02:47", "01:33", "01:09", "01:01", "00:26", "04:15", 0], "EV": ["14:56", "19:54", "18:52", "12:14", "07:43", "13:08", "13:22", "12:40", "15:19", "17:55", "18:03", "16:18", "16:36", "15:11", "19:58", "09:02", "08:38", "12:27", 0, "53:27", "18:53", "17:52", "13:46", "14:39", "15:52", "08:32", "11:32", "13:39", "06:34", "14:36", "18:53", "15:39", "07:48", "19:35", "17:19", "16:10", "15:13", "15:47", "53:24", 0], "S": ["1", 0, "6", 0, "1", "2", "3", "3", "2", "1", "2", "3", "4", "3", "2", "2", "3", "2", 0, 0, "1", "2", "3", "3", "2", 0, "1", "1", "1", 0, "3", "3", "1", "1", "2", "3", 0, "7", 0, 0], "A/B": ["1", 0, "1", "1", 0, 0, 0, 0, 0, "1", 0, 0, 0, 0, 0, 0, "1", 0, 0, 0, "1", "1", "1", "2", 0, 0, 0, 0, 0, 0, "1", 0, 0, 0, "1", 0, 0, 0, 0, 0], "MS": ["1", 0, 0, "1", 0, "1", 0, 0, 0, 0, 0, "1", "2", 0, "1", 0, "1", "1", 0, 0, 0, "2", "2", "2", "1", 0, 0, 0, 0, 0, "2", "1", 0, 0, 0, 0, 0, "2", 0, 0], "HT": ["2", 0, "1", 0, "1", 0, "1", 0, "3", "1", 0, "3", "3", "1", "2", "2", "2", 0, 0, 0, "3", 0, "5", 0, 0, 0, "3", "1", "2", "2", "2", "1", "1", "1", 0, "1", "1", 0, 0, 0], "GV": [0, 0, 0, 0, 0, 0, 0, 0, 0, 0, 0, 0, 0, "1", 0, 0, 0, 0, 0, 0, "2", "1", 0, "1", "2", 0, 0, 0, 0, 0, "1", "1", "1", 0, 0, 0, 0, "1", 0, 0], "TK": [0, 0, 0, 0, "1", "1", "1", "1", 0, "1", 0, "1", 0, 0, 0, 0, 0, "1", 0, 0, 0, 0, 0, "2", "1", 0, 0, "1", 0, "1", 0, "1", 0, 0, 0, 0, "1", 0, 0, 0], "BS": [0, "2", 0, "1", "1", 0, 0, 0, 0, 0, 0, "1", "1", 0, "1", 0, 0, 0, 0, 0, 0, 0, 0, 0, 0, 0, 0, 0, 0, "1", "2", 0, 0, "2", 0, 0, 0, 0, 0, 0], "FW": [0, 0, 0, 0, 0, 0, 0, "9", 0, 0, "1", 0, "7", "13", 0, "2", "0", 0, 0, 0, 0, 0, 0, 0, "7", "4", "1", 0, 0, 0, 0, "9", "1", 0, 0, 0, "7", "5", 0, 0], "FL": [0, 0, 0, 0, 0, 0, 0, "6", 0, 0, "4", 0, "12", "7", 0, "4", "1", 0, 0, 0, 0, 0, 0, 0, "7", "3", "1", 0, 0, 0, 0, "10", "0", 0, 0, 0, "8", "3", 0, 0], "F%": [0, 0, 0, 0, 0, 0, 0, "60", 0, 0, "20", 0, "37", "65", 0, "33", "0", 0, 0, 0, 0, 0, 0, 0, "50", "57", "50", 0, 0, 0, 0, "47", "100", 0, 0, 0, "47", "63", 0, 0], "team": ["NEW YORK RANGERS ", "NEW YORK RANGERS ", "NEW YORK RANGERS ", "NEW YORK RANGERS ", "NEW YORK RANGERS ", "NEW YORK RANGERS ", "NEW YORK RANGERS ", "NEW YORK RANGERS ", "NEW YORK RANGERS ", "NEW YORK RANGERS ", "NEW YORK RANGERS ", "NEW YORK RANGERS ", "NEW YORK RANGERS ", "NEW YORK RANGERS ", "NEW YORK RANGERS ", "NEW YORK RANGERS ", "NEW YORK RANGERS ", "NEW YORK RANGERS ", "NEW YORK RANGERS ", "NEW YORK RANGERS ", "DETROIT RED WINGS ", "DETROIT RED WINGS ", "DETROIT RED WINGS ", "DETROIT RED WINGS ", "DETROIT RED WINGS ", "DETROIT RED WINGS ", "DETROIT RED WINGS ", "DETROIT RED WINGS ", "DETROIT RED WINGS ", "DETROIT RED WINGS ", "DETROIT RED WINGS ", "DETROIT RED WINGS ", "DETROIT RED WINGS ", "DETROIT RED WINGS ", "DETROIT RED WINGS ", "DETROIT RED WINGS ", "DETROIT RED WINGS ", "DETROIT RED WINGS ", "DETROIT RED WINGS ", "DETROIT RED WINGS "], "GA": [0, 0, 0, 0, 0, 0, 0, 0, 0, 0, 0, 0, 0, 0, 0, 0, 0, 0, 0.0, "2", 0, 0, 0, 0, 0, 0, 0, 0, 0, 0, 0, 0, 0, 0, 0, 0, 0, 0, "3", 0], "SA": [0, 0, 0, 0, 0, 0, 0, 0, 0, 0, 0, 0, 0, 0, 0, 0, 0, 0, 0.0, "34", 0, 0, 0, 0, 0, 0, 0, 0, 0, 0, 0, 0, 0, 0, 0, 0, 0, 0, "40", 0]}}