{"game_info": {"date": "2013-10-17", "visitor": "EDMONTON OILERS ", "home": "NEW YORK ISLANDERS ", "game_id": 98, "status": "final"}, "player_stats": {"number": ["2", "4", "5", "14", "15", "19", "20", "21", "26", "27", "28", "41", "57", "64", "77", "83", "93", "94", "1", "40", "3", "11", "12", "13", "14", "15", "16", "17", "21", "26", "37", "40", "46", "47", "51", "53", "91", "96", "20", "60"], "position": ["D", "L", "D", "C", "D", "D", "L", "D", "R", "C", "L", "R", "L", "R", "D", "R", "C", "L", "G", "G", "D", "D", "C", "R", "D", "R", "C", "L", "R", "L", "D", "R", "D", "D", "C", "C", "C", "C", "G", "G"], "name": ["PETRY, JEFF", "HALL, TAYLOR", "SMID, LADISLAV", "EBERLE, JORDAN", "SCHULTZ, NICK", "SCHULTZ, JUSTIN", "GAZDIC, LUKE", "FERENCE, ANDREW", "ARCOBELLO, MARK", "GORDON, BOYD", "JONES, RYAN", "ACTON, WILL", "PERRON, DAVID", "YAKUPOV, NAIL", "BELOV, ANTON", "HEMSKY, ALES", "NUGENT-HOPKINS, RYAN", "SMYTH, RYAN", "LABARBERA, JASON", "DUBNYK, DEVAN", "HAMONIC, TRAVIS", "VISNOVSKY, LUBOMIR", "BAILEY, JOSH", "MCDONALD, COLIN", "HICKEY, THOMAS", "CLUTTERBUCK, CAL", "REGIN, PETER", "MARTIN, MATT", "OKPOSO, KYLE", "MOULSON, MATT", "STRAIT, BRIAN", "GRABNER, MICHAEL", "DONOVAN, MATT", "MACDONALD, ANDREW", "NIELSEN, FRANS", "CIZIKAS, CASEY", "TAVARES, JOHN", "BOUCHARD, PIERRE-MARC", "NABOKOV, EVGENI", "POULIN, KEVIN"], "G": [0, "2", 0, 0, 0, 0, 0, 0, 0, 0, 0, 0, 0, 0, 0, 0, 0, 0, 0, 0, 0, 0, "1", 0, 0, 0, 0, 0, "1", 0, 0, 0, 0, 0, 0, 0, "1", 0, 0, 0], "A": [0, 0, 0, "1", 0, "1", 0, 0, "2", 0, 0, 0, 0, 0, 0, 0, 0, 0, 0, 0, "1", 0, 0, 0, 0, 0, 0, 0, "1", "1", 0, "1", 0, 0, 0, 0, "1", "1", 0, 0], "P": [0, "2", 0, "1", 0, "1", 0, 0, "2", 0, 0, 0, 0, 0, 0, 0, 0, 0, 0, 0, "1", 0, "1", 0, 0, 0, 0, 0, "2", "1", 0, "1", 0, 0, 0, 0, "2", "1", 0, 0], "+/-": ["+1", "+1", "+1", "+1", 0, "-1", 0, 0, "+1", "-1", 0, 0, 0, 0, "-1", "-1", 0, "-1", 0, 0, "-1", 0, 0, 0, 0, 0, 0, 0, 0, 0, "+1", 0, "+1", "-1", 0, 0, 0, 0, 0, 0], "PN": ["1", 0, 0, 0, "1", "1", "1", 0, 0, 0, 0, 0, 0, 0, 0, "1", 0, 0, 0, 0, "1", 0, 0, 0, 0, 0, 0, 0, "1", "1", 0, 0, 0, 0, 0, 0, 0, 0, 0, 0], "PIM": ["2", 0, 0, 0, "2", "2", "2", 0, 0, 0, 0, 0, 0, 0, 0, "2", 0, 0, 0, 0, "2", 0, 0, 0, 0, 0, 0, 0, "2", "2", 0, 0, 0, 0, 0, 0, 0, 0, 0, 0], "TOT": ["18:54", "21:22", "17:12", "23:46", "20:12", "18:10", "03:44", "23:02", "21:52", "17:33", "03:59", "05:01", "17:39", "17:34", "16:16", "14:23", "17:39", "14:12", 0, "58:41", "22:10", "21:47", "14:57", "09:37", "17:37", "11:29", "15:05", "14:24", "17:28", "16:19", "12:51", "15:12", "13:32", "26:00", "18:36", "15:52", "17:59", "13:07", "59:58", 0], "SHF": ["27", "24", "25", "31", "23", "20", "5", "25", "27", "28", "6", "10", "22", "21", "21", "20", "25", "17", 0, 0, "26", "23", "20", "12", "24", "16", "18", "19", "23", "21", "20", "21", "19", "26", "25", "20", "23", "19", 0, 0], "AVG TOI/SH": ["00:42", "00:53", "00:41", "00:46", "00:52", "00:54", "00:44", "00:55", "00:48", "00:37", "00:39", "00:30", "00:48", "00:50", "00:46", "00:43", "00:42", "00:50", 0, 0, "00:51", "00:56", "00:44", "00:48", "00:44", "00:43", "00:50", "00:45", "00:45", "00:46", "00:38", "00:43", "00:42", "01:00", "00:44", "00:47", "00:46", "00:41", 0, 0], "PP": ["00:00", "03:29", "00:00", "03:48", "00:00", "03:59", "00:00", "00:19", "02:31", "01:11", "00:00", "00:00", "02:31", "03:29", "02:01", "02:12", "02:31", "01:59", 0, "06:00", "00:37", "05:57", "02:45", "00:00", "00:00", "00:00", "03:33", "02:53", "04:41", "04:39", "00:00", "00:50", "02:07", "02:30", "05:26", "00:35", "05:14", "02:18", "08:49", 0], "SH": ["04:21", "01:38", "04:29", "03:58", "03:24", "00:00", "00:00", "02:45", "01:35", "04:29", "00:00", "02:33", "01:27", "00:00", "02:02", "00:54", "02:20", "00:40", 0, "07:30", "02:17", "00:20", "00:00", "00:00", "02:48", "00:00", "00:31", "03:02", "00:00", "00:00", "02:48", "02:48", "00:35", "03:12", "02:08", "03:21", "00:10", "00:00", "06:00", 0], "EV": ["14:33", "16:15", "12:43", "16:00", "16:48", "14:11", "03:44", "19:58", "17:46", "11:53", "03:59", "02:28", "13:41", "14:05", "12:13", "11:17", "12:48", "11:33", 0, "45:11", "19:16", "15:30", "12:12", "09:37", "14:49", "11:29", "11:01", "08:29", "12:47", "11:40", "10:03", "11:34", "10:50", "20:18", "11:02", "11:56", "12:35", "10:49", "45:09", 0], "S": ["1", "6", 0, 0, "1", "3", 0, 0, "4", "1", 0, "1", 0, "3", "2", "1", "1", "5", 0, 0, 0, "2", "4", "3", "4", 0, "3", "5", "3", "3", "1", "2", "3", 0, "2", 0, "2", "3", 0, 0], "A/B": ["2", "1", "1", "1", "2", 0, 0, "1", 0, 0, 0, 0, "1", "2", "2", 0, 0, 0, 0, 0, 0, "2", "2", 0, 0, 0, 0, "1", 0, "2", 0, "2", 0, 0, 0, 0, "1", 0, 0, 0], "MS": [0, "1", 0, 0, 0, "1", 0, 0, 0, "1", 0, 0, "1", 0, 0, "1", 0, "1", 0, 0, "1", "2", 0, 0, 0, 0, "1", 0, 0, 0, 0, "1", 0, "2", "1", 0, 0, 0, 0, 0], "HT": ["4", 0, 0, 0, "1", "2", 0, "1", "2", 0, "1", "1", "2", "1", 0, 0, "2", "1", 0, 0, "1", 0, "1", "3", 0, "5", "1", "5", "1", 0, "3", "2", "2", "1", 0, "3", 0, 0, 0, 0], "GV": [0, "1", "1", "2", 0, 0, 0, 0, "1", 0, 0, 0, 0, 0, 0, 0, 0, 0, 0, 0, 0, 0, 0, 0, 0, 0, 0, 0, 0, 0, 0, 0, 0, 0, 0, 0, "1", 0, 0, 0], "TK": ["1", "1", 0, "1", 0, 0, "1", "2", "2", 0, 0, 0, 0, 0, "1", "1", 0, 0, 0, 0, 0, "1", "1", 0, 0, 0, "1", 0, "2", 0, "1", "2", 0, 0, "2", 0, "2", "1", 0, 0], "BS": [0, 0, "2", "1", "1", "1", 0, 0, "1", "1", 0, "1", "1", 0, "1", 0, 0, 0, 0, 0, "1", "1", 0, "1", "3", 0, 0, 0, 0, 0, 0, "1", 0, "4", 0, "2", 0, 0, 0, 0], "FW": [0, 0, 0, 0, 0, 0, 0, "1", "13", "14", 0, "1", "0", 0, 0, 0, "4", 0, 0, 0, 0, 0, "1", 0, 0, 0, "4", 0, "1", "0", 0, 0, 0, 0, "3", "8", "5", 0, 0, 0], "FL": [0, 0, 0, 0, 0, 0, 0, "0", "5", "12", 0, "1", "1", 0, 0, 0, "3", 0, 0, 0, 0, 0, "1", 0, 0, 0, "6", 0, "0", "1", 0, 0, 0, 0, "8", "6", "11", 0, 0, 0], "F%": [0, 0, 0, 0, 0, 0, 0, "100", "72", "54", 0, "50", "0", 0, 0, 0, "57", 0, 0, 0, 0, 0, "50", 0, 0, 0, "40", 0, "100", "0", 0, 0, 0, 0, "27", "57", "31", 0, 0, 0], "team": ["EDMONTON OILERS ", "EDMONTON OILERS ", "EDMONTON OILERS ", "EDMONTON OILERS ", "EDMONTON OILERS ", "EDMONTON OILERS ", "EDMONTON OILERS ", "EDMONTON OILERS ", "EDMONTON OILERS ", "EDMONTON OILERS ", "EDMONTON OILERS ", "EDMONTON OILERS ", "EDMONTON OILERS ", "EDMONTON OILERS ", "EDMONTON OILERS ", "EDMONTON OILERS ", "EDMONTON OILERS ", "EDMONTON OILERS ", "EDMONTON OILERS ", "EDMONTON OILERS ", "NEW YORK ISLANDERS ", "NEW YORK ISLANDERS ", "NEW YORK ISLANDERS ", "NEW YORK ISLANDERS ", "NEW YORK ISLANDERS ", "NEW YORK ISLANDERS ", "NEW YORK ISLANDERS ", "NEW YORK ISLANDERS ", "NEW YORK ISLANDERS ", "NEW YORK ISLANDERS ", "NEW YORK ISLANDERS ", "NEW YORK ISLANDERS ", "NEW YORK ISLANDERS ", "NEW YORK ISLANDERS ", "NEW YORK ISLANDERS ", "NEW YORK ISLANDERS ", "NEW YORK ISLANDERS ", "NEW YORK ISLANDERS ", "NEW YORK ISLANDERS ", "NEW YORK ISLANDERS "], "GA": [0, 0, 0, 0, 0, 0, 0, 0, 0, 0, 0, 0, 0, 0, 0, 0, 0, 0, 0.0, "3", 0, 0, 0, 0, 0, 0, 0, 0, 0, 0, 0, 0, 0, 0, 0, 0, 0, 0, "2", 0], "SA": [0, 0, 0, 0, 0, 0, 0, 0, 0, 0, 0, 0, 0, 0, 0, 0, 0, 0, 0.0, "40", 0, 0, 0, 0, 0, 0, 0, 0, 0, 0, 0, 0, 0, 0, 0, 0, 0, 0, "29", 0]}}