{"game_info": {"date": "2014-04-05", "visitor": "DALLAS STARS ", "home": "TAMPA BAY LIGHTNING ", "game_id": 1165, "status": "final"}, "player_stats": {"number": ["4", "6", "10", "11", "12", "14", "16", "20", "21", "22", "24", "33", "37", "38", "43", "55", "72", "91", "30", "32", 0, "2", "3", "6", "7", "9", "12", "16", "17", "18", "23", "24", "25", "44", "51", "62", "77", "86", "91", "30", "39"], "position": ["D", "D", "C", "C", "R", "L", "C", "C", "L", "C", "D", "D", "D", "L", "R", "D", "L", "C", "G", "G", 0, "D", "D", "D", "D", "C", "L", "R", "C", "L", "R", "R", "D", "C", "C", "D", "D", "R", "C", "G", "G"], "name": ["DILLON, BRENDEN", "DALEY, TREVOR", "HORCOFF, SHAWN", "JEFFREY, DUSTIN", "CHIASSON, ALEX", "BENN, JAMIE", "GARBUTT, RYAN", "EAKIN, CODY", "ROUSSEL, ANTOINE", "SCEVIOUR, COLTON", "BENN, JORDIE", "GOLIGOSKI, ALEX", "NEMETH, PATRIK", "FIDDLER, VERNON", "NICHUSHKIN, VALERI", "GONCHAR, SERGEI", "COLE, ERIK", "SEGUIN, TYLER", "THOMAS, TIM", "LEHTONEN, KARI", "TEAM PENALTY", "BREWER, ERIC", "AULIE, KEITH", "SALO, SAMI", "GUDAS, RADKO", "JOHNSON, TYLER", "MALONE, RYAN", "PURCELL, TEDDY", "KILLORN, ALEX", "PALAT, ONDREJ", "BROWN, J.T.", "CALLAHAN, RYAN", "CARLE, MATTHEW", "THOMPSON, NATE", "FILPPULA, VALTTERI", "SUSTR, ANDREJ", "HEDMAN, VICTOR", "KUCHEROV, NIKITA", "STAMKOS, STEVEN", "BISHOP, BEN", "LINDBACK, ANDERS"], "G": [0, 0, 0, 0, 0, "2", 0, 0, "1", 0, 0, 0, 0, "1", 0, 0, 0, "1", 0, 0, 0, 0, 0, 0, 0, 0, 0, 0, 0, 0, 0, 0, 0, 0, 0, "1", 0, 0, "1", 0, 0], "A": [0, 0, 0, 0, 0, "1", "2", "1", 0, 0, "1", "1", 0, "1", 0, 0, 0, "1", 0, 0, 0, 0, 0, 0, 0, 0, "1", 0, 0, "1", 0, 0, 0, "1", 0, 0, "1", 0, 0, 0, 0], "P": [0, 0, 0, 0, 0, "3", "2", "1", "1", 0, "1", "1", 0, "2", 0, 0, 0, "2", 0, 0, 0, 0, 0, 0, 0, 0, "1", 0, 0, "1", 0, 0, 0, "1", 0, "1", "1", 0, "1", 0, 0], "+/-": ["+1", "+2", 0, 0, 0, "+3", "+1", 0, 0, 0, "+1", "+2", 0, "+1", "+2", 0, 0, "+2", 0, 0, 0, "-1", "-1", "-1", 0, 0, 0, "-2", "-2", 0, "-1", "-1", "-2", "+1", "-2", "-1", 0, 0, "-2", 0, 0], "PN": [0, 0, 0, 0, 0, "1", "1", 0, "1", 0, 0, 0, 0, 0, 0, 0, 0, 0, 0, 0, "1", 0, 0, "1", "1", 0, "2", 0, 0, 0, 0, 0, 0, 0, 0, 0, 0, 0, 0, 0, 0], "PIM": [0, 0, 0, 0, 0, "2", "2", 0, "2", 0, 0, 0, 0, 0, 0, 0, 0, 0, 0, 0, "2", 0, 0, "2", "10", 0, "6", 0, 0, 0, 0, 0, 0, 0, 0, 0, 0, 0, 0, 0, 0], "TOT": ["22:09", "23:36", "15:50", "10:10", "12:12", "20:54", "12:11", "19:03", "13:32", "16:16", "21:26", "24:14", "07:16", "14:15", "14:26", "13:46", "13:49", "17:38", 0, "60:00", 0, "18:00", "11:36", "17:49", "01:55", "17:56", "09:26", "12:07", "12:39", "22:37", "11:58", "23:04", "21:48", "12:10", "24:33", "20:27", "24:29", "08:37", "19:40", "56:09", 0], "SHF": ["26", "31", "21", "13", "16", "28", "21", "25", "19", "20", "25", "27", "15", "23", "20", "18", "15", "23", 0, 0, 0, "26", "18", "29", "3", "29", "15", "20", "18", "28", "16", "29", "28", "18", "27", "25", "30", "13", "24", 0, 0], "AVG TOI/SH": ["00:51", "00:45", "00:45", "00:46", "00:45", "00:44", "00:34", "00:45", "00:42", "00:48", "00:51", "00:53", "00:29", "00:37", "00:43", "00:45", "00:55", "00:46", 0, 0, 0, "00:41", "00:38", "00:36", "00:38", "00:37", "00:37", "00:36", "00:42", "00:48", "00:44", "00:47", "00:46", "00:40", "00:54", "00:49", "00:48", "00:39", "00:49", 0, 0], "PP": ["00:24", "05:03", "06:02", "01:34", "04:12", "06:27", "00:24", "06:53", "00:56", "05:37", "00:24", "05:38", "00:00", "00:24", "03:18", "06:58", "04:22", "06:24", 0, "13:00", 0, "00:34", "00:00", "02:12", "00:00", "01:33", "00:21", "00:57", "01:14", "05:27", "00:00", "05:24", "01:35", "00:21", "05:47", "01:09", "05:08", "00:33", "05:42", "05:45", 0], "SH": ["04:06", "03:31", "00:32", "00:27", "00:27", "02:59", "01:13", "01:57", "02:40", "00:32", "03:46", "03:11", "00:00", "03:47", "00:00", "00:00", "00:00", "00:00", 0, "07:17", 0, "06:03", "02:44", "03:30", "00:28", "05:10", "00:00", "00:00", "00:39", "05:25", "03:02", "03:52", "05:34", "03:04", "04:27", "03:13", "04:28", "00:00", "00:21", "13:00", 0], "EV": ["17:39", "15:02", "09:16", "08:09", "07:33", "11:28", "10:34", "10:13", "09:56", "10:07", "17:16", "15:25", "07:16", "10:04", "11:08", "06:48", "09:27", "11:14", 0, "39:43", 0, "11:23", "08:52", "12:07", "01:27", "11:13", "09:05", "11:10", "10:46", "11:45", "08:56", "13:48", "14:39", "08:45", "14:19", "16:05", "14:53", "08:04", "13:37", "37:24", 0], "S": ["1", "1", "1", 0, 0, "3", 0, "4", "2", "2", "2", "1", 0, "1", "1", "5", 0, "4", 0, 0, 0, "1", "2", "1", 0, "6", "1", "2", "2", "2", 0, "2", 0, 0, "2", "2", "2", "2", "2", 0, 0], "A/B": [0, "1", 0, 0, "1", "2", "1", 0, "1", "1", 0, "1", 0, 0, 0, "3", 0, "2", 0, 0, 0, 0, "1", 0, 0, 0, 0, 0, 0, 0, "1", "2", 0, 0, 0, "1", 0, 0, "3", 0, 0], "MS": ["1", 0, 0, "1", 0, 0, "1", "1", 0, 0, 0, 0, "1", "3", 0, 0, 0, "1", 0, 0, 0, "1", 0, 0, 0, "1", "1", 0, "2", "4", 0, "1", "1", "1", 0, "1", "1", 0, "1", 0, 0], "HT": ["3", 0, "1", 0, 0, "2", "1", "2", 0, "1", "1", 0, "1", 0, "1", "1", 0, 0, 0, 0, 0, 0, "1", "1", 0, 0, 0, "1", "1", "3", "2", 0, "1", "1", "1", "1", "1", 0, "1", 0, 0], "GV": ["1", 0, 0, 0, 0, 0, 0, "1", 0, 0, 0, 0, 0, "1", 0, 0, 0, 0, 0, 0, 0, 0, 0, 0, 0, "2", 0, "1", 0, 0, 0, 0, "1", 0, 0, 0, "2", 0, "1", 0, 0], "TK": [0, 0, 0, 0, "1", 0, "2", 0, 0, 0, "1", 0, 0, 0, 0, 0, 0, 0, 0, 0, 0, "1", 0, 0, 0, 0, 0, 0, 0, 0, "1", 0, 0, 0, "2", "1", 0, 0, 0, 0, 0], "BS": ["1", "1", 0, 0, 0, 0, 0, 0, 0, 0, "2", "2", 0, "1", 0, 0, 0, "1", 0, 0, 0, "2", "1", "1", 0, "2", 0, 0, 0, 0, "1", "1", "3", 0, "1", "1", 0, 0, 0, 0, 0], "FW": [0, 0, "0", "2", 0, "5", "1", "9", 0, "0", 0, 0, 0, "7", 0, 0, 0, "2", 0, 0, 0, 0, 0, 0, 0, "2", 0, "0", "2", "0", "0", "1", 0, "10", "10", 0, 0, 0, "8", 0, 0], "FL": [0, 0, "1", "5", 0, "6", "0", "6", 0, "3", 0, 0, 0, "8", 0, 0, 0, "4", 0, 0, 0, 0, 0, 0, 0, "1", 0, "1", "3", "1", "1", "1", 0, "2", "8", 0, 0, 0, "8", 0, 0], "F%": [0, 0, "0", "29", 0, "45", "100", "60", 0, "0", 0, 0, 0, "47", 0, 0, 0, "33", 0, 0, 0, 0, 0, 0, 0, "67", 0, "0", "40", "0", "0", "50", 0, "83", "56", 0, 0, 0, "50", 0, 0], "team": ["DALLAS STARS ", "DALLAS STARS ", "DALLAS STARS ", "DALLAS STARS ", "DALLAS STARS ", "DALLAS STARS ", "DALLAS STARS ", "DALLAS STARS ", "DALLAS STARS ", "DALLAS STARS ", "DALLAS STARS ", "DALLAS STARS ", "DALLAS STARS ", "DALLAS STARS ", "DALLAS STARS ", "DALLAS STARS ", "DALLAS STARS ", "DALLAS STARS ", "DALLAS STARS ", "DALLAS STARS ", "DALLAS STARS ", "TAMPA BAY LIGHTNING ", "TAMPA BAY LIGHTNING ", "TAMPA BAY LIGHTNING ", "TAMPA BAY LIGHTNING ", "TAMPA BAY LIGHTNING ", "TAMPA BAY LIGHTNING ", "TAMPA BAY LIGHTNING ", "TAMPA BAY LIGHTNING ", "TAMPA BAY LIGHTNING ", "TAMPA BAY LIGHTNING ", "TAMPA BAY LIGHTNING ", "TAMPA BAY LIGHTNING ", "TAMPA BAY LIGHTNING ", "TAMPA BAY LIGHTNING ", "TAMPA BAY LIGHTNING ", "TAMPA BAY LIGHTNING ", "TAMPA BAY LIGHTNING ", "TAMPA BAY LIGHTNING ", "TAMPA BAY LIGHTNING ", "TAMPA BAY LIGHTNING "], "GA": [0, 0, 0, 0, 0, 0, 0, 0, 0, 0, 0, 0, 0, 0, 0, 0, 0, 0, 0.0, "2", 0, 0, 0, 0, 0, 0, 0, 0, 0, 0, 0, 0, 0, 0, 0, 0, 0, 0, 0, "5", 0], "SA": [0, 0, 0, 0, 0, 0, 0, 0, 0, 0, 0, 0, 0, 0, 0, 0, 0, 0, 0.0, "29", 0, 0, 0, 0, 0, 0, 0, 0, 0, 0, 0, 0, 0, 0, 0, 0, 0, 0, 0, "28", 0]}}