{"game_info": {"date": "2014-03-19", "visitor": "NASHVILLE PREDATORS ", "home": "VANCOUVER CANUCKS ", "game_id": 1041, "status": "final"}, "player_stats": {"number": ["3", "4", "6", "7", "12", "13", "15", "17", "24", "25", "27", "28", "33", "42", "57", "59", "64", "84", "30", "35", "2", "3", "5", "6", "7", "9", "14", "15", "18", "20", "21", "23", "27", "29", "33", "36", "45", "46", "31", "35"], "position": ["D", "D", "D", "C", "C", "C", "C", "R", "L", "L", "R", "C", "C", "D", "L", "D", "D", "C", "G", "G", "D", "D", "D", "D", "L", "R", "L", "R", "D", "L", "C", "D", "C", "L", "C", "R", "C", "L", "G", "G"], "name": ["JONES, SETH", "ELLIS, RYAN", "WEBER, SHEA", "CULLEN, MATT", "FISHER, MIKE", "SPALING, NICK", "SMITH, CRAIG", "EAVES, PATRICK", "NYSTROM, ERIC", "STALBERG, VIKTOR", "HORNQVIST, PATRIC", "GAUSTAD, PAUL", "WILSON, COLIN", "EKHOLM, MATTIAS", "BOURQUE, GABRIEL", "JOSI, ROMAN", "BARTLEY, VICTOR", "SISSONS, COLTON", "HUTTON, CARTER", "RINNE, PEKKA", "HAMHUIS, DAN", "BIEKSA, KEVIN", "GARRISON, JASON", "WEBER, YANNICK", "BOOTH, DAVID", "KASSIAN, ZACK", "BURROWS, ALEXANDRE", "RICHARDSON, BRAD", "STANTON, RYAN", "HIGGINS, CHRIS", "DALPE, ZAC", "EDLER, ALEXANDER", "MATTHIAS, SHAWN", "SESTITO, TOM", "SEDIN, HENRIK", "HANSEN, JANNIK", "SCHROEDER, JORDAN", "JENSEN, NICKLAS", "LACK, EDDIE", "MARKSTROM, JACOB"], "G": [0, 0, 0, 0, 0, 0, 0, 0, 0, 0, 0, 0, 0, 0, 0, 0, 0, 0, 0, 0, 0, 0, 0, 0, 0, 0, 0, 0, 0, 0, 0, "1", 0, 0, 0, 0, 0, "1", 0, 0], "A": [0, 0, 0, 0, 0, 0, 0, 0, 0, 0, 0, 0, 0, 0, 0, 0, 0, 0, 0, 0, "1", "1", 0, 0, 0, 0, 0, 0, 0, 0, 0, 0, 0, 0, "2", 0, 0, 0, 0, 0], "P": [0, 0, 0, 0, 0, 0, 0, 0, 0, 0, 0, 0, 0, 0, 0, 0, 0, 0, 0, 0, "1", "1", 0, 0, 0, 0, 0, 0, 0, 0, 0, "1", 0, 0, "2", 0, 0, "1", 0, 0], "+/-": [0, 0, "-1", 0, "-1", "-1", 0, "-1", 0, 0, 0, 0, 0, 0, 0, "-1", 0, 0, 0, 0, "+1", 0, "+1", 0, 0, 0, "+1", 0, 0, 0, 0, 0, 0, 0, "+1", 0, 0, "+1", 0, 0], "PN": [0, 0, 0, 0, 0, 0, 0, 0, 0, 0, 0, 0, 0, 0, 0, 0, "1", 0, 0, 0, 0, 0, 0, 0, "1", 0, 0, 0, 0, "1", 0, "1", "1", 0, 0, 0, 0, 0, 0, 0], "PIM": [0, 0, 0, 0, 0, 0, 0, 0, 0, 0, 0, 0, 0, 0, 0, 0, "2", 0, 0, 0, 0, 0, 0, 0, "2", 0, 0, 0, 0, "2", 0, "2", "2", 0, 0, 0, 0, 0, 0, 0], "TOT": ["17:29", "20:03", "25:52", "17:16", "19:33", "16:51", "22:08", "09:43", "16:02", "15:32", "15:37", "04:57", "17:42", "15:59", "14:31", "26:04", "14:33", "10:49", "59:14", 0, "25:42", "22:40", "24:02", "13:18", "16:41", "16:41", "13:25", "19:33", "13:15", "20:41", "06:14", "21:11", "16:49", "06:40", "16:56", "17:34", "07:02", "13:36", "60:00", 0], "SHF": ["22", "27", "33", "21", "23", "23", "24", "12", "21", "22", "20", "5", "21", "24", "23", "34", "20", "14", 0, 0, "25", "27", "24", "19", "19", "18", "22", "24", "18", "26", "8", "28", "23", "9", "23", "23", "9", "21", 0, 0], "AVG TOI/SH": ["00:47", "00:44", "00:47", "00:49", "00:51", "00:43", "00:55", "00:48", "00:45", "00:42", "00:46", "00:59", "00:50", "00:39", "00:37", "00:46", "00:43", "00:46", 0, 0, "01:01", "00:50", "01:00", "00:42", "00:52", "00:55", "00:36", "00:48", "00:44", "00:47", "00:46", "00:45", "00:43", "00:44", "00:44", "00:45", "00:46", "00:38", 0, 0], "PP": ["03:01", "03:00", "04:58", "04:32", "04:04", "02:28", "03:45", "00:00", "00:00", "01:04", "04:39", "00:00", "03:28", "00:00", "00:00", "05:01", "00:00", "00:00", "08:00", 0, "00:00", "00:05", "00:00", "00:00", "00:00", "00:00", "00:00", "00:00", "00:00", "00:05", "00:00", "00:05", "00:00", "00:00", "00:05", "00:00", "00:00", "00:05", "00:05", 0], "SH": ["00:00", "00:00", "00:05", "00:00", "00:05", "00:00", "00:00", "00:00", "00:05", "00:00", "00:00", "00:00", "00:00", "00:00", "00:00", "00:05", "00:00", "00:00", "00:05", 0, "05:01", "03:18", "04:42", "00:00", "00:00", "00:00", "02:18", "04:44", "00:27", "04:02", "00:00", "02:32", "02:19", "00:00", "00:57", "01:40", "00:00", "00:00", "08:00", 0], "EV": ["14:28", "17:03", "20:49", "12:44", "15:24", "14:23", "18:23", "09:43", "15:57", "14:28", "10:58", "04:57", "14:14", "15:59", "14:31", "20:58", "14:33", "10:49", "51:09", 0, "20:41", "19:17", "19:20", "13:18", "16:41", "16:41", "11:07", "14:49", "12:48", "16:34", "06:14", "18:34", "14:30", "06:40", "15:54", "15:54", "07:02", "13:31", "51:55", 0], "S": [0, "3", "2", "2", "2", "5", 0, 0, "3", "2", "6", "1", "1", 0, "2", 0, 0, "1", 0, 0, "2", "1", 0, "2", "1", "3", "1", 0, "1", "2", "1", "4", "1", 0, 0, "1", "1", "1", 0, 0], "A/B": ["1", "2", "1", 0, "1", 0, 0, 0, "2", 0, 0, 0, 0, "2", "1", "1", 0, 0, 0, 0, "1", "1", 0, "1", "3", 0, 0, "1", "1", 0, 0, "2", 0, 0, 0, 0, 0, 0, 0, 0], "MS": [0, "1", "2", 0, 0, 0, "1", "1", 0, 0, "2", 0, 0, 0, 0, 0, 0, 0, 0, 0, 0, "1", 0, 0, "2", "1", "1", "1", "1", "1", "1", "1", 0, 0, 0, "1", 0, 0, 0, 0], "HT": [0, "2", "1", 0, "2", "2", "4", "1", "2", "1", 0, "2", 0, 0, "1", 0, "2", 0, 0, 0, "1", "2", "1", "1", "2", "4", "1", "2", 0, "2", "1", "3", "2", "2", 0, "2", 0, 0, 0, 0], "GV": [0, "1", "2", 0, "1", 0, 0, 0, 0, 0, 0, 0, 0, 0, 0, "1", 0, 0, "2", 0, "1", 0, "1", 0, "1", 0, 0, 0, "1", 0, 0, 0, 0, 0, "1", "1", 0, 0, 0, 0], "TK": ["1", 0, 0, 0, 0, 0, "1", "1", 0, 0, 0, "1", 0, 0, 0, "2", "1", 0, 0, 0, "1", "2", 0, 0, 0, "1", 0, 0, 0, 0, 0, 0, "1", 0, 0, 0, 0, "1", 0, 0], "BS": [0, "1", 0, 0, "1", "1", 0, 0, "1", 0, 0, "2", 0, "1", 0, "1", "2", 0, 0, 0, "2", 0, "3", 0, 0, 0, "1", "1", "1", "1", "1", "1", 0, 0, 0, 0, 0, 0, 0, 0], "FW": [0, 0, 0, "4", "14", 0, 0, 0, "0", 0, 0, "1", "6", 0, 0, 0, 0, "1", 0, 0, 0, 0, 0, 0, 0, "1", 0, "8", 0, 0, 0, 0, "6", 0, "2", "0", "2", 0, 0, 0], "FL": [0, 0, 0, "2", "5", 0, 0, 0, "1", 0, 0, "1", "6", 0, 0, 0, 0, "4", 0, 0, 0, 0, 0, 0, 0, "0", 0, "8", 0, 0, 0, 0, "7", 0, "5", "2", "4", 0, 0, 0], "F%": [0, 0, 0, "67", "74", 0, 0, 0, "0", 0, 0, "50", "50", 0, 0, 0, 0, "20", 0, 0, 0, 0, 0, 0, 0, "100", 0, "50", 0, 0, 0, 0, "46", 0, "29", "0", "33", 0, 0, 0], "team": ["NASHVILLE PREDATORS ", "NASHVILLE PREDATORS ", "NASHVILLE PREDATORS ", "NASHVILLE PREDATORS ", "NASHVILLE PREDATORS ", "NASHVILLE PREDATORS ", "NASHVILLE PREDATORS ", "NASHVILLE PREDATORS ", "NASHVILLE PREDATORS ", "NASHVILLE PREDATORS ", "NASHVILLE PREDATORS ", "NASHVILLE PREDATORS ", "NASHVILLE PREDATORS ", "NASHVILLE PREDATORS ", "NASHVILLE PREDATORS ", "NASHVILLE PREDATORS ", "NASHVILLE PREDATORS ", "NASHVILLE PREDATORS ", "NASHVILLE PREDATORS ", "NASHVILLE PREDATORS ", "VANCOUVER CANUCKS ", "VANCOUVER CANUCKS ", "VANCOUVER CANUCKS ", "VANCOUVER CANUCKS ", "VANCOUVER CANUCKS ", "VANCOUVER CANUCKS ", "VANCOUVER CANUCKS ", "VANCOUVER CANUCKS ", "VANCOUVER CANUCKS ", "VANCOUVER CANUCKS ", "VANCOUVER CANUCKS ", "VANCOUVER CANUCKS ", "VANCOUVER CANUCKS ", "VANCOUVER CANUCKS ", "VANCOUVER CANUCKS ", "VANCOUVER CANUCKS ", "VANCOUVER CANUCKS ", "VANCOUVER CANUCKS ", "VANCOUVER CANUCKS ", "VANCOUVER CANUCKS "], "GA": [0, 0, 0, 0, 0, 0, 0, 0, 0, 0, 0, 0, 0, 0, 0, 0, 0, 0, "2", 0, 0, 0, 0, 0, 0, 0, 0, 0, 0, 0, 0, 0, 0, 0, 0, 0, 0, 0, "0", 0], "SA": [0, 0, 0, 0, 0, 0, 0, 0, 0, 0, 0, 0, 0, 0, 0, 0, 0, 0, "22", 0, 0, 0, 0, 0, 0, 0, 0, 0, 0, 0, 0, 0, 0, 0, 0, 0, 0, 0, "30", 0]}}