{"game_info": {"date": "2014-01-21", "visitor": "VANCOUVER CANUCKS ", "home": "EDMONTON OILERS ", "game_id": 754, "status": "final"}, "player_stats": {"number": ["2", "3", "5", "6", "7", "8", "9", "14", "15", "17", "20", "21", "22", "23", "29", "32", "36", "54", "1", "31", "2", "4", "6", "14", "15", "19", "20", "21", "23", "26", "27", "28", "44", "57", "85", "89", "93", "94", "30", "80"], "position": ["D", "D", "D", "D", "L", "D", "R", "L", "R", "C", "L", "C", "L", "D", "L", "R", "R", "L", "G", "G", "D", "L", "L", "C", "D", "D", "L", "D", "C", "R", "C", "L", "D", "L", "D", "C", "C", "L", "G", "G"], "name": ["HAMHUIS, DAN", "BIEKSA, KEVIN", "GARRISON, JASON", "WEBER, YANNICK", "BOOTH, DAVID", "TANEV, CHRISTOPHER", "KASSIAN, ZACK", "BURROWS, ALEXANDRE", "RICHARDSON, BRAD", "KESLER, RYAN", "HIGGINS, CHRIS", "DALPE, ZAC", "SEDIN, DANIEL", "EDLER, ALEXANDER", "SESTITO, TOM", "WEISE, DALE", "HANSEN, JANNIK", "LAIN, KELLAN", "LUONGO, ROBERTO", "LACK, EDDIE", "PETRY, JEFF", "HALL, TAYLOR", "JOENSUU, JESSE", "EBERLE, JORDAN", "SCHULTZ, NICK", "SCHULTZ, JUSTIN", "GAZDIC, LUKE", "FERENCE, ANDREW", "HENDRICKS, MATT", "ARCOBELLO, MARK", "GORDON, BOYD", "JONES, RYAN", "POTTER, COREY", "PERRON, DAVID", "MARINCIN, MARTIN", "GAGNER, SAM", "NUGENT-HOPKINS, RYAN", "SMYTH, RYAN", "SCRIVENS, BEN", "BRYZGALOV, ILYA"], "G": [0, 0, 0, 0, 0, 0, "1", 0, 0, 0, 0, 0, 0, 0, 0, 0, 0, "1", 0, 0, 0, 0, 0, "1", 0, 0, 0, 0, 0, 0, 0, 0, 0, 0, 0, 0, 0, 0, 0, 0], "A": [0, 0, 0, 0, 0, 0, 0, 0, 0, "1", 0, 0, "1", 0, "1", "1", 0, 0, 0, 0, 0, "1", 0, 0, 0, 0, 0, 0, 0, 0, 0, 0, 0, 0, 0, "1", 0, 0, 0, 0], "P": [0, 0, 0, 0, 0, 0, "1", 0, 0, "1", 0, 0, "1", 0, "1", "1", 0, "1", 0, 0, 0, "1", 0, "1", 0, 0, 0, 0, 0, 0, 0, 0, 0, 0, 0, "1", 0, 0, 0, 0], "+/-": [0, "+1", "+1", "+1", 0, "-1", "+1", 0, "-1", "+1", "-1", 0, "+1", 0, "+1", "+1", "-1", "+1", 0, 0, 0, "+1", "-1", "+1", "-1", 0, "-1", 0, 0, "-2", 0, 0, "-1", "-1", 0, "+1", 0, "-1", 0, 0], "PN": [0, "2", 0, 0, 0, 0, 0, 0, 0, 0, "1", "1", 0, 0, 0, 0, "1", 0, 0, 0, 0, "1", 0, "1", "1", 0, 0, 0, 0, 0, 0, "1", 0, 0, 0, 0, 0, "1", 0, 0], "PIM": [0, "7", 0, 0, 0, 0, 0, 0, 0, 0, "2", "2", 0, 0, 0, 0, "2", 0, 0, 0, 0, "2", 0, "2", "2", 0, 0, 0, 0, 0, 0, "5", 0, 0, 0, 0, 0, "2", 0, 0], "TOT": ["26:59", "18:03", "19:53", "15:04", "09:04", "21:05", "12:51", "20:39", "15:16", "26:14", "18:39", "13:04", "23:04", "18:59", "06:46", "05:42", "15:18", "05:23", "59:57", 0, "21:31", "20:58", "04:35", "21:49", "12:15", "26:11", "04:27", "22:18", "14:13", "10:25", "15:24", "10:58", "09:46", "16:47", "21:10", "19:52", "23:15", "17:16", "58:50", 0], "SHF": ["34", "23", "25", "21", "13", "30", "19", "29", "23", "31", "25", "19", "27", "26", "11", "10", "23", "10", 0, 0, "28", "26", "8", "25", "17", "24", "8", "25", "20", "16", "26", "18", "12", "22", "27", "23", "29", "23", 0, 0], "AVG TOI/SH": ["00:47", "00:47", "00:47", "00:43", "00:41", "00:42", "00:40", "00:42", "00:39", "00:50", "00:44", "00:41", "00:51", "00:43", "00:36", "00:34", "00:39", "00:32", 0, 0, "00:46", "00:48", "00:34", "00:52", "00:43", "01:05", "00:33", "00:53", "00:42", "00:39", "00:35", "00:36", "00:48", "00:45", "00:47", "00:51", "00:48", "00:45", 0, 0], "PP": ["03:23", "01:12", "03:18", "04:13", "00:00", "00:00", "03:22", "03:59", "00:00", "04:57", "02:59", "02:59", "04:57", "03:35", "00:23", "00:04", "00:35", "00:04", "08:00", 0, "02:06", "05:08", "00:00", "05:21", "00:00", "05:54", "00:00", "00:00", "00:00", "02:18", "00:21", "00:00", "00:00", "02:39", "02:39", "05:21", "05:21", "02:52", "08:00", 0], "SH": ["05:08", "01:20", "01:35", "00:00", "00:00", "05:05", "00:00", "03:37", "03:33", "03:51", "02:32", "00:00", "01:51", "02:52", "00:00", "00:00", "00:36", "00:00", "08:00", 0, "03:06", "00:03", "00:00", "00:20", "02:55", "01:59", "00:00", "04:54", "02:41", "01:52", "02:54", "02:50", "00:00", "00:00", "03:06", "00:18", "03:32", "01:30", "08:00", 0], "EV": ["18:28", "15:31", "15:00", "10:51", "09:04", "16:00", "09:29", "13:03", "11:43", "17:26", "13:08", "10:05", "16:16", "12:32", "06:23", "05:38", "14:07", "05:19", "43:57", 0, "16:19", "15:47", "04:35", "16:08", "09:20", "18:18", "04:27", "17:24", "11:32", "06:15", "12:09", "08:08", "09:46", "14:08", "15:25", "14:13", "14:22", "12:54", "42:50", 0], "S": [0, "3", "3", "1", 0, 0, "1", "2", "1", "4", "2", "3", "2", "2", "1", "1", 0, "1", 0, 0, "3", "3", 0, "3", 0, "1", 0, "2", "1", "1", "1", "1", 0, "2", "1", "4", "3", "3", 0, 0], "A/B": ["2", "1", "1", "1", "4", 0, 0, "1", 0, 0, 0, "1", 0, "2", 0, 0, 0, 0, 0, 0, "2", "2", 0, 0, 0, "3", "2", 0, 0, "1", "2", "1", 0, "1", 0, 0, 0, 0, 0, 0], "MS": [0, 0, 0, "1", 0, 0, "3", "2", 0, "1", "1", "1", "1", "2", "1", 0, "2", "1", 0, 0, 0, "1", 0, "2", 0, "1", 0, 0, 0, "1", "1", 0, 0, 0, 0, "3", "1", 0, 0, 0], "HT": [0, "3", 0, 0, 0, 0, 0, "1", 0, "1", "2", 0, 0, "4", "1", 0, "1", 0, 0, 0, "1", "1", "3", "1", 0, 0, "1", "2", "4", 0, 0, "4", "2", "3", 0, 0, "4", "2", 0, 0], "GV": ["1", "1", 0, 0, 0, "1", "1", 0, "1", "2", 0, 0, 0, "3", 0, 0, 0, "1", 0, 0, "3", "6", 0, "2", 0, "1", 0, 0, 0, 0, 0, "1", "1", "1", "1", 0, 0, 0, 0, 0], "TK": [0, "1", 0, 0, 0, 0, "1", 0, 0, "1", "2", 0, 0, "1", 0, 0, 0, 0, 0, 0, "2", "1", "1", "1", 0, 0, 0, 0, "1", 0, "1", 0, 0, 0, 0, "1", "1", 0, 0, 0], "BS": ["1", "2", "1", "2", 0, "3", 0, "1", 0, "1", "1", "1", 0, 0, 0, 0, 0, "1", 0, 0, "2", 0, 0, "1", "2", "1", "1", "1", "2", 0, 0, 0, "1", 0, "2", 0, 0, 0, 0, 0], "FW": [0, 0, 0, 0, 0, 0, 0, 0, "5", "7", 0, "8", "1", 0, "0", "0", 0, "3", 0, 0, 0, 0, 0, 0, 0, 0, 0, 0, 0, "4", "15", 0, 0, 0, 0, "6", "11", 0, 0, 0], "FL": [0, 0, 0, 0, 0, 0, 0, 0, "6", "17", 0, "8", "1", 0, "1", "1", 0, "2", 0, 0, 0, 0, 0, 0, 0, 0, 0, 0, 0, "3", "9", 0, 0, 0, 0, "6", "6", 0, 0, 0], "F%": [0, 0, 0, 0, 0, 0, 0, 0, "45", "29", 0, "50", "50", 0, "0", "0", 0, "60", 0, 0, 0, 0, 0, 0, 0, 0, 0, 0, 0, "57", "63", 0, 0, 0, 0, "50", "65", 0, 0, 0], "team": ["VANCOUVER CANUCKS ", "VANCOUVER CANUCKS ", "VANCOUVER CANUCKS ", "VANCOUVER CANUCKS ", "VANCOUVER CANUCKS ", "VANCOUVER CANUCKS ", "VANCOUVER CANUCKS ", "VANCOUVER CANUCKS ", "VANCOUVER CANUCKS ", "VANCOUVER CANUCKS ", "VANCOUVER CANUCKS ", "VANCOUVER CANUCKS ", "VANCOUVER CANUCKS ", "VANCOUVER CANUCKS ", "VANCOUVER CANUCKS ", "VANCOUVER CANUCKS ", "VANCOUVER CANUCKS ", "VANCOUVER CANUCKS ", "VANCOUVER CANUCKS ", "VANCOUVER CANUCKS ", "EDMONTON OILERS ", "EDMONTON OILERS ", "EDMONTON OILERS ", "EDMONTON OILERS ", "EDMONTON OILERS ", "EDMONTON OILERS ", "EDMONTON OILERS ", "EDMONTON OILERS ", "EDMONTON OILERS ", "EDMONTON OILERS ", "EDMONTON OILERS ", "EDMONTON OILERS ", "EDMONTON OILERS ", "EDMONTON OILERS ", "EDMONTON OILERS ", "EDMONTON OILERS ", "EDMONTON OILERS ", "EDMONTON OILERS ", "EDMONTON OILERS ", "EDMONTON OILERS "], "GA": [0, 0, 0, 0, 0, 0, 0, 0, 0, 0, 0, 0, 0, 0, 0, 0, 0, 0, "1", 0, 0, 0, 0, 0, 0, 0, 0, 0, 0, 0, 0, 0, 0, 0, 0, 0, 0, 0, "2", 0], "SA": [0, 0, 0, 0, 0, 0, 0, 0, 0, 0, 0, 0, 0, 0, 0, 0, 0, 0, "29", 0, 0, 0, 0, 0, 0, 0, 0, 0, 0, 0, 0, 0, 0, 0, 0, 0, 0, 0, "27", 0]}}