{"game_info": {"date": "2014-04-01", "visitor": "NEW JERSEY DEVILS ", "home": "BUFFALO SABRES ", "game_id": 1129, "status": "final"}, "player_stats": {"number": ["2", "5", "6", "7", "8", "9", "10", "12", "14", "15", "16", "17", "18", "19", "20", "22", "26", "68", "30", "35", "4", "5", "6", "10", "19", "20", "21", "22", "23", "27", "28", "32", "37", "55", "63", "65", "82", "88", "31", "50"], "position": ["D", "D", "D", "D", "C", "R", "D", "C", "C", "R", "C", "R", "R", "C", "C", "D", "L", "R", "G", "G", "D", "D", "D", "D", "C", "D", "R", "L", "L", "R", "C", "L", "L", "D", "C", "C", "L", "C", "G", "G"], "name": ["ZIDLICKY, MAREK", "LARSSON, ADAM", "GREENE, ANDY", "FAYNE, MARK", "ZUBRUS, DAINIUS", "SISLO, MIKE", "HARROLD, PETER", "BRUNNER, DAMIEN", "HENRIQUE, ADAM", "RUUTU, TUOMO", "JOSEFSON, JACOB", "RYDER, MICHAEL", "BERNIER, STEVE", "ZAJAC, TRAVIS", "CARTER, RYAN", "GELINAS, ERIC", "ELIAS, PATRIK", "JAGR, JAROMIR", "BRODEUR, MARTIN", "SCHNEIDER, CORY", "MCBAIN, JAMIE", "RUHWEDEL, CHAD", "WEBER, MIKE", "EHRHOFF, CHRISTIAN", "HODGSON, CODY", "TALLINDER, HENRIK", "STAFFORD, DREW", "LARSSON, JOHAN", "LEINO, VILLE", "D'AGOSTINI, MATT", "GIRGENSONS, ZEMGUS", "SCOTT, JOHN", "ELLIS, MATT", "RISTOLAINEN, RASMUS", "ENNIS, TYLER", "FLYNN, BRIAN", "FOLIGNO, MARCUS", "CONACHER, CORY", "HACKETT, MATT", "LIEUWEN, NATHAN"], "G": [0, 0, 0, 0, "1", 0, 0, 0, 0, "1", 0, 0, 0, 0, 0, 0, 0, 0, 0, 0, 0, 0, 0, 0, 0, 0, 0, 0, 0, 0, 0, 0, 0, 0, "2", 0, 0, 0, 0, 0], "A": ["1", 0, "1", 0, 0, 0, 0, "1", 0, 0, 0, "1", 0, 0, 0, 0, 0, 0, 0, 0, 0, 0, 0, 0, "1", 0, "2", 0, "1", 0, 0, 0, 0, 0, 0, 0, 0, 0, 0, 0], "P": ["1", 0, "1", 0, "1", 0, 0, "1", 0, "1", 0, "1", 0, 0, 0, 0, 0, 0, 0, 0, 0, 0, 0, 0, "1", 0, "2", 0, "1", 0, 0, 0, 0, 0, "2", 0, 0, 0, 0, 0], "+/-": [0, "+1", "-1", "-1", "+1", 0, 0, "+1", 0, "-1", 0, "+1", 0, "-1", 0, "+1", 0, "-1", 0, 0, "-1", 0, "-1", 0, 0, "+1", 0, 0, "+1", 0, 0, 0, 0, "+1", 0, 0, 0, "-1", 0, 0], "PN": [0, 0, 0, 0, 0, 0, 0, 0, 0, 0, "1", 0, "1", 0, 0, 0, "1", 0, 0, 0, 0, 0, 0, 0, 0, 0, 0, 0, "1", 0, 0, 0, 0, 0, 0, "1", 0, 0, 0, 0], "PIM": [0, 0, 0, 0, 0, 0, 0, 0, 0, 0, "2", 0, "2", 0, 0, 0, "2", 0, 0, 0, 0, 0, 0, 0, 0, 0, 0, 0, "2", 0, 0, 0, 0, 0, 0, "2", 0, 0, 0, 0], "TOT": ["23:25", "18:05", "27:28", "21:05", "18:25", "10:41", "23:01", "16:09", "18:53", "18:03", "10:28", "16:08", "06:47", "22:21", "07:15", "16:56", "19:46", "20:10", 0, "64:45", "21:55", "19:44", "21:11", "27:39", "20:16", "15:46", "22:28", "15:55", "14:55", "17:44", "19:48", "04:58", "05:00", "20:26", "23:22", "17:47", "14:46", "14:00", 0, "64:57"], "SHF": ["32", "24", "33", "30", "26", "13", "33", "21", "30", "24", "20", "22", "12", "31", "13", "23", "29", "26", 0, 0, "26", "28", "27", "29", "26", "21", "27", "20", "17", "22", "27", "8", "8", "27", "26", "25", "21", "19", 0, 0], "AVG TOI/SH": ["00:43", "00:45", "00:49", "00:42", "00:42", "00:49", "00:41", "00:46", "00:37", "00:45", "00:31", "00:44", "00:33", "00:43", "00:33", "00:44", "00:40", "00:46", 0, 0, "00:50", "00:42", "00:47", "00:57", "00:46", "00:45", "00:49", "00:47", "00:52", "00:48", "00:44", "00:37", "00:37", "00:45", "00:53", "00:42", "00:42", "00:44", 0, 0], "PP": ["01:39", "00:44", "01:39", "00:00", "00:00", "00:00", "00:00", "00:00", "00:44", "01:07", "00:00", "00:44", "00:00", "01:39", "00:00", "00:44", "01:16", "01:39", 0, "02:23", "01:50", "00:00", "00:00", "03:36", "03:18", "00:00", "03:19", "00:00", "00:51", "01:51", "01:33", "00:00", "00:00", "01:33", "03:36", "00:42", "00:17", "03:19", 0, "05:09"], "SH": ["00:00", "00:34", "04:35", "03:32", "02:46", "00:00", "01:37", "00:00", "02:02", "00:34", "00:28", "00:00", "00:00", "02:22", "00:28", "00:00", "01:38", "00:00", 0, "05:09", "00:42", "00:34", "01:05", "00:57", "00:34", "00:44", "00:25", "00:34", "00:00", "00:00", "01:24", "00:00", "00:25", "00:44", "00:00", "00:23", "01:01", "00:00", 0, "02:23"], "EV": ["21:46", "16:47", "21:14", "17:33", "15:39", "10:41", "21:24", "16:09", "16:07", "16:22", "10:00", "15:24", "06:47", "18:20", "06:47", "16:12", "16:52", "18:31", 0, "57:13", "19:23", "19:10", "20:06", "23:06", "16:24", "15:02", "18:44", "15:21", "14:04", "15:53", "16:51", "04:58", "04:35", "18:09", "19:46", "16:42", "13:28", "10:41", 0, "57:25"], "S": ["5", 0, "1", "2", "3", "3", 0, "1", "1", "2", 0, "3", 0, "3", "1", "6", "1", "3", 0, 0, "3", "2", "1", 0, "4", 0, "4", 0, 0, "1", "1", "1", 0, "1", "4", "1", "3", "1", 0, 0], "A/B": ["3", "2", "3", "2", "1", 0, "2", 0, "1", "2", "2", "1", 0, 0, 0, "2", "3", "2", 0, 0, "1", "2", 0, 0, "1", 0, 0, 0, "1", "2", "1", 0, 0, "2", "2", 0, 0, 0, 0, 0], "MS": [0, 0, "1", 0, 0, "2", 0, "2", 0, "1", 0, "1", 0, 0, 0, 0, "1", "2", 0, 0, 0, 0, 0, "1", "1", 0, 0, 0, 0, 0, "1", 0, 0, 0, 0, "1", 0, 0, 0, 0], "HT": ["3", "2", "1", "1", "3", "1", "2", 0, "1", "2", "2", 0, "1", 0, 0, "1", 0, 0, 0, 0, 0, "1", "1", 0, 0, "1", "1", "1", 0, 0, "9", "2", "1", "3", 0, "1", "4", "1", 0, 0], "GV": [0, 0, 0, 0, 0, 0, 0, 0, "1", 0, 0, 0, 0, "1", 0, 0, "1", "1", 0, "1", 0, 0, 0, 0, "3", "2", 0, 0, 0, 0, 0, 0, 0, 0, 0, 0, 0, 0, 0, 0], "TK": [0, 0, 0, 0, "1", 0, 0, 0, 0, 0, 0, 0, 0, 0, 0, 0, 0, "1", 0, 0, 0, 0, 0, 0, 0, 0, 0, 0, "2", "1", 0, 0, 0, 0, 0, "1", "2", 0, 0, 0], "BS": ["1", "5", "2", "1", 0, 0, 0, 0, 0, "1", "1", 0, 0, 0, 0, 0, 0, "1", 0, 0, "2", 0, "4", "5", "1", 0, "2", "2", "1", "3", 0, 0, 0, "1", "3", "2", 0, 0, 0, 0], "FW": [0, 0, 0, 0, "2", 0, 0, "1", "0", "1", "10", "1", 0, "15", 0, 0, "10", 0, 0, 0, 0, 0, 0, 0, "10", 0, "3", "7", "3", 0, "5", 0, "1", 0, "1", "0", "1", 0, 0, 0], "FL": [0, 0, 0, 0, "7", 0, 0, "0", "1", "0", "2", "0", 0, "10", 0, 0, "11", 0, 0, 0, 0, 0, 0, 0, "3", 0, "5", "11", "1", 0, "6", 0, "4", 0, "6", "2", "2", 0, 0, 0], "F%": [0, 0, 0, 0, "22", 0, 0, "100", "0", "100", "83", "100", 0, "60", 0, 0, "48", 0, 0, 0, 0, 0, 0, 0, "77", 0, "38", "39", "75", 0, "45", 0, "20", 0, "14", "0", "33", 0, 0, 0], "team": ["NEW JERSEY DEVILS ", "NEW JERSEY DEVILS ", "NEW JERSEY DEVILS ", "NEW JERSEY DEVILS ", "NEW JERSEY DEVILS ", "NEW JERSEY DEVILS ", "NEW JERSEY DEVILS ", "NEW JERSEY DEVILS ", "NEW JERSEY DEVILS ", "NEW JERSEY DEVILS ", "NEW JERSEY DEVILS ", "NEW JERSEY DEVILS ", "NEW JERSEY DEVILS ", "NEW JERSEY DEVILS ", "NEW JERSEY DEVILS ", "NEW JERSEY DEVILS ", "NEW JERSEY DEVILS ", "NEW JERSEY DEVILS ", "NEW JERSEY DEVILS ", "NEW JERSEY DEVILS ", "BUFFALO SABRES ", "BUFFALO SABRES ", "BUFFALO SABRES ", "BUFFALO SABRES ", "BUFFALO SABRES ", "BUFFALO SABRES ", "BUFFALO SABRES ", "BUFFALO SABRES ", "BUFFALO SABRES ", "BUFFALO SABRES ", "BUFFALO SABRES ", "BUFFALO SABRES ", "BUFFALO SABRES ", "BUFFALO SABRES ", "BUFFALO SABRES ", "BUFFALO SABRES ", "BUFFALO SABRES ", "BUFFALO SABRES ", "BUFFALO SABRES ", "BUFFALO SABRES "], "GA": [0, 0, 0, 0, 0, 0, 0, 0, 0, 0, 0, 0, 0, 0, 0, 0, 0, 0, 0.0, "2", 0, 0, 0, 0, 0, 0, 0, 0, 0, 0, 0, 0, 0, 0, 0, 0, 0, 0, 0, "2"], "SA": [0, 0, 0, 0, 0, 0, 0, 0, 0, 0, 0, 0, 0, 0, 0, 0, 0, 0, 0.0, "27", 0, 0, 0, 0, 0, 0, 0, 0, 0, 0, 0, 0, 0, 0, 0, 0, 0, 0, 0, "35"]}}