{"game_info": {"date": "2013-12-29", "visitor": "MONTREAL CANADIENS ", "home": "FLORIDA PANTHERS ", "game_id": 586, "status": "final"}, "player_stats": {"number": ["8", "11", "14", "17", "21", "26", "27", "32", "48", "51", "53", "55", "61", "67", "74", "76", "79", "81", "30", "31", "4", "7", "11", "12", "14", "15", "16", "18", "20", "21", "24", "27", "43", "51", "57", "72", "77", "82", "30", "34", 0], "position": ["L", "R", "C", "R", "R", "D", "C", "L", "C", "C", "C", "D", "D", "L", "D", "D", "D", "C", "G", "G", "D", "D", "C", "R", "L", "C", "C", "C", "L", "R", "R", "C", "D", "D", "C", "D", "D", "R", "G", "G", 0], "name": ["PRUST, BRANDON", "GALLAGHER, BRENDAN", "PLEKANEC, TOMAS", "BOURQUE, RENE", "GIONTA, BRIAN", "GORGES, JOSH", "GALCHENYUK, ALEX", "MOEN, TRAVIS", "BRIERE, DANIEL", "DESHARNAIS, DAVID", "WHITE, RYAN", "BOUILLON, FRANCIS", "DIAZ, RAPHAEL", "PACIORETTY, MAX", "EMELIN, ALEXEI", "SUBBAN, P.K.", "MARKOV, ANDREI", "ELLER, LARS", "BUDAJ, PETER", "PRICE, CAREY", "OLSEN, DYLAN", "KULIKOV, DMITRY", "HUBERDEAU, JONATHAN", "HAYES, JIMMY", "FLEISCHMANN, TOMAS", "SHORE, DREW", "BARKOV, ALEKSANDER", "MATTHIAS, SHAWN", "BERGENHEIM, SEAN", "BARCH, KRYS", "BOYES, BRAD", "BJUGSTAD, NICK", "WEAVER, MIKE", "CAMPBELL, BRIAN", "GOC, MARCEL", "PETROVIC, ALEX", "GILBERT, TOM", "KOPECKY, TOMAS", "CLEMMENSEN, SCOTT", "THOMAS, TIM", "TEAM PENALTY"], "G": ["1", 0, 0, 0, 0, 0, 0, 0, 0, 0, 0, 0, 0, 0, 0, 0, 0, 0, 0, 0, 0, "1", 0, 0, 0, 0, "1", 0, "1", 0, 0, 0, 0, "1", 0, 0, 0, 0, 0, 0, 0], "A": [0, 0, 0, 0, 0, 0, 0, 0, 0, 0, 0, "1", "1", 0, 0, 0, 0, 0, 0, 0, 0, 0, 0, 0, "1", 0, 0, 0, 0, 0, "2", 0, 0, "1", 0, 0, "2", 0, 0, 0, 0], "P": ["1", 0, 0, 0, 0, 0, 0, 0, 0, 0, 0, "1", "1", 0, 0, 0, 0, 0, 0, 0, 0, "1", 0, 0, "1", 0, "1", 0, "1", 0, "2", 0, 0, "2", 0, 0, "2", 0, 0, 0, 0], "+/-": ["+1", "-2", "-1", 0, "-1", 0, "-1", "+1", "-1", "-2", 0, "+1", "+1", "-3", "-3", "-1", "-4", 0, 0, 0, "+2", 0, 0, "-1", "+1", "-1", "+3", "+1", "+2", "-1", "+3", "+1", "-1", "+3", 0, 0, "+2", 0, 0, 0, 0], "PN": [0, "1", "1", "1", 0, 0, 0, 0, 0, 0, 0, 0, 0, "1", 0, 0, 0, 0, 0, 0, 0, 0, "1", 0, 0, 0, 0, 0, 0, 0, 0, "1", 0, 0, 0, "1", 0, 0, 0, 0, "1"], "PIM": [0, "2", "2", "2", 0, 0, 0, 0, 0, 0, 0, 0, 0, "2", 0, 0, 0, 0, 0, 0, 0, 0, "2", 0, 0, 0, 0, 0, 0, 0, 0, "2", 0, 0, 0, "2", 0, 0, 0, 0, "2"], "TOT": ["13:44", "14:11", "17:46", "12:20", "17:22", "19:49", "13:35", "12:09", "12:51", "15:05", "11:59", "18:39", "19:49", "17:39", "13:06", "25:37", "23:00", "14:55", "58:24", 0, "16:56", "21:33", "14:28", "10:24", "14:57", "11:31", "17:57", "13:57", "16:24", "08:50", "18:03", "14:18", "20:08", "28:10", "16:00", "13:10", "20:09", "15:05", "60:00", 0, 0], "SHF": ["15", "18", "21", "15", "19", "24", "16", "15", "15", "20", "12", "22", "26", "19", "13", "28", "24", "18", 0, 0, "24", "28", "21", "12", "22", "15", "23", "17", "23", "12", "23", "21", "26", "30", "21", "20", "25", "20", 0, 0, 0], "AVG TOI/SH": ["00:54", "00:47", "00:50", "00:49", "00:54", "00:49", "00:50", "00:48", "00:51", "00:45", "00:59", "00:50", "00:45", "00:55", "01:00", "00:54", "00:57", "00:49", 0, 0, "00:42", "00:46", "00:41", "00:52", "00:40", "00:46", "00:46", "00:49", "00:42", "00:44", "00:47", "00:40", "00:46", "00:56", "00:45", "00:39", "00:48", "00:45", 0, 0, 0], "PP": ["00:00", "01:08", "01:58", "00:54", "01:54", "00:07", "00:00", "00:00", "00:58", "01:00", "00:00", "00:52", "00:56", "01:02", "00:00", "02:07", "01:54", "00:00", "02:58", 0, "00:51", "01:13", "01:52", "00:00", "01:23", "00:00", "01:26", "00:00", "01:06", "00:00", "01:35", "01:32", "00:00", "02:07", "00:00", "00:00", "01:09", "00:36", "02:58", 0, 0], "SH": ["00:46", "00:00", "02:09", "00:00", "00:59", "02:32", "00:00", "01:13", "00:00", "00:00", "00:00", "00:00", "02:25", "00:00", "00:00", "00:33", "00:26", "00:49", "02:58", 0, "00:45", "00:49", "00:00", "00:00", "00:58", "00:49", "00:00", "01:02", "00:00", "00:00", "00:00", "00:22", "02:13", "02:09", "01:26", "00:00", "00:00", "01:19", "02:58", 0, 0], "EV": ["12:58", "13:03", "13:39", "11:26", "14:29", "17:10", "13:35", "10:56", "11:53", "14:05", "11:59", "17:47", "16:28", "16:37", "13:06", "22:57", "20:40", "14:06", "52:28", 0, "15:20", "19:31", "12:36", "10:24", "12:36", "10:42", "16:31", "12:55", "15:18", "08:50", "16:28", "12:24", "17:55", "23:54", "14:34", "13:10", "19:00", "13:10", "54:04", 0, 0], "S": ["3", "1", "1", "1", "1", "2", "2", 0, 0, "2", 0, "1", "1", 0, "1", "3", 0, "3", 0, 0, "2", "1", 0, 0, "2", "1", "4", "2", "2", 0, "3", 0, "2", "3", 0, "1", "1", "1", 0, 0, 0], "A/B": [0, "1", "1", 0, 0, 0, 0, 0, 0, "1", 0, 0, "1", 0, 0, "2", "2", "1", 0, 0, "1", "1", "2", 0, 0, "2", "2", 0, "1", 0, "2", 0, 0, "1", 0, "1", "1", 0, 0, 0, 0], "MS": [0, 0, "2", "1", "1", "1", 0, 0, 0, 0, 0, 0, "1", "2", 0, 0, "2", 0, 0, 0, 0, "1", 0, "2", 0, 0, 0, 0, 0, 0, "5", 0, 0, "1", "2", "1", 0, "1", 0, 0, 0], "HT": ["1", 0, 0, "2", 0, "1", "1", "4", 0, 0, "3", "4", "2", "3", "4", "4", "1", "2", 0, 0, "2", "2", 0, "6", "2", "1", 0, "1", 0, "2", 0, "4", "3", "1", "2", "2", "1", "2", 0, 0, 0], "GV": [0, 0, 0, 0, 0, 0, "1", 0, 0, 0, 0, "1", 0, 0, "1", "1", "1", "1", 0, 0, 0, "1", 0, 0, 0, "1", 0, 0, "1", 0, 0, "2", "1", 0, 0, 0, 0, 0, "1", 0, 0], "TK": [0, "1", "1", 0, 0, 0, 0, 0, "1", 0, 0, 0, 0, 0, 0, "2", 0, 0, 0, 0, "1", "1", "1", 0, 0, 0, 0, 0, 0, 0, 0, 0, 0, 0, 0, 0, 0, 0, 0, 0, 0], "BS": [0, "1", 0, 0, 0, "2", 0, "2", 0, 0, 0, "2", 0, 0, "2", "4", "1", 0, 0, 0, 0, "1", 0, 0, 0, 0, "1", 0, 0, 0, "2", 0, 0, "3", 0, "1", "1", 0, 0, 0, 0], "FW": [0, 0, "9", 0, "0", 0, 0, 0, "1", "11", "8", 0, 0, 0, 0, 0, 0, "4", 0, 0, 0, 0, 0, 0, "0", "4", "8", "1", 0, 0, "1", "3", 0, 0, "5", 0, 0, 0, 0, 0, 0], "FL": [0, 0, "5", 0, "1", 0, 0, 0, "2", "7", "2", 0, 0, 0, 0, 0, 0, "5", 0, 0, 0, 0, 0, 0, "1", "9", "8", "0", 0, 0, "0", "7", 0, 0, "8", 0, 0, 0, 0, 0, 0], "F%": [0, 0, "64", 0, "0", 0, 0, 0, "33", "61", "80", 0, 0, 0, 0, 0, 0, "44", 0, 0, 0, 0, 0, 0, "0", "31", "50", "100", 0, 0, "100", "30", 0, 0, "38", 0, 0, 0, 0, 0, 0], "team": ["MONTREAL CANADIENS ", "MONTREAL CANADIENS ", "MONTREAL CANADIENS ", "MONTREAL CANADIENS ", "MONTREAL CANADIENS ", "MONTREAL CANADIENS ", "MONTREAL CANADIENS ", "MONTREAL CANADIENS ", "MONTREAL CANADIENS ", "MONTREAL CANADIENS ", "MONTREAL CANADIENS ", "MONTREAL CANADIENS ", "MONTREAL CANADIENS ", "MONTREAL CANADIENS ", "MONTREAL CANADIENS ", "MONTREAL CANADIENS ", "MONTREAL CANADIENS ", "MONTREAL CANADIENS ", "MONTREAL CANADIENS ", "MONTREAL CANADIENS ", "FLORIDA PANTHERS ", "FLORIDA PANTHERS ", "FLORIDA PANTHERS ", "FLORIDA PANTHERS ", "FLORIDA PANTHERS ", "FLORIDA PANTHERS ", "FLORIDA PANTHERS ", "FLORIDA PANTHERS ", "FLORIDA PANTHERS ", "FLORIDA PANTHERS ", "FLORIDA PANTHERS ", "FLORIDA PANTHERS ", "FLORIDA PANTHERS ", "FLORIDA PANTHERS ", "FLORIDA PANTHERS ", "FLORIDA PANTHERS ", "FLORIDA PANTHERS ", "FLORIDA PANTHERS ", "FLORIDA PANTHERS ", "FLORIDA PANTHERS ", "FLORIDA PANTHERS "], "GA": [0, 0, 0, 0, 0, 0, 0, 0, 0, 0, 0, 0, 0, 0, 0, 0, 0, 0, "3", 0, 0, 0, 0, 0, 0, 0, 0, 0, 0, 0, 0, 0, 0, 0, 0, 0, 0, 0, "1", 0, 0], "SA": [0, 0, 0, 0, 0, 0, 0, 0, 0, 0, 0, 0, 0, 0, 0, 0, 0, 0, "24", 0, 0, 0, 0, 0, 0, 0, 0, 0, 0, 0, 0, 0, 0, 0, 0, 0, 0, 0, "22", 0, 0]}}