{"game_info": {"date": "2014-01-10", "visitor": "CAROLINA HURRICANES ", "home": "COLUMBUS BLUE JACKETS ", "game_id": 671, "status": "final"}, "player_stats": {"number": ["4", "11", "14", "15", "16", "18", "21", "22", "26", "27", "28", "32", "39", "42", "44", "53", "65", "73", "31", "35", "6", "7", "8", "11", "12", "13", "17", "18", "19", "21", "26", "27", "38", "42", "51", "55", "58", "71", "31", "72"], "position": ["D", "C", "C", "R", "C", "R", "L", "C", "D", "D", "R", "L", "R", "L", "D", "C", "D", "D", "G", "G", "D", "D", "R", "L", "C", "R", "C", "C", "C", "D", "R", "D", "C", "C", "D", "C", "D", "L", "G", "G"], "name": ["SEKERA, ANDREJ", "STAAL, JORDAN", "GERBE, NATHAN", "RUUTU, TUOMO", "LINDHOLM, ELIAS", "DVORAK, RADEK", "BOWMAN, DRAYSON", "MALHOTRA, MANNY", "LILES, JOHN-MICHAEL", "FAULK, JUSTIN", "SEMIN, ALEXANDER", "BOYCHUK, ZACH", "DWYER, PATRICK", "SUTTER, BRETT", "HARRISON, JAY", "SKINNER, JEFF", "HAINSEY, RON", "BELLEMORE, BRETT", "KHUDOBIN, ANTON", "PETERS, JUSTIN", "NIKITIN, NIKITA", "JOHNSON, JACK", "HORTON, NATHAN", "CALVERT, MATT", "CRAIG, RYAN", "ATKINSON, CAM", "DUBINSKY, BRANDON", "UMBERGER, RJ", "JOHANSEN, RYAN", "WISNIEWSKI, JAMES", "TROPP, COREY", "MURRAY, RYAN", "JENNER, BOONE", "ANISIMOV, ARTEM", "TYUTIN, FEDOR", "LETESTU, MARK", "SAVARD, DAVID", "FOLIGNO, NICK", "MCELHINNEY, CURTIS", "BOBROVSKY, SERGEI"], "G": [0, 0, 0, 0, 0, 0, 0, 0, 0, 0, 0, 0, 0, 0, 0, 0, 0, 0, 0, 0, 0, 0, 0, 0, 0, "1", "1", 0, 0, 0, 0, 0, "1", 0, 0, 0, 0, 0, 0, 0], "A": [0, 0, 0, 0, 0, 0, 0, 0, 0, 0, 0, 0, 0, 0, 0, 0, 0, 0, 0, 0, 0, 0, 0, 0, 0, "1", 0, 0, 0, 0, 0, "1", 0, 0, "1", "1", 0, 0, 0, 0], "P": [0, 0, 0, 0, 0, 0, 0, 0, 0, 0, 0, 0, 0, 0, 0, 0, 0, 0, 0, 0, 0, 0, 0, 0, 0, "2", "1", 0, 0, 0, 0, "1", "1", 0, "1", "1", 0, 0, 0, 0], "+/-": ["-1", 0, 0, "-1", "-1", 0, 0, 0, 0, "-1", "-1", "-1", 0, "-1", "-1", "-1", "-1", 0, 0, 0, "+1", "+1", "+1", "+1", 0, "+1", "+1", 0, 0, 0, 0, 0, "+1", "+1", "+1", 0, "+1", 0, 0, 0], "PN": [0, 0, "1", "1", 0, 0, 0, 0, 0, 0, 0, 0, 0, 0, 0, 0, 0, 0, 0, 0, "1", 0, 0, 0, 0, 0, "1", 0, 0, 0, 0, 0, 0, "1", 0, 0, 0, 0, 0, 0], "PIM": [0, 0, "2", "4", 0, 0, 0, 0, 0, 0, 0, 0, 0, 0, 0, 0, 0, 0, 0, 0, "2", 0, 0, 0, 0, 0, "2", 0, 0, 0, 0, 0, 0, "2", 0, 0, 0, 0, 0, 0], "TOT": ["20:45", "21:03", "20:00", "12:12", "15:59", "13:12", "07:40", "15:42", "23:24", "19:44", "19:59", "11:13", "18:26", "05:55", "18:37", "17:09", "19:26", "15:48", "60:00", 0, "14:54", "22:46", "18:13", "15:01", "05:34", "15:08", "17:40", "17:01", "17:36", "23:05", "06:30", "22:14", "16:14", "18:28", "21:41", "11:03", "14:17", "18:26", 0, "60:00"], "SHF": ["26", "26", "25", "20", "22", "20", "10", "26", "23", "26", "24", "15", "24", "7", "21", "23", "24", "24", 0, 0, "21", "25", "24", "23", "9", "22", "25", "22", "22", "25", "10", "25", "22", "26", "24", "15", "19", "19", 0, 0], "AVG TOI/SH": ["00:47", "00:48", "00:48", "00:36", "00:43", "00:39", "00:46", "00:36", "01:01", "00:45", "00:49", "00:44", "00:46", "00:50", "00:53", "00:44", "00:48", "00:39", 0, 0, "00:42", "00:54", "00:45", "00:39", "00:37", "00:41", "00:42", "00:46", "00:48", "00:55", "00:39", "00:53", "00:44", "00:42", "00:54", "00:44", "00:45", "00:58", 0, 0], "PP": ["00:52", "02:05", "00:52", "00:50", "01:51", "00:00", "00:00", "00:16", "02:05", "00:41", "02:16", "00:52", "00:00", "00:00", "00:00", "02:05", "00:00", "00:00", "02:57", 0, "00:00", "01:06", "01:49", "00:27", "00:00", "00:40", "01:54", "01:03", "01:08", "02:25", "00:00", "02:19", "00:00", "02:07", "01:18", "00:40", "00:06", "01:03", 0, "03:37"], "SH": ["01:58", "01:16", "01:30", "00:00", "00:00", "01:20", "00:00", "00:51", "00:00", "01:58", "01:01", "00:00", "01:16", "00:00", "00:00", "00:00", "01:39", "01:39", "03:37", 0, "00:04", "01:11", "00:00", "00:53", "00:00", "00:00", "01:46", "00:12", "00:56", "00:51", "00:00", "01:20", "00:00", "00:18", "01:25", "01:49", "00:00", "00:00", 0, "02:57"], "EV": ["17:55", "17:42", "17:38", "11:22", "14:08", "11:52", "07:40", "14:35", "21:19", "17:05", "16:42", "10:21", "17:10", "05:55", "18:37", "15:04", "17:47", "14:09", "53:26", 0, "14:50", "20:29", "16:24", "13:41", "05:34", "14:28", "14:00", "15:46", "15:32", "19:49", "06:30", "18:35", "16:14", "16:03", "18:58", "08:34", "14:11", "17:23", 0, "53:26"], "S": ["2", "1", "4", 0, "5", "2", "1", "1", 0, "1", "5", "2", "3", 0, "2", "7", 0, 0, 0, 0, 0, 0, "1", "1", 0, "1", "3", "2", "4", "2", 0, "2", "3", "2", "2", 0, 0, "1", 0, 0], "A/B": [0, "1", 0, 0, 0, "1", 0, "1", 0, "1", "1", 0, 0, 0, 0, "1", 0, 0, 0, 0, "1", "1", "2", 0, 0, "2", 0, "1", "1", "1", 0, 0, 0, "1", 0, "1", 0, 0, 0, 0], "MS": ["1", 0, "4", "1", 0, "1", 0, 0, "1", 0, "2", 0, 0, 0, 0, 0, 0, 0, 0, 0, 0, "2", "1", 0, 0, "2", "2", 0, 0, 0, 0, 0, "1", "3", 0, 0, 0, 0, 0, 0], "HT": [0, "3", "1", "2", "1", "1", "1", "1", "1", 0, 0, "1", 0, "1", "2", 0, "2", 0, 0, 0, 0, "3", "3", "1", 0, "1", "3", "3", "4", 0, "4", "1", "6", 0, "2", 0, 0, "1", 0, 0], "GV": [0, 0, 0, 0, 0, 0, 0, 0, 0, 0, "1", 0, 0, 0, 0, "1", "1", 0, 0, 0, 0, "1", 0, 0, 0, 0, 0, 0, 0, 0, 0, 0, "1", 0, 0, 0, 0, 0, 0, 0], "TK": [0, 0, 0, 0, 0, "1", 0, 0, 0, "1", 0, "1", "2", 0, 0, "2", 0, 0, 0, 0, 0, 0, "1", 0, 0, "1", 0, "1", "1", 0, 0, 0, 0, 0, 0, 0, "1", "1", 0, 0], "BS": ["2", 0, 0, 0, 0, 0, 0, "1", "4", "1", 0, 0, 0, 0, 0, 0, "2", "1", 0, 0, 0, "1", 0, "1", 0, 0, "1", 0, "1", 0, 0, "1", 0, 0, "1", 0, 0, 0, 0, 0], "FW": [0, "14", 0, 0, "4", 0, 0, "8", 0, 0, 0, 0, 0, "3", 0, "0", 0, 0, 0, 0, 0, 0, 0, 0, 0, 0, "6", "0", "8", 0, 0, 0, "0", "7", 0, "4", 0, 0, 0, 0], "FL": [0, "7", 0, 0, "7", 0, 0, "9", 0, 0, 0, 0, 0, "1", 0, "1", 0, 0, 0, 0, 0, 0, 0, 0, 0, 0, "7", "1", "8", 0, 0, 0, "1", "7", 0, "5", 0, 0, 0, 0], "F%": [0, "67", 0, 0, "36", 0, 0, "47", 0, 0, 0, 0, 0, "75", 0, "0", 0, 0, 0, 0, 0, 0, 0, 0, 0, 0, "46", "0", "50", 0, 0, 0, "0", "50", 0, "44", 0, 0, 0, 0], "team": ["CAROLINA HURRICANES ", "CAROLINA HURRICANES ", "CAROLINA HURRICANES ", "CAROLINA HURRICANES ", "CAROLINA HURRICANES ", "CAROLINA HURRICANES ", "CAROLINA HURRICANES ", "CAROLINA HURRICANES ", "CAROLINA HURRICANES ", "CAROLINA HURRICANES ", "CAROLINA HURRICANES ", "CAROLINA HURRICANES ", "CAROLINA HURRICANES ", "CAROLINA HURRICANES ", "CAROLINA HURRICANES ", "CAROLINA HURRICANES ", "CAROLINA HURRICANES ", "CAROLINA HURRICANES ", "CAROLINA HURRICANES ", "CAROLINA HURRICANES ", "COLUMBUS BLUE JACKETS ", "COLUMBUS BLUE JACKETS ", "COLUMBUS BLUE JACKETS ", "COLUMBUS BLUE JACKETS ", "COLUMBUS BLUE JACKETS ", "COLUMBUS BLUE JACKETS ", "COLUMBUS BLUE JACKETS ", "COLUMBUS BLUE JACKETS ", "COLUMBUS BLUE JACKETS ", "COLUMBUS BLUE JACKETS ", "COLUMBUS BLUE JACKETS ", "COLUMBUS BLUE JACKETS ", "COLUMBUS BLUE JACKETS ", "COLUMBUS BLUE JACKETS ", "COLUMBUS BLUE JACKETS ", "COLUMBUS BLUE JACKETS ", "COLUMBUS BLUE JACKETS ", "COLUMBUS BLUE JACKETS ", "COLUMBUS BLUE JACKETS ", "COLUMBUS BLUE JACKETS "], "GA": [0, 0, 0, 0, 0, 0, 0, 0, 0, 0, 0, 0, 0, 0, 0, 0, 0, 0, "3", 0, 0, 0, 0, 0, 0, 0, 0, 0, 0, 0, 0, 0, 0, 0, 0, 0, 0, 0, 0, "0"], "SA": [0, 0, 0, 0, 0, 0, 0, 0, 0, 0, 0, 0, 0, 0, 0, 0, 0, 0, "24", 0, 0, 0, 0, 0, 0, 0, 0, 0, 0, 0, 0, 0, 0, 0, 0, 0, 0, 0, 0, "36"]}}