{"game_info": {"date": "2013-12-21", "visitor": "DETROIT RED WINGS ", "home": "TORONTO MAPLE LEAFS ", "game_id": 542, "status": "final"}, "player_stats": {"number": ["2", "11", "13", "15", "17", "18", "20", "21", "22", "23", "26", "27", "41", "44", "52", "55", "65", "71", "34", "50", "3", "4", "11", "12", "19", "21", "22", "24", "26", "29", "36", "40", "41", "43", "44", "51", "71", "81", "34", "45"], "position": ["D", "R", "C", "C", "R", "C", "L", "C", "R", "D", "R", "D", "C", "R", "D", "D", "D", "R", "G", "G", "D", "D", "C", "L", "R", "L", "R", "C", "D", "R", "D", "R", "L", "C", "D", "D", "R", "C", "G", "G"], "name": ["SMITH, BRENDAN", "ALFREDSSON, DANIEL", "DATSYUK, PAVEL", "SHEAHAN, RILEY", "EAVES, PATRICK", "ANDERSSON, JOAKIM", "MILLER, DREW", "TATAR, TOMAS", "TOOTOO, JORDIN", "LASHOFF, BRIAN", "JURCO, TOMAS", "QUINCEY, KYLE", "GLENDENING, LUKE", "BERTUZZI, TODD", "ERICSSON, JONATHAN", "KRONWALL, NIKLAS", "DEKEYSER, DANNY", "CLEARY, DANIEL", "MRAZEK, PETR", "GUSTAVSSON, JONAS", "PHANEUF, DION", "FRANSON, CODY", "MCCLEMENT, JAY", "RAYMOND, MASON", "LUPUL, JOFFREY", "VAN RIEMSDYK, JAMES", "SMITHSON, JERRED", "HOLLAND, PETER", "LILES, JOHN-MICHAEL", "D'AMIGO, JERRY", "GUNNARSSON, CARL", "BODIE, TROY", "KULEMIN, NIKOLAI", "KADRI, NAZEM", "RIELLY, MORGAN", "GARDINER, JAKE", "CLARKSON, DAVID", "KESSEL, PHIL", "REIMER, JAMES", "BERNIER, JONATHAN"], "G": [0, 0, "1", 0, 0, "1", 0, "1", 0, 0, "1", 0, 0, 0, 0, 0, 0, 0, 0, 0, "1", "1", 0, 0, "1", 0, 0, 0, 0, 0, 0, 0, 0, 0, 0, 0, "1", 0, 0, 0], "A": ["1", "1", 0, "2", 0, 0, 0, 0, "1", 0, "1", 0, 0, 0, 0, "1", "1", 0, 0, 0, 0, 0, "1", 0, "1", "1", 0, 0, 0, 0, 0, 0, "1", 0, 0, 0, 0, "1", 0, 0], "P": ["1", "1", "1", "2", 0, "1", 0, "1", "1", 0, "2", 0, 0, 0, 0, "1", "1", 0, 0, 0, "1", "1", "1", 0, "2", "1", 0, 0, 0, 0, 0, 0, "1", 0, 0, 0, "1", "1", 0, 0], "+/-": [0, "+1", "-1", "+3", "-1", "+1", "+1", "+1", "+1", 0, "+2", 0, "-1", "-2", "+1", "+1", 0, "-2", 0, 0, "+2", "-1", "+1", "+1", 0, "-2", "-1", 0, "-2", "-1", "+2", "-1", "+1", "-1", "-1", "-2", "+1", "-1", 0, 0], "PN": ["1", 0, 0, 0, 0, 0, "1", 0, 0, "1", 0, "1", 0, 0, 0, 0, 0, 0, 0, 0, "1", 0, 0, 0, 0, 0, 0, 0, 0, 0, 0, 0, 0, 0, 0, 0, 0, 0, 0, 0], "PIM": ["2", 0, 0, 0, 0, 0, "2", 0, 0, "2", 0, "2", 0, 0, 0, 0, 0, 0, 0, 0, "2", 0, 0, 0, 0, 0, 0, 0, 0, 0, 0, 0, 0, 0, 0, 0, 0, 0, 0, 0], "TOT": ["19:41", "17:31", "23:19", "10:46", "14:31", "14:42", "20:19", "17:53", "05:38", "14:42", "12:49", "22:54", "17:30", "16:37", "27:08", "26:30", "17:42", "12:30", 0, "65:00", "25:07", "22:33", "18:46", "17:55", "20:01", "23:15", "03:48", "16:53", "17:06", "04:02", "20:40", "03:28", "19:14", "18:45", "18:54", "25:54", "18:37", "23:02", "20:00", "45:00"], "SHF": ["27", "25", "30", "18", "24", "22", "26", "22", "11", "26", "20", "30", "25", "23", "34", "36", "27", "19", 0, 0, "33", "28", "25", "23", "23", "23", "8", "21", "25", "7", "30", "6", "26", "21", "29", "33", "21", "24", 0, 0], "AVG TOI/SH": ["00:43", "00:42", "00:46", "00:35", "00:36", "00:40", "00:46", "00:48", "00:30", "00:33", "00:38", "00:45", "00:42", "00:43", "00:47", "00:44", "00:39", "00:39", 0, 0, "00:45", "00:48", "00:45", "00:46", "00:52", "01:00", "00:28", "00:48", "00:41", "00:34", "00:41", "00:34", "00:44", "00:53", "00:39", "00:47", "00:53", "00:57", 0, 0], "PP": ["00:00", "00:59", "00:59", "00:44", "00:49", "00:00", "00:12", "01:01", "00:00", "00:00", "00:59", "00:05", "00:00", "00:59", "00:17", "00:59", "00:56", "01:01", 0, "02:00", "05:18", "04:56", "00:00", "02:00", "05:18", "05:18", "00:00", "00:00", "00:00", "00:00", "00:00", "00:00", "00:00", "02:00", "02:00", "02:22", "02:00", "05:18", "01:04", "06:14"], "SH": ["00:00", "00:09", "00:47", "00:00", "02:06", "04:17", "03:53", "00:00", "00:00", "02:11", "00:00", "02:09", "02:20", "00:00", "04:39", "04:39", "00:58", "01:04", 0, "07:18", "00:00", "01:04", "01:41", "00:19", "00:00", "00:19", "00:34", "00:00", "00:00", "00:00", "01:04", "00:00", "01:07", "00:00", "00:56", "00:56", "00:00", "00:00", "00:00", "02:00"], "EV": ["19:41", "16:23", "21:33", "10:02", "11:36", "10:25", "16:14", "16:52", "05:38", "12:31", "11:50", "20:40", "15:10", "15:38", "22:12", "20:52", "15:48", "10:25", 0, "55:42", "19:49", "16:33", "17:05", "15:36", "14:43", "17:38", "03:14", "16:53", "17:06", "04:02", "19:36", "03:28", "18:07", "16:45", "15:58", "22:36", "16:37", "17:44", "18:56", "36:46"], "S": ["2", "3", "5", 0, "5", "2", 0, "4", "2", 0, "3", "1", "2", "1", "4", 0, "2", "2", 0, 0, "3", "1", 0, "3", "1", "4", 0, "2", 0, 0, "1", 0, "1", 0, "2", "1", "3", "1", 0, 0], "A/B": ["1", "1", 0, "1", 0, "1", 0, "1", 0, "1", "1", "3", "1", 0, "1", 0, "3", 0, 0, 0, "1", "1", 0, 0, 0, "1", 0, 0, "1", 0, 0, 0, "1", 0, "1", "1", 0, "1", 0, 0], "MS": ["1", "2", 0, "1", "3", "1", "2", "1", 0, "2", "3", "1", "3", 0, 0, "1", "2", "2", 0, 0, "2", "1", 0, 0, "1", 0, 0, "2", "1", 0, "1", 0, 0, 0, "1", "1", "1", "1", 0, 0], "HT": [0, 0, "3", 0, "2", "1", "1", "1", "4", "1", "2", 0, "4", "1", "4", "1", "1", "4", 0, 0, "3", "7", "2", 0, "6", "1", "2", "3", "2", "1", "5", 0, "2", "4", "5", "4", "5", 0, 0, 0], "GV": ["3", 0, "1", 0, "1", "1", 0, 0, 0, 0, 0, "2", 0, 0, 0, "1", "1", 0, 0, "3", "1", "2", 0, "1", "1", "2", 0, "1", "1", 0, 0, 0, "1", 0, "4", "3", 0, "3", 0, 0], "TK": [0, "1", "1", 0, 0, 0, 0, 0, 0, 0, 0, "1", "1", 0, 0, 0, 0, 0, 0, 0, 0, 0, "1", 0, 0, 0, 0, 0, 0, 0, 0, 0, 0, "1", 0, "1", "1", 0, 0, 0], "BS": [0, 0, 0, 0, 0, 0, 0, 0, 0, "1", 0, "2", 0, 0, "2", "1", "1", "1", 0, 0, 0, "2", "1", "1", 0, 0, 0, 0, "2", 0, "3", 0, 0, 0, "1", "3", "2", 0, 0, 0], "FW": [0, "0", "11", "4", "0", "6", "1", 0, 0, 0, 0, 0, "7", 0, 0, 0, 0, "2", 0, 0, 0, 0, "11", 0, "1", "2", "2", "7", 0, 0, 0, 0, 0, "4", 0, 0, "0", 0, 0, 0], "FL": [0, "1", "11", "4", "1", "2", "0", 0, 0, 0, 0, 0, "8", 0, 0, 0, 0, "0", 0, 0, 0, 0, "8", 0, "3", "1", "3", "5", 0, 0, 0, 0, 0, "10", 0, 0, "1", 0, 0, 0], "F%": [0, "0", "50", "50", "0", "75", "100", 0, 0, 0, 0, 0, "47", 0, 0, 0, 0, "100", 0, 0, 0, 0, "58", 0, "25", "67", "40", "58", 0, 0, 0, 0, 0, "29", 0, 0, "0", 0, 0, 0], "team": ["DETROIT RED WINGS ", "DETROIT RED WINGS ", "DETROIT RED WINGS ", "DETROIT RED WINGS ", "DETROIT RED WINGS ", "DETROIT RED WINGS ", "DETROIT RED WINGS ", "DETROIT RED WINGS ", "DETROIT RED WINGS ", "DETROIT RED WINGS ", "DETROIT RED WINGS ", "DETROIT RED WINGS ", "DETROIT RED WINGS ", "DETROIT RED WINGS ", "DETROIT RED WINGS ", "DETROIT RED WINGS ", "DETROIT RED WINGS ", "DETROIT RED WINGS ", "DETROIT RED WINGS ", "DETROIT RED WINGS ", "TORONTO MAPLE LEAFS ", "TORONTO MAPLE LEAFS ", "TORONTO MAPLE LEAFS ", "TORONTO MAPLE LEAFS ", "TORONTO MAPLE LEAFS ", "TORONTO MAPLE LEAFS ", "TORONTO MAPLE LEAFS ", "TORONTO MAPLE LEAFS ", "TORONTO MAPLE LEAFS ", "TORONTO MAPLE LEAFS ", "TORONTO MAPLE LEAFS ", "TORONTO MAPLE LEAFS ", "TORONTO MAPLE LEAFS ", "TORONTO MAPLE LEAFS ", "TORONTO MAPLE LEAFS ", "TORONTO MAPLE LEAFS ", "TORONTO MAPLE LEAFS ", "TORONTO MAPLE LEAFS ", "TORONTO MAPLE LEAFS ", "TORONTO MAPLE LEAFS "], "GA": [0, 0, 0, 0, 0, 0, 0, 0, 0, 0, 0, 0, 0, 0, 0, 0, 0, 0, 0.0, "4", 0, 0, 0, 0, 0, 0, 0, 0, 0, 0, 0, 0, 0, 0, 0, 0, 0, 0, "3", "1"], "SA": [0, 0, 0, 0, 0, 0, 0, 0, 0, 0, 0, 0, 0, 0, 0, 0, 0, 0, 0.0, "23", 0, 0, 0, 0, 0, 0, 0, 0, 0, 0, 0, 0, 0, 0, 0, 0, 0, 0, "12", "26"]}}