{"game_info": {"date": "2013-10-05", "visitor": "DETROIT RED WINGS ", "home": "BOSTON BRUINS ", "game_id": 21, "status": "final"}, "player_stats": {"number": ["2", "4", "8", "11", "13", "18", "20", "21", "25", "27", "40", "44", "52", "55", "65", "71", "90", "93", "34", "35", "11", "12", "17", "18", "20", "21", "22", "23", "27", "33", "37", "38", "44", "46", "47", "54", "55", "63", "30", "40"], "position": ["D", "D", "L", "R", "C", "C", "L", "C", "C", "D", "L", "R", "D", "D", "D", "R", "C", "C", "G", "G", "C", "R", "L", "R", "L", "L", "L", "C", "D", "D", "C", "R", "D", "C", "D", "D", "D", "C", "G", "G"], "name": ["SMITH, BRENDAN", "KINDL, JAKUB", "ABDELKADER, JUSTIN", "ALFREDSSON, DANIEL", "DATSYUK, PAVEL", "ANDERSSON, JOAKIM", "MILLER, DREW", "TATAR, TOMAS", "EMMERTON, CORY", "QUINCEY, KYLE", "ZETTERBERG, HENRIK", "BERTUZZI, TODD", "ERICSSON, JONATHAN", "KRONWALL, NIKLAS", "DEKEYSER, DANNY", "CLEARY, DANIEL", "WEISS, STEPHEN", "FRANZEN, JOHAN", "MRAZEK, PETR", "HOWARD, JIMMY", "CAMPBELL, GREGORY", "IGINLA, JAROME", "LUCIC, MILAN", "SMITH, REILLY", "PAILLE, DANIEL", "ERIKSSON, LOUI", "THORNTON, SHAWN", "KELLY, CHRIS", "HAMILTON, DOUGIE", "CHARA, ZDENO", "BERGERON, PATRICE", "CARON, JORDAN", "SEIDENBERG, DENNIS", "KREJCI, DAVID", "KRUG, TOREY", "MCQUAID, ADAM", "BOYCHUK, JOHNNY", "MARCHAND, BRAD", "JOHNSON, CHAD", "RASK, TUUKKA"], "G": [0, 0, 0, 0, 0, 0, 0, 0, 0, 0, "1", 0, 0, 0, 0, 0, 0, 0, 0, 0, 0, 0, 0, 0, 0, 0, 0, 0, 0, "1", 0, "1", 0, 0, "1", 0, 0, "1", 0, 0], "A": [0, 0, "1", 0, "1", 0, 0, 0, 0, 0, 0, 0, 0, 0, 0, 0, 0, 0, 0, 0, 0, 0, "2", "1", 0, 0, 0, 0, 0, 0, 0, 0, 0, "1", "1", "1", "1", 0, 0, 0], "P": [0, 0, "1", 0, "1", 0, 0, 0, 0, 0, "1", 0, 0, 0, 0, 0, 0, 0, 0, 0, 0, 0, "2", "1", 0, 0, 0, 0, 0, "1", 0, "1", 0, "1", "2", "1", "1", "1", 0, 0], "+/-": [0, "-1", 0, "-1", 0, "-1", 0, 0, 0, "-1", 0, "-1", 0, 0, 0, 0, 0, 0, 0, 0, 0, 0, 0, "+1", 0, 0, 0, "+1", 0, 0, 0, "+1", 0, 0, "+1", "+1", 0, 0, 0, 0], "PN": [0, 0, 0, 0, 0, 0, 0, 0, 0, 0, 0, "1", 0, "1", "1", 0, 0, "1", 0, 0, 0, 0, 0, 0, 0, 0, 0, 0, 0, 0, 0, 0, 0, "2", 0, 0, 0, 0, 0, 0], "PIM": [0, 0, 0, 0, 0, 0, 0, 0, 0, 0, 0, "2", 0, "2", "2", 0, 0, "2", 0, 0, 0, 0, 0, 0, 0, 0, 0, 0, 0, 0, 0, 0, 0, "4", 0, 0, 0, 0, 0, 0], "TOT": ["18:43", "19:33", "13:37", "18:45", "20:09", "15:13", "10:13", "09:08", "09:59", "20:33", "19:05", "14:04", "20:34", "21:08", "16:45", "14:46", "15:00", "16:42", 0, "60:00", "10:54", "19:00", "19:11", "13:40", "11:28", "15:51", "09:21", "14:56", "19:30", "22:23", "15:51", "12:56", "24:18", "19:37", "16:59", "16:52", "19:58", "13:15", 0, "60:00"], "SHF": ["23", "31", "18", "20", "23", "22", "17", "16", "17", "24", "23", "19", "28", "29", "30", "21", "20", "22", 0, 0, "16", "21", "21", "18", "16", "22", "15", "22", "24", "24", "21", "18", "29", "21", "20", "23", "27", "20", 0, 0], "AVG TOI/SH": ["00:48", "00:37", "00:45", "00:56", "00:52", "00:41", "00:36", "00:34", "00:35", "00:51", "00:49", "00:44", "00:44", "00:43", "00:33", "00:42", "00:45", "00:45", 0, 0, "00:40", "00:54", "00:54", "00:45", "00:43", "00:43", "00:37", "00:40", "00:48", "00:55", "00:45", "00:43", "00:50", "00:56", "00:50", "00:44", "00:44", "00:39", 0, 0], "PP": ["00:00", "01:17", "00:00", "02:55", "02:28", "00:00", "00:02", "00:00", "00:00", "00:00", "02:38", "01:22", "01:05", "02:43", "00:00", "02:36", "01:22", "01:32", 0, "04:00", "00:00", "04:15", "04:15", "00:00", "00:00", "01:48", "00:00", "00:03", "01:48", "04:12", "01:48", "00:00", "00:03", "04:12", "04:15", "00:00", "01:48", "01:48", 0, "06:03"], "SH": ["02:58", "00:00", "00:00", "00:53", "01:41", "02:33", "02:02", "00:00", "01:16", "03:13", "01:37", "00:00", "03:05", "02:50", "00:00", "00:56", "00:53", "00:15", 0, "06:03", "01:42", "00:04", "00:04", "00:00", "00:56", "01:17", "00:00", "01:36", "00:00", "02:21", "01:22", "00:00", "01:56", "00:00", "00:04", "01:11", "02:28", "00:59", 0, "04:00"], "EV": ["15:45", "18:16", "13:37", "14:57", "16:00", "12:40", "08:09", "09:08", "08:43", "17:20", "14:50", "12:42", "16:24", "15:35", "16:45", "11:14", "12:45", "14:55", 0, "49:57", "09:12", "14:41", "14:52", "13:40", "10:32", "12:46", "09:21", "13:17", "17:42", "15:50", "12:41", "12:56", "22:19", "15:25", "12:40", "15:41", "15:42", "10:28", 0, "49:57"], "S": ["1", "3", "2", "1", "2", 0, "2", 0, "2", "1", "4", "1", 0, "2", "1", "1", "1", "2", 0, 0, 0, "2", 0, 0, "1", "4", "4", "1", "1", "3", 0, "3", "2", "5", "5", "1", "3", "2", 0, 0], "A/B": [0, "1", 0, "1", "2", "1", 0, 0, 0, "1", "1", "1", "2", 0, 0, "1", 0, 0, 0, 0, 0, "1", "1", 0, 0, 0, 0, 0, "1", "2", 0, "1", 0, 0, 0, 0, "2", "1", 0, 0], "MS": ["2", "1", 0, 0, 0, 0, 0, 0, "1", "1", 0, "1", 0, 0, 0, "1", "1", 0, 0, 0, "1", "1", 0, "2", 0, 0, 0, 0, 0, "1", 0, "1", "2", "2", "3", 0, 0, 0, 0, 0], "HT": [0, "1", "3", "1", "1", 0, 0, "2", 0, 0, "1", "2", "1", "1", "1", "1", 0, "1", 0, 0, "5", "2", "3", "1", "2", 0, "1", "2", 0, "3", 0, "1", 0, "1", 0, "2", 0, 0, 0, 0], "GV": ["2", 0, 0, "2", "1", "1", 0, 0, 0, "1", 0, 0, "1", "1", "1", 0, "2", 0, 0, 0, "1", "1", 0, "1", 0, 0, 0, 0, "1", "1", 0, "1", 0, "1", "1", "1", 0, 0, 0, 0], "TK": [0, 0, 0, 0, "4", "1", 0, 0, "1", 0, 0, 0, 0, 0, 0, 0, "1", 0, 0, 0, "1", 0, 0, 0, "2", 0, "1", "1", 0, 0, 0, 0, 0, 0, "1", 0, 0, 0, 0, 0], "BS": [0, "1", 0, 0, "1", 0, 0, 0, 0, 0, 0, 0, "1", "3", "1", "1", "1", 0, 0, 0, "1", 0, "1", 0, "1", "1", 0, "1", 0, 0, "1", 0, 0, "2", "1", 0, "1", "1", 0, 0], "FW": [0, 0, 0, 0, "10", "9", 0, "0", "5", 0, 0, 0, 0, 0, 0, 0, "8", 0, 0, 0, "2", "0", "0", 0, 0, 0, "0", "9", 0, 0, "8", 0, 0, "6", 0, 0, 0, 0, 0, 0], "FL": [0, 0, 0, 0, "6", "7", 0, "1", "2", 0, 0, 0, 0, 0, 0, 0, "9", 0, 0, 0, "3", "1", "2", 0, 0, 0, "1", "7", 0, 0, "11", 0, 0, "7", 0, 0, 0, 0, 0, 0], "F%": [0, 0, 0, 0, "63", "56", 0, "0", "71", 0, 0, 0, 0, 0, 0, 0, "47", 0, 0, 0, "40", "0", "0", 0, 0, 0, "0", "56", 0, 0, "42", 0, 0, "46", 0, 0, 0, 0, 0, 0], "team": ["DETROIT RED WINGS ", "DETROIT RED WINGS ", "DETROIT RED WINGS ", "DETROIT RED WINGS ", "DETROIT RED WINGS ", "DETROIT RED WINGS ", "DETROIT RED WINGS ", "DETROIT RED WINGS ", "DETROIT RED WINGS ", "DETROIT RED WINGS ", "DETROIT RED WINGS ", "DETROIT RED WINGS ", "DETROIT RED WINGS ", "DETROIT RED WINGS ", "DETROIT RED WINGS ", "DETROIT RED WINGS ", "DETROIT RED WINGS ", "DETROIT RED WINGS ", "DETROIT RED WINGS ", "DETROIT RED WINGS ", "BOSTON BRUINS ", "BOSTON BRUINS ", "BOSTON BRUINS ", "BOSTON BRUINS ", "BOSTON BRUINS ", "BOSTON BRUINS ", "BOSTON BRUINS ", "BOSTON BRUINS ", "BOSTON BRUINS ", "BOSTON BRUINS ", "BOSTON BRUINS ", "BOSTON BRUINS ", "BOSTON BRUINS ", "BOSTON BRUINS ", "BOSTON BRUINS ", "BOSTON BRUINS ", "BOSTON BRUINS ", "BOSTON BRUINS ", "BOSTON BRUINS ", "BOSTON BRUINS "], "GA": [0, 0, 0, 0, 0, 0, 0, 0, 0, 0, 0, 0, 0, 0, 0, 0, 0, 0, 0.0, "4", 0, 0, 0, 0, 0, 0, 0, 0, 0, 0, 0, 0, 0, 0, 0, 0, 0, 0, 0, "1"], "SA": [0, 0, 0, 0, 0, 0, 0, 0, 0, 0, 0, 0, 0, 0, 0, 0, 0, 0, 0.0, "37", 0, 0, 0, 0, 0, 0, 0, 0, 0, 0, 0, 0, 0, 0, 0, 0, 0, 0, 0, "26"]}}