{"game_info": {"date": "2013-12-27", "visitor": "EDMONTON OILERS ", "home": "CALGARY FLAMES ", "game_id": 575, "status": "final"}, "player_stats": {"number": ["2", "4", "6", "14", "15", "19", "20", "21", "27", "44", "51", "57", "64", "77", "83", "89", "93", "94", "40", "80", "3", "5", "7", "8", "11", "13", "16", "17", "18", "22", "23", "24", "32", "39", "43", "44", "54", "55", "29", "31"], "position": ["D", "L", "L", "C", "D", "D", "L", "D", "C", "D", "C", "L", "R", "D", "R", "C", "C", "L", "G", "G", "D", "D", "D", "C", "C", "L", "R", "L", "C", "R", "C", "C", "C", "L", "D", "D", "R", "D", "G", "G"], "name": ["PETRY, JEFF", "HALL, TAYLOR", "JOENSUU, JESSE", "EBERLE, JORDAN", "SCHULTZ, NICK", "SCHULTZ, JUSTIN", "GAZDIC, LUKE", "FERENCE, ANDREW", "GORDON, BOYD", "POTTER, COREY", "LANDER, ANTON", "PERRON, DAVID", "YAKUPOV, NAIL", "BELOV, ANTON", "HEMSKY, ALES", "GAGNER, SAM", "NUGENT-HOPKINS, RYAN", "SMYTH, RYAN", "DUBNYK, DEVAN", "BRYZGALOV, ILYA", "SMID, LADISLAV", "GIORDANO, MARK", "BRODIE, TJ", "COLBORNE, JOE", "BACKLUND, MIKAEL", "CAMMALLERI, MIKE", "MCGRATTAN, BRIAN", "BOUMA, LANCE", "STAJAN, MATT", "STEMPNIAK, LEE", "MONAHAN, SEAN", "HUDLER, JIRI", "BYRON, PAUL", "GALIARDI, TJ", "BREEN, CHRISTOPHER", "BUTLER, CHRIS", "JONES, DAVID", "O'BRIEN, SHANE", "BERRA, RETO", "RAMO, KARRI"], "G": [0, 0, 0, 0, 0, 0, 0, 0, 0, 0, 0, 0, 0, 0, 0, 0, 0, "2", 0, 0, 0, 0, 0, 0, 0, 0, 0, 0, 0, 0, 0, 0, 0, 0, 0, 0, 0, 0, 0, 0], "A": [0, 0, 0, 0, 0, 0, 0, 0, "2", 0, 0, 0, 0, 0, "1", 0, 0, 0, 0, 0, 0, 0, 0, 0, 0, 0, 0, 0, 0, 0, 0, 0, 0, 0, 0, 0, 0, 0, 0, 0], "P": [0, 0, 0, 0, 0, 0, 0, 0, "2", 0, 0, 0, 0, 0, "1", 0, 0, "2", 0, 0, 0, 0, 0, 0, 0, 0, 0, 0, 0, 0, 0, 0, 0, 0, 0, 0, 0, 0, 0, 0], "+/-": ["+1", 0, 0, 0, "+1", 0, 0, 0, "+1", 0, 0, 0, 0, 0, "+1", 0, 0, "+1", 0, 0, 0, 0, 0, 0, "-1", "-1", 0, 0, 0, 0, 0, 0, "-1", 0, "-1", 0, 0, "-1", 0, 0], "PN": [0, 0, 0, "1", 0, 0, 0, 0, 0, 0, 0, 0, 0, "1", 0, 0, 0, 0, 0, 0, 0, "1", "1", 0, 0, 0, 0, 0, "1", "1", 0, 0, 0, 0, 0, 0, 0, 0, 0, 0], "PIM": [0, 0, 0, "2", 0, 0, 0, 0, 0, 0, 0, 0, 0, "2", 0, 0, 0, 0, 0, 0, 0, "2", "2", 0, 0, 0, 0, 0, "2", "2", 0, 0, 0, 0, 0, 0, 0, 0, 0, 0], "TOT": ["21:08", "20:00", "14:04", "17:20", "17:45", "29:07", "05:36", "28:37", "15:21", "08:38", "07:32", "20:49", "06:14", "11:55", "15:20", "19:04", "21:03", "16:32", "59:55", 0, "22:00", "25:40", "25:16", "10:25", "22:51", "22:32", "05:03", "10:15", "18:21", "20:49", "10:26", "14:44", "17:19", "14:27", "04:24", "24:45", "11:12", "14:01", "58:37", 0], "SHF": ["27", "23", "20", "21", "25", "30", "9", "27", "24", "9", "14", "24", "9", "13", "23", "21", "23", "24", 0, 0, "31", "31", "32", "13", "30", "23", "10", "17", "24", "26", "14", "19", "27", "22", "9", "30", "16", "20", 0, 0], "AVG TOI/SH": ["00:46", "00:52", "00:42", "00:49", "00:42", "00:58", "00:37", "01:03", "00:38", "00:57", "00:32", "00:52", "00:41", "00:55", "00:40", "00:54", "00:54", "00:41", 0, 0, "00:42", "00:49", "00:47", "00:48", "00:45", "00:58", "00:30", "00:36", "00:45", "00:48", "00:44", "00:46", "00:38", "00:39", "00:29", "00:49", "00:42", "00:42", 0, 0], "PP": ["01:04", "03:42", "00:05", "03:11", "00:05", "03:57", "00:00", "04:02", "00:07", "01:47", "00:00", "03:42", "00:00", "00:00", "02:58", "03:04", "03:35", "03:06", "06:53", 0, "00:03", "03:07", "00:57", "02:12", "01:45", "03:53", "00:00", "00:00", "00:03", "02:08", "02:22", "02:36", "00:40", "00:07", "00:00", "00:00", "00:07", "00:00", "04:00", 0], "SH": ["01:35", "00:03", "00:03", "00:00", "02:11", "02:25", "00:00", "01:49", "02:51", "00:00", "00:56", "00:47", "00:00", "00:00", "00:00", "00:00", "02:08", "01:12", "04:00", 0, "01:52", "03:14", "02:29", "00:00", "04:03", "00:22", "00:00", "03:02", "02:28", "01:40", "00:03", "00:00", "02:11", "00:36", "00:00", "05:32", "00:00", "00:39", "06:14", 0], "EV": ["18:29", "16:15", "13:56", "14:09", "15:29", "22:45", "05:36", "22:46", "12:23", "06:51", "06:36", "16:20", "06:14", "11:55", "12:22", "16:00", "15:20", "12:14", "49:02", 0, "20:05", "19:19", "21:50", "08:13", "17:03", "18:17", "05:03", "07:13", "15:50", "17:01", "08:01", "12:08", "14:28", "13:44", "04:24", "19:13", "11:05", "13:22", "48:23", 0], "S": ["1", "6", "1", "1", "2", 0, "2", "1", "1", "1", "1", 0, "1", 0, "1", "1", "2", "6", 0, 0, "1", "3", 0, 0, "2", "5", "1", "3", "1", "1", 0, "3", "1", "3", 0, "1", "1", "1", 0, 0], "A/B": ["1", 0, 0, "1", 0, 0, 0, 0, 0, 0, 0, "3", 0, "1", "1", "1", "2", 0, 0, 0, 0, "2", "2", 0, "1", "1", 0, 0, "2", "1", 0, 0, "1", "1", "1", "1", 0, "1", 0, 0], "MS": [0, "1", 0, 0, 0, 0, 0, 0, "1", 0, 0, "1", 0, 0, 0, 0, "1", 0, 0, 0, 0, "2", "1", "1", 0, "1", 0, 0, 0, "1", 0, 0, 0, "1", 0, 0, "1", "1", 0, 0], "HT": [0, 0, "2", "1", 0, 0, 0, "1", "1", 0, 0, 0, "1", "2", 0, 0, "1", 0, 0, 0, "4", 0, 0, "1", "3", 0, "4", "1", "2", "1", "1", 0, "3", "1", 0, "1", "2", "2", 0, 0], "GV": ["1", 0, "1", "1", 0, "5", 0, 0, "2", 0, 0, "1", 0, "1", 0, "2", "1", "3", "1", 0, "1", "1", "1", "2", "3", "2", 0, 0, 0, "2", "1", "1", 0, 0, "1", "1", "1", 0, 0, 0], "TK": ["1", 0, "1", "2", 0, 0, 0, 0, "1", 0, 0, "1", 0, 0, "1", 0, 0, "2", 0, 0, 0, "1", "1", 0, "3", 0, 0, 0, 0, "1", 0, 0, "3", 0, 0, "1", "1", 0, 0, 0], "BS": [0, 0, "1", 0, 0, "1", "1", "1", "2", "1", "1", 0, 0, "1", 0, "3", "1", "1", 0, 0, "2", "1", 0, "1", "2", 0, 0, 0, 0, 0, 0, 0, 0, 0, 0, "3", "1", 0, 0, 0], "FW": [0, "1", 0, 0, 0, 0, 0, 0, "12", 0, "1", 0, 0, 0, 0, "7", "8", "0", 0, 0, 0, 0, 0, "2", "14", "1", 0, "0", "11", "0", "2", 0, "0", "0", 0, 0, "0", 0, 0, 0], "FL": [0, "0", 0, 0, 0, 0, 0, 0, "6", 0, "4", 0, 0, 0, 0, "8", "11", "1", 0, 0, 0, 0, 0, "1", "9", "1", 0, "1", "8", "1", "4", 0, "1", "2", 0, 0, "1", 0, 0, 0], "F%": [0, "100", 0, 0, 0, 0, 0, 0, "67", 0, "20", 0, 0, 0, 0, "47", "42", "0", 0, 0, 0, 0, 0, "67", "61", "50", 0, "0", "58", "0", "33", 0, "0", "0", 0, 0, "0", 0, 0, 0], "team": ["EDMONTON OILERS ", "EDMONTON OILERS ", "EDMONTON OILERS ", "EDMONTON OILERS ", "EDMONTON OILERS ", "EDMONTON OILERS ", "EDMONTON OILERS ", "EDMONTON OILERS ", "EDMONTON OILERS ", "EDMONTON OILERS ", "EDMONTON OILERS ", "EDMONTON OILERS ", "EDMONTON OILERS ", "EDMONTON OILERS ", "EDMONTON OILERS ", "EDMONTON OILERS ", "EDMONTON OILERS ", "EDMONTON OILERS ", "EDMONTON OILERS ", "EDMONTON OILERS ", "CALGARY FLAMES ", "CALGARY FLAMES ", "CALGARY FLAMES ", "CALGARY FLAMES ", "CALGARY FLAMES ", "CALGARY FLAMES ", "CALGARY FLAMES ", "CALGARY FLAMES ", "CALGARY FLAMES ", "CALGARY FLAMES ", "CALGARY FLAMES ", "CALGARY FLAMES ", "CALGARY FLAMES ", "CALGARY FLAMES ", "CALGARY FLAMES ", "CALGARY FLAMES ", "CALGARY FLAMES ", "CALGARY FLAMES ", "CALGARY FLAMES ", "CALGARY FLAMES "], "GA": [0, 0, 0, 0, 0, 0, 0, 0, 0, 0, 0, 0, 0, 0, 0, 0, 0, 0, "0", 0, 0, 0, 0, 0, 0, 0, 0, 0, 0, 0, 0, 0, 0, 0, 0, 0, 0, 0, "1", 0], "SA": [0, 0, 0, 0, 0, 0, 0, 0, 0, 0, 0, 0, 0, 0, 0, 0, 0, 0, "27", 0, 0, 0, 0, 0, 0, 0, 0, 0, 0, 0, 0, 0, 0, 0, 0, 0, 0, 0, "27", 0]}}