{"game_info": {"date": "2014-01-13", "visitor": "VANCOUVER CANUCKS ", "home": "LOS ANGELES KINGS ", "game_id": 695, "status": "final"}, "player_stats": {"number": ["2", "3", "5", "6", "8", "9", "15", "17", "20", "21", "22", "23", "25", "29", "32", "33", "36", "49", "30", "31", "2", "6", "8", "10", "11", "13", "14", "22", "23", "26", "28", "33", "44", "70", "71", "73", "74", "77", "32", "54"], "position": ["D", "D", "D", "D", "D", "R", "R", "C", "L", "C", "L", "D", "C", "L", "R", "C", "R", "R", "G", "G", "D", "D", "D", "C", "C", "L", "R", "C", "L", "D", "C", "D", "D", "L", "C", "C", "L", "C", "G", "G"], "name": ["HAMHUIS, DAN", "BIEKSA, KEVIN", "GARRISON, JASON", "WEBER, YANNICK", "TANEV, CHRISTOPHER", "KASSIAN, ZACK", "RICHARDSON, BRAD", "KESLER, RYAN", "HIGGINS, CHRIS", "DALPE, ZAC", "SEDIN, DANIEL", "EDLER, ALEXANDER", "SANTORELLI, MIKE", "SESTITO, TOM", "WEISE, DALE", "SEDIN, HENRIK", "HANSEN, JANNIK", "ARCHIBALD, DARREN", "ERIKSSON, JOACIM", "LACK, EDDIE", "GREENE, MATT", "MUZZIN, JAKE", "DOUGHTY, DREW", "RICHARDS, MIKE", "KOPITAR, ANZE", "CLIFFORD, KYLE", "WILLIAMS, JUSTIN", "LEWIS, TREVOR", "BROWN, DUSTIN", "VOYNOV, SLAVA", "STOLL, JARRET", "MITCHELL, WILLIE", "REGEHR, ROBYN", "PEARSON, TANNER", "NOLAN, JORDAN", "TOFFOLI, TYLER", "KING, DWIGHT", "CARTER, JEFF", "QUICK, JONATHAN", "SCRIVENS, BEN"], "G": [0, 0, 0, 0, 0, 0, 0, 0, 0, 0, 0, 0, 0, 0, 0, 0, 0, 0, 0, 0, 0, 0, 0, 0, 0, 0, 0, 0, "1", 0, 0, 0, 0, 0, 0, 0, 0, 0, 0, 0], "A": [0, 0, 0, 0, 0, 0, 0, 0, 0, 0, 0, 0, 0, 0, 0, 0, 0, 0, 0, 0, 0, 0, 0, 0, "1", 0, 0, 0, 0, 0, 0, 0, 0, 0, 0, 0, 0, "1", 0, 0], "P": [0, 0, 0, 0, 0, 0, 0, 0, 0, 0, 0, 0, 0, 0, 0, 0, 0, 0, 0, 0, 0, 0, 0, 0, "1", 0, 0, 0, "1", 0, 0, 0, 0, 0, 0, 0, 0, "1", 0, 0], "+/-": ["-1", 0, 0, 0, "-1", 0, 0, "-1", "-1", 0, 0, 0, "-1", 0, 0, 0, 0, 0, 0, 0, 0, 0, "+1", 0, "+1", 0, 0, 0, "+1", 0, 0, "+1", 0, 0, 0, 0, 0, "+1", 0, 0], "PN": [0, "3", 0, 0, 0, "3", 0, "1", 0, 0, 0, 0, 0, "4", "1", "2", 0, 0, 0, 0, "3", "1", 0, 0, "1", 0, 0, 0, "1", 0, "1", "1", 0, 0, 0, 0, 0, "1", 0, 0], "PIM": [0, "9", 0, 0, 0, "22", 0, "5", 0, 0, 0, 0, 0, "27", "2", "4", 0, 0, 0, 0, "17", "2", 0, 0, "2", 0, 0, 0, "5", 0, "2", "10", 0, 0, 0, 0, 0, "2", 0, 0], "TOT": ["24:02", "19:20", "17:30", "14:34", "22:12", "07:24", "15:50", "22:37", "19:41", "11:55", "21:32", "21:55", "15:40", "00:01", "09:08", "20:54", "14:42", "05:49", 0, "58:14", "05:03", "15:43", "31:45", "14:13", "21:24", "14:38", "16:12", "15:28", "15:18", "26:33", "17:59", "21:34", "18:43", "07:19", "08:35", "06:11", "13:24", "22:03", "59:55", 0], "SHF": ["30", "22", "25", "17", "28", "11", "23", "25", "26", "19", "25", "29", "22", "1", "13", "25", "20", "9", 0, 0, "7", "21", "31", "16", "26", "16", "20", "23", "23", "30", "25", "26", "23", "9", "12", "9", "17", "27", 0, 0], "AVG TOI/SH": ["00:48", "00:52", "00:42", "00:51", "00:47", "00:40", "00:41", "00:54", "00:45", "00:37", "00:51", "00:45", "00:42", "00:01", "00:42", "00:50", "00:44", "00:38", 0, 0, "00:43", "00:44", "01:01", "00:53", "00:49", "00:54", "00:48", "00:40", "00:39", "00:53", "00:43", "00:49", "00:48", "00:48", "00:42", "00:41", "00:47", "00:49", 0, 0], "PP": ["00:37", "04:13", "01:16", "04:55", "00:00", "00:00", "00:00", "04:51", "01:39", "01:16", "05:14", "01:42", "00:52", "00:00", "00:00", "05:14", "01:16", "00:00", 0, "06:37", "00:42", "05:46", "08:45", "05:51", "07:51", "01:26", "04:18", "01:19", "06:11", "07:03", "03:08", "05:42", "00:56", "03:06", "00:34", "02:16", "01:55", "07:22", "14:49", 0], "SH": ["09:03", "04:20", "02:44", "00:02", "09:14", "00:00", "05:14", "06:12", "05:13", "00:43", "02:31", "04:17", "05:04", "00:00", "00:00", "01:58", "01:42", "00:16", 0, "14:50", "01:09", "00:36", "03:20", "01:04", "01:16", "00:00", "00:53", "02:58", "00:30", "02:08", "02:37", "02:11", "03:50", "00:00", "00:00", "00:00", "02:04", "01:52", "06:37", 0], "EV": ["14:22", "10:47", "13:30", "09:37", "12:58", "07:24", "10:36", "11:34", "12:49", "09:56", "13:47", "15:56", "09:44", "00:01", "09:08", "13:42", "11:44", "05:33", 0, "36:47", "03:12", "09:21", "19:40", "07:18", "12:17", "13:12", "11:01", "11:11", "08:37", "17:22", "12:14", "13:41", "13:57", "04:13", "08:01", "03:55", "09:25", "12:49", "38:29", 0], "S": ["1", "3", "1", "4", "1", 0, "1", "6", "1", 0, "1", "2", "3", 0, 0, "2", "1", "1", 0, 0, 0, "2", "2", 0, "2", 0, "1", "5", "1", "1", 0, "2", 0, "1", 0, 0, "1", "2", 0, 0], "A/B": ["1", "1", 0, 0, 0, 0, 0, "1", "1", 0, "2", "1", 0, 0, 0, "1", "1", 0, 0, 0, 0, 0, "3", 0, 0, "2", "1", 0, "1", 0, 0, "1", "2", 0, 0, "1", 0, "4", 0, 0], "MS": ["1", "1", 0, "1", 0, 0, 0, 0, 0, 0, "1", 0, "2", 0, 0, 0, "1", 0, 0, 0, 0, "1", "1", 0, "1", 0, 0, 0, "1", 0, "1", 0, "1", 0, 0, 0, 0, "5", 0, 0], "HT": ["2", "5", "1", 0, 0, "1", "3", "2", 0, "1", "1", "6", "1", 0, "3", "2", "5", "1", 0, 0, 0, "2", "1", "3", "1", "3", 0, "2", "1", "6", "2", "1", 0, "1", "2", "1", "4", "1", 0, 0], "GV": ["1", 0, 0, "1", "1", 0, 0, 0, 0, 0, 0, "1", 0, 0, 0, 0, 0, 0, 0, "1", 0, "1", "1", "1", 0, 0, "1", 0, "2", 0, "1", "1", "1", 0, 0, 0, "1", 0, "1", 0], "TK": [0, 0, 0, 0, 0, 0, 0, 0, 0, 0, 0, 0, 0, 0, 0, 0, 0, 0, 0, 0, 0, 0, 0, 0, 0, 0, 0, 0, "2", 0, 0, 0, 0, 0, "1", 0, 0, 0, 0, 0], "BS": ["5", 0, "3", "2", "1", 0, 0, 0, 0, 0, "1", "2", 0, 0, "1", 0, 0, 0, 0, 0, 0, 0, "1", 0, 0, 0, 0, 0, 0, 0, "1", "2", "3", 0, "1", "1", 0, 0, 0, 0], "FW": [0, 0, 0, 0, 0, 0, "4", "14", "1", "1", 0, 0, "1", 0, 0, "5", 0, 0, 0, 0, 0, 0, 0, "3", "3", 0, 0, "1", 0, 0, "4", 0, 0, 0, 0, 0, 0, "4", 0, 0], "FL": [0, 0, 0, 0, 0, 0, "2", "6", "0", "2", 0, 0, "1", 0, 0, "4", 0, 0, 0, 0, 0, 0, 0, "3", "5", 0, 0, "5", 0, 0, "8", 0, 0, 0, 0, 0, 0, "5", 0, 0], "F%": [0, 0, 0, 0, 0, 0, "67", "70", "100", "33", 0, 0, "50", 0, 0, "56", 0, 0, 0, 0, 0, 0, 0, "50", "38", 0, 0, "17", 0, 0, "33", 0, 0, 0, 0, 0, 0, "44", 0, 0], "team": ["VANCOUVER CANUCKS ", "VANCOUVER CANUCKS ", "VANCOUVER CANUCKS ", "VANCOUVER CANUCKS ", "VANCOUVER CANUCKS ", "VANCOUVER CANUCKS ", "VANCOUVER CANUCKS ", "VANCOUVER CANUCKS ", "VANCOUVER CANUCKS ", "VANCOUVER CANUCKS ", "VANCOUVER CANUCKS ", "VANCOUVER CANUCKS ", "VANCOUVER CANUCKS ", "VANCOUVER CANUCKS ", "VANCOUVER CANUCKS ", "VANCOUVER CANUCKS ", "VANCOUVER CANUCKS ", "VANCOUVER CANUCKS ", "VANCOUVER CANUCKS ", "VANCOUVER CANUCKS ", "LOS ANGELES KINGS ", "LOS ANGELES KINGS ", "LOS ANGELES KINGS ", "LOS ANGELES KINGS ", "LOS ANGELES KINGS ", "LOS ANGELES KINGS ", "LOS ANGELES KINGS ", "LOS ANGELES KINGS ", "LOS ANGELES KINGS ", "LOS ANGELES KINGS ", "LOS ANGELES KINGS ", "LOS ANGELES KINGS ", "LOS ANGELES KINGS ", "LOS ANGELES KINGS ", "LOS ANGELES KINGS ", "LOS ANGELES KINGS ", "LOS ANGELES KINGS ", "LOS ANGELES KINGS ", "LOS ANGELES KINGS ", "LOS ANGELES KINGS "], "GA": [0, 0, 0, 0, 0, 0, 0, 0, 0, 0, 0, 0, 0, 0, 0, 0, 0, 0, 0.0, "1", 0, 0, 0, 0, 0, 0, 0, 0, 0, 0, 0, 0, 0, 0, 0, 0, 0, 0, "0", 0], "SA": [0, 0, 0, 0, 0, 0, 0, 0, 0, 0, 0, 0, 0, 0, 0, 0, 0, 0, 0.0, "20", 0, 0, 0, 0, 0, 0, 0, 0, 0, 0, 0, 0, 0, 0, 0, 0, 0, 0, "28", 0]}}