{"game_info": {"date": "2013-12-20", "visitor": "NEW YORK ISLANDERS ", "home": "NEW YORK RANGERS ", "game_id": 535, "status": "final"}, "player_stats": {"number": ["3", "7", "12", "14", "15", "17", "18", "21", "26", "29", "36", "37", "40", "44", "47", "51", "53", "91", "20", "60", "4", "5", "6", "10", "15", "16", "17", "19", "20", "21", "22", "27", "28", "36", "44", "61", "62", "67", "30", "33"], "position": ["D", "D", "C", "D", "R", "L", "C", "R", "L", "C", "L", "D", "R", "D", "D", "C", "C", "C", "G", "G", "D", "D", "D", "C", "R", "C", "D", "C", "C", "C", "C", "D", "C", "C", "D", "L", "L", "L", "G", "G"], "name": ["HAMONIC, TRAVIS", "CARKNER, MATT", "BAILEY, JOSH", "HICKEY, THOMAS", "CLUTTERBUCK, CAL", "MARTIN, MATT", "STROME, RYAN", "OKPOSO, KYLE", "VANEK, THOMAS", "NELSON, BROCK", "BOULTON, ERIC", "STRAIT, BRIAN", "GRABNER, MICHAEL", "DE HAAN, CALVIN", "MACDONALD, ANDREW", "NIELSEN, FRANS", "CIZIKAS, CASEY", "TAVARES, JOHN", "NABOKOV, EVGENI", "POULIN, KEVIN", "DEL ZOTTO, MICHAEL", "GIRARDI, DAN", "STRALMAN, ANTON", "MILLER, J.T.", "DORSETT, DEREK", "BRASSARD, DERICK", "MOORE, JOHN", "RICHARDS, BRAD", "KREIDER, CHRIS", "STEPAN, DEREK", "BOYLE, BRIAN", "MCDONAGH, RYAN", "MOORE, DOMINIC", "ZUCCARELLO, MATS", "FALK, JUSTIN", "NASH, RICK", "HAGELIN, CARL", "POULIOT, BENOIT", "LUNDQVIST, HENRIK", "TALBOT, CAM"], "G": [0, 0, 0, 0, "1", 0, 0, 0, "1", 0, 0, "1", "2", 0, 0, 0, 0, 0, 0, 0, 0, 0, 0, 0, "1", 0, 0, 0, 0, "1", 0, 0, 0, 0, 0, 0, 0, "1", 0, 0], "A": ["1", 0, "1", 0, 0, 0, "1", "1", 0, 0, 0, 0, 0, 0, "1", "1", 0, 0, 0, 0, 0, 0, "1", 0, 0, "1", 0, 0, "1", 0, 0, 0, "1", "1", 0, "1", 0, 0, 0, 0], "P": ["1", 0, "1", 0, "1", 0, "1", "1", "1", 0, 0, "1", "2", 0, "1", "1", 0, 0, 0, 0, 0, 0, "1", 0, "1", "1", 0, 0, "1", "1", 0, 0, "1", "1", 0, "1", 0, "1", 0, 0], "+/-": ["+2", 0, "+2", "-1", "+1", 0, "+1", 0, 0, 0, "-1", "+2", "+2", "+1", 0, "+1", "+1", "-1", 0, 0, "-1", "-1", 0, "-1", "+1", "-1", 0, "-1", 0, "-2", "+1", "-2", "+1", "-3", 0, "-1", 0, "-1", 0, 0], "PN": ["1", "1", "1", 0, "1", 0, "1", 0, 0, 0, "1", 0, 0, 0, "1", 0, "1", 0, 0, 0, "1", "1", "1", 0, 0, 0, 0, 0, "1", 0, "1", 0, 0, 0, 0, 0, 0, 0, 0, 0], "PIM": ["2", "2", "2", 0, "2", 0, "2", 0, 0, 0, "2", 0, 0, 0, "2", 0, "2", 0, 0, 0, "2", "2", "2", 0, 0, 0, 0, 0, "2", 0, "2", 0, 0, 0, 0, 0, 0, 0, 0, 0], "TOT": ["25:10", "07:40", "12:51", "21:49", "14:40", "09:25", "13:50", "18:36", "17:48", "13:36", "06:25", "16:24", "15:09", "17:52", "25:06", "16:57", "12:26", "20:01", "60:00", 0, "17:47", "23:01", "19:35", "11:22", "09:43", "13:51", "16:50", "18:44", "12:42", "19:22", "12:14", "23:38", "10:57", "20:00", "12:44", "19:05", "11:56", "16:59", "59:36", 0], "SHF": ["32", "14", "17", "27", "21", "16", "14", "21", "20", "17", "11", "29", "21", "25", "34", "26", "19", "21", 0, 0, "23", "27", "22", "15", "17", "18", "24", "20", "17", "23", "21", "29", "17", "23", "18", "22", "17", "21", 0, 0], "AVG TOI/SH": ["00:47", "00:32", "00:45", "00:48", "00:41", "00:35", "00:59", "00:53", "00:53", "00:48", "00:35", "00:33", "00:43", "00:42", "00:44", "00:39", "00:39", "00:57", 0, 0, "00:46", "00:51", "00:53", "00:45", "00:34", "00:46", "00:42", "00:56", "00:44", "00:50", "00:34", "00:48", "00:38", "00:52", "00:42", "00:52", "00:42", "00:48", 0, 0], "PP": ["02:31", "00:00", "01:07", "00:00", "01:57", "00:15", "03:00", "05:23", "05:06", "02:25", "00:00", "00:02", "00:00", "01:16", "04:40", "03:30", "00:00", "05:18", "07:18", 0, "06:23", "04:56", "00:00", "00:20", "00:00", "05:52", "01:50", "06:47", "04:53", "06:23", "00:06", "04:34", "00:00", "05:32", "00:00", "06:52", "00:00", "05:42", "11:55", 0], "SH": ["06:11", "00:18", "00:16", "05:28", "04:01", "01:07", "00:00", "00:31", "00:00", "02:19", "00:00", "07:12", "04:43", "00:43", "04:43", "04:52", "04:30", "00:41", "12:15", 0, "00:51", "03:32", "02:55", "00:00", "01:30", "00:00", "00:05", "00:00", "00:00", "01:07", "04:00", "04:35", "02:11", "01:05", "02:38", "00:00", "04:07", "00:00", "07:18", 0], "EV": ["16:28", "07:22", "11:28", "16:21", "08:42", "08:03", "10:50", "12:42", "12:42", "08:52", "06:25", "09:10", "10:26", "15:53", "15:43", "08:35", "07:56", "14:02", "40:27", 0, "10:33", "14:33", "16:40", "11:02", "08:13", "07:59", "14:55", "11:57", "07:49", "11:52", "08:08", "14:29", "08:46", "13:23", "10:06", "12:13", "07:49", "11:17", "40:23", 0], "S": ["1", "1", 0, 0, "1", "2", "1", "3", "1", "2", "1", "2", "2", "1", 0, 0, 0, "2", 0, 0, 0, 0, 0, "1", "2", "1", 0, "2", "1", "2", "1", "2", 0, "3", "1", "3", "2", "3", 0, 0], "A/B": ["3", 0, "1", 0, "3", 0, "2", "1", 0, 0, 0, 0, 0, "1", 0, "1", 0, 0, 0, 0, "3", "2", 0, 0, "1", "1", "5", "2", 0, "2", "1", "1", 0, "2", 0, 0, 0, 0, 0, 0], "MS": [0, 0, 0, "1", "1", 0, 0, 0, "1", 0, 0, 0, "1", "1", "1", "1", 0, "1", 0, 0, "1", 0, 0, 0, "1", 0, "1", "1", "1", "2", 0, "1", 0, "3", 0, "1", 0, 0, 0, 0], "HT": ["2", 0, 0, 0, "2", "7", "1", 0, "1", 0, "1", "1", "5", "2", "3", 0, "1", 0, 0, 0, 0, "3", "3", "2", "2", 0, 0, 0, "2", 0, "4", 0, "1", "2", "2", 0, 0, 0, 0, 0], "GV": [0, 0, 0, 0, 0, 0, "1", 0, 0, 0, 0, "1", 0, 0, 0, "1", 0, "2", 0, 0, "1", "2", "1", 0, 0, "1", 0, "2", "1", "1", 0, "2", 0, "1", 0, "3", 0, "1", 0, 0], "TK": [0, 0, 0, 0, 0, 0, "1", 0, 0, 0, 0, 0, 0, 0, 0, "2", 0, "4", 0, 0, "1", "1", 0, 0, 0, "1", "1", "1", 0, "1", 0, 0, 0, "1", 0, "2", 0, "1", 0, 0], "BS": ["4", "1", 0, "3", 0, 0, 0, 0, 0, "1", 0, "2", "1", "1", "5", "1", 0, "1", 0, 0, 0, 0, 0, 0, "1", "1", "2", 0, 0, "1", 0, "2", 0, 0, "3", "1", "1", 0, 0, 0], "FW": [0, 0, 0, 0, 0, 0, "4", "0", 0, "1", 0, 0, 0, 0, 0, "8", "6", "11", 0, 0, 0, 0, 0, "2", 0, "5", 0, "3", "0", "7", "3", 0, "3", 0, 0, 0, 0, 0, 0, 0], "FL": [0, 0, 0, 0, 0, 0, "4", "1", 0, "0", 0, 0, 0, 0, 0, "4", "5", "9", 0, 0, 0, 0, 0, "3", 0, "4", 0, "4", "1", "10", "2", 0, "6", 0, 0, 0, 0, 0, 0, 0], "F%": [0, 0, 0, 0, 0, 0, "50", "0", 0, "100", 0, 0, 0, 0, 0, "67", "55", "55", 0, 0, 0, 0, 0, "40", 0, "56", 0, "43", "0", "41", "60", 0, "33", 0, 0, 0, 0, 0, 0, 0], "team": ["NEW YORK ISLANDERS ", "NEW YORK ISLANDERS ", "NEW YORK ISLANDERS ", "NEW YORK ISLANDERS ", "NEW YORK ISLANDERS ", "NEW YORK ISLANDERS ", "NEW YORK ISLANDERS ", "NEW YORK ISLANDERS ", "NEW YORK ISLANDERS ", "NEW YORK ISLANDERS ", "NEW YORK ISLANDERS ", "NEW YORK ISLANDERS ", "NEW YORK ISLANDERS ", "NEW YORK ISLANDERS ", "NEW YORK ISLANDERS ", "NEW YORK ISLANDERS ", "NEW YORK ISLANDERS ", "NEW YORK ISLANDERS ", "NEW YORK ISLANDERS ", "NEW YORK ISLANDERS ", "NEW YORK RANGERS ", "NEW YORK RANGERS ", "NEW YORK RANGERS ", "NEW YORK RANGERS ", "NEW YORK RANGERS ", "NEW YORK RANGERS ", "NEW YORK RANGERS ", "NEW YORK RANGERS ", "NEW YORK RANGERS ", "NEW YORK RANGERS ", "NEW YORK RANGERS ", "NEW YORK RANGERS ", "NEW YORK RANGERS ", "NEW YORK RANGERS ", "NEW YORK RANGERS ", "NEW YORK RANGERS ", "NEW YORK RANGERS ", "NEW YORK RANGERS ", "NEW YORK RANGERS ", "NEW YORK RANGERS "], "GA": [0, 0, 0, 0, 0, 0, 0, 0, 0, 0, 0, 0, 0, 0, 0, 0, 0, 0, "3", 0, 0, 0, 0, 0, 0, 0, 0, 0, 0, 0, 0, 0, 0, 0, 0, 0, 0, 0, "4", 0], "SA": [0, 0, 0, 0, 0, 0, 0, 0, 0, 0, 0, 0, 0, 0, 0, 0, 0, 0, "24", 0, 0, 0, 0, 0, 0, 0, 0, 0, 0, 0, 0, 0, 0, 0, 0, 0, 0, 0, "19", 0]}}