{"game_info": {"date": "2013-12-23", "visitor": "TAMPA BAY LIGHTNING ", "home": "FLORIDA PANTHERS ", "game_id": 559, "status": "final"}, "player_stats": {"number": ["6", "7", "8", "9", "11", "16", "17", "18", "19", "22", "23", "25", "26", "44", "51", "56", "62", "77", "30", "39", "4", "7", "11", "12", "14", "16", "18", "19", "20", "21", "24", "27", "43", "51", "57", "72", "77", "82", "25", "30", 0], "position": ["D", "D", "D", "C", "C", "R", "C", "L", "R", "D", "R", "D", "R", "C", "C", "R", "D", "D", "G", "G", "D", "D", "C", "R", "L", "C", "C", "R", "L", "R", "R", "C", "D", "D", "C", "D", "D", "R", "G", "G", 0], "name": ["SALO, SAMI", "GUDAS, RADKO", "BARBERIO, MARK", "JOHNSON, TYLER", "PYATT, TOM", "PURCELL, TEDDY", "KILLORN, ALEX", "PALAT, ONDREJ", "CROMBEEN, B.J.", "COTE, JEAN-PHILIPPE", "BROWN, J.T.", "CARLE, MATTHEW", "ST. LOUIS, MARTIN", "THOMPSON, NATE", "FILPPULA, VALTTERI", "KUCHEROV, NIKITA", "SUSTR, ANDREJ", "HEDMAN, VICTOR", "BISHOP, BEN", "LINDBACK, ANDERS", "OLSEN, DYLAN", "KULIKOV, DMITRY", "HUBERDEAU, JONATHAN", "HAYES, JIMMY", "FLEISCHMANN, TOMAS", "BARKOV, ALEKSANDER", "MATTHIAS, SHAWN", "UPSHALL, SCOTTIE", "BERGENHEIM, SEAN", "BARCH, KRYS", "BOYES, BRAD", "BJUGSTAD, NICK", "WEAVER, MIKE", "CAMPBELL, BRIAN", "GOC, MARCEL", "PETROVIC, ALEX", "GILBERT, TOM", "KOPECKY, TOMAS", "MARKSTROM, JACOB", "CLEMMENSEN, SCOTT", "TEAM PENALTY"], "G": [0, 0, 0, "1", 0, 0, "1", 0, 0, 0, "2", 0, "1", 0, "1", 0, 0, 0, 0, 0, 0, 0, 0, 0, 0, 0, 0, 0, "1", 0, 0, 0, 0, 0, 0, 0, 0, 0, 0, 0, 0], "A": [0, 0, 0, 0, 0, "1", 0, "1", 0, "1", 0, "1", "2", 0, "1", "2", 0, "2", 0, 0, 0, 0, 0, 0, 0, "1", 0, 0, 0, 0, 0, 0, 0, 0, 0, 0, 0, 0, 0, 0, 0], "P": [0, 0, 0, "1", 0, "1", "1", "1", 0, "1", "2", "1", "3", 0, "2", "2", 0, "2", 0, 0, 0, 0, 0, 0, 0, "1", 0, 0, "1", 0, 0, 0, 0, 0, 0, 0, 0, 0, 0, 0, 0], "+/-": [0, "+1", "+3", "+2", 0, "+1", "+1", "+2", 0, "+1", "+2", 0, "+2", "+2", "+1", "+2", "+1", "+4", 0, 0, "-1", "-3", "-3", 0, "-3", "-1", "-1", 0, "-1", 0, "-2", "-2", "-4", "-1", "-2", 0, "-1", 0, 0, 0, 0], "PN": [0, 0, 0, 0, 0, 0, "1", "1", 0, 0, 0, "1", 0, 0, 0, 0, 0, 0, 0, 0, 0, "1", 0, 0, 0, 0, 0, 0, 0, 0, 0, 0, 0, 0, 0, "1", "1", 0, 0, 0, "1"], "PIM": [0, 0, 0, 0, 0, 0, "2", "2", 0, 0, 0, "2", 0, 0, 0, 0, 0, 0, 0, 0, 0, "2", 0, 0, 0, 0, 0, 0, 0, 0, 0, 0, 0, 0, 0, "2", "2", 0, 0, 0, "2"], "TOT": ["05:19", "23:33", "13:46", "18:16", "09:19", "16:23", "16:05", "14:48", "13:10", "16:16", "16:41", "20:28", "20:27", "16:38", "17:47", "16:04", "16:20", "23:00", "60:00", 0, "19:44", "18:56", "16:43", "08:24", "18:08", "17:22", "13:32", "05:24", "16:42", "07:31", "17:58", "17:24", "17:03", "27:32", "18:29", "15:35", "18:07", "18:13", 0, "60:00", 0], "SHF": ["9", "24", "17", "23", "13", "19", "23", "21", "18", "19", "20", "27", "25", "21", "21", "19", "22", "29", 0, 0, "27", "28", "22", "14", "24", "25", "21", "9", "25", "12", "24", "24", "22", "26", "25", "23", "21", "23", 0, 0, 0], "AVG TOI/SH": ["00:35", "00:58", "00:48", "00:47", "00:43", "00:51", "00:41", "00:42", "00:43", "00:51", "00:50", "00:45", "00:49", "00:47", "00:50", "00:50", "00:44", "00:47", 0, 0, "00:43", "00:40", "00:45", "00:36", "00:45", "00:41", "00:38", "00:36", "00:40", "00:37", "00:44", "00:43", "00:46", "01:03", "00:44", "00:40", "00:51", "00:47", 0, 0, 0], "PP": ["00:55", "04:31", "00:34", "03:17", "00:00", "03:52", "02:02", "00:00", "00:00", "00:00", "00:04", "01:39", "04:13", "00:00", "03:49", "02:11", "00:00", "02:53", "06:00", 0, "00:41", "01:55", "01:37", "00:00", "03:12", "03:13", "00:00", "01:18", "03:13", "00:00", "03:13", "01:52", "00:00", "04:27", "00:35", "00:00", "01:05", "01:59", 0, "05:40", 0], "SH": ["01:07", "02:49", "00:00", "01:46", "00:00", "00:00", "00:00", "01:23", "02:21", "02:19", "01:27", "01:17", "01:42", "02:41", "00:00", "00:00", "01:23", "02:25", "05:40", 0, "02:18", "01:29", "00:00", "00:00", "02:05", "00:14", "01:33", "00:32", "00:37", "00:00", "00:00", "00:54", "03:42", "03:56", "02:45", "00:35", "00:00", "02:07", 0, "06:00", 0], "EV": ["03:17", "16:13", "13:12", "13:13", "09:19", "12:31", "14:03", "13:25", "10:49", "13:57", "15:10", "17:32", "14:32", "13:57", "13:58", "13:53", "14:57", "17:42", "48:20", 0, "16:45", "15:32", "15:06", "08:24", "12:51", "13:55", "11:59", "03:34", "12:52", "07:31", "14:45", "14:38", "13:21", "19:09", "15:09", "15:00", "17:02", "14:07", 0, "48:20", 0], "S": [0, "2", 0, "3", "1", "3", "4", 0, "3", "2", "6", 0, "5", "2", "1", "2", 0, "2", 0, 0, 0, "2", "1", "2", "3", "3", "2", "1", "2", 0, "3", "3", "1", "2", "3", 0, 0, "1", 0, 0, 0], "A/B": ["1", "2", "2", "1", 0, 0, "1", "1", "1", 0, 0, "1", 0, 0, 0, 0, "1", "1", 0, 0, 0, 0, 0, 0, 0, 0, 0, 0, "1", 0, 0, 0, "1", 0, "2", 0, 0, "1", 0, 0, 0], "MS": ["1", "1", "1", "2", 0, 0, 0, "1", "4", 0, 0, 0, "2", "1", 0, "3", 0, 0, 0, 0, 0, 0, 0, 0, 0, "1", 0, 0, 0, "1", 0, 0, 0, 0, "1", 0, 0, 0, 0, 0, 0], "HT": [0, "4", 0, 0, "1", 0, "1", "1", "1", "3", 0, 0, "1", "2", "1", 0, 0, "3", 0, 0, "2", "1", 0, "4", 0, "2", "2", "1", 0, 0, "1", "1", 0, 0, "1", "8", "2", "1", 0, 0, 0], "GV": [0, 0, "1", 0, 0, 0, "1", 0, 0, 0, 0, "1", "1", 0, "1", 0, 0, 0, 0, 0, "1", "1", 0, 0, 0, 0, 0, "1", 0, 0, 0, 0, "2", "1", 0, 0, 0, 0, 0, 0, 0], "TK": [0, 0, "2", "2", 0, 0, 0, 0, 0, 0, 0, 0, "2", 0, 0, "1", 0, 0, 0, 0, "1", 0, 0, "1", "1", "1", "1", "1", "2", 0, "1", 0, 0, 0, 0, 0, 0, "1", 0, 0, 0], "BS": [0, "1", 0, 0, 0, "1", 0, 0, 0, 0, 0, "1", "1", "1", 0, 0, 0, 0, 0, 0, "3", 0, 0, "1", "1", 0, 0, 0, "2", 0, 0, 0, "1", "1", 0, 0, "3", 0, 0, 0, 0], "FW": [0, 0, 0, "7", "2", 0, 0, 0, 0, 0, 0, 0, "0", "7", "11", 0, 0, 0, 0, 0, 0, 0, 0, 0, "0", "12", "3", "1", 0, 0, "2", "7", 0, 0, "7", 0, 0, "0", 0, 0, 0], "FL": [0, 0, 0, "6", "5", 0, 0, 0, 0, 0, 0, 0, "1", "12", "8", 0, 0, 0, 0, 0, 0, 0, 0, 0, "1", "7", "2", "0", 0, 0, "0", "7", 0, 0, "9", 0, 0, "1", 0, 0, 0], "F%": [0, 0, 0, "54", "29", 0, 0, 0, 0, 0, 0, 0, "0", "37", "58", 0, 0, 0, 0, 0, 0, 0, 0, 0, "0", "63", "60", "100", 0, 0, "100", "50", 0, 0, "44", 0, 0, "0", 0, 0, 0], "team": ["TAMPA BAY LIGHTNING ", "TAMPA BAY LIGHTNING ", "TAMPA BAY LIGHTNING ", "TAMPA BAY LIGHTNING ", "TAMPA BAY LIGHTNING ", "TAMPA BAY LIGHTNING ", "TAMPA BAY LIGHTNING ", "TAMPA BAY LIGHTNING ", "TAMPA BAY LIGHTNING ", "TAMPA BAY LIGHTNING ", "TAMPA BAY LIGHTNING ", "TAMPA BAY LIGHTNING ", "TAMPA BAY LIGHTNING ", "TAMPA BAY LIGHTNING ", "TAMPA BAY LIGHTNING ", "TAMPA BAY LIGHTNING ", "TAMPA BAY LIGHTNING ", "TAMPA BAY LIGHTNING ", "TAMPA BAY LIGHTNING ", "TAMPA BAY LIGHTNING ", "FLORIDA PANTHERS ", "FLORIDA PANTHERS ", "FLORIDA PANTHERS ", "FLORIDA PANTHERS ", "FLORIDA PANTHERS ", "FLORIDA PANTHERS ", "FLORIDA PANTHERS ", "FLORIDA PANTHERS ", "FLORIDA PANTHERS ", "FLORIDA PANTHERS ", "FLORIDA PANTHERS ", "FLORIDA PANTHERS ", "FLORIDA PANTHERS ", "FLORIDA PANTHERS ", "FLORIDA PANTHERS ", "FLORIDA PANTHERS ", "FLORIDA PANTHERS ", "FLORIDA PANTHERS ", "FLORIDA PANTHERS ", "FLORIDA PANTHERS ", "FLORIDA PANTHERS "], "GA": [0, 0, 0, 0, 0, 0, 0, 0, 0, 0, 0, 0, 0, 0, 0, 0, 0, 0, "1", 0, 0, 0, 0, 0, 0, 0, 0, 0, 0, 0, 0, 0, 0, 0, 0, 0, 0, 0, 0, "6", 0], "SA": [0, 0, 0, 0, 0, 0, 0, 0, 0, 0, 0, 0, 0, 0, 0, 0, 0, 0, "29", 0, 0, 0, 0, 0, 0, 0, 0, 0, 0, 0, 0, 0, 0, 0, 0, 0, 0, 0, 0, "36", 0]}}