{"game_info": {"date": "2013-10-10", "visitor": "NEW YORK RANGERS ", "home": "ANAHEIM DUCKS ", "game_id": 57, "status": "final"}, "player_stats": {"number": ["4", "5", "6", "12", "14", "15", "16", "17", "18", "19", "21", "22", "24", "27", "28", "36", "45", "67", "30", "43", "4", "6", "7", "8", "10", "11", "13", "15", "17", "22", "23", "33", "34", "45", "47", "55", "62", "65", "1", "30"], "position": ["D", "D", "D", "R", "L", "R", "C", "D", "D", "C", "C", "C", "R", "D", "C", "C", "R", "L", "G", "G", "D", "D", "C", "R", "R", "C", "C", "C", "R", "C", "D", "R", "C", "D", "D", "D", "L", "R", "G", "G"], "name": ["DEL ZOTTO, MICHAEL", "GIRARDI, DAN", "STRALMAN, ANTON", "FAST, JESPER", "PYATT, TAYLOR", "DORSETT, DEREK", "BRASSARD, DERICK", "MOORE, JOHN", "STAAL, MARC", "RICHARDS, BRAD", "STEPAN, DEREK", "BOYLE, BRIAN", "CALLAHAN, RYAN", "MCDONAGH, RYAN", "MOORE, DOMINIC", "ZUCCARELLO, MATS", "ASHAM, ARRON", "POULIOT, BENOIT", "LUNDQVIST, HENRIK", "BIRON, MARTIN", "FOWLER, CAM", "LOVEJOY, BEN", "COGLIANO, ANDREW", "SELANNE, TEEMU", "PERRY, COREY", "KOIVU, SAKU", "BONINO, NICK", "GETZLAF, RYAN", "PENNER, DUSTIN", "PERREAULT, MATHIEU", "BEAUCHEMIN, FRANCOIS", "SILFVERBERG, JAKOB", "WINNIK, DANIEL", "VATANEN, SAMI", "LINDHOLM, HAMPUS", "ALLEN, BRYAN", "MAROON, PATRICK", "ETEM, EMERSON", "HILLER, JONAS", "FASTH, VIKTOR"], "G": [0, 0, 0, 0, 0, 0, 0, 0, 0, 0, 0, 0, 0, 0, 0, 0, 0, 0, 0, 0, 0, 0, 0, 0, 0, "1", 0, "1", "1", 0, 0, "2", "1", 0, 0, 0, 0, 0, 0, 0], "A": [0, 0, 0, 0, 0, 0, 0, 0, 0, 0, 0, 0, 0, 0, 0, 0, 0, 0, 0, 0, 0, 0, "1", "2", "2", 0, 0, 0, "1", "2", 0, 0, "1", "1", 0, "1", 0, 0, 0, 0], "P": [0, 0, 0, 0, 0, 0, 0, 0, 0, 0, 0, 0, 0, 0, 0, 0, 0, 0, 0, 0, 0, 0, "1", "2", "2", "1", 0, "1", "2", "2", 0, "2", "2", "1", 0, "1", 0, 0, 0, 0], "+/-": ["-3", "-2", "-1", "-3", "-3", "-1", 0, "-3", "-1", "-2", "-3", 0, "-2", "-2", "-1", 0, "-1", "-2", 0, 0, 0, 0, "+2", "+2", "+2", "+2", 0, "+2", "+2", "+2", "+1", "+2", "+2", "+5", "+1", "+5", 0, 0, 0, 0], "PN": [0, 0, 0, 0, 0, "5", 0, 0, 0, 0, 0, 0, 0, 0, "2", "1", "2", 0, 0, 0, 0, 0, 0, 0, "1", 0, 0, 0, 0, 0, 0, "1", 0, 0, 0, "2", "1", 0, 0, 0], "PIM": [0, 0, 0, 0, 0, "21", 0, 0, 0, 0, 0, 0, 0, 0, "4", "2", "7", 0, 0, 0, 0, 0, 0, 0, "2", 0, 0, 0, 0, 0, 0, "2", 0, 0, 0, "7", "5", 0, 0, 0], "TOT": ["17:36", "22:39", "20:00", "12:27", "16:15", "08:26", "15:31", "16:06", "21:35", "17:41", "12:40", "18:21", "17:46", "20:27", "12:13", "15:45", "08:53", "13:39", "60:00", 0, "22:03", "18:07", "15:47", "16:39", "17:19", "16:16", "11:41", "18:10", "08:26", "11:04", "21:06", "17:23", "16:34", "19:08", "21:19", "16:05", "13:41", "14:52", "60:00", 0], "SHF": ["23", "25", "27", "17", "22", "13", "20", "22", "23", "21", "19", "23", "23", "27", "21", "21", "15", "16", 0, 0, "30", "26", "24", "23", "23", "24", "15", "23", "13", "17", "24", "24", "26", "24", "27", "23", "16", "21", 0, 0], "AVG TOI/SH": ["00:45", "00:54", "00:44", "00:43", "00:44", "00:38", "00:46", "00:43", "00:56", "00:50", "00:40", "00:47", "00:46", "00:45", "00:34", "00:45", "00:35", "00:51", 0, 0, "00:44", "00:41", "00:39", "00:43", "00:45", "00:40", "00:46", "00:47", "00:38", "00:39", "00:52", "00:43", "00:38", "00:47", "00:47", "00:41", "00:51", "00:42", 0, 0], "PP": ["02:52", "00:00", "00:34", "00:00", "00:34", "00:00", "01:37", "02:15", "00:00", "02:02", "01:05", "01:03", "02:02", "00:00", "00:00", "01:50", "00:32", "01:49", "03:39", 0, "04:25", "01:06", "01:12", "04:17", "04:46", "03:06", "03:09", "05:27", "01:22", "03:17", "03:27", "04:17", "01:12", "05:27", "04:23", "01:05", "00:56", "01:05", "10:56", 0], "SH": ["00:46", "06:37", "03:33", "03:10", "04:38", "00:57", "00:00", "00:15", "06:00", "00:00", "01:22", "04:19", "02:32", "04:41", "02:45", "00:34", "00:31", "00:00", "10:56", 0, "01:41", "01:06", "01:09", "00:00", "00:57", "01:05", "00:41", "01:06", "00:00", "00:02", "02:33", "00:00", "01:09", "00:00", "01:19", "00:39", "00:00", "01:09", "03:39", 0], "EV": ["13:58", "16:02", "15:53", "09:17", "11:03", "07:29", "13:54", "13:36", "15:35", "15:39", "10:13", "12:59", "13:12", "15:46", "09:28", "13:21", "07:50", "11:50", "45:25", 0, "15:57", "15:55", "13:26", "12:22", "11:36", "12:05", "07:51", "11:37", "07:04", "07:45", "15:06", "13:06", "14:13", "13:41", "15:37", "14:21", "12:45", "12:38", "45:25", 0], "S": ["2", "2", "1", "1", "1", "1", "1", "3", 0, "5", "1", "5", "5", "1", "1", 0, "1", "3", 0, 0, "3", "4", "3", "1", "4", "3", 0, "1", "2", 0, "2", "6", "1", "1", "2", "1", "3", 0, 0, 0], "A/B": ["1", "4", "1", 0, 0, 0, "1", "2", 0, "1", 0, 0, "1", 0, "1", 0, 0, "1", 0, 0, 0, "1", 0, 0, 0, 0, 0, "1", 0, "1", "2", "1", "2", "2", 0, 0, 0, "1", 0, 0], "MS": [0, "1", 0, 0, 0, 0, "1", 0, 0, "2", 0, 0, "1", 0, 0, "1", 0, 0, 0, 0, "2", "1", 0, "4", 0, 0, 0, 0, 0, 0, 0, "1", 0, "1", 0, 0, 0, 0, 0, 0], "HT": ["2", "4", "1", "2", "1", 0, "4", 0, "2", 0, 0, "1", "3", "3", "1", "1", 0, "1", 0, 0, "2", "3", "2", 0, "1", "1", 0, "1", "1", 0, "3", 0, 0, "1", "1", "2", "2", "2", 0, 0], "GV": [0, "1", 0, "1", 0, "1", 0, 0, "1", "1", 0, 0, "2", "1", 0, "1", 0, "1", 0, 0, 0, 0, 0, 0, "1", "1", "1", "1", 0, 0, 0, 0, "1", 0, 0, 0, 0, 0, 0, 0], "TK": [0, 0, 0, 0, 0, 0, 0, 0, "1", 0, 0, 0, "1", 0, 0, 0, 0, 0, 0, 0, 0, 0, "2", 0, 0, 0, 0, 0, "1", 0, "2", 0, "1", 0, 0, 0, 0, 0, 0, 0], "BS": [0, "1", "1", "1", 0, 0, 0, 0, "2", 0, "1", "1", 0, "2", 0, "1", "1", 0, 0, 0, 0, "1", "1", 0, "1", 0, "4", "1", "1", 0, "1", 0, 0, "1", "1", 0, 0, "1", 0, 0], "FW": [0, 0, 0, 0, 0, 0, "1", 0, 0, "4", "4", "16", "0", 0, "4", 0, 0, 0, 0, 0, 0, 0, 0, "0", 0, "9", "5", "7", "0", "9", 0, 0, "3", 0, 0, 0, 0, 0, 0, 0], "FL": [0, 0, 0, 0, 0, 0, "5", 0, 0, "9", "5", "5", "1", 0, "8", 0, 0, 0, 0, 0, 0, 0, 0, "1", 0, "9", "3", "6", "1", "7", 0, 0, "2", 0, 0, 0, 0, 0, 0, 0], "F%": [0, 0, 0, 0, 0, 0, "17", 0, 0, "31", "44", "76", "0", 0, "33", 0, 0, 0, 0, 0, 0, 0, 0, "0", 0, "50", "63", "54", "0", "56", 0, 0, "60", 0, 0, 0, 0, 0, 0, 0], "team": ["NEW YORK RANGERS ", "NEW YORK RANGERS ", "NEW YORK RANGERS ", "NEW YORK RANGERS ", "NEW YORK RANGERS ", "NEW YORK RANGERS ", "NEW YORK RANGERS ", "NEW YORK RANGERS ", "NEW YORK RANGERS ", "NEW YORK RANGERS ", "NEW YORK RANGERS ", "NEW YORK RANGERS ", "NEW YORK RANGERS ", "NEW YORK RANGERS ", "NEW YORK RANGERS ", "NEW YORK RANGERS ", "NEW YORK RANGERS ", "NEW YORK RANGERS ", "NEW YORK RANGERS ", "NEW YORK RANGERS ", "ANAHEIM DUCKS ", "ANAHEIM DUCKS ", "ANAHEIM DUCKS ", "ANAHEIM DUCKS ", "ANAHEIM DUCKS ", "ANAHEIM DUCKS ", "ANAHEIM DUCKS ", "ANAHEIM DUCKS ", "ANAHEIM DUCKS ", "ANAHEIM DUCKS ", "ANAHEIM DUCKS ", "ANAHEIM DUCKS ", "ANAHEIM DUCKS ", "ANAHEIM DUCKS ", "ANAHEIM DUCKS ", "ANAHEIM DUCKS ", "ANAHEIM DUCKS ", "ANAHEIM DUCKS ", "ANAHEIM DUCKS ", "ANAHEIM DUCKS "], "GA": [0, 0, 0, 0, 0, 0, 0, 0, 0, 0, 0, 0, 0, 0, 0, 0, 0, 0, "6", 0, 0, 0, 0, 0, 0, 0, 0, 0, 0, 0, 0, 0, 0, 0, 0, 0, 0, 0, "0", 0], "SA": [0, 0, 0, 0, 0, 0, 0, 0, 0, 0, 0, 0, 0, 0, 0, 0, 0, 0, "37", 0, 0, 0, 0, 0, 0, 0, 0, 0, 0, 0, 0, 0, 0, 0, 0, 0, 0, 0, "34", 0]}}