{"game_info": {"date": "2013-10-17", "visitor": "PITTSBURGH PENGUINS ", "home": "PHILADELPHIA FLYERS ", "game_id": 99, "status": "final"}, "player_stats": {"number": ["2", "3", "4", "5", "7", "9", "12", "14", "15", "16", "27", "36", "39", "41", "44", "46", "71", "87", "29", "37", "5", "8", "10", "12", "14", "15", "17", "18", "22", "24", "25", "26", "28", "32", "36", "44", "45", "93", "29", "35"], "position": ["D", "D", "D", "D", "D", "L", "R", "L", "L", "C", "R", "L", "L", "D", "D", "C", "C", "C", "G", "G", "D", "D", "C", "L", "C", "L", "R", "R", "D", "R", "C", "D", "R", "D", "C", "D", "C", "R", "G", "G"], "name": ["NISKANEN, MATT", "MAATTA, OLLI", "SCUDERI, ROB", "ENGELLAND, DERYK", "MARTIN, PAUL", "DUPUIS, PASCAL", "KOBASEW, CHUCK", "KUNITZ, CHRIS", "GLASS, TANNER", "SUTTER, BRANDON", "ADAMS, CRAIG", "JOKINEN, JUSSI", "ZOLNIERCZYK, HARRY", "BORTUZZO, ROBERT", "ORPIK, BROOKS", "VITALE, JOE", "MALKIN, EVGENI", "CROSBY, SIDNEY", "FLEURY, MARC-ANDRE", "ZATKOFF, JEFF", "COBURN, BRAYDON", "GROSSMANN, NICKLAS", "SCHENN, BRAYDEN", "RAFFL, MICHAEL", "COUTURIER, SEAN", "MCGINN, TYE", "SIMMONDS, WAYNE", "HALL, ADAM", "SCHENN, LUKE", "READ, MATT", "TALBOT, MAXIME", "GUSTAFSSON, ERIK", "GIROUX, CLAUDE", "STREIT, MARK", "RINALDO, ZAC", "TIMONEN, KIMMO", "NEWBURY, KRIS", "VORACEK, JAKUB", "EMERY, RAY", "MASON, STEVE"], "G": [0, 0, 0, 0, 0, 0, 0, "1", 0, 0, 0, "1", 0, 0, 0, 0, "1", "1", 0, 0, 0, 0, 0, 0, 0, 0, "1", 0, 0, 0, 0, 0, 0, 0, 0, 0, 0, 0, 0, 0], "A": ["1", 0, 0, 0, 0, "2", 0, 0, 0, 0, "1", 0, 0, 0, 0, 0, "1", "1", 0, 0, 0, 0, "1", 0, 0, 0, 0, 0, 0, 0, 0, 0, "1", 0, 0, 0, 0, 0, 0, 0], "P": ["1", 0, 0, 0, 0, "2", 0, "1", 0, 0, "1", "1", 0, 0, 0, 0, "2", "2", 0, 0, 0, 0, "1", 0, 0, 0, "1", 0, 0, 0, 0, 0, "1", 0, 0, 0, 0, 0, 0, 0], "+/-": ["+2", 0, "+1", 0, "+2", "+2", "+1", "+2", 0, 0, "+1", "+1", 0, 0, "+3", 0, "+2", "+3", 0, 0, "-1", 0, "-3", "-2", 0, 0, "-4", 0, "-1", "-2", 0, "-2", "-2", "-1", 0, "-2", 0, "-1", 0, 0], "PN": ["1", 0, 0, 0, 0, 0, 0, 0, 0, 0, 0, 0, 0, "1", "1", "1", 0, 0, "1", 0, "1", 0, 0, 0, 0, 0, 0, "1", "1", 0, 0, 0, "1", 0, 0, 0, "1", 0, 0, 0], "PIM": ["2", 0, 0, 0, 0, 0, 0, 0, 0, 0, 0, 0, 0, "5", "2", "2", 0, 0, "2", 0, "2", 0, 0, 0, 0, 0, 0, "2", "2", 0, 0, 0, "2", 0, 0, 0, "5", 0, 0, 0], "TOT": ["19:13", "16:51", "21:01", "07:23", "27:30", "16:07", "12:53", "16:58", "12:16", "16:34", "16:33", "12:51", "10:04", "11:58", "21:44", "10:06", "20:19", "22:41", "60:00", 0, "19:58", "19:23", "18:06", "14:04", "18:29", "11:42", "17:47", "07:56", "17:30", "19:30", "18:37", "20:12", "22:18", "22:00", "08:56", "13:00", "04:45", "19:13", 0, "58:34"], "SHF": ["23", "22", "27", "11", "30", "23", "19", "21", "18", "23", "20", "18", "14", "19", "28", "16", "24", "28", 0, 0, "30", "27", "19", "20", "26", "19", "19", "11", "27", "27", "26", "28", "28", "26", "12", "19", "7", "24", 0, 0], "AVG TOI/SH": ["00:50", "00:45", "00:46", "00:40", "00:55", "00:42", "00:40", "00:48", "00:40", "00:43", "00:49", "00:42", "00:43", "00:37", "00:46", "00:37", "00:50", "00:48", 0, 0, "00:39", "00:43", "00:57", "00:42", "00:42", "00:36", "00:56", "00:43", "00:38", "00:43", "00:42", "00:43", "00:47", "00:50", "00:44", "00:41", "00:40", "00:48", 0, 0], "PP": ["05:29", "02:14", "00:02", "00:00", "06:24", "01:39", "01:53", "05:31", "00:02", "02:19", "00:00", "02:39", "00:00", "00:00", "00:02", "00:00", "06:05", "05:41", "08:00", 0, "00:08", "00:00", "05:26", "01:14", "01:24", "00:46", "05:26", "00:08", "00:00", "01:24", "00:46", "01:32", "05:26", "03:46", "00:08", "01:50", "00:00", "05:26", 0, "06:58"], "SH": ["00:20", "00:11", "04:43", "00:00", "04:36", "02:53", "00:12", "00:00", "01:44", "02:44", "04:14", "00:00", "00:00", "01:04", "03:02", "00:00", "00:00", "02:09", "06:58", 0, "03:33", "04:39", "00:00", "00:00", "04:10", "00:09", "00:00", "02:13", "01:43", "03:54", "03:41", "01:38", "01:44", "01:37", "00:00", "02:50", "00:00", "00:09", 0, "08:00"], "EV": ["13:24", "14:26", "16:16", "07:23", "16:30", "11:35", "10:48", "11:27", "10:30", "11:31", "12:19", "10:12", "10:04", "10:54", "18:40", "10:06", "14:14", "14:51", "45:02", 0, "16:17", "14:44", "12:40", "12:50", "12:55", "10:47", "12:21", "05:35", "15:47", "14:12", "14:10", "17:02", "15:08", "16:37", "08:48", "08:20", "04:45", "13:38", 0, "43:36"], "S": ["6", "2", "2", "1", "3", "2", "2", "1", 0, "3", 0, "4", "1", 0, 0, 0, "5", "3", 0, 0, "1", 0, "1", "5", "1", 0, "3", "1", "1", "1", "1", "4", "1", "1", "1", 0, 0, "3", 0, 0], "A/B": ["4", "1", 0, 0, "1", 0, "1", "3", 0, "1", 0, 0, 0, "1", "2", 0, "1", 0, 0, 0, "1", "2", "1", "1", "1", "1", "2", 0, "2", "3", "1", "2", "1", "1", 0, "2", 0, "2", 0, 0], "MS": ["1", "1", 0, 0, "1", 0, "1", 0, 0, 0, 0, "1", "2", 0, "1", "1", "1", "1", 0, 0, "3", "1", "3", "2", 0, 0, "1", 0, 0, "1", "1", 0, "1", "1", 0, 0, 0, "1", 0, 0], "HT": ["3", 0, 0, "2", 0, "4", 0, "2", "10", "2", "2", "1", "1", "4", "1", "2", "1", 0, 0, 0, "1", "3", 0, "3", "2", "1", "1", 0, "4", "3", 0, "1", "1", "2", "6", "1", "4", 0, 0, 0], "GV": [0, 0, "1", 0, 0, 0, "1", 0, 0, 0, 0, 0, 0, 0, "1", 0, 0, 0, "2", 0, 0, "1", 0, 0, "1", 0, 0, 0, 0, 0, 0, "1", 0, 0, 0, "1", 0, 0, 0, 0], "TK": ["1", 0, 0, 0, 0, 0, 0, 0, "1", 0, "1", 0, 0, 0, 0, 0, "1", "1", 0, 0, 0, "1", 0, "1", "1", 0, 0, 0, "1", "1", "2", 0, "1", 0, 0, 0, 0, 0, 0, 0], "BS": [0, "1", "5", 0, "4", "2", "2", "1", 0, "1", "2", "1", 0, "2", "2", 0, 0, 0, 0, 0, "2", "5", 0, 0, 0, 0, 0, "1", 0, 0, 0, "3", 0, "2", 0, "1", 0, "1", 0, 0], "FW": [0, 0, 0, 0, 0, 0, 0, 0, 0, "9", 0, "1", "1", 0, 0, "1", "4", "12", 0, 0, 0, 0, "8", 0, "13", 0, 0, "1", 0, 0, "1", 0, "14", 0, 0, 0, "2", 0, 0, 0], "FL": [0, 0, 0, 0, 0, 0, 0, 0, 0, "5", 0, "0", "0", 0, 0, "9", "4", "21", 0, 0, 0, 0, "4", 0, "8", 0, 0, "2", 0, 0, "1", 0, "9", 0, 0, 0, "4", 0, 0, 0], "F%": [0, 0, 0, 0, 0, 0, 0, 0, 0, "64", 0, "100", "100", 0, 0, "10", "50", "36", 0, 0, 0, 0, "67", 0, "62", 0, 0, "33", 0, 0, "50", 0, "61", 0, 0, 0, "33", 0, 0, 0], "team": ["PITTSBURGH PENGUINS ", "PITTSBURGH PENGUINS ", "PITTSBURGH PENGUINS ", "PITTSBURGH PENGUINS ", "PITTSBURGH PENGUINS ", "PITTSBURGH PENGUINS ", "PITTSBURGH PENGUINS ", "PITTSBURGH PENGUINS ", "PITTSBURGH PENGUINS ", "PITTSBURGH PENGUINS ", "PITTSBURGH PENGUINS ", "PITTSBURGH PENGUINS ", "PITTSBURGH PENGUINS ", "PITTSBURGH PENGUINS ", "PITTSBURGH PENGUINS ", "PITTSBURGH PENGUINS ", "PITTSBURGH PENGUINS ", "PITTSBURGH PENGUINS ", "PITTSBURGH PENGUINS ", "PITTSBURGH PENGUINS ", "PHILADELPHIA FLYERS ", "PHILADELPHIA FLYERS ", "PHILADELPHIA FLYERS ", "PHILADELPHIA FLYERS ", "PHILADELPHIA FLYERS ", "PHILADELPHIA FLYERS ", "PHILADELPHIA FLYERS ", "PHILADELPHIA FLYERS ", "PHILADELPHIA FLYERS ", "PHILADELPHIA FLYERS ", "PHILADELPHIA FLYERS ", "PHILADELPHIA FLYERS ", "PHILADELPHIA FLYERS ", "PHILADELPHIA FLYERS ", "PHILADELPHIA FLYERS ", "PHILADELPHIA FLYERS ", "PHILADELPHIA FLYERS ", "PHILADELPHIA FLYERS ", "PHILADELPHIA FLYERS ", "PHILADELPHIA FLYERS "], "GA": [0, 0, 0, 0, 0, 0, 0, 0, 0, 0, 0, 0, 0, 0, 0, 0, 0, 0, "1", 0, 0, 0, 0, 0, 0, 0, 0, 0, 0, 0, 0, 0, 0, 0, 0, 0, 0, 0, 0, "3"], "SA": [0, 0, 0, 0, 0, 0, 0, 0, 0, 0, 0, 0, 0, 0, 0, 0, 0, 0, "25", 0, 0, 0, 0, 0, 0, 0, 0, 0, 0, 0, 0, 0, 0, 0, 0, 0, 0, 0, 0, "34"]}}