{"game_info": {"date": "2014-01-07", "visitor": "TAMPA BAY LIGHTNING ", "home": "WINNIPEG JETS ", "game_id": 651, "status": "final"}, "player_stats": {"number": ["2", "6", "7", "8", "9", "12", "16", "17", "18", "19", "22", "25", "26", "44", "51", "71", "77", "86", "31", "39", "2", "5", "8", "9", "12", "16", "17", "18", "22", "26", "27", "33", "39", "40", "44", "55", "58", "67", "31", "35"], "position": ["D", "D", "D", "D", "C", "L", "R", "C", "L", "R", "D", "D", "R", "C", "C", "R", "D", "R", "G", "G", "D", "D", "D", "L", "C", "L", "C", "C", "R", "R", "L", "D", "D", "R", "D", "C", "C", "R", "G", "G"], "name": ["BREWER, ERIC", "SALO, SAMI", "GUDAS, RADKO", "BARBERIO, MARK", "JOHNSON, TYLER", "MALONE, RYAN", "PURCELL, TEDDY", "KILLORN, ALEX", "PALAT, ONDREJ", "CROMBEEN, B.J.", "COTE, JEAN-PHILIPPE", "CARLE, MATTHEW", "ST. LOUIS, MARTIN", "THOMPSON, NATE", "FILPPULA, VALTTERI", "PANIK, RICHARD", "HEDMAN, VICTOR", "KUCHEROV, NIKITA", "DESJARDINS, CEDRICK", "LINDBACK, ANDERS", "PARDY, ADAM", "STUART, MARK", "TROUBA, JACOB", "KANE, EVANDER", "JOKINEN, OLLI", "LADD, ANDREW", "WRIGHT, JAMES", "LITTLE, BRYAN", "THORBURN, CHRIS", "WHEELER, BLAKE", "TANGRADI, ERIC", "BYFUGLIEN, DUSTIN", "ENSTROM, TOBIAS", "SETOGUCHI, DEVIN", "BOGOSIAN, ZACH", "SCHEIFELE, MARK", "O'DELL, ERIC", "FROLIK, MICHAEL", "PAVELEC, ONDREJ", "MONTOYA, AL"], "G": [0, 0, 0, 0, 0, 0, 0, 0, "1", 0, 0, 0, "2", 0, "1", 0, 0, 0, 0, 0, 0, 0, 0, 0, "1", 0, 0, 0, 0, 0, 0, "1", 0, 0, 0, 0, 0, 0, 0, 0], "A": [0, 0, 0, 0, 0, 0, "2", "2", 0, 0, 0, "1", 0, 0, 0, 0, "1", "1", 0, 0, 0, 0, 0, 0, 0, 0, 0, 0, 0, "1", 0, "1", 0, 0, 0, "1", 0, 0, "1", 0], "P": [0, 0, 0, 0, 0, 0, "2", "2", "1", 0, 0, "1", "2", 0, "1", 0, "1", "1", 0, 0, 0, 0, 0, 0, "1", 0, 0, 0, 0, "1", 0, "2", 0, 0, 0, "1", 0, 0, "1", 0], "+/-": [0, "+1", "+1", "+1", 0, 0, "+1", "+2", "+2", 0, 0, "+3", "+1", "+1", "+1", 0, 0, "+1", 0, 0, 0, "-1", 0, 0, "-3", 0, 0, 0, "-1", "-1", "-1", "-2", "-1", "-1", "-2", "-1", 0, "-2", 0, 0], "PN": ["3", 0, "1", "1", 0, "1", 0, 0, 0, "1", "1", 0, 0, 0, "1", 0, "2", 0, 0, "1", 0, "1", 0, "2", 0, "1", 0, 0, "1", "3", 0, "2", "1", 0, 0, 0, 0, "1", 0, 0], "PIM": ["9", 0, "2", "2", 0, "5", 0, 0, 0, "5", "2", 0, 0, 0, "2", 0, "4", 0, 0, "2", 0, "5", 0, "7", 0, "2", 0, 0, "5", "6", 0, "4", "2", 0, 0, 0, 0, "2", 0, 0], "TOT": ["13:23", "18:00", "17:43", "10:16", "23:51", "04:35", "19:48", "17:14", "20:29", "07:39", "08:17", "20:32", "24:27", "14:48", "20:16", "10:36", "25:52", "14:38", 0, "60:00", "11:49", "17:37", "19:29", "22:11", "15:21", "19:44", "14:12", "20:28", "04:46", "16:13", "09:58", "21:44", "25:55", "05:35", "23:39", "21:16", "02:18", "17:15", "59:39", 0], "SHF": ["21", "26", "25", "17", "30", "11", "25", "24", "30", "16", "13", "27", "30", "27", "27", "20", "27", "23", 0, 0, "17", "19", "22", "25", "23", "26", "18", "25", "8", "23", "12", "23", "29", "8", "30", "25", "4", "22", 0, 0], "AVG TOI/SH": ["00:38", "00:41", "00:42", "00:36", "00:47", "00:25", "00:47", "00:43", "00:40", "00:28", "00:38", "00:45", "00:48", "00:32", "00:45", "00:31", "00:57", "00:38", 0, 0, "00:41", "00:55", "00:53", "00:53", "00:40", "00:45", "00:47", "00:49", "00:35", "00:42", "00:49", "00:56", "00:53", "00:41", "00:47", "00:51", "00:34", "00:47", 0, 0], "PP": ["00:02", "02:05", "00:34", "00:53", "07:45", "00:00", "06:42", "01:21", "01:31", "00:05", "00:00", "01:27", "07:49", "00:00", "06:32", "00:00", "07:43", "01:26", 0, "09:11", "00:00", "00:00", "02:06", "03:42", "01:54", "02:01", "00:00", "02:01", "00:00", "03:29", "00:00", "03:44", "03:40", "00:00", "01:56", "04:02", "00:00", "00:00", "05:43", 0], "SH": ["01:49", "02:13", "02:01", "00:00", "02:27", "00:00", "00:00", "00:00", "02:46", "02:05", "01:03", "02:12", "00:58", "02:36", "00:00", "00:34", "01:55", "00:00", 0, "05:43", "00:00", "05:38", "03:52", "03:38", "00:05", "04:06", "03:16", "05:50", "00:00", "00:22", "00:00", "04:59", "02:21", "00:00", "01:32", "00:00", "00:00", "01:05", "09:11", 0], "EV": ["11:32", "13:42", "15:08", "09:23", "13:39", "04:35", "13:06", "15:53", "16:12", "05:29", "07:14", "16:53", "15:40", "12:12", "13:44", "10:02", "16:14", "13:12", 0, "45:06", "11:49", "11:59", "13:31", "14:51", "13:22", "13:37", "10:56", "12:37", "04:46", "12:22", "09:58", "13:01", "19:54", "05:35", "20:11", "17:14", "02:18", "16:10", "44:45", 0], "S": [0, "5", 0, "1", "2", 0, "2", "1", "3", "1", 0, "1", "6", "1", "4", 0, "2", "4", 0, 0, 0, 0, "1", "1", "1", 0, 0, 0, 0, "2", "3", "2", "1", 0, "3", 0, 0, 0, 0, 0], "A/B": [0, "3", "1", 0, "2", 0, "1", "1", 0, 0, "1", "3", 0, "1", "1", 0, "3", 0, 0, 0, "1", 0, "1", "2", 0, 0, 0, 0, 0, 0, 0, "1", "2", "1", "1", "2", 0, "3", 0, 0], "MS": [0, 0, "2", 0, "2", 0, "1", "2", "1", 0, 0, 0, "4", 0, "1", "1", "1", "1", 0, 0, "1", 0, "2", "2", 0, "1", 0, 0, 0, 0, 0, "2", 0, 0, 0, 0, 0, 0, 0, 0], "HT": ["3", 0, "3", 0, 0, 0, 0, 0, "1", "1", "2", 0, 0, "2", 0, "1", "1", 0, 0, 0, 0, "4", "2", "3", "2", 0, "1", "1", 0, 0, 0, "3", 0, 0, "1", "2", 0, 0, 0, 0], "GV": [0, 0, "1", 0, 0, 0, 0, 0, 0, 0, 0, 0, 0, 0, 0, 0, "2", 0, 0, "1", "1", "2", "2", 0, 0, 0, 0, 0, 0, 0, 0, 0, "1", 0, 0, 0, 0, "1", 0, 0], "TK": [0, 0, 0, 0, "1", 0, 0, "1", "3", "1", 0, "1", 0, 0, 0, 0, 0, 0, 0, 0, 0, 0, 0, 0, 0, 0, "1", 0, 0, 0, 0, 0, 0, 0, "1", 0, 0, "2", 0, 0], "BS": ["1", 0, "4", "3", 0, 0, 0, 0, "1", 0, "4", 0, 0, 0, 0, 0, 0, "1", 0, 0, "1", "1", "1", 0, 0, 0, "1", "2", 0, "3", "1", 0, "1", 0, "2", "4", 0, 0, 0, 0], "FW": [0, 0, 0, 0, "19", 0, 0, "3", "1", "1", 0, "0", "2", "9", "6", 0, 0, 0, 0, 0, 0, 0, 0, "1", "6", "2", "2", "10", 0, 0, 0, 0, 0, 0, 0, "12", "2", 0, 0, 0], "FL": [0, 0, 0, 0, "14", 0, 0, "6", "0", "0", 0, "1", "2", "3", "9", 0, 0, 0, 0, 0, 0, 0, 0, "2", "10", "1", "3", "14", 0, 0, 0, 0, 0, 0, 0, "11", "0", 0, 0, 0], "F%": [0, 0, 0, 0, "58", 0, 0, "33", "100", "100", 0, "0", "50", "75", "40", 0, 0, 0, 0, 0, 0, 0, 0, "33", "38", "67", "40", "42", 0, 0, 0, 0, 0, 0, 0, "52", "100", 0, 0, 0], "team": ["TAMPA BAY LIGHTNING ", "TAMPA BAY LIGHTNING ", "TAMPA BAY LIGHTNING ", "TAMPA BAY LIGHTNING ", "TAMPA BAY LIGHTNING ", "TAMPA BAY LIGHTNING ", "TAMPA BAY LIGHTNING ", "TAMPA BAY LIGHTNING ", "TAMPA BAY LIGHTNING ", "TAMPA BAY LIGHTNING ", "TAMPA BAY LIGHTNING ", "TAMPA BAY LIGHTNING ", "TAMPA BAY LIGHTNING ", "TAMPA BAY LIGHTNING ", "TAMPA BAY LIGHTNING ", "TAMPA BAY LIGHTNING ", "TAMPA BAY LIGHTNING ", "TAMPA BAY LIGHTNING ", "TAMPA BAY LIGHTNING ", "TAMPA BAY LIGHTNING ", "WINNIPEG JETS ", "WINNIPEG JETS ", "WINNIPEG JETS ", "WINNIPEG JETS ", "WINNIPEG JETS ", "WINNIPEG JETS ", "WINNIPEG JETS ", "WINNIPEG JETS ", "WINNIPEG JETS ", "WINNIPEG JETS ", "WINNIPEG JETS ", "WINNIPEG JETS ", "WINNIPEG JETS ", "WINNIPEG JETS ", "WINNIPEG JETS ", "WINNIPEG JETS ", "WINNIPEG JETS ", "WINNIPEG JETS ", "WINNIPEG JETS ", "WINNIPEG JETS "], "GA": [0, 0, 0, 0, 0, 0, 0, 0, 0, 0, 0, 0, 0, 0, 0, 0, 0, 0, 0.0, "2", 0, 0, 0, 0, 0, 0, 0, 0, 0, 0, 0, 0, 0, 0, 0, 0, 0, 0, "3", 0], "SA": [0, 0, 0, 0, 0, 0, 0, 0, 0, 0, 0, 0, 0, 0, 0, 0, 0, 0, 0.0, "14", 0, 0, 0, 0, 0, 0, 0, 0, 0, 0, 0, 0, 0, 0, 0, 0, 0, 0, "32", 0]}}