{"game_info": {"date": "2014-01-01", "visitor": "TAMPA BAY LIGHTNING ", "home": "VANCOUVER CANUCKS ", "game_id": 611, "status": "final"}, "player_stats": {"number": ["2", "7", "8", "9", "12", "16", "17", "18", "22", "23", "25", "26", "44", "51", "62", "71", "77", "86", "30", "39", "2", "3", "5", "6", "7", "8", "9", "15", "17", "20", "21", "22", "25", "26", "29", "32", "33", "36", "30", "31"], "position": ["D", "D", "D", "C", "L", "R", "C", "L", "D", "R", "D", "R", "C", "C", "D", "R", "D", "R", "G", "G", "D", "D", "D", "D", "L", "D", "R", "R", "C", "L", "C", "L", "C", "D", "L", "R", "C", "R", "G", "G"], "name": ["BREWER, ERIC", "GUDAS, RADKO", "BARBERIO, MARK", "JOHNSON, TYLER", "MALONE, RYAN", "PURCELL, TEDDY", "KILLORN, ALEX", "PALAT, ONDREJ", "COTE, JEAN-PHILIPPE", "BROWN, J.T.", "CARLE, MATTHEW", "ST. LOUIS, MARTIN", "THOMPSON, NATE", "FILPPULA, VALTTERI", "SUSTR, ANDREJ", "PANIK, RICHARD", "HEDMAN, VICTOR", "KUCHEROV, NIKITA", "BISHOP, BEN", "LINDBACK, ANDERS", "HAMHUIS, DAN", "BIEKSA, KEVIN", "GARRISON, JASON", "WEBER, YANNICK", "BOOTH, DAVID", "TANEV, CHRISTOPHER", "KASSIAN, ZACK", "RICHARDSON, BRAD", "KESLER, RYAN", "HIGGINS, CHRIS", "DALPE, ZAC", "SEDIN, DANIEL", "SANTORELLI, MIKE", "CORRADO, FRANK", "SESTITO, TOM", "WEISE, DALE", "SEDIN, HENRIK", "HANSEN, JANNIK", "ERIKSSON, JOACIM", "LACK, EDDIE"], "G": [0, 0, 0, "1", 0, 0, "1", 0, 0, 0, 0, 0, 0, "1", 0, 0, 0, "1", 0, 0, 0, 0, 0, 0, 0, 0, 0, "1", 0, 0, "1", 0, 0, 0, 0, 0, 0, 0, 0, 0], "A": [0, "1", "1", 0, 0, "1", "1", "1", 0, 0, "1", 0, 0, "1", 0, 0, "1", 0, 0, 0, 0, 0, 0, 0, 0, 0, 0, 0, 0, "1", 0, 0, 0, 0, "1", "1", 0, 0, 0, 0], "P": [0, "1", "1", "1", 0, "1", "2", "1", 0, 0, "1", 0, 0, "2", 0, 0, "1", "1", 0, 0, 0, 0, 0, 0, 0, 0, 0, "1", 0, "1", "1", 0, 0, 0, "1", "1", 0, 0, 0, 0], "+/-": [0, "-1", 0, "+1", "-2", "+2", "+2", "+1", 0, 0, "-2", "+1", "-1", "+1", "+2", "-2", "+3", 0, 0, 0, 0, "-1", "-1", 0, "-1", 0, "-1", 0, "-1", "-1", "+1", 0, "-2", 0, "+1", "+1", 0, 0, 0, 0], "PN": [0, 0, 0, 0, 0, 0, 0, 0, "1", 0, "1", 0, 0, 0, 0, 0, 0, 0, 0, 0, 0, "1", 0, "1", 0, 0, 0, 0, 0, "1", 0, 0, 0, 0, 0, 0, 0, 0, 0, 0], "PIM": [0, 0, 0, 0, 0, 0, 0, 0, "2", 0, "2", 0, 0, 0, 0, 0, 0, 0, 0, 0, 0, "2", 0, "2", 0, 0, 0, 0, 0, "2", 0, 0, 0, 0, 0, 0, 0, 0, 0, 0], "TOT": ["16:29", "20:19", "10:11", "20:14", "09:24", "18:45", "17:44", "17:56", "08:33", "13:11", "21:32", "22:06", "15:25", "24:03", "15:15", "07:48", "24:27", "12:38", "60:00", 0, "29:29", "21:26", "24:53", "13:53", "12:34", "21:17", "12:45", "14:33", "20:07", "14:47", "07:50", "22:26", "16:41", "09:06", "07:33", "07:33", "23:45", "16:11", 0, "57:24"], "SHF": ["20", "24", "14", "25", "13", "21", "21", "25", "14", "18", "27", "29", "21", "26", "20", "12", "25", "18", 0, 0, "34", "27", "32", "22", "15", "28", "16", "19", "25", "24", "12", "23", "21", "12", "10", "10", "23", "21", 0, 0], "AVG TOI/SH": ["00:49", "00:50", "00:43", "00:48", "00:43", "00:53", "00:50", "00:43", "00:36", "00:43", "00:47", "00:45", "00:44", "00:55", "00:45", "00:39", "00:58", "00:42", 0, 0, "00:52", "00:47", "00:46", "00:37", "00:50", "00:45", "00:47", "00:45", "00:48", "00:36", "00:39", "00:58", "00:47", "00:45", "00:45", "00:45", "01:01", "00:46", 0, 0], "PP": ["00:00", "01:31", "00:11", "04:09", "00:11", "03:37", "01:42", "01:59", "00:00", "00:00", "01:52", "03:10", "00:28", "03:55", "00:27", "00:11", "03:51", "01:41", "05:47", 0, "02:25", "01:35", "02:13", "01:35", "00:14", "00:12", "00:00", "00:14", "02:30", "01:39", "00:00", "02:07", "01:39", "00:00", "00:00", "00:00", "02:07", "01:30", 0, "04:00"], "SH": ["01:32", "01:37", "00:12", "00:56", "00:00", "00:00", "00:00", "01:24", "00:25", "02:07", "00:56", "00:57", "02:24", "00:12", "01:41", "00:00", "01:37", "00:00", "04:00", 0, "03:29", "01:59", "02:18", "01:20", "00:00", "01:48", "00:00", "02:17", "01:31", "01:08", "00:00", "02:22", "01:20", "00:40", "00:00", "00:00", "02:30", "00:26", 0, "05:47"], "EV": ["14:57", "17:11", "09:48", "15:09", "09:13", "15:08", "16:02", "14:33", "08:08", "11:04", "18:44", "17:59", "12:33", "19:56", "13:07", "07:37", "18:59", "10:57", "50:13", 0, "23:35", "17:52", "20:22", "10:58", "12:20", "19:17", "12:45", "12:02", "16:06", "12:00", "07:50", "17:57", "13:42", "08:26", "07:33", "07:33", "19:08", "14:15", 0, "47:37"], "S": [0, "1", "1", "3", "1", 0, "3", "4", "1", "1", "3", "1", "2", "3", 0, "1", "5", "3", 0, 0, "3", "1", "2", "4", "3", "2", "1", "2", 0, "2", "1", "2", "1", "1", 0, "1", "2", "2", 0, 0], "A/B": ["2", 0, "1", "1", "1", 0, 0, "1", "2", "2", 0, "1", 0, "1", "1", 0, "1", "1", 0, 0, "1", "1", "2", 0, 0, "1", "1", 0, "1", "1", "1", "1", 0, 0, 0, 0, 0, 0, 0, 0], "MS": [0, 0, 0, "2", 0, "1", "2", "2", 0, 0, 0, 0, "1", "1", 0, 0, 0, 0, 0, 0, "2", "1", "3", "3", "2", "1", "1", 0, "1", 0, "1", "2", 0, "1", "2", 0, "1", 0, 0, 0], "HT": [0, 0, 0, "1", "1", 0, "1", 0, "2", "2", 0, "1", "1", 0, 0, 0, 0, 0, 0, 0, "2", 0, "1", "2", "2", 0, "1", "3", "3", "2", "1", 0, 0, 0, "2", 0, 0, 0, 0, 0], "GV": [0, "1", 0, "1", 0, 0, "1", 0, 0, "1", 0, "1", 0, 0, 0, 0, 0, "2", "1", 0, "1", 0, 0, 0, 0, "1", 0, 0, 0, 0, 0, 0, 0, 0, 0, "1", 0, "1", 0, 0], "TK": [0, 0, 0, "1", 0, "1", 0, 0, 0, 0, "1", 0, 0, 0, 0, 0, "2", "3", "1", 0, "3", 0, "2", 0, "1", 0, 0, 0, 0, 0, 0, 0, 0, 0, 0, 0, 0, "1", 0, 0], "BS": [0, 0, "1", 0, 0, 0, "1", "1", 0, 0, "1", 0, "1", 0, "1", 0, "3", "1", 0, 0, "4", "1", 0, "1", 0, "2", 0, "3", "1", "1", 0, 0, 0, 0, "1", "1", 0, 0, 0, 0], "FW": [0, 0, 0, "4", 0, 0, "1", 0, 0, 0, 0, "2", "8", "13", 0, 0, 0, 0, 0, 0, 0, 0, 0, 0, 0, 0, 0, "7", "8", 0, "8", 0, "2", 0, 0, 0, "10", 0, 0, 0], "FL": [0, 0, 0, "13", 0, 0, "1", 0, 0, 0, 0, "4", "6", "11", 0, 0, 0, 0, 0, 0, 0, 0, 0, 0, 0, 0, 0, "6", "7", 0, "3", 0, "0", 0, 0, 0, "12", 0, 0, 0], "F%": [0, 0, 0, "24", 0, 0, "50", 0, 0, 0, 0, "33", "57", "54", 0, 0, 0, 0, 0, 0, 0, 0, 0, 0, 0, 0, 0, "54", "53", 0, "73", 0, "100", 0, 0, 0, "45", 0, 0, 0], "team": ["TAMPA BAY LIGHTNING ", "TAMPA BAY LIGHTNING ", "TAMPA BAY LIGHTNING ", "TAMPA BAY LIGHTNING ", "TAMPA BAY LIGHTNING ", "TAMPA BAY LIGHTNING ", "TAMPA BAY LIGHTNING ", "TAMPA BAY LIGHTNING ", "TAMPA BAY LIGHTNING ", "TAMPA BAY LIGHTNING ", "TAMPA BAY LIGHTNING ", "TAMPA BAY LIGHTNING ", "TAMPA BAY LIGHTNING ", "TAMPA BAY LIGHTNING ", "TAMPA BAY LIGHTNING ", "TAMPA BAY LIGHTNING ", "TAMPA BAY LIGHTNING ", "TAMPA BAY LIGHTNING ", "TAMPA BAY LIGHTNING ", "TAMPA BAY LIGHTNING ", "VANCOUVER CANUCKS ", "VANCOUVER CANUCKS ", "VANCOUVER CANUCKS ", "VANCOUVER CANUCKS ", "VANCOUVER CANUCKS ", "VANCOUVER CANUCKS ", "VANCOUVER CANUCKS ", "VANCOUVER CANUCKS ", "VANCOUVER CANUCKS ", "VANCOUVER CANUCKS ", "VANCOUVER CANUCKS ", "VANCOUVER CANUCKS ", "VANCOUVER CANUCKS ", "VANCOUVER CANUCKS ", "VANCOUVER CANUCKS ", "VANCOUVER CANUCKS ", "VANCOUVER CANUCKS ", "VANCOUVER CANUCKS ", "VANCOUVER CANUCKS ", "VANCOUVER CANUCKS "], "GA": [0, 0, 0, 0, 0, 0, 0, 0, 0, 0, 0, 0, 0, 0, 0, 0, 0, 0, "2", 0, 0, 0, 0, 0, 0, 0, 0, 0, 0, 0, 0, 0, 0, 0, 0, 0, 0, 0, 0, "4"], "SA": [0, 0, 0, 0, 0, 0, 0, 0, 0, 0, 0, 0, 0, 0, 0, 0, 0, 0, "30", 0, 0, 0, 0, 0, 0, 0, 0, 0, 0, 0, 0, 0, 0, 0, 0, 0, 0, 0, 0, "33"]}}