{"game_info": {"date": "2014-02-06", "visitor": "VANCOUVER CANUCKS ", "home": "MONTREAL CANADIENS ", "game_id": 860, "status": "final"}, "player_stats": {"number": ["5", "7", "9", "14", "15", "17", "18", "20", "21", "22", "23", "24", "26", "29", "36", "44", "45", "47", "1", "31", "6", "8", "11", "14", "17", "21", "22", "26", "40", "48", "49", "51", "53", "67", "74", "76", "79", "81", "30", "31", 0], "position": ["D", "L", "R", "L", "R", "C", "D", "L", "C", "L", "D", "D", "D", "L", "R", "L", "C", "D", "G", "G", "D", "L", "R", "C", "R", "R", "R", "D", "D", "C", "L", "C", "C", "L", "D", "D", "D", "C", "G", "G", 0], "name": ["GARRISON, JASON", "BOOTH, DAVID", "KASSIAN, ZACK", "BURROWS, ALEXANDRE", "RICHARDSON, BRAD", "KESLER, RYAN", "STANTON, RYAN", "HIGGINS, CHRIS", "DALPE, ZAC", "SEDIN, DANIEL", "EDLER, ALEXANDER", "DIAZ, RAPHAEL", "CORRADO, FRANK", "SESTITO, TOM", "HANSEN, JANNIK", "PELLETIER, PASCAL", "SCHROEDER, JORDAN", "SAUVE, YANN", "LUONGO, ROBERTO", "LACK, EDDIE", "MURRAY, DOUGLAS", "PRUST, BRANDON", "GALLAGHER, BRENDAN", "PLEKANEC, TOMAS", "BOURQUE, RENE", "GIONTA, BRIAN", "WEISE, DALE", "GORGES, JOSH", "BEAULIEU, NATHAN", "BRIERE, DANIEL", "BOURNIVAL, MICHAEL", "DESHARNAIS, DAVID", "WHITE, RYAN", "PACIORETTY, MAX", "EMELIN, ALEXEI", "SUBBAN, P.K.", "MARKOV, ANDREI", "ELLER, LARS", "BUDAJ, PETER", "PRICE, CAREY", "TEAM PENALTY"], "G": [0, 0, 0, 0, 0, 0, 0, "1", 0, 0, "1", 0, 0, 0, 0, 0, 0, 0, 0, 0, 0, 0, 0, "1", 0, 0, 0, 0, 0, 0, 0, 0, "1", "3", 0, 0, 0, 0, 0, 0, 0], "A": ["1", 0, 0, "1", 0, 0, 0, 0, 0, 0, 0, "1", 0, 0, 0, 0, "1", 0, 0, 0, 0, 0, "2", 0, 0, 0, "1", 0, 0, 0, "1", "2", 0, 0, "1", "1", "1", 0, 0, 0, 0], "P": ["1", 0, 0, "1", 0, 0, 0, "1", 0, 0, "1", "1", 0, 0, 0, 0, "1", 0, 0, 0, 0, 0, "2", "1", 0, 0, "1", 0, 0, 0, "1", "2", "1", "3", "1", "1", "1", 0, 0, 0, 0], "+/-": [0, "-2", "-2", "-2", "-2", "-2", 0, "-1", 0, "-2", "-3", "-2", "-1", 0, 0, 0, "-1", "-1", 0, 0, "+1", 0, "+3", "+2", 0, 0, "+1", "+1", "+2", 0, "+1", "+2", "+1", "+2", "+1", "+2", "+1", 0, 0, 0, 0], "PN": [0, 0, 0, 0, 0, "1", 0, 0, 0, 0, 0, 0, 0, 0, 0, 0, 0, 0, 0, 0, 0, "1", "1", "1", 0, 0, 0, 0, 0, 0, 0, 0, 0, 0, "1", 0, 0, 0, 0, 0, "1"], "PIM": [0, 0, 0, 0, 0, "2", 0, 0, 0, 0, 0, 0, 0, 0, 0, 0, 0, 0, 0, 0, 0, "2", "2", "2", 0, 0, 0, 0, 0, 0, 0, 0, 0, 0, "2", 0, 0, 0, 0, 0, "2"], "TOT": ["22:43", "14:13", "14:16", "19:35", "17:13", "20:05", "21:47", "17:54", "07:30", "20:30", "23:47", "21:49", "17:28", "07:57", "16:59", "08:12", "17:05", "11:08", "58:42", 0, "16:44", "17:05", "15:56", "19:56", "16:00", "19:18", "10:28", "24:35", "13:50", "11:35", "05:02", "14:51", "08:43", "16:16", "17:42", "25:28", "21:41", "17:18", 0, "59:56", 0], "SHF": ["32", "19", "18", "26", "22", "24", "26", "23", "12", "24", "30", "30", "25", "12", "23", "12", "21", "17", 0, 0, "22", "23", "21", "24", "19", "23", "16", "30", "18", "14", "8", "19", "17", "24", "24", "25", "24", "23", 0, 0, 0], "AVG TOI/SH": ["00:42", "00:44", "00:47", "00:45", "00:46", "00:50", "00:50", "00:46", "00:37", "00:51", "00:47", "00:43", "00:41", "00:39", "00:44", "00:41", "00:48", "00:39", 0, 0, "00:45", "00:44", "00:45", "00:49", "00:50", "00:50", "00:39", "00:49", "00:46", "00:49", "00:37", "00:46", "00:30", "00:40", "00:44", "01:01", "00:54", "00:45", 0, 0, 0], "PP": ["02:36", "00:06", "00:06", "04:50", "00:06", "05:29", "00:06", "02:22", "00:00", "05:13", "05:05", "05:02", "02:33", "00:00", "02:15", "00:00", "02:36", "00:00", "07:41", 0, "00:00", "00:00", "01:07", "00:00", "00:00", "00:00", "00:00", "00:00", "00:00", "00:00", "00:00", "01:07", "00:00", "01:07", "00:00", "01:07", "01:07", "00:00", 0, "01:07", 0], "SH": ["01:07", "00:00", "00:00", "01:07", "00:44", "00:00", "01:07", "00:23", "00:00", "00:00", "00:00", "00:00", "00:00", "00:00", "00:00", "00:00", "00:00", "00:00", "01:07", 0, "04:24", "02:22", "00:00", "04:17", "00:05", "03:03", "00:32", "05:45", "00:00", "00:00", "00:00", "00:00", "02:04", "01:44", "01:56", "01:21", "01:56", "01:15", 0, "07:41", 0], "EV": ["19:00", "14:07", "14:10", "13:38", "16:23", "14:36", "20:34", "15:09", "07:30", "15:17", "18:42", "16:47", "14:55", "07:57", "14:44", "08:12", "14:29", "11:08", "49:54", 0, "12:20", "14:43", "14:49", "15:39", "15:55", "16:15", "09:56", "18:50", "13:50", "11:35", "05:02", "13:44", "06:39", "13:25", "15:46", "23:00", "18:38", "16:03", 0, "51:08", 0], "S": ["2", "5", "3", "2", "2", "3", "3", "2", "3", "3", "8", "2", "1", 0, "3", 0, "2", 0, 0, 0, 0, "3", "2", "4", "2", "1", "1", 0, "1", "1", 0, "1", "2", "6", 0, "1", "2", "2", 0, 0, 0], "A/B": ["1", "1", "1", 0, "1", "2", "1", "2", 0, "1", "5", "1", 0, 0, "2", 0, 0, "1", 0, 0, 0, 0, "1", "2", "2", 0, 0, "1", "2", 0, 0, 0, 0, 0, "3", "2", "1", 0, 0, 0, 0], "MS": ["1", "1", 0, "1", 0, "1", 0, "2", 0, 0, "1", "1", "1", 0, "1", 0, "1", 0, 0, 0, "1", "1", "2", 0, 0, "1", 0, 0, 0, 0, 0, 0, 0, "3", "1", 0, 0, 0, 0, 0, 0], "HT": ["2", "7", 0, "1", "2", "1", 0, 0, "1", 0, "4", "1", 0, "4", "2", "3", 0, "1", 0, 0, "2", "1", 0, "1", "3", 0, "2", "2", 0, 0, 0, 0, "3", "2", "3", "1", 0, "1", 0, 0, 0], "GV": ["1", 0, 0, 0, 0, 0, "1", 0, 0, "2", "3", 0, 0, "1", 0, 0, 0, 0, 0, 0, 0, 0, 0, 0, "1", 0, 0, "1", 0, "2", 0, 0, 0, "1", 0, "3", 0, "1", 0, 0, 0], "TK": [0, 0, 0, "1", 0, 0, 0, 0, 0, "2", "1", "1", 0, 0, 0, 0, "1", 0, 0, 0, 0, "1", 0, 0, 0, 0, 0, 0, 0, 0, 0, 0, 0, 0, 0, 0, "1", 0, 0, 0, 0], "BS": ["3", 0, 0, "1", 0, 0, "1", "1", 0, "1", "1", "2", "2", "1", 0, 0, 0, "1", 0, 0, "4", "1", "1", 0, "1", "2", "1", "3", 0, "1", 0, 0, 0, 0, "2", "1", "2", 0, 0, 0, 0], "FW": [0, 0, 0, 0, "9", "18", 0, 0, "0", 0, 0, 0, 0, 0, "1", 0, "8", 0, 0, 0, 0, 0, "0", "10", 0, 0, 0, 0, 0, 0, "2", "5", "6", "1", 0, 0, 0, "9", 0, 0, 0], "FL": [0, 0, 0, 0, "5", "12", 0, 0, "5", 0, 0, 0, 0, 0, "0", 0, "11", 0, 0, 0, 0, 0, "1", "16", 0, 0, 0, 0, 0, 0, "2", "10", "2", "0", 0, 0, 0, "5", 0, 0, 0], "F%": [0, 0, 0, 0, "64", "60", 0, 0, "0", 0, 0, 0, 0, 0, "100", 0, "42", 0, 0, 0, 0, 0, "0", "38", 0, 0, 0, 0, 0, 0, "50", "33", "75", "100", 0, 0, 0, "64", 0, 0, 0], "team": ["VANCOUVER CANUCKS ", "VANCOUVER CANUCKS ", "VANCOUVER CANUCKS ", "VANCOUVER CANUCKS ", "VANCOUVER CANUCKS ", "VANCOUVER CANUCKS ", "VANCOUVER CANUCKS ", "VANCOUVER CANUCKS ", "VANCOUVER CANUCKS ", "VANCOUVER CANUCKS ", "VANCOUVER CANUCKS ", "VANCOUVER CANUCKS ", "VANCOUVER CANUCKS ", "VANCOUVER CANUCKS ", "VANCOUVER CANUCKS ", "VANCOUVER CANUCKS ", "VANCOUVER CANUCKS ", "VANCOUVER CANUCKS ", "VANCOUVER CANUCKS ", "VANCOUVER CANUCKS ", "MONTREAL CANADIENS ", "MONTREAL CANADIENS ", "MONTREAL CANADIENS ", "MONTREAL CANADIENS ", "MONTREAL CANADIENS ", "MONTREAL CANADIENS ", "MONTREAL CANADIENS ", "MONTREAL CANADIENS ", "MONTREAL CANADIENS ", "MONTREAL CANADIENS ", "MONTREAL CANADIENS ", "MONTREAL CANADIENS ", "MONTREAL CANADIENS ", "MONTREAL CANADIENS ", "MONTREAL CANADIENS ", "MONTREAL CANADIENS ", "MONTREAL CANADIENS ", "MONTREAL CANADIENS ", "MONTREAL CANADIENS ", "MONTREAL CANADIENS ", "MONTREAL CANADIENS "], "GA": [0, 0, 0, 0, 0, 0, 0, 0, 0, 0, 0, 0, 0, 0, 0, 0, 0, 0, "4", 0, 0, 0, 0, 0, 0, 0, 0, 0, 0, 0, 0, 0, 0, 0, 0, 0, 0, 0, 0, "2", 0], "SA": [0, 0, 0, 0, 0, 0, 0, 0, 0, 0, 0, 0, 0, 0, 0, 0, 0, 0, "28", 0, 0, 0, 0, 0, 0, 0, 0, 0, 0, 0, 0, 0, 0, 0, 0, 0, 0, 0, 0, "44", 0]}}