{"game_info": {"date": "2013-10-21", "visitor": "CALGARY FLAMES ", "home": "LOS ANGELES KINGS ", "game_id": 128, "status": "final"}, "player_stats": {"number": ["4", "5", "6", "7", "8", "11", "13", "16", "17", "20", "22", "23", "24", "38", "39", "44", "47", "55", "31", "35", "2", "6", "8", "10", "11", "13", "14", "17", "21", "22", "23", "24", "26", "28", "33", "44", "74", "77", "32", "54"], "position": ["D", "D", "D", "D", "C", "C", "L", "R", "L", "L", "R", "C", "C", "C", "L", "D", "L", "D", "G", "G", "D", "D", "D", "C", "C", "L", "R", "L", "R", "C", "L", "C", "D", "C", "D", "D", "L", "C", "G", "G"], "name": ["RUSSELL, KRIS", "GIORDANO, MARK", "WIDEMAN, DENNIS", "BRODIE, TJ", "COLBORNE, JOE", "BACKLUND, MIKAEL", "CAMMALLERI, MIKE", "MCGRATTAN, BRIAN", "BOUMA, LANCE", "GLENCROSS, CURTIS", "STEMPNIAK, LEE", "MONAHAN, SEAN", "HUDLER, JIRI", "STREET, BEN", "GALIARDI, TJ", "BUTLER, CHRIS", "BAERTSCHI, SVEN", "O'BRIEN, SHANE", "RAMO, KARRI", "MACDONALD, JOEY", "GREENE, MATT", "MUZZIN, JAKE", "DOUGHTY, DREW", "RICHARDS, MIKE", "KOPITAR, ANZE", "CLIFFORD, KYLE", "WILLIAMS, JUSTIN", "CARCILLO, DANIEL", "FRATTIN, MATT", "LEWIS, TREVOR", "BROWN, DUSTIN", "FRASER, COLIN", "VOYNOV, SLAVA", "STOLL, JARRET", "MITCHELL, WILLIE", "REGEHR, ROBYN", "KING, DWIGHT", "CARTER, JEFF", "QUICK, JONATHAN", "SCRIVENS, BEN"], "G": [0, 0, 0, "1", 0, 0, "1", 0, 0, 0, 0, "1", 0, 0, 0, 0, 0, 0, 0, 0, 0, 0, "1", 0, 0, 0, 0, 0, 0, 0, 0, 0, 0, 0, 0, 0, 0, "1", 0, 0], "A": [0, "2", 0, 0, 0, 0, "1", 0, 0, 0, "1", 0, "2", 0, 0, 0, 0, 0, 0, 0, 0, 0, 0, "1", 0, 0, "1", 0, 0, 0, "1", 0, 0, 0, 0, 0, 0, 0, 0, 0], "P": [0, "2", 0, "1", 0, 0, "2", 0, 0, 0, "1", "1", "2", 0, 0, 0, 0, 0, 0, 0, 0, 0, "1", "1", 0, 0, "1", 0, 0, 0, "1", 0, 0, 0, 0, 0, 0, "1", 0, 0], "+/-": [0, "-1", "-1", 0, 0, 0, "-1", 0, 0, 0, 0, "-1", "-1", 0, 0, 0, 0, 0, 0, 0, "+1", 0, 0, "+1", 0, 0, 0, 0, 0, 0, 0, 0, 0, 0, "+1", 0, 0, "+1", 0, 0], "PN": [0, 0, 0, 0, 0, 0, 0, 0, 0, "1", "1", 0, 0, 0, 0, 0, "1", 0, 0, 0, 0, 0, "1", 0, "1", "1", 0, "1", 0, 0, 0, 0, 0, 0, 0, "1", 0, "1", 0, 0], "PIM": [0, 0, 0, 0, 0, 0, 0, 0, 0, "2", "2", 0, 0, 0, 0, 0, "2", 0, 0, 0, 0, 0, "2", 0, "2", "2", 0, "2", 0, 0, 0, 0, 0, 0, 0, "2", 0, "2", 0, 0], "TOT": ["20:58", "28:32", "29:22", "19:41", "12:16", "17:32", "16:33", "02:58", "06:52", "18:56", "16:21", "21:11", "23:35", "06:09", "17:37", "12:56", "14:32", "08:31", "59:44", 0, "18:25", "12:25", "24:58", "16:23", "19:53", "09:16", "15:48", "10:43", "11:45", "14:08", "18:08", "09:59", "20:43", "15:16", "24:43", "19:12", "12:29", "16:36", "59:41", 0], "SHF": ["34", "38", "36", "34", "17", "27", "25", "6", "14", "27", "25", "24", "24", "13", "26", "25", "18", "16", 0, 0, "29", "21", "36", "27", "28", "13", "25", "16", "17", "24", "26", "15", "27", "25", "31", "30", "22", "29", 0, 0], "AVG TOI/SH": ["00:37", "00:45", "00:48", "00:34", "00:43", "00:38", "00:39", "00:29", "00:29", "00:42", "00:39", "00:52", "00:58", "00:28", "00:40", "00:31", "00:48", "00:31", 0, 0, "00:38", "00:35", "00:41", "00:36", "00:42", "00:42", "00:37", "00:40", "00:41", "00:35", "00:41", "00:39", "00:46", "00:36", "00:47", "00:38", "00:34", "00:34", 0, 0], "PP": ["02:01", "06:29", "07:28", "03:00", "01:54", "00:07", "06:29", "00:00", "00:00", "03:14", "03:00", "06:00", "07:28", "00:00", "00:00", "00:00", "00:15", "00:00", "09:29", 0, "01:00", "02:21", "04:16", "02:31", "03:21", "00:32", "02:41", "00:42", "01:09", "00:00", "02:58", "00:32", "02:39", "00:32", "01:12", "00:00", "00:00", "02:14", "05:44", 0], "SH": ["01:59", "03:45", "03:45", "00:00", "00:00", "02:17", "00:00", "00:00", "02:42", "00:00", "01:03", "00:09", "00:09", "02:52", "02:16", "01:59", "00:00", "00:00", "05:44", 0, "06:58", "00:00", "02:20", "02:33", "01:54", "00:00", "00:00", "00:00", "00:00", "04:35", "01:43", "00:00", "01:10", "04:39", "07:09", "01:21", "01:22", "02:12", "09:29", 0], "EV": ["16:58", "18:18", "18:09", "16:41", "10:22", "15:08", "10:04", "02:58", "04:10", "15:42", "12:18", "15:02", "15:58", "03:17", "15:21", "10:57", "14:17", "08:31", "44:31", 0, "10:27", "10:04", "18:22", "11:19", "14:38", "08:44", "13:07", "10:01", "10:36", "09:33", "13:27", "09:27", "16:54", "10:05", "16:22", "17:51", "11:07", "12:10", "44:28", 0], "S": [0, "1", "2", "2", "2", "1", "3", "1", 0, 0, "3", "3", "1", "1", 0, "3", "1", "1", 0, 0, 0, "1", "1", "2", "4", "1", "2", "4", "1", "3", "1", "1", "2", "2", 0, "1", 0, "3", 0, 0], "A/B": ["1", "1", "2", 0, 0, "2", 0, 0, 0, "1", 0, 0, 0, 0, "1", 0, "1", 0, 0, 0, "1", "1", "1", "1", "2", "1", "1", "1", "2", 0, "1", 0, 0, 0, "3", 0, 0, "2", 0, 0], "MS": ["1", 0, "3", 0, "1", "2", "1", "1", 0, 0, "1", 0, "1", 0, "1", 0, "1", 0, 0, 0, "1", "2", 0, "2", 0, 0, "2", 0, 0, "2", 0, "1", 0, 0, "1", "1", 0, 0, 0, 0], "HT": ["3", 0, "2", "1", "3", 0, "1", "2", "1", 0, "5", "1", 0, "2", "1", 0, "2", "1", 0, 0, "2", "1", "3", 0, "1", "3", "2", "2", "4", "2", "3", "2", "1", "2", 0, "5", 0, "2", 0, 0], "GV": [0, 0, 0, 0, 0, 0, "1", 0, 0, "1", 0, 0, 0, "1", 0, 0, 0, 0, "2", 0, "2", 0, 0, 0, 0, "1", "3", "2", 0, 0, "2", 0, "2", 0, 0, "1", 0, 0, "1", 0], "TK": ["2", 0, 0, 0, 0, 0, 0, 0, 0, 0, 0, 0, "1", 0, "1", 0, 0, 0, 0, 0, 0, 0, 0, 0, 0, 0, 0, 0, "1", 0, "1", 0, 0, "1", 0, 0, 0, 0, 0, 0], "BS": ["4", "4", 0, "1", "1", "1", 0, "1", "2", 0, 0, "1", 0, 0, "1", "1", 0, 0, 0, 0, "4", 0, "2", 0, 0, 0, 0, 0, 0, "1", 0, 0, "1", 0, "1", 0, 0, 0, 0, 0], "FW": [0, 0, 0, 0, "2", "6", "7", 0, 0, 0, 0, "7", 0, "3", 0, 0, 0, 0, 0, 0, 0, 0, 0, "10", "14", 0, 0, 0, 0, 0, 0, "6", 0, "12", 0, 0, 0, "2", 0, 0], "FL": [0, 0, 0, 0, "8", "13", "2", 0, 0, 0, 0, "14", 0, "7", 0, 0, 0, 0, 0, 0, 0, 0, 0, "5", "8", 0, 0, 0, 0, 0, 0, "1", 0, "9", 0, 0, 0, "2", 0, 0], "F%": [0, 0, 0, 0, "20", "32", "78", 0, 0, 0, 0, "33", 0, "30", 0, 0, 0, 0, 0, 0, 0, 0, 0, "67", "64", 0, 0, 0, 0, 0, 0, "86", 0, "57", 0, 0, 0, "50", 0, 0], "team": ["CALGARY FLAMES ", "CALGARY FLAMES ", "CALGARY FLAMES ", "CALGARY FLAMES ", "CALGARY FLAMES ", "CALGARY FLAMES ", "CALGARY FLAMES ", "CALGARY FLAMES ", "CALGARY FLAMES ", "CALGARY FLAMES ", "CALGARY FLAMES ", "CALGARY FLAMES ", "CALGARY FLAMES ", "CALGARY FLAMES ", "CALGARY FLAMES ", "CALGARY FLAMES ", "CALGARY FLAMES ", "CALGARY FLAMES ", "CALGARY FLAMES ", "CALGARY FLAMES ", "LOS ANGELES KINGS ", "LOS ANGELES KINGS ", "LOS ANGELES KINGS ", "LOS ANGELES KINGS ", "LOS ANGELES KINGS ", "LOS ANGELES KINGS ", "LOS ANGELES KINGS ", "LOS ANGELES KINGS ", "LOS ANGELES KINGS ", "LOS ANGELES KINGS ", "LOS ANGELES KINGS ", "LOS ANGELES KINGS ", "LOS ANGELES KINGS ", "LOS ANGELES KINGS ", "LOS ANGELES KINGS ", "LOS ANGELES KINGS ", "LOS ANGELES KINGS ", "LOS ANGELES KINGS ", "LOS ANGELES KINGS ", "LOS ANGELES KINGS "], "GA": [0, 0, 0, 0, 0, 0, 0, 0, 0, 0, 0, 0, 0, 0, 0, 0, 0, 0, "2", 0, 0, 0, 0, 0, 0, 0, 0, 0, 0, 0, 0, 0, 0, 0, 0, 0, 0, 0, "3", 0], "SA": [0, 0, 0, 0, 0, 0, 0, 0, 0, 0, 0, 0, 0, 0, 0, 0, 0, 0, "29", 0, 0, 0, 0, 0, 0, 0, 0, 0, 0, 0, 0, 0, 0, 0, 0, 0, 0, 0, "25", 0]}}