{"game_info": {"date": "2014-03-07", "visitor": "NEW JERSEY DEVILS ", "home": "DETROIT RED WINGS ", "game_id": 949, "status": "final"}, "player_stats": {"number": ["2", "6", "7", "8", "11", "12", "14", "15", "17", "18", "19", "20", "22", "24", "26", "29", "34", "68", "30", "35", "2", "4", "8", "11", "14", "15", "17", "18", "20", "21", "26", "27", "41", "44", "52", "55", "65", "93", "35", "50"], "position": ["D", "D", "D", "C", "R", "C", "C", "R", "R", "R", "C", "C", "D", "D", "L", "L", "D", "R", "G", "G", "D", "D", "L", "R", "C", "C", "C", "C", "L", "C", "R", "D", "C", "R", "D", "D", "D", "C", "G", "G"], "name": ["ZIDLICKY, MAREK", "GREENE, ANDY", "FAYNE, MARK", "ZUBRUS, DAINIUS", "GIONTA, STEPHEN", "BRUNNER, DAMIEN", "HENRIQUE, ADAM", "RUUTU, TUOMO", "RYDER, MICHAEL", "BERNIER, STEVE", "ZAJAC, TRAVIS", "CARTER, RYAN", "GELINAS, ERIC", "SALVADOR, BRYCE", "ELIAS, PATRIK", "CLOWE, RYANE", "MERRILL, JON", "JAGR, JAROMIR", "BRODEUR, MARTIN", "SCHNEIDER, CORY", "SMITH, BRENDAN", "KINDL, JAKUB", "ABDELKADER, JUSTIN", "ALFREDSSON, DANIEL", "NYQUIST, GUSTAV", "SHEAHAN, RILEY", "LEGWAND, DAVID", "ANDERSSON, JOAKIM", "MILLER, DREW", "TATAR, TOMAS", "JURCO, TOMAS", "QUINCEY, KYLE", "GLENDENING, LUKE", "BERTUZZI, TODD", "ERICSSON, JONATHAN", "KRONWALL, NIKLAS", "DEKEYSER, DANNY", "FRANZEN, JOHAN", "HOWARD, JIMMY", "GUSTAVSSON, JONAS"], "G": [0, 0, 0, 0, 0, 0, "2", 0, 0, 0, 0, 0, 0, 0, "1", 0, 0, "1", 0, 0, "1", 0, 0, 0, "1", 0, "1", 0, "1", 0, 0, "1", 0, 0, 0, 0, 0, "2", 0, 0], "A": ["1", "1", "1", 0, 0, 0, 0, 0, "1", 0, 0, 0, 0, 0, 0, "1", 0, 0, 0, 0, 0, 0, 0, 0, "3", "1", "2", "1", 0, 0, 0, 0, 0, "2", "1", 0, "1", "2", 0, 0], "P": ["1", "1", "1", 0, 0, 0, "2", 0, "1", 0, 0, 0, 0, 0, "1", "1", 0, "1", 0, 0, "1", 0, 0, 0, "4", "1", "3", "1", "1", 0, 0, "1", 0, "2", "1", 0, "1", "4", 0, 0], "+/-": ["-2", 0, "-2", "-2", "-1", "-1", "+2", "-1", 0, 0, "-1", 0, 0, "-2", "+1", "-2", "+2", "-2", 0, 0, "+1", "-1", "-1", 0, "+4", "-1", "+2", 0, "-1", "-1", "-1", "+1", 0, 0, "+1", "+2", "+1", "+4", 0, 0], "PN": [0, 0, "1", 0, 0, 0, 0, 0, 0, 0, "1", 0, 0, 0, 0, 0, "1", 0, 0, 0, 0, 0, 0, 0, 0, 0, "1", 0, 0, 0, 0, 0, 0, "1", "1", 0, 0, 0, 0, 0], "PIM": [0, 0, "2", 0, 0, 0, 0, 0, 0, 0, "2", 0, 0, 0, 0, 0, "2", 0, 0, 0, 0, 0, 0, 0, 0, 0, "2", 0, 0, 0, 0, 0, 0, "2", "2", 0, 0, 0, 0, 0], "TOT": ["17:57", "22:21", "16:20", "14:48", "12:41", "15:00", "18:03", "13:48", "15:40", "11:54", "14:38", "11:27", "20:34", "21:55", "15:55", "18:40", "19:26", "14:23", 0, "60:00", "18:51", "18:27", "14:24", "15:47", "14:28", "14:30", "14:49", "13:27", "16:58", "14:04", "14:35", "19:34", "15:26", "14:24", "18:28", "21:53", "19:03", "14:52", 0, "60:00"], "SHF": ["24", "29", "25", "20", "20", "18", "21", "19", "18", "18", "18", "17", "23", "27", "20", "19", "27", "18", 0, 0, "24", "24", "21", "21", "22", "20", "20", "20", "19", "21", "21", "27", "22", "19", "26", "29", "27", "22", 0, 0], "AVG TOI/SH": ["00:44", "00:46", "00:39", "00:44", "00:38", "00:50", "00:51", "00:43", "00:52", "00:39", "00:48", "00:40", "00:53", "00:48", "00:47", "00:58", "00:43", "00:47", 0, 0, "00:47", "00:46", "00:41", "00:45", "00:39", "00:43", "00:44", "00:40", "00:53", "00:40", "00:41", "00:43", "00:42", "00:45", "00:42", "00:45", "00:42", "00:40", 0, 0], "PP": ["02:27", "03:18", "00:00", "00:00", "00:00", "01:44", "03:13", "00:00", "03:13", "00:00", "02:10", "00:00", "04:14", "00:09", "02:32", "03:13", "00:00", "02:32", 0, "05:45", "00:24", "01:16", "00:00", "02:59", "02:59", "01:16", "01:16", "00:00", "00:00", "01:16", "01:16", "00:24", "00:00", "02:35", "00:00", "02:35", "00:00", "02:59", 0, "04:15"], "SH": ["00:00", "03:28", "00:59", "01:34", "01:33", "00:00", "01:42", "00:53", "00:00", "00:00", "00:18", "00:41", "00:00", "02:52", "01:49", "00:00", "01:11", "00:00", 0, "04:15", "00:43", "00:00", "02:14", "00:12", "00:00", "00:00", "00:11", "02:45", "03:20", "00:00", "00:00", "02:10", "02:37", "00:00", "02:18", "03:35", "02:44", "00:11", 0, "05:45"], "EV": ["15:30", "15:35", "15:21", "13:14", "11:08", "13:16", "13:08", "12:55", "12:27", "11:54", "12:10", "10:46", "16:20", "18:54", "11:34", "15:27", "18:15", "11:51", 0, "50:00", "17:44", "17:11", "12:10", "12:36", "11:29", "13:14", "13:22", "10:42", "13:38", "12:48", "13:19", "17:00", "12:49", "11:49", "16:10", "15:43", "16:19", "11:42", 0, "50:00"], "S": ["2", "3", "3", "1", "1", 0, "3", "1", 0, 0, 0, "1", "4", 0, "2", "1", 0, "3", 0, 0, "2", 0, "3", "2", "8", 0, "3", "2", "1", 0, "2", "1", "1", "2", 0, 0, 0, "6", 0, 0], "A/B": ["1", "2", "1", "1", 0, "1", "5", 0, "2", 0, 0, 0, 0, "1", 0, 0, 0, 0, 0, 0, 0, 0, "1", 0, "1", 0, 0, 0, 0, "2", 0, 0, 0, 0, 0, "1", 0, "1", 0, 0], "MS": [0, "1", 0, 0, 0, "1", 0, "1", 0, "1", 0, 0, 0, 0, 0, 0, 0, "1", 0, 0, "1", 0, "1", "1", "2", 0, 0, 0, "1", 0, 0, 0, 0, "1", "1", 0, 0, 0, 0, 0], "HT": ["1", 0, 0, "3", "4", 0, 0, "3", 0, 0, "1", "1", 0, "1", 0, "1", 0, 0, 0, 0, 0, "1", "2", "3", "1", 0, 0, "1", "4", 0, "2", 0, 0, "1", "2", "3", 0, 0, 0, 0], "GV": ["1", "1", 0, 0, 0, 0, 0, 0, 0, 0, 0, 0, "1", "1", 0, 0, 0, 0, 0, "1", 0, 0, 0, 0, 0, 0, 0, "1", "1", "1", 0, 0, 0, 0, 0, 0, 0, 0, 0, "2"], "TK": [0, 0, 0, 0, 0, 0, "1", 0, "1", 0, 0, 0, 0, 0, 0, 0, 0, 0, 0, 0, "1", 0, 0, 0, "1", 0, 0, 0, 0, 0, "1", "1", "1", 0, 0, 0, 0, "2", 0, 0], "BS": [0, "3", 0, 0, 0, 0, 0, 0, 0, 0, "1", 0, 0, "1", 0, 0, "1", 0, 0, 0, 0, 0, "1", "1", 0, "2", "1", 0, 0, 0, 0, "3", "1", "1", 0, "4", 0, 0, 0, 0], "FW": [0, 0, 0, "7", "3", "0", "4", 0, 0, 0, "4", "0", 0, 0, "5", 0, 0, 0, 0, 0, 0, 0, "1", "0", 0, "9", "10", "15", "1", 0, 0, 0, "5", 0, 0, 0, 0, "3", 0, 0], "FL": [0, 0, 0, "8", "10", "2", "5", 0, 0, 0, "9", "1", 0, 0, "9", 0, 0, 0, 0, 0, 0, 0, "0", "1", 0, "5", "4", "1", "0", 0, 0, 0, "10", 0, 0, 0, 0, "2", 0, 0], "F%": [0, 0, 0, "47", "23", "0", "44", 0, 0, 0, "31", "0", 0, 0, "36", 0, 0, 0, 0, 0, 0, 0, "100", "0", 0, "64", "71", "94", "100", 0, 0, 0, "33", 0, 0, 0, 0, "60", 0, 0], "team": ["NEW JERSEY DEVILS ", "NEW JERSEY DEVILS ", "NEW JERSEY DEVILS ", "NEW JERSEY DEVILS ", "NEW JERSEY DEVILS ", "NEW JERSEY DEVILS ", "NEW JERSEY DEVILS ", "NEW JERSEY DEVILS ", "NEW JERSEY DEVILS ", "NEW JERSEY DEVILS ", "NEW JERSEY DEVILS ", "NEW JERSEY DEVILS ", "NEW JERSEY DEVILS ", "NEW JERSEY DEVILS ", "NEW JERSEY DEVILS ", "NEW JERSEY DEVILS ", "NEW JERSEY DEVILS ", "NEW JERSEY DEVILS ", "NEW JERSEY DEVILS ", "NEW JERSEY DEVILS ", "DETROIT RED WINGS ", "DETROIT RED WINGS ", "DETROIT RED WINGS ", "DETROIT RED WINGS ", "DETROIT RED WINGS ", "DETROIT RED WINGS ", "DETROIT RED WINGS ", "DETROIT RED WINGS ", "DETROIT RED WINGS ", "DETROIT RED WINGS ", "DETROIT RED WINGS ", "DETROIT RED WINGS ", "DETROIT RED WINGS ", "DETROIT RED WINGS ", "DETROIT RED WINGS ", "DETROIT RED WINGS ", "DETROIT RED WINGS ", "DETROIT RED WINGS ", "DETROIT RED WINGS ", "DETROIT RED WINGS "], "GA": [0, 0, 0, 0, 0, 0, 0, 0, 0, 0, 0, 0, 0, 0, 0, 0, 0, 0, 0.0, "7", 0, 0, 0, 0, 0, 0, 0, 0, 0, 0, 0, 0, 0, 0, 0, 0, 0, 0, 0, "4"], "SA": [0, 0, 0, 0, 0, 0, 0, 0, 0, 0, 0, 0, 0, 0, 0, 0, 0, 0, 0.0, "33", 0, 0, 0, 0, 0, 0, 0, 0, 0, 0, 0, 0, 0, 0, 0, 0, 0, 0, 0, "25"]}}