{"game_info": {"date": "2014-01-09", "visitor": "DALLAS STARS ", "home": "NEW JERSEY DEVILS ", "game_id": 661, "status": "final"}, "player_stats": {"number": ["4", "6", "10", "11", "12", "13", "14", "16", "17", "20", "23", "24", "33", "38", "43", "55", "72", "91", "30", "32", "2", "6", "7", "8", "9", "11", "14", "15", "17", "18", "19", "20", "22", "24", "28", "29", "34", "68", "30", "35"], "position": ["D", "D", "C", "C", "R", "L", "L", "C", "C", "C", "D", "D", "D", "L", "R", "D", "L", "C", "G", "G", "D", "D", "D", "C", "R", "R", "C", "C", "R", "R", "C", "C", "D", "D", "D", "L", "D", "R", "G", "G"], "name": ["DILLON, BRENDEN", "DALEY, TREVOR", "HORCOFF, SHAWN", "JEFFREY, DUSTIN", "CHIASSON, ALEX", "WHITNEY, RAY", "BENN, JAMIE", "GARBUTT, RYAN", "PEVERLEY, RICH", "EAKIN, CODY", "CONNAUTON, KEVIN", "BENN, JORDIE", "GOLIGOSKI, ALEX", "FIDDLER, VERNON", "NICHUSHKIN, VALERI", "GONCHAR, SERGEI", "COLE, ERIK", "SEGUIN, TYLER", "ELLIS, DAN", "LEHTONEN, KARI", "ZIDLICKY, MAREK", "GREENE, ANDY", "FAYNE, MARK", "ZUBRUS, DAINIUS", "SISLO, MIKE", "GIONTA, STEPHEN", "HENRIQUE, ADAM", "BOUCHER, REID", "RYDER, MICHAEL", "BERNIER, STEVE", "ZAJAC, TRAVIS", "CARTER, RYAN", "GELINAS, ERIC", "SALVADOR, BRYCE", "VOLCHENKOV, ANTON", "CLOWE, RYANE", "MERRILL, JON", "JAGR, JAROMIR", "BRODEUR, MARTIN", "SCHNEIDER, CORY"], "G": [0, 0, 0, 0, 0, 0, 0, 0, 0, 0, 0, 0, 0, 0, 0, 0, 0, 0, 0, 0, 0, 0, 0, 0, 0, 0, 0, 0, "1", 0, 0, 0, 0, 0, 0, 0, 0, 0, 0, 0], "A": [0, 0, 0, 0, 0, 0, 0, 0, 0, 0, 0, 0, 0, 0, 0, 0, 0, 0, 0, 0, 0, 0, 0, 0, 0, 0, 0, 0, 0, 0, "1", 0, 0, 0, 0, "1", 0, 0, 0, 0], "P": [0, 0, 0, 0, 0, 0, 0, 0, 0, 0, 0, 0, 0, 0, 0, 0, 0, 0, 0, 0, 0, 0, 0, 0, 0, 0, 0, 0, "1", 0, "1", 0, 0, 0, 0, "1", 0, 0, 0, 0], "+/-": ["-1", "-1", 0, "-1", 0, 0, 0, 0, 0, "-1", 0, 0, 0, 0, "-1", 0, 0, 0, 0, 0, "+1", 0, 0, 0, 0, 0, 0, 0, "+1", 0, "+1", 0, "+1", 0, 0, "+1", 0, 0, 0, 0], "PN": [0, 0, 0, 0, 0, 0, 0, 0, 0, 0, 0, "2", 0, 0, 0, 0, 0, 0, 0, 0, 0, 0, 0, 0, 0, "1", 0, 0, 0, 0, 0, 0, 0, "1", 0, 0, 0, 0, 0, 0], "PIM": [0, 0, 0, 0, 0, 0, 0, 0, 0, 0, 0, "4", 0, 0, 0, 0, 0, 0, 0, 0, 0, 0, 0, 0, 0, "4", 0, 0, 0, 0, 0, 0, 0, "2", 0, 0, 0, 0, 0, 0], "TOT": ["19:52", "20:40", "08:34", "08:38", "14:37", "11:43", "19:18", "12:56", "18:19", "17:54", "13:21", "17:36", "24:34", "12:36", "17:21", "18:45", "19:31", "20:20", 0, "59:25", "17:04", "21:14", "16:41", "21:38", "03:58", "16:44", "18:06", "05:32", "16:00", "13:21", "24:11", "16:04", "08:49", "19:41", "20:28", "17:09", "16:22", "20:58", 0, "60:00"], "SHF": ["23", "22", "11", "9", "18", "16", "25", "16", "25", "24", "16", "21", "26", "18", "20", "24", "20", "23", 0, 0, "22", "27", "23", "28", "8", "25", "26", "9", "20", "17", "31", "20", "11", "25", "24", "21", "20", "24", 0, 0], "AVG TOI/SH": ["00:51", "00:56", "00:46", "00:57", "00:48", "00:43", "00:46", "00:48", "00:43", "00:44", "00:50", "00:50", "00:56", "00:42", "00:52", "00:46", "00:58", "00:53", 0, 0, "00:46", "00:47", "00:43", "00:46", "00:29", "00:40", "00:41", "00:36", "00:48", "00:47", "00:46", "00:48", "00:48", "00:47", "00:51", "00:49", "00:49", "00:52", 0, 0], "PP": ["00:12", "00:00", "00:12", "00:12", "03:13", "02:35", "03:13", "00:12", "02:35", "02:35", "00:00", "00:12", "03:13", "00:00", "01:58", "02:35", "03:50", "03:13", 0, "06:00", "01:25", "01:25", "00:00", "00:00", "00:00", "00:00", "02:38", "01:25", "02:35", "00:00", "01:25", "00:00", "02:35", "00:00", "00:00", "02:35", "02:35", "01:22", 0, "04:00"], "SH": ["01:15", "02:45", "01:04", "00:00", "00:00", "00:00", "00:51", "02:15", "00:54", "00:57", "00:00", "00:00", "03:08", "01:59", "00:00", "00:52", "00:00", "00:00", 0, "04:00", "00:00", "03:04", "01:37", "02:47", "00:52", "00:48", "02:35", "00:00", "00:00", "00:00", "02:12", "02:46", "00:00", "02:30", "04:23", "00:00", "00:26", "00:00", 0, "06:00"], "EV": ["18:25", "17:55", "07:18", "08:26", "11:24", "09:08", "15:14", "10:29", "14:50", "14:22", "13:21", "17:24", "18:13", "10:37", "15:23", "15:18", "15:41", "17:07", 0, "49:25", "15:39", "16:45", "15:04", "18:51", "03:06", "15:56", "12:53", "04:07", "13:25", "13:21", "20:34", "13:18", "06:14", "17:11", "16:05", "14:34", "13:21", "19:36", 0, "50:00"], "S": [0, 0, "1", 0, "2", 0, "3", "3", "2", "3", 0, "1", "1", "1", "2", "1", 0, "6", 0, 0, "2", 0, "2", "1", "1", "5", "4", 0, "6", 0, "4", "3", "2", 0, 0, "1", "1", "2", 0, 0], "A/B": ["1", "1", 0, 0, 0, "1", "1", 0, "2", "2", 0, "1", "1", 0, "1", "3", "2", "2", 0, 0, 0, 0, 0, 0, 0, 0, 0, 0, 0, 0, 0, 0, "2", "1", "2", 0, 0, 0, 0, 0], "MS": [0, 0, 0, 0, 0, "1", 0, 0, 0, 0, 0, "1", "3", 0, 0, "1", 0, "1", 0, 0, "1", "1", 0, 0, 0, 0, 0, 0, "2", "1", 0, 0, "1", "1", "1", 0, 0, 0, 0, 0], "HT": ["4", 0, 0, 0, "1", 0, 0, 0, "1", "1", "2", "2", "2", 0, 0, "1", 0, "1", 0, 0, "2", 0, "1", 0, 0, 0, 0, 0, 0, "1", 0, 0, 0, 0, "2", "1", "1", 0, 0, 0], "GV": [0, 0, 0, 0, 0, 0, 0, 0, 0, 0, 0, 0, 0, 0, 0, 0, "2", "1", 0, 0, "1", 0, 0, 0, 0, 0, 0, 0, "1", 0, 0, 0, 0, 0, 0, 0, 0, 0, 0, 0], "TK": [0, 0, 0, 0, 0, 0, "3", 0, 0, 0, 0, 0, 0, 0, 0, 0, 0, "2", 0, 0, 0, 0, 0, 0, "1", "2", "1", 0, 0, "1", 0, 0, 0, 0, 0, 0, 0, 0, 0, 0], "BS": [0, 0, "1", 0, 0, 0, 0, "1", 0, "1", 0, 0, 0, "1", "1", 0, 0, 0, 0, 0, "2", "3", "2", 0, 0, 0, 0, 0, 0, 0, "1", "4", "1", "2", "2", 0, "1", 0, 0, 0], "FW": [0, 0, "4", "0", "2", 0, "7", 0, "4", "7", 0, 0, 0, "8", 0, 0, 0, "1", 0, 0, 0, 0, 0, "6", 0, "7", "9", 0, 0, 0, "11", 0, 0, 0, 0, 0, 0, 0, 0, 0], "FL": [0, 0, "2", "1", "2", 0, "8", 0, "4", "7", 0, 0, 0, "6", 0, 0, 0, "3", 0, 0, 0, 0, 0, "6", 0, "9", "9", 0, 0, 0, "9", 0, 0, 0, 0, 0, 0, 0, 0, 0], "F%": [0, 0, "67", "0", "50", 0, "47", 0, "50", "50", 0, 0, 0, "57", 0, 0, 0, "25", 0, 0, 0, 0, 0, "50", 0, "44", "50", 0, 0, 0, "55", 0, 0, 0, 0, 0, 0, 0, 0, 0], "team": ["DALLAS STARS ", "DALLAS STARS ", "DALLAS STARS ", "DALLAS STARS ", "DALLAS STARS ", "DALLAS STARS ", "DALLAS STARS ", "DALLAS STARS ", "DALLAS STARS ", "DALLAS STARS ", "DALLAS STARS ", "DALLAS STARS ", "DALLAS STARS ", "DALLAS STARS ", "DALLAS STARS ", "DALLAS STARS ", "DALLAS STARS ", "DALLAS STARS ", "DALLAS STARS ", "DALLAS STARS ", "NEW JERSEY DEVILS ", "NEW JERSEY DEVILS ", "NEW JERSEY DEVILS ", "NEW JERSEY DEVILS ", "NEW JERSEY DEVILS ", "NEW JERSEY DEVILS ", "NEW JERSEY DEVILS ", "NEW JERSEY DEVILS ", "NEW JERSEY DEVILS ", "NEW JERSEY DEVILS ", "NEW JERSEY DEVILS ", "NEW JERSEY DEVILS ", "NEW JERSEY DEVILS ", "NEW JERSEY DEVILS ", "NEW JERSEY DEVILS ", "NEW JERSEY DEVILS ", "NEW JERSEY DEVILS ", "NEW JERSEY DEVILS ", "NEW JERSEY DEVILS ", "NEW JERSEY DEVILS "], "GA": [0, 0, 0, 0, 0, 0, 0, 0, 0, 0, 0, 0, 0, 0, 0, 0, 0, 0, 0.0, "1", 0, 0, 0, 0, 0, 0, 0, 0, 0, 0, 0, 0, 0, 0, 0, 0, 0, 0, 0, "0"], "SA": [0, 0, 0, 0, 0, 0, 0, 0, 0, 0, 0, 0, 0, 0, 0, 0, 0, 0, 0.0, "34", 0, 0, 0, 0, 0, 0, 0, 0, 0, 0, 0, 0, 0, 0, 0, 0, 0, 0, 0, "26"]}}