{"game_info": {"date": "2013-11-08", "visitor": "NEW JERSEY DEVILS ", "home": "TORONTO MAPLE LEAFS ", "game_id": 241, "status": "final"}, "player_stats": {"number": ["2", "5", "6", "8", "9", "10", "11", "12", "14", "17", "18", "19", "20", "21", "22", "25", "28", "68", "30", "35", "2", "3", "4", "11", "12", "15", "19", "21", "22", "36", "38", "40", "41", "43", "44", "51", "71", "81", "34", "45"], "position": ["D", "D", "D", "C", "L", "D", "R", "C", "C", "R", "R", "C", "C", "C", "D", "R", "D", "R", "G", "G", "D", "D", "D", "C", "L", "D", "R", "L", "R", "D", "L", "R", "L", "C", "D", "D", "R", "C", "G", "G"], "name": ["ZIDLICKY, MAREK", "LARSSON, ADAM", "GREENE, ANDY", "ZUBRUS, DAINIUS", "TEDENBY, MATTIAS", "HARROLD, PETER", "GIONTA, STEPHEN", "BRUNNER, DAMIEN", "HENRIQUE, ADAM", "RYDER, MICHAEL", "BERNIER, STEVE", "ZAJAC, TRAVIS", "CARTER, RYAN", "LOKTIONOV, ANDREI", "GELINAS, ERIC", "JANSSEN, CAM", "VOLCHENKOV, ANTON", "JAGR, JAROMIR", "BRODEUR, MARTIN", "SCHNEIDER, CORY", "FRASER, MARK", "PHANEUF, DION", "FRANSON, CODY", "MCCLEMENT, JAY", "RAYMOND, MASON", "RANGER, PAUL", "LUPUL, JOFFREY", "VAN RIEMSDYK, JAMES", "SMITHSON, JERRED", "GUNNARSSON, CARL", "MCLAREN, FRAZER", "BODIE, TROY", "KULEMIN, NIKOLAI", "KADRI, NAZEM", "RIELLY, MORGAN", "GARDINER, JAKE", "CLARKSON, DAVID", "KESSEL, PHIL", "REIMER, JAMES", "BERNIER, JONATHAN"], "G": [0, 0, 0, 0, 0, 0, 0, 0, 0, "1", 0, 0, 0, 0, 0, 0, 0, 0, 0, 0, 0, 0, 0, 0, 0, 0, 0, 0, 0, 0, 0, 0, 0, 0, 0, 0, 0, "1", 0, 0], "A": [0, 0, "1", 0, 0, 0, 0, 0, 0, 0, 0, 0, 0, 0, "1", 0, 0, 0, 0, 0, 0, 0, "1", 0, 0, 0, 0, 0, 0, 0, 0, 0, 0, 0, 0, 0, 0, 0, 0, 0], "P": [0, 0, "1", 0, 0, 0, 0, 0, 0, "1", 0, 0, 0, 0, "1", 0, 0, 0, 0, 0, 0, 0, "1", 0, 0, 0, 0, 0, 0, 0, 0, 0, 0, 0, 0, 0, 0, "1", 0, 0], "+/-": [0, 0, 0, 0, 0, 0, 0, 0, 0, 0, 0, 0, 0, 0, 0, 0, 0, 0, 0, 0, 0, 0, 0, 0, 0, 0, 0, 0, 0, 0, 0, 0, 0, 0, 0, 0, 0, 0, 0, 0], "PN": ["1", 0, "1", 0, "1", "1", 0, 0, 0, 0, 0, 0, "1", 0, 0, 0, 0, 0, 0, 0, 0, "1", 0, 0, 0, 0, 0, 0, 0, 0, 0, 0, "1", 0, 0, 0, 0, "1", 0, 0], "PIM": ["2", 0, "2", 0, "4", "2", 0, 0, 0, 0, 0, 0, "2", 0, 0, 0, 0, 0, 0, 0, 0, "2", 0, 0, 0, 0, 0, 0, 0, 0, 0, 0, "2", 0, 0, 0, 0, "2", 0, 0], "TOT": ["22:56", "18:35", "28:00", "19:59", "10:47", "18:40", "09:41", "13:09", "19:19", "15:56", "14:38", "22:45", "10:47", "20:00", "16:28", "04:29", "22:22", "20:34", 0, "65:00", "14:16", "27:06", "22:48", "16:22", "24:02", "14:44", "21:18", "22:10", "09:44", "21:49", "02:19", "08:36", "15:31", "21:02", "12:55", "16:42", "20:11", "22:36", 0, "65:00"], "SHF": ["28", "24", "32", "29", "14", "31", "18", "18", "28", "20", "21", "28", "18", "28", "23", "7", "22", "22", 0, 0, "19", "29", "26", "24", "29", "19", "26", "29", "20", "24", "5", "13", "23", "25", "17", "21", "24", "24", 0, 0], "AVG TOI/SH": ["00:49", "00:46", "00:52", "00:41", "00:46", "00:36", "00:32", "00:43", "00:41", "00:47", "00:41", "00:48", "00:35", "00:42", "00:42", "00:38", "01:01", "00:56", 0, 0, "00:45", "00:56", "00:52", "00:40", "00:49", "00:46", "00:49", "00:45", "00:29", "00:54", "00:27", "00:39", "00:40", "00:50", "00:45", "00:47", "00:50", "00:56", 0, 0], "PP": ["04:02", "00:08", "01:47", "00:48", "00:00", "00:00", "00:00", "02:08", "02:52", "03:18", "01:50", "03:01", "00:00", "03:05", "02:15", "00:00", "00:00", "03:51", 0, "05:49", "00:00", "06:20", "06:03", "00:00", "04:21", "00:00", "05:43", "05:50", "00:00", "00:00", "00:00", "00:00", "00:03", "04:28", "03:55", "04:04", "04:28", "05:40", 0, "10:11"], "SH": ["01:13", "02:26", "07:17", "04:40", "00:16", "00:54", "02:43", "00:00", "03:54", "00:00", "00:00", "04:52", "01:45", "01:28", "00:17", "00:00", "08:15", "00:00", 0, "10:11", "02:42", "02:07", "00:48", "03:04", "02:09", "02:42", "00:00", "01:37", "03:16", "03:19", "00:00", "00:00", "01:32", "00:00", "00:00", "00:00", "00:00", "00:00", 0, "05:49"], "EV": ["17:41", "16:01", "18:56", "14:31", "10:31", "17:46", "06:58", "11:01", "12:33", "12:38", "12:48", "14:52", "09:02", "15:27", "13:56", "04:29", "14:07", "16:43", 0, "49:00", "11:34", "18:39", "15:57", "13:18", "17:32", "12:02", "15:35", "14:43", "06:28", "18:30", "02:19", "08:36", "13:56", "16:34", "09:00", "12:38", "15:43", "16:56", 0, "49:00"], "S": ["1", "1", "1", "5", "1", "1", 0, "4", "2", "3", "1", "2", "3", 0, "5", 0, "1", "4", 0, 0, 0, "1", "2", "1", "1", "1", "6", 0, 0, 0, 0, 0, "1", "3", "2", "2", "2", "6", 0, 0], "A/B": ["1", 0, 0, "1", 0, "3", 0, "2", 0, 0, "1", "1", "1", "1", 0, 0, "1", "1", 0, 0, 0, "2", 0, 0, 0, 0, 0, 0, 0, 0, 0, 0, 0, "1", "2", 0, "1", "4", 0, 0], "MS": [0, "1", "2", 0, 0, 0, 0, "2", "1", "1", "1", 0, "1", "2", "1", 0, 0, 0, 0, 0, 0, 0, "1", 0, "2", 0, "1", 0, 0, 0, 0, 0, 0, "4", "1", "1", "1", "3", 0, 0], "HT": ["3", "2", "4", "2", "2", 0, "1", "2", "2", "1", "4", "1", "2", "3", "1", "1", "4", 0, 0, 0, "4", "1", "4", "3", "1", "3", "2", "5", "4", "3", 0, "1", "2", "3", "3", "4", "3", "1", 0, 0], "GV": ["2", 0, "2", 0, 0, "1", "1", 0, 0, 0, 0, "1", 0, "1", "1", 0, 0, 0, 0, 0, "4", "1", "1", 0, "1", "1", 0, "1", 0, 0, 0, 0, 0, "3", 0, 0, 0, "2", 0, "1"], "TK": [0, 0, 0, 0, 0, "1", 0, 0, "1", "1", "2", "2", "2", "3", 0, 0, 0, 0, 0, 0, 0, 0, "1", 0, "1", "1", 0, 0, "1", 0, 0, 0, "1", 0, 0, "1", 0, 0, 0, 0], "BS": ["1", "1", "2", "1", 0, "1", 0, 0, 0, 0, 0, "1", 0, 0, 0, 0, "3", 0, 0, 0, "2", "2", 0, 0, "1", "4", "1", 0, 0, 0, "1", 0, 0, "1", 0, 0, 0, "1", 0, 0], "FW": [0, 0, 0, "0", "0", 0, "1", "0", "9", 0, 0, "9", 0, "6", 0, 0, 0, 0, 0, 0, 0, 0, 0, "10", 0, 0, "2", "6", "8", 0, 0, 0, 0, "5", 0, 0, 0, 0, 0, 0], "FL": [0, 0, 0, "1", "1", 0, "5", "1", "6", 0, 0, "10", 0, "7", 0, 0, 0, 0, 0, 0, 0, 0, 0, "9", 0, 0, "2", "9", "1", 0, 0, 0, 0, "4", 0, 0, 0, 0, 0, 0], "F%": [0, 0, 0, "0", "0", 0, "17", "0", "60", 0, 0, "47", 0, "46", 0, 0, 0, 0, 0, 0, 0, 0, 0, "53", 0, 0, "50", "40", "89", 0, 0, 0, 0, "56", 0, 0, 0, 0, 0, 0], "team": ["NEW JERSEY DEVILS ", "NEW JERSEY DEVILS ", "NEW JERSEY DEVILS ", "NEW JERSEY DEVILS ", "NEW JERSEY DEVILS ", "NEW JERSEY DEVILS ", "NEW JERSEY DEVILS ", "NEW JERSEY DEVILS ", "NEW JERSEY DEVILS ", "NEW JERSEY DEVILS ", "NEW JERSEY DEVILS ", "NEW JERSEY DEVILS ", "NEW JERSEY DEVILS ", "NEW JERSEY DEVILS ", "NEW JERSEY DEVILS ", "NEW JERSEY DEVILS ", "NEW JERSEY DEVILS ", "NEW JERSEY DEVILS ", "NEW JERSEY DEVILS ", "NEW JERSEY DEVILS ", "TORONTO MAPLE LEAFS ", "TORONTO MAPLE LEAFS ", "TORONTO MAPLE LEAFS ", "TORONTO MAPLE LEAFS ", "TORONTO MAPLE LEAFS ", "TORONTO MAPLE LEAFS ", "TORONTO MAPLE LEAFS ", "TORONTO MAPLE LEAFS ", "TORONTO MAPLE LEAFS ", "TORONTO MAPLE LEAFS ", "TORONTO MAPLE LEAFS ", "TORONTO MAPLE LEAFS ", "TORONTO MAPLE LEAFS ", "TORONTO MAPLE LEAFS ", "TORONTO MAPLE LEAFS ", "TORONTO MAPLE LEAFS ", "TORONTO MAPLE LEAFS ", "TORONTO MAPLE LEAFS ", "TORONTO MAPLE LEAFS ", "TORONTO MAPLE LEAFS "], "GA": [0, 0, 0, 0, 0, 0, 0, 0, 0, 0, 0, 0, 0, 0, 0, 0, 0, 0, 0.0, "1", 0, 0, 0, 0, 0, 0, 0, 0, 0, 0, 0, 0, 0, 0, 0, 0, 0, 0, 0, "1"], "SA": [0, 0, 0, 0, 0, 0, 0, 0, 0, 0, 0, 0, 0, 0, 0, 0, 0, 0, 0.0, "28", 0, 0, 0, 0, 0, 0, 0, 0, 0, 0, 0, 0, 0, 0, 0, 0, 0, 0, 0, "35"]}}