{"game_info": {"date": "2014-01-24", "visitor": "COLORADO AVALANCHE ", "home": "FLORIDA PANTHERS ", "game_id": 772, "status": "final"}, "player_stats": {"number": ["2", "4", "6", "8", "9", "11", "15", "24", "25", "26", "29", "40", "44", "55", "58", "61", "90", "92", "1", "35", "7", "11", "14", "15", "17", "18", "19", "20", "21", "23", "24", "27", "43", "44", "51", "55", "57", "77", "30", "34"], "position": ["D", "D", "D", "D", "C", "L", "R", "R", "C", "C", "C", "L", "D", "L", "L", "D", "C", "L", "G", "G", "D", "C", "L", "C", "C", "C", "R", "L", "R", "C", "R", "C", "D", "D", "D", "D", "C", "D", "G", "G"], "name": ["HOLDEN, NICK", "BARRIE, TYSON", "JOHNSON, ERIK", "HEJDA, JAN", "DUCHENE, MATT", "MCGINN, JAMIE", "PARENTEAU, PA", "CLICHE, MARC-ANDRE", "TALBOT, MAXIME", "STASTNY, PAUL", "MACKINNON, NATHAN", "TANGUAY, ALEX", "WILSON, RYAN", "MCLEOD, CODY", "BORDELEAU, PATRICK", "BENOIT, ANDRE", "O'REILLY, RYAN", "LANDESKOG, GABRIEL", "VARLAMOV, SEMYON", "GIGUERE, JEAN-SEBASTIEN", "KULIKOV, DMITRY", "HUBERDEAU, JONATHAN", "FLEISCHMANN, TOMAS", "SHORE, DREW", "WINCHESTER, JESSE", "MATTHIAS, SHAWN", "UPSHALL, SCOTTIE", "BERGENHEIM, SEAN", "BARCH, KRYS", "GOMEZ, SCOTT", "BOYES, BRAD", "BJUGSTAD, NICK", "WEAVER, MIKE", "GUDBRANSON, ERIK", "CAMPBELL, BRIAN", "JOVANOVSKI, ED", "GOC, MARCEL", "GILBERT, TOM", "CLEMMENSEN, SCOTT", "THOMAS, TIM"], "G": [0, 0, 0, 0, 0, "1", 0, 0, 0, "1", 0, 0, 0, 0, 0, 0, "1", 0, 0, 0, 0, 0, 0, 0, 0, 0, "2", 0, 0, 0, 0, 0, 0, 0, 0, 0, 0, 0, 0, 0], "A": [0, 0, 0, 0, "2", 0, 0, 0, 0, 0, 0, "1", 0, 0, 0, 0, "1", "1", 0, 0, 0, 0, "1", 0, 0, 0, 0, "1", 0, 0, 0, 0, 0, 0, 0, 0, 0, "2", 0, 0], "P": [0, 0, 0, 0, "2", "1", 0, 0, 0, "1", 0, "1", 0, 0, 0, 0, "2", "1", 0, 0, 0, 0, "1", 0, 0, 0, "2", "1", 0, 0, 0, 0, 0, 0, 0, 0, 0, "2", 0, 0], "+/-": ["+1", "-1", "+1", "+1", "+1", "+1", 0, 0, 0, 0, 0, 0, "-1", 0, 0, "+1", "+1", 0, 0, 0, 0, "+1", "-1", "-2", 0, "-1", "+2", "+1", "-1", 0, "-2", "-1", "-1", "-1", 0, "-1", "+2", "+1", 0, 0], "PN": ["1", 0, 0, 0, 0, 0, 0, 0, 0, 0, "1", 0, 0, 0, 0, 0, 0, 0, 0, 0, 0, 0, 0, 0, 0, "1", 0, 0, 0, 0, 0, 0, "1", 0, 0, 0, 0, 0, 0, 0], "PIM": ["2", 0, 0, 0, 0, 0, 0, 0, 0, 0, "2", 0, 0, 0, 0, 0, 0, 0, 0, 0, 0, 0, 0, 0, 0, "2", 0, 0, 0, 0, 0, 0, "2", 0, 0, 0, 0, 0, 0, 0], "TOT": ["17:09", "17:14", "23:40", "21:35", "16:37", "14:54", "17:47", "09:33", "16:16", "17:13", "16:35", "17:10", "18:10", "08:57", "07:35", "19:57", "18:53", "16:45", "60:00", 0, "24:48", "18:24", "12:58", "10:30", "13:56", "11:31", "16:28", "18:45", "02:42", "14:54", "19:39", "15:42", "16:24", "14:02", "28:51", "15:04", "21:58", "21:04", 0, "58:20"], "SHF": ["21", "21", "25", "28", "21", "20", "19", "14", "19", "23", "18", "21", "24", "13", "11", "23", "23", "21", 0, 0, "25", "24", "15", "14", "19", "16", "22", "25", "4", "22", "27", "21", "19", "20", "28", "24", "29", "26", 0, 0], "AVG TOI/SH": ["00:49", "00:49", "00:56", "00:46", "00:47", "00:44", "00:56", "00:40", "00:51", "00:44", "00:55", "00:49", "00:45", "00:41", "00:41", "00:52", "00:49", "00:47", 0, 0, "00:59", "00:46", "00:51", "00:45", "00:44", "00:43", "00:44", "00:45", "00:40", "00:40", "00:43", "00:44", "00:51", "00:42", "01:01", "00:37", "00:45", "00:48", 0, 0], "PP": ["00:00", "01:18", "02:42", "00:00", "02:33", "01:35", "01:27", "00:00", "00:00", "01:27", "00:58", "02:33", "00:00", "00:00", "00:00", "01:27", "02:33", "01:27", "04:00", 0, "01:41", "01:06", "00:43", "00:00", "00:39", "00:17", "00:43", "01:54", "00:00", "01:40", "02:11", "01:24", "00:09", "00:00", "03:05", "01:20", "01:23", "01:45", 0, "04:00"], "SH": ["00:29", "00:00", "01:16", "02:35", "00:10", "00:00", "00:00", "01:34", "01:34", "01:10", "00:00", "01:01", "02:15", "01:06", "00:00", "01:25", "01:25", "00:00", "04:00", 0, "02:48", "00:00", "00:00", "01:26", "02:10", "01:01", "00:24", "00:00", "00:00", "00:00", "00:25", "00:00", "01:35", "01:12", "01:13", "01:12", "02:34", "00:00", 0, "04:00"], "EV": ["16:40", "15:56", "19:42", "19:00", "13:54", "13:19", "16:20", "07:59", "14:42", "14:36", "15:37", "13:36", "15:55", "07:51", "07:35", "17:05", "14:55", "15:18", "52:00", 0, "20:19", "17:18", "12:15", "09:04", "11:07", "10:13", "15:21", "16:51", "02:42", "13:14", "17:03", "14:18", "14:40", "12:50", "24:33", "12:32", "18:01", "19:19", 0, "50:20"], "S": [0, "1", 0, 0, "2", "1", "1", "3", "2", "3", "3", "1", 0, "1", 0, "4", "3", 0, 0, 0, "3", "2", "1", 0, 0, "1", "3", "4", 0, "4", "7", "2", 0, "3", "1", "1", "1", "3", 0, 0], "A/B": [0, "1", "1", 0, 0, 0, 0, 0, 0, "1", 0, 0, 0, 0, "1", 0, "1", 0, 0, 0, "1", "1", "1", 0, 0, 0, 0, 0, 0, "1", "1", "1", 0, "1", 0, "1", "1", 0, 0, 0], "MS": [0, 0, 0, 0, "2", 0, 0, 0, 0, 0, "1", "1", 0, 0, 0, 0, 0, 0, 0, 0, 0, 0, "2", "1", "1", 0, 0, "1", 0, 0, "1", "1", 0, "2", "3", 0, "2", "5", 0, 0], "HT": ["1", 0, "3", "2", "1", "3", "1", 0, "4", 0, 0, 0, "2", "2", "1", 0, "2", "2", 0, 0, "3", "2", 0, "1", 0, 0, "1", "2", "1", "1", "1", 0, 0, "1", "1", "1", "1", "1", 0, 0], "GV": [0, 0, 0, 0, "2", 0, "1", 0, 0, 0, 0, 0, 0, 0, 0, 0, "1", 0, 0, 0, 0, 0, 0, 0, "1", 0, 0, 0, 0, 0, 0, 0, "1", "1", 0, 0, 0, 0, 0, 0], "TK": [0, "1", 0, 0, 0, 0, 0, 0, "1", "1", "1", 0, 0, 0, 0, 0, "2", 0, 0, 0, 0, "1", 0, 0, 0, "1", "1", 0, 0, 0, "1", 0, "1", 0, "1", 0, "1", 0, 0, 0], "BS": [0, 0, 0, "1", 0, 0, 0, 0, "1", 0, 0, 0, "2", "1", 0, "2", "1", "1", 0, 0, "2", 0, 0, 0, 0, 0, 0, 0, 0, 0, "1", 0, 0, "1", 0, 0, "1", 0, 0, 0], "FW": [0, 0, 0, 0, "4", 0, 0, "4", "0", "10", "3", 0, 0, 0, 0, 0, "2", 0, 0, 0, 0, 0, 0, "1", "0", "2", "0", 0, 0, "10", 0, "3", 0, 0, 0, 0, "13", 0, 0, 0], "FL": [0, 0, 0, 0, "9", 0, 0, "1", "5", "4", "6", 0, 0, 0, 0, 0, "4", 0, 0, 0, 0, 0, 0, "3", "1", "0", "1", 0, 0, "3", 0, "6", 0, 0, 0, 0, "9", 0, 0, 0], "F%": [0, 0, 0, 0, "31", 0, 0, "80", "0", "71", "33", 0, 0, 0, 0, 0, "33", 0, 0, 0, 0, 0, 0, "25", "0", "100", "0", 0, 0, "77", 0, "33", 0, 0, 0, 0, "59", 0, 0, 0], "team": ["COLORADO AVALANCHE ", "COLORADO AVALANCHE ", "COLORADO AVALANCHE ", "COLORADO AVALANCHE ", "COLORADO AVALANCHE ", "COLORADO AVALANCHE ", "COLORADO AVALANCHE ", "COLORADO AVALANCHE ", "COLORADO AVALANCHE ", "COLORADO AVALANCHE ", "COLORADO AVALANCHE ", "COLORADO AVALANCHE ", "COLORADO AVALANCHE ", "COLORADO AVALANCHE ", "COLORADO AVALANCHE ", "COLORADO AVALANCHE ", "COLORADO AVALANCHE ", "COLORADO AVALANCHE ", "COLORADO AVALANCHE ", "COLORADO AVALANCHE ", "FLORIDA PANTHERS ", "FLORIDA PANTHERS ", "FLORIDA PANTHERS ", "FLORIDA PANTHERS ", "FLORIDA PANTHERS ", "FLORIDA PANTHERS ", "FLORIDA PANTHERS ", "FLORIDA PANTHERS ", "FLORIDA PANTHERS ", "FLORIDA PANTHERS ", "FLORIDA PANTHERS ", "FLORIDA PANTHERS ", "FLORIDA PANTHERS ", "FLORIDA PANTHERS ", "FLORIDA PANTHERS ", "FLORIDA PANTHERS ", "FLORIDA PANTHERS ", "FLORIDA PANTHERS ", "FLORIDA PANTHERS ", "FLORIDA PANTHERS "], "GA": [0, 0, 0, 0, 0, 0, 0, 0, 0, 0, 0, 0, 0, 0, 0, 0, 0, 0, "2", 0, 0, 0, 0, 0, 0, 0, 0, 0, 0, 0, 0, 0, 0, 0, 0, 0, 0, 0, 0, "3"], "SA": [0, 0, 0, 0, 0, 0, 0, 0, 0, 0, 0, 0, 0, 0, 0, 0, 0, 0, "36", 0, 0, 0, 0, 0, 0, 0, 0, 0, 0, 0, 0, 0, 0, 0, 0, 0, 0, 0, 0, "25"]}}