{"game_info": {"date": "2014-03-06", "visitor": "COLUMBUS BLUE JACKETS ", "home": "CHICAGO BLACKHAWKS ", "game_id": 942, "status": "final"}, "player_stats": {"number": ["6", "7", "8", "11", "13", "15", "17", "18", "19", "21", "23", "24", "38", "42", "47", "55", "58", "71", "31", "72", "2", "4", "7", "8", "10", "12", "16", "17", "19", "20", "23", "26", "27", "28", "29", "52", "65", "88", "31", "50"], "position": ["D", "D", "R", "L", "R", "D", "C", "C", "C", "D", "R", "C", "C", "C", "D", "C", "D", "L", "G", "G", "D", "D", "D", "D", "R", "C", "C", "D", "C", "L", "R", "C", "D", "R", "L", "L", "C", "R", "G", "G"], "name": ["NIKITIN, NIKITA", "JOHNSON, JACK", "HORTON, NATHAN", "CALVERT, MATT", "ATKINSON, CAM", "SCHULTZ, NICK", "DUBINSKY, BRANDON", "UMBERGER, RJ", "JOHANSEN, RYAN", "WISNIEWSKI, JAMES", "FRATTIN, MATT", "MACKENZIE, DEREK", "JENNER, BOONE", "ANISIMOV, ARTEM", "PROUT, DALTON", "LETESTU, MARK", "SAVARD, DAVID", "FOLIGNO, NICK", "MCELHINNEY, CURTIS", "BOBROVSKY, SERGEI", "KEITH, DUNCAN", "HJALMARSSON, NIKLAS", "SEABROOK, BRENT", "LEDDY, NICK", "SHARP, PATRICK", "REGIN, PETER", "KRUGER, MARCUS", "BROOKBANK, SHELDON", "TOEWS, JONATHAN", "SAAD, BRANDON", "VERSTEEG, KRIS", "HANDZUS, MICHAL", "ODUYA, JOHNNY", "SMITH, BEN", "BICKELL, BRYAN", "BOLLIG, BRANDON", "SHAW, ANDREW", "KANE, PATRICK", "RAANTA, ANTTI", "CRAWFORD, COREY"], "G": [0, 0, 0, 0, 0, 0, 0, 0, "1", 0, 0, 0, 0, 0, 0, 0, 0, 0, 0, 0, 0, 0, 0, 0, 0, 0, 0, 0, "2", 0, 0, 0, 0, 0, "1", "1", "2", 0, 0, 0], "A": [0, 0, 0, 0, "1", 0, 0, 0, 0, 0, 0, 0, 0, 0, "1", 0, 0, 0, 0, 0, "1", 0, "2", "1", "1", 0, "2", "1", 0, "1", "1", 0, 0, 0, 0, 0, 0, "1", 0, 0], "P": [0, 0, 0, 0, "1", 0, 0, 0, "1", 0, 0, 0, 0, 0, "1", 0, 0, 0, 0, 0, "1", 0, "2", "1", "1", 0, "2", "1", "2", "1", "1", 0, 0, 0, "1", "1", "2", "1", 0, 0], "+/-": [0, "-1", "-3", 0, "-1", "-2", "-1", 0, "-1", "-2", 0, "-1", "-3", "-1", "-1", "-1", "-2", 0, 0, 0, "+4", 0, "+3", 0, "-1", 0, "+3", "+1", "+2", "+2", "+1", 0, 0, "+1", "+1", "+2", "+3", "-1", 0, 0], "PN": [0, 0, "1", 0, 0, "1", "1", 0, 0, "1", 0, 0, 0, 0, 0, 0, 0, 0, 0, 0, "1", 0, 0, 0, 0, 0, 0, 0, "1", 0, "1", 0, "1", 0, 0, 0, 0, 0, 0, 0], "PIM": [0, 0, "2", 0, 0, "2", "2", 0, 0, "2", 0, 0, 0, 0, 0, 0, 0, 0, 0, 0, "2", 0, 0, 0, 0, 0, 0, 0, "2", 0, "2", 0, "2", 0, 0, 0, 0, 0, 0, 0], "TOT": ["07:16", "29:31", "15:11", "16:47", "10:08", "15:27", "17:41", "16:19", "12:56", "23:40", "13:17", "13:27", "13:57", "14:46", "19:36", "13:57", "24:36", "15:06", "27:31", "32:29", "20:21", "20:44", "21:19", "18:19", "18:13", "10:17", "15:13", "19:08", "16:18", "15:00", "11:34", "14:30", "18:53", "16:05", "09:59", "14:07", "14:48", "17:46", 0, "59:55"], "SHF": ["9", "29", "22", "23", "14", "25", "24", "22", "17", "26", "18", "19", "19", "20", "24", "20", "28", "19", 0, 0, "28", "27", "29", "22", "22", "15", "23", "21", "24", "21", "18", "22", "28", "22", "15", "20", "21", "22", 0, 0], "AVG TOI/SH": ["00:48", "01:01", "00:41", "00:43", "00:43", "00:37", "00:44", "00:44", "00:45", "00:54", "00:44", "00:42", "00:44", "00:44", "00:49", "00:41", "00:52", "00:47", 0, 0, "00:43", "00:46", "00:44", "00:49", "00:49", "00:41", "00:39", "00:54", "00:40", "00:42", "00:38", "00:39", "00:40", "00:43", "00:39", "00:42", "00:42", "00:48", 0, 0], "PP": ["00:07", "04:21", "00:00", "03:25", "00:00", "00:32", "03:25", "01:34", "00:00", "04:27", "01:31", "00:02", "00:00", "01:25", "00:04", "01:54", "00:34", "01:34", "04:49", "00:10", "02:16", "00:00", "02:08", "01:34", "01:29", "00:51", "00:27", "00:22", "01:45", "01:03", "01:34", "00:09", "00:00", "01:00", "00:56", "00:22", "01:45", "01:29", 0, "03:50"], "SH": ["00:00", "01:59", "00:02", "00:19", "00:00", "00:52", "00:33", "01:26", "00:09", "00:58", "00:00", "01:55", "00:00", "01:28", "01:16", "01:48", "02:35", "00:00", "03:40", "00:10", "00:32", "03:25", "02:09", "00:00", "00:00", "00:00", "02:01", "01:52", "00:00", "00:37", "00:07", "02:21", "02:00", "02:41", "00:00", "02:01", "00:00", "00:10", 0, "04:59"], "EV": ["07:09", "23:11", "15:09", "13:03", "10:08", "14:03", "13:43", "13:19", "12:47", "18:15", "11:46", "11:30", "13:57", "11:53", "18:16", "10:15", "21:27", "13:32", "19:02", "32:09", "17:33", "17:19", "17:02", "16:45", "16:44", "09:26", "12:45", "16:54", "14:33", "13:20", "09:53", "12:00", "16:53", "12:24", "09:03", "11:44", "13:03", "16:07", 0, "51:06"], "S": [0, "2", "1", "2", "1", "1", "1", 0, "1", "2", "1", "3", "1", "1", "2", 0, "4", 0, 0, 0, "3", 0, "3", "2", 0, 0, 0, "1", "3", "5", "3", "1", 0, "2", "2", "3", "4", "1", 0, 0], "A/B": [0, "2", 0, 0, 0, "1", 0, 0, 0, "1", 0, 0, 0, 0, 0, 0, "1", "1", 0, 0, "4", 0, 0, 0, "1", 0, "1", "1", 0, 0, 0, "1", "1", 0, "1", "1", 0, "1", 0, 0], "MS": [0, "2", 0, "1", 0, 0, "1", "1", 0, "3", 0, 0, 0, 0, 0, 0, 0, 0, 0, 0, 0, 0, "1", 0, "1", 0, 0, 0, 0, "1", 0, "2", 0, 0, 0, 0, "1", "1", 0, 0], "HT": [0, "3", "2", 0, "1", 0, "9", "1", 0, "2", 0, "4", "3", 0, "3", "1", "2", "5", 0, 0, 0, 0, "1", "3", 0, 0, 0, "2", 0, "1", 0, "4", "1", "1", 0, "3", "3", 0, 0, 0], "GV": [0, 0, 0, 0, 0, "1", "1", 0, 0, 0, 0, 0, 0, 0, 0, "2", 0, 0, 0, 0, 0, "1", "2", "1", "1", 0, 0, 0, "1", "2", 0, 0, 0, 0, 0, "1", "1", 0, 0, "1"], "TK": [0, 0, "1", "1", 0, 0, 0, 0, 0, 0, 0, "1", 0, 0, 0, 0, 0, "2", 0, 0, 0, 0, "1", 0, 0, "1", "1", 0, 0, 0, 0, 0, 0, 0, 0, 0, "1", 0, 0, 0], "BS": [0, "2", "1", 0, 0, "3", "1", "1", 0, "1", 0, 0, "1", "1", 0, 0, "1", 0, 0, 0, 0, "1", 0, 0, 0, 0, 0, "2", "1", 0, "1", 0, 0, 0, 0, 0, 0, "1", 0, 0], "FW": [0, 0, 0, 0, 0, 0, "4", 0, "3", 0, 0, "5", 0, "4", 0, "3", 0, 0, 0, 0, 0, 0, 0, 0, 0, "6", "7", 0, "10", 0, "3", "10", 0, "7", 0, 0, "0", 0, 0, 0], "FL": [0, 0, 0, 0, 0, 0, "12", 0, "5", 0, 0, "8", 0, "12", 0, "6", 0, 0, 0, 0, 0, 0, 0, 0, 0, "4", "4", 0, "7", 0, "0", "2", 0, "1", 0, 0, "1", 0, 0, 0], "F%": [0, 0, 0, 0, 0, 0, "25", 0, "38", 0, 0, "38", 0, "25", 0, "33", 0, 0, 0, 0, 0, 0, 0, 0, 0, "60", "64", 0, "59", 0, "100", "83", 0, "88", 0, 0, "0", 0, 0, 0], "team": ["COLUMBUS BLUE JACKETS ", "COLUMBUS BLUE JACKETS ", "COLUMBUS BLUE JACKETS ", "COLUMBUS BLUE JACKETS ", "COLUMBUS BLUE JACKETS ", "COLUMBUS BLUE JACKETS ", "COLUMBUS BLUE JACKETS ", "COLUMBUS BLUE JACKETS ", "COLUMBUS BLUE JACKETS ", "COLUMBUS BLUE JACKETS ", "COLUMBUS BLUE JACKETS ", "COLUMBUS BLUE JACKETS ", "COLUMBUS BLUE JACKETS ", "COLUMBUS BLUE JACKETS ", "COLUMBUS BLUE JACKETS ", "COLUMBUS BLUE JACKETS ", "COLUMBUS BLUE JACKETS ", "COLUMBUS BLUE JACKETS ", "COLUMBUS BLUE JACKETS ", "COLUMBUS BLUE JACKETS ", "CHICAGO BLACKHAWKS ", "CHICAGO BLACKHAWKS ", "CHICAGO BLACKHAWKS ", "CHICAGO BLACKHAWKS ", "CHICAGO BLACKHAWKS ", "CHICAGO BLACKHAWKS ", "CHICAGO BLACKHAWKS ", "CHICAGO BLACKHAWKS ", "CHICAGO BLACKHAWKS ", "CHICAGO BLACKHAWKS ", "CHICAGO BLACKHAWKS ", "CHICAGO BLACKHAWKS ", "CHICAGO BLACKHAWKS ", "CHICAGO BLACKHAWKS ", "CHICAGO BLACKHAWKS ", "CHICAGO BLACKHAWKS ", "CHICAGO BLACKHAWKS ", "CHICAGO BLACKHAWKS ", "CHICAGO BLACKHAWKS ", "CHICAGO BLACKHAWKS "], "GA": [0, 0, 0, 0, 0, 0, 0, 0, 0, 0, 0, 0, 0, 0, 0, 0, 0, 0, "2", "4", 0, 0, 0, 0, 0, 0, 0, 0, 0, 0, 0, 0, 0, 0, 0, 0, 0, 0, 0, "1"], "SA": [0, 0, 0, 0, 0, 0, 0, 0, 0, 0, 0, 0, 0, 0, 0, 0, 0, 0, "15", "18", 0, 0, 0, 0, 0, 0, 0, 0, 0, 0, 0, 0, 0, 0, 0, 0, 0, 0, 0, "23"]}}