{"game_info": {"date": "2013-11-02", "visitor": "ANAHEIM DUCKS ", "home": "BUFFALO SABRES ", "game_id": 201, "status": "final"}, "player_stats": {"number": ["4", "6", "7", "10", "13", "15", "17", "21", "22", "23", "34", "45", "47", "55", "62", "65", "74", "77", "1", "31", "3", "8", "9", "10", "19", "20", "21", "22", "23", "26", "28", "55", "57", "61", "63", "65", "78", "82", "1", "30"], "position": ["D", "D", "C", "R", "C", "C", "R", "C", "C", "D", "C", "D", "D", "D", "L", "R", "C", "R", "G", "G", "D", "C", "C", "D", "C", "D", "R", "L", "L", "L", "C", "D", "D", "D", "C", "C", "R", "L", "G", "G"], "name": ["FOWLER, CAM", "LOVEJOY, BEN", "COGLIANO, ANDREW", "PERRY, COREY", "BONINO, NICK", "GETZLAF, RYAN", "PENNER, DUSTIN", "PALMIERI, KYLE", "PERREAULT, MATHIEU", "BEAUCHEMIN, FRANCOIS", "WINNIK, DANIEL", "VATANEN, SAMI", "LINDHOLM, HAMPUS", "ALLEN, BRYAN", "MAROON, PATRICK", "ETEM, EMERSON", "HOLLAND, PETER", "SMITH-PELLY, DEVANTE", "HILLER, JONAS", "ANDERSEN, FREDERIK", "PYSYK, MARK", "MCCORMICK, CODY", "OTT, STEVE", "EHRHOFF, CHRISTIAN", "HODGSON, CODY", "TALLINDER, HENRIK", "STAFFORD, DREW", "LARSSON, JOHAN", "LEINO, VILLE", "MOULSON, MATT", "GIRGENSONS, ZEMGUS", "RISTOLAINEN, RASMUS", "MYERS, TYLER", "ZADOROV, NIKITA", "ENNIS, TYLER", "FLYNN, BRIAN", "TROPP, COREY", "FOLIGNO, MARCUS", "ENROTH, JHONAS", "MILLER, RYAN"], "G": [0, 0, 0, "2", 0, "1", 0, 0, 0, 0, 0, "1", 0, 0, 0, "2", 0, 0, 0, 0, 0, 0, 0, 0, "1", "1", 0, 0, 0, 0, 0, 0, "1", 0, 0, 0, 0, 0, 0, 0], "A": ["1", 0, "1", 0, 0, "2", "1", 0, "2", "1", "1", 0, "1", "1", 0, 0, 0, "1", 0, 0, "1", 0, 0, 0, "1", 0, 0, "1", 0, "2", 0, 0, 0, 0, 0, 0, 0, 0, 0, 0], "P": ["1", 0, "1", "2", 0, "3", "1", 0, "2", "1", "1", "1", "1", "1", 0, "2", 0, "1", 0, 0, "1", 0, 0, 0, "2", "1", 0, "1", 0, "2", 0, 0, "1", 0, 0, 0, 0, 0, 0, 0], "+/-": ["-1", "+1", 0, "+3", 0, "+2", "+2", "-1", "+3", "+3", 0, "+1", "+2", "+2", "-1", "+3", "-1", "+2", 0, 0, "-3", "-1", "-3", "-2", "-1", "-1", "-1", "+1", "-1", "-1", "+1", "-1", 0, "-1", "-1", "+1", "-3", "-3", 0, 0], "PN": [0, 0, 0, 0, 0, 0, 0, 0, 0, "1", 0, 0, 0, 0, 0, 0, "1", 0, 0, 0, 0, 0, "1", 0, 0, "1", 0, 0, 0, 0, 0, 0, "1", 0, 0, 0, 0, 0, 0, 0], "PIM": [0, 0, 0, 0, 0, 0, 0, 0, 0, "2", 0, 0, 0, 0, 0, 0, "2", 0, 0, 0, 0, 0, "2", 0, 0, "2", 0, 0, 0, 0, 0, 0, "2", 0, 0, 0, 0, 0, 0, 0], "TOT": ["23:45", "18:39", "15:37", "19:26", "17:26", "19:28", "17:48", "09:18", "16:31", "21:27", "15:14", "12:48", "21:40", "19:33", "11:10", "11:09", "09:14", "17:06", "60:00", 0, "22:09", "10:28", "16:09", "23:06", "17:33", "20:33", "13:49", "13:28", "13:14", "17:20", "12:14", "20:18", "17:04", "17:03", "17:46", "13:17", "13:39", "14:50", "60:00", 0], "SHF": ["28", "26", "20", "24", "22", "25", "22", "11", "20", "29", "20", "19", "26", "26", "13", "15", "12", "20", 0, 0, "25", "13", "22", "25", "19", "24", "17", "18", "13", "18", "18", "22", "22", "22", "19", "18", "19", "19", 0, 0], "AVG TOI/SH": ["00:50", "00:43", "00:46", "00:48", "00:47", "00:46", "00:48", "00:50", "00:49", "00:44", "00:45", "00:40", "00:50", "00:45", "00:51", "00:44", "00:46", "00:51", 0, 0, "00:53", "00:48", "00:44", "00:55", "00:55", "00:51", "00:48", "00:44", "01:01", "00:57", "00:40", "00:55", "00:46", "00:46", "00:56", "00:44", "00:43", "00:46", 0, 0], "PP": ["02:54", "00:42", "00:34", "02:08", "02:57", "02:11", "02:33", "01:26", "01:57", "01:54", "00:34", "02:39", "00:43", "00:00", "00:45", "00:00", "01:42", "02:06", "05:33", 0, "01:52", "00:00", "00:49", "01:52", "01:52", "00:00", "00:00", "00:00", "00:49", "01:52", "00:00", "00:49", "00:49", "00:00", "01:52", "00:00", "00:00", "00:49", "02:41", 0], "SH": ["01:18", "00:51", "00:32", "00:51", "01:18", "01:00", "00:00", "00:00", "00:00", "00:41", "01:41", "00:00", "00:51", "01:41", "00:00", "00:00", "00:00", "00:00", "02:41", 0, "02:43", "00:27", "01:43", "02:40", "00:11", "01:38", "03:06", "01:26", "00:00", "00:08", "01:36", "01:32", "01:18", "01:25", "00:00", "01:43", "00:09", "00:00", "05:33", 0], "EV": ["19:33", "17:06", "14:31", "16:27", "13:11", "16:17", "15:15", "07:52", "14:34", "18:52", "12:59", "10:09", "20:06", "17:52", "10:25", "11:09", "07:32", "15:00", "51:46", 0, "17:34", "10:01", "13:37", "18:34", "15:30", "18:55", "10:43", "12:02", "12:25", "15:20", "10:38", "17:57", "14:57", "15:38", "15:54", "11:34", "13:30", "14:01", "51:46", 0], "S": [0, "1", "1", "5", "1", "3", "2", 0, "1", "1", "2", "1", "1", "2", "1", "4", 0, "3", 0, 0, 0, "2", 0, "1", "2", "1", "4", 0, 0, "2", "1", 0, "1", 0, "1", 0, "2", 0, 0, 0], "A/B": [0, "1", "2", "1", 0, 0, "1", 0, 0, "2", 0, 0, "1", "3", 0, "1", 0, 0, 0, 0, "1", "1", 0, "4", "2", "1", 0, 0, "1", 0, 0, "2", "1", 0, "2", 0, 0, 0, 0, 0], "MS": [0, 0, "3", "1", 0, "2", 0, 0, 0, 0, 0, "1", 0, "1", 0, 0, "2", "1", 0, 0, "1", 0, 0, "2", 0, 0, 0, 0, 0, "1", "1", "2", "1", 0, 0, 0, 0, 0, 0, 0], "HT": [0, "6", "2", 0, 0, "2", 0, "1", "1", "1", 0, 0, 0, 0, 0, "1", 0, "6", 0, 0, 0, "5", "1", 0, 0, 0, 0, "1", 0, 0, 0, 0, "1", "5", "1", "1", "1", "1", 0, 0], "GV": ["1", 0, "1", "2", 0, "1", 0, 0, 0, 0, 0, "1", 0, 0, "1", 0, 0, 0, 0, 0, 0, 0, 0, 0, "1", 0, 0, 0, 0, 0, "1", 0, "1", "1", 0, 0, 0, "1", 0, 0], "TK": [0, 0, 0, 0, 0, "1", "1", 0, 0, "1", "1", 0, 0, 0, 0, 0, "1", 0, 0, 0, "1", 0, 0, 0, 0, 0, 0, 0, 0, 0, 0, 0, 0, 0, "1", 0, "1", 0, 0, 0], "BS": ["4", "1", 0, 0, "1", 0, "1", 0, "1", "1", "1", "1", 0, "3", 0, 0, 0, "1", 0, 0, "2", 0, "1", 0, 0, 0, "1", 0, 0, "3", 0, "1", "2", 0, "1", 0, "1", 0, 0, 0], "FW": [0, 0, 0, 0, "11", "10", 0, 0, "7", 0, "0", 0, 0, 0, 0, 0, "4", "0", 0, 0, 0, "6", "1", 0, "8", "1", "0", "4", 0, 0, 0, 0, 0, 0, 0, "0", 0, "6", 0, 0], "FL": [0, 0, 0, 0, "8", "6", 0, 0, "3", 0, "1", 0, 0, 0, 0, 0, "7", "1", 0, 0, 0, "6", "2", 0, "8", "0", "1", "5", 0, 0, 0, 0, 0, 0, 0, "2", 0, "8", 0, 0], "F%": [0, 0, 0, 0, "58", "63", 0, 0, "70", 0, "0", 0, 0, 0, 0, 0, "36", "0", 0, 0, 0, "50", "33", 0, "50", "100", "0", "44", 0, 0, 0, 0, 0, 0, 0, "0", 0, "43", 0, 0], "team": ["ANAHEIM DUCKS ", "ANAHEIM DUCKS ", "ANAHEIM DUCKS ", "ANAHEIM DUCKS ", "ANAHEIM DUCKS ", "ANAHEIM DUCKS ", "ANAHEIM DUCKS ", "ANAHEIM DUCKS ", "ANAHEIM DUCKS ", "ANAHEIM DUCKS ", "ANAHEIM DUCKS ", "ANAHEIM DUCKS ", "ANAHEIM DUCKS ", "ANAHEIM DUCKS ", "ANAHEIM DUCKS ", "ANAHEIM DUCKS ", "ANAHEIM DUCKS ", "ANAHEIM DUCKS ", "ANAHEIM DUCKS ", "ANAHEIM DUCKS ", "BUFFALO SABRES ", "BUFFALO SABRES ", "BUFFALO SABRES ", "BUFFALO SABRES ", "BUFFALO SABRES ", "BUFFALO SABRES ", "BUFFALO SABRES ", "BUFFALO SABRES ", "BUFFALO SABRES ", "BUFFALO SABRES ", "BUFFALO SABRES ", "BUFFALO SABRES ", "BUFFALO SABRES ", "BUFFALO SABRES ", "BUFFALO SABRES ", "BUFFALO SABRES ", "BUFFALO SABRES ", "BUFFALO SABRES ", "BUFFALO SABRES ", "BUFFALO SABRES "], "GA": [0, 0, 0, 0, 0, 0, 0, 0, 0, 0, 0, 0, 0, 0, 0, 0, 0, 0, "3", 0, 0, 0, 0, 0, 0, 0, 0, 0, 0, 0, 0, 0, 0, 0, 0, 0, 0, 0, "6", 0], "SA": [0, 0, 0, 0, 0, 0, 0, 0, 0, 0, 0, 0, 0, 0, 0, 0, 0, 0, "17", 0, 0, 0, 0, 0, 0, 0, 0, 0, 0, 0, 0, 0, 0, 0, 0, 0, 0, 0, "29", 0]}}