{"game_info": {"date": "2013-11-17", "visitor": "DALLAS STARS ", "home": "VANCOUVER CANUCKS ", "game_id": 308, "status": "final"}, "player_stats": {"number": ["3", "4", "6", "10", "12", "14", "16", "17", "20", "21", "24", "33", "38", "39", "43", "55", "72", "91", "30", "32", "2", "3", "5", "7", "8", "9", "13", "14", "15", "17", "18", "20", "22", "23", "25", "29", "33", "36", "1", "31"], "position": ["D", "D", "D", "C", "R", "L", "C", "C", "C", "L", "D", "D", "L", "C", "R", "D", "L", "C", "G", "G", "D", "D", "D", "L", "D", "R", "C", "L", "R", "C", "D", "L", "L", "D", "C", "L", "C", "R", "G", "G"], "name": ["ROBIDAS, STEPHANE", "DILLON, BRENDEN", "DALEY, TREVOR", "HORCOFF, SHAWN", "CHIASSON, ALEX", "BENN, JAMIE", "GARBUTT, RYAN", "PEVERLEY, RICH", "EAKIN, CODY", "ROUSSEL, ANTOINE", "BENN, JORDIE", "GOLIGOSKI, ALEX", "FIDDLER, VERNON", "MORIN, TRAVIS", "NICHUSHKIN, VALERI", "GONCHAR, SERGEI", "COLE, ERIK", "SEGUIN, TYLER", "ELLIS, DAN", "LEHTONEN, KARI", "HAMHUIS, DAN", "BIEKSA, KEVIN", "GARRISON, JASON", "BOOTH, DAVID", "TANEV, CHRISTOPHER", "KASSIAN, ZACK", "WELSH, JEREMY", "BURROWS, ALEXANDRE", "RICHARDSON, BRAD", "KESLER, RYAN", "STANTON, RYAN", "HIGGINS, CHRIS", "SEDIN, DANIEL", "EDLER, ALEXANDER", "SANTORELLI, MIKE", "SESTITO, TOM", "SEDIN, HENRIK", "HANSEN, JANNIK", "LUONGO, ROBERTO", "LACK, EDDIE"], "G": [0, 0, 0, 0, 0, 0, 0, 0, 0, 0, 0, 0, 0, 0, "1", 0, "1", 0, 0, 0, 0, 0, 0, 0, 0, 0, 0, 0, 0, 0, 0, 0, 0, 0, 0, 0, "1", 0, 0, 0], "A": [0, 0, 0, 0, "1", "1", 0, 0, "1", 0, 0, 0, 0, 0, 0, 0, 0, "1", 0, 0, 0, "1", 0, 0, 0, 0, 0, 0, 0, "1", 0, 0, 0, 0, 0, 0, 0, 0, 0, 0], "P": [0, 0, 0, 0, "1", "1", 0, 0, "1", 0, 0, 0, 0, 0, "1", 0, "1", "1", 0, 0, 0, "1", 0, 0, 0, 0, 0, 0, 0, "1", 0, 0, 0, 0, 0, 0, "1", 0, 0, 0], "+/-": [0, 0, "+2", 0, "+1", "+1", 0, 0, "+1", 0, "+1", "+1", 0, 0, "+1", 0, "+1", "+1", 0, 0, 0, "-1", "-1", 0, 0, 0, "-1", "-1", "-1", 0, "-1", 0, "-1", "-1", 0, "-1", "-1", 0, 0, 0], "PN": [0, 0, 0, "1", 0, "2", "1", 0, 0, 0, 0, "1", 0, 0, 0, 0, 0, 0, 0, 0, 0, 0, 0, 0, 0, 0, 0, "1", 0, 0, 0, 0, 0, "1", 0, 0, "1", 0, 0, 0], "PIM": [0, 0, 0, "2", 0, "4", "2", 0, 0, 0, 0, "2", 0, 0, 0, 0, 0, 0, 0, 0, 0, 0, 0, 0, 0, 0, 0, "2", 0, 0, 0, 0, 0, "2", 0, 0, "2", 0, 0, 0], "TOT": ["23:07", "23:32", "20:44", "12:43", "16:03", "18:43", "11:27", "12:41", "17:12", "09:59", "15:54", "19:36", "13:16", "07:11", "18:48", "16:25", "15:01", "19:20", 0, "60:00", "22:58", "24:09", "20:35", "14:23", "16:21", "14:54", "00:18", "18:04", "07:32", "25:02", "12:08", "21:37", "23:02", "24:02", "14:38", "00:30", "22:36", "14:50", "58:21", 0], "SHF": ["27", "26", "22", "21", "22", "25", "16", "20", "23", "18", "20", "23", "23", "11", "21", "22", "19", "23", 0, 0, "29", "26", "26", "18", "24", "16", "2", "22", "11", "25", "15", "24", "23", "32", "20", "2", "23", "16", 0, 0], "AVG TOI/SH": ["00:51", "00:54", "00:56", "00:36", "00:43", "00:44", "00:42", "00:38", "00:44", "00:33", "00:47", "00:51", "00:34", "00:39", "00:53", "00:44", "00:47", "00:50", 0, 0, "00:47", "00:55", "00:47", "00:47", "00:40", "00:55", "00:09", "00:49", "00:41", "01:00", "00:48", "00:54", "01:00", "00:45", "00:43", "00:15", "00:58", "00:55", 0, 0], "PP": ["00:56", "00:11", "00:10", "00:24", "00:43", "01:04", "00:19", "00:52", "00:58", "00:00", "00:15", "01:09", "00:24", "00:00", "01:19", "01:28", "00:58", "01:00", 0, "02:26", "02:04", "04:35", "01:56", "00:00", "00:08", "00:00", "00:00", "02:04", "00:00", "04:35", "00:00", "02:24", "04:15", "04:35", "02:24", "00:00", "04:15", "00:00", "06:39", 0], "SH": ["04:15", "04:15", "00:55", "01:45", "02:38", "00:08", "01:25", "01:10", "01:38", "02:04", "01:29", "00:55", "02:22", "00:00", "00:00", "01:29", "00:00", "00:08", 0, "06:39", "01:17", "01:14", "00:05", "00:00", "01:07", "00:05", "00:00", "00:20", "00:41", "01:20", "00:00", "01:25", "00:20", "01:09", "00:46", "00:00", "00:00", "00:00", "02:26", 0], "EV": ["17:56", "19:06", "19:39", "10:34", "12:42", "17:31", "09:43", "10:39", "14:36", "07:55", "14:10", "17:32", "10:30", "07:11", "17:29", "13:28", "14:03", "18:12", 0, "50:55", "19:37", "18:20", "18:34", "14:23", "15:06", "14:49", "00:18", "15:40", "06:51", "19:07", "12:08", "17:48", "18:27", "18:18", "11:28", "00:30", "18:21", "14:50", "49:16", 0], "S": ["1", "4", "2", 0, 0, "4", "2", "2", 0, "1", 0, "2", "1", 0, "2", 0, "2", 0, 0, 0, "1", "2", "1", 0, "1", "3", 0, "3", 0, "5", 0, "6", "10", "4", "4", 0, "3", 0, 0, 0], "A/B": ["2", "1", "1", 0, 0, 0, "1", "1", 0, 0, 0, "1", 0, 0, 0, "1", "2", 0, 0, 0, "5", "2", 0, 0, "3", "1", 0, "1", 0, "3", "3", "2", 0, "2", 0, 0, 0, 0, 0, 0], "MS": [0, 0, "1", 0, "4", "1", 0, 0, "1", 0, 0, 0, 0, "1", "1", 0, 0, 0, 0, 0, "1", 0, 0, 0, "2", 0, 0, "2", "1", "2", "2", "1", "1", "1", 0, 0, "4", "1", 0, 0], "HT": ["4", "2", 0, 0, "1", "1", "2", 0, 0, 0, 0, 0, "1", 0, 0, 0, "1", 0, 0, 0, "1", 0, "1", 0, 0, "3", 0, "2", 0, "2", "1", 0, 0, "2", 0, 0, 0, "1", 0, 0], "GV": ["1", "1", 0, 0, 0, "1", 0, 0, 0, 0, 0, 0, 0, 0, "2", 0, "1", 0, 0, "1", 0, "1", 0, 0, 0, 0, 0, 0, 0, "1", "1", 0, 0, 0, 0, 0, "1", 0, 0, 0], "TK": [0, "1", 0, 0, 0, 0, "1", 0, 0, 0, 0, 0, 0, 0, 0, "1", "3", 0, 0, 0, "1", "1", "1", 0, 0, 0, 0, "2", 0, "1", 0, 0, 0, 0, "1", 0, 0, 0, 0, 0], "BS": ["1", "2", "2", "1", 0, "1", "1", "1", "1", "2", "3", "1", "1", "1", "2", "1", 0, "1", 0, 0, "1", "2", 0, 0, 0, 0, 0, "1", 0, "2", "1", 0, 0, "2", "1", 0, 0, 0, 0, 0], "FW": [0, 0, 0, 0, 0, "5", 0, "8", "9", "1", 0, "0", "4", "4", 0, 0, 0, "3", 0, 0, 0, 0, 0, 0, 0, "0", 0, 0, "4", "6", 0, "1", 0, 0, "6", 0, "11", 0, 0, 0], "FL": [0, 0, 0, 0, 0, "1", 0, "4", "5", "2", 0, "1", "7", "2", 0, 0, 0, "6", 0, 0, 0, 0, 0, 0, 0, "1", 0, 0, "3", "15", 0, "0", 0, 0, "4", 0, "11", 0, 0, 0], "F%": [0, 0, 0, 0, 0, "83", 0, "67", "64", "33", 0, "0", "36", "67", 0, 0, 0, "33", 0, 0, 0, 0, 0, 0, 0, "0", 0, 0, "57", "29", 0, "100", 0, 0, "60", 0, "50", 0, 0, 0], "team": ["DALLAS STARS ", "DALLAS STARS ", "DALLAS STARS ", "DALLAS STARS ", "DALLAS STARS ", "DALLAS STARS ", "DALLAS STARS ", "DALLAS STARS ", "DALLAS STARS ", "DALLAS STARS ", "DALLAS STARS ", "DALLAS STARS ", "DALLAS STARS ", "DALLAS STARS ", "DALLAS STARS ", "DALLAS STARS ", "DALLAS STARS ", "DALLAS STARS ", "DALLAS STARS ", "DALLAS STARS ", "VANCOUVER CANUCKS ", "VANCOUVER CANUCKS ", "VANCOUVER CANUCKS ", "VANCOUVER CANUCKS ", "VANCOUVER CANUCKS ", "VANCOUVER CANUCKS ", "VANCOUVER CANUCKS ", "VANCOUVER CANUCKS ", "VANCOUVER CANUCKS ", "VANCOUVER CANUCKS ", "VANCOUVER CANUCKS ", "VANCOUVER CANUCKS ", "VANCOUVER CANUCKS ", "VANCOUVER CANUCKS ", "VANCOUVER CANUCKS ", "VANCOUVER CANUCKS ", "VANCOUVER CANUCKS ", "VANCOUVER CANUCKS ", "VANCOUVER CANUCKS ", "VANCOUVER CANUCKS "], "GA": [0, 0, 0, 0, 0, 0, 0, 0, 0, 0, 0, 0, 0, 0, 0, 0, 0, 0, 0.0, "1", 0, 0, 0, 0, 0, 0, 0, 0, 0, 0, 0, 0, 0, 0, 0, 0, 0, 0, "2", 0], "SA": [0, 0, 0, 0, 0, 0, 0, 0, 0, 0, 0, 0, 0, 0, 0, 0, 0, 0, 0.0, "43", 0, 0, 0, 0, 0, 0, 0, 0, 0, 0, 0, 0, 0, 0, 0, 0, 0, 0, "23", 0]}}