{"game_info": {"date": "2013-12-12", "visitor": "DETROIT RED WINGS ", "home": "TAMPA BAY LIGHTNING ", "game_id": 476, "status": "final"}, "player_stats": {"number": ["2", "4", "8", "11", "13", "14", "18", "20", "21", "23", "25", "27", "37", "44", "52", "55", "71", "93", "34", "50", "2", "6", "7", "8", "9", "16", "17", "18", "19", "23", "25", "26", "42", "44", "51", "55", "56", "62", "30", "39"], "position": ["D", "D", "L", "R", "C", "C", "C", "L", "C", "D", "C", "D", "R", "R", "D", "D", "R", "C", "G", "G", "D", "D", "D", "D", "C", "R", "C", "L", "R", "R", "D", "R", "C", "C", "C", "D", "R", "D", "G", "G"], "name": ["SMITH, BRENDAN", "KINDL, JAKUB", "ABDELKADER, JUSTIN", "ALFREDSSON, DANIEL", "DATSYUK, PAVEL", "NYQUIST, GUSTAV", "ANDERSSON, JOAKIM", "MILLER, DREW", "TATAR, TOMAS", "LASHOFF, BRIAN", "EMMERTON, CORY", "QUINCEY, KYLE", "SAMUELSSON, MIKAEL", "BERTUZZI, TODD", "ERICSSON, JONATHAN", "KRONWALL, NIKLAS", "CLEARY, DANIEL", "FRANZEN, JOHAN", "MRAZEK, PETR", "GUSTAVSSON, JONAS", "BREWER, ERIC", "SALO, SAMI", "GUDAS, RADKO", "BARBERIO, MARK", "JOHNSON, TYLER", "PURCELL, TEDDY", "KILLORN, ALEX", "PALAT, ONDREJ", "CROMBEEN, B.J.", "BROWN, J.T.", "CARLE, MATTHEW", "ST. LOUIS, MARTIN", "TYRELL, DANA", "THOMPSON, NATE", "FILPPULA, VALTTERI", "TAORMINA, MATT", "KUCHEROV, NIKITA", "SUSTR, ANDREJ", "BISHOP, BEN", "LINDBACK, ANDERS"], "G": [0, 0, 0, 0, 0, 0, 0, 0, 0, 0, 0, "1", 0, 0, 0, 0, 0, 0, 0, 0, 0, 0, 0, 0, 0, 0, 0, 0, 0, 0, 0, 0, 0, 0, 0, 0, "1", 0, 0, 0], "A": ["1", 0, 0, 0, 0, "1", 0, 0, 0, 0, 0, 0, 0, 0, 0, 0, 0, 0, 0, 0, 0, 0, 0, 0, 0, 0, 0, 0, 0, "1", 0, 0, 0, 0, 0, 0, 0, 0, 0, 0], "P": ["1", 0, 0, 0, 0, "1", 0, 0, 0, 0, 0, "1", 0, 0, 0, 0, 0, 0, 0, 0, 0, 0, 0, 0, 0, 0, 0, 0, 0, "1", 0, 0, 0, 0, 0, 0, "1", 0, 0, 0], "+/-": ["+1", "-1", "-1", "-1", "-1", "+1", 0, 0, 0, "-1", 0, "+1", 0, "+1", 0, 0, 0, "+1", 0, 0, "-1", 0, "+1", 0, 0, "-1", "-1", 0, 0, "+1", "+1", 0, 0, "+1", "-1", 0, "+1", "-1", 0, 0], "PN": [0, 0, "1", 0, 0, 0, 0, 0, "1", 0, 0, 0, 0, 0, "2", 0, 0, 0, 0, 0, 0, 0, 0, "1", 0, 0, 0, "2", 0, 0, 0, 0, 0, 0, 0, 0, 0, "1", 0, 0], "PIM": [0, 0, "2", 0, 0, 0, 0, 0, "2", 0, 0, 0, 0, 0, "4", 0, 0, 0, 0, 0, 0, 0, 0, "2", 0, 0, 0, "4", 0, 0, 0, 0, 0, 0, 0, 0, 0, "2", 0, 0], "TOT": ["20:04", "20:01", "17:45", "19:35", "24:53", "14:50", "17:49", "19:54", "17:42", "14:23", "05:04", "21:20", "08:27", "14:56", "20:11", "27:09", "10:30", "17:29", 0, "64:58", "20:33", "21:24", "23:49", "07:13", "23:33", "17:24", "17:50", "22:26", "09:55", "12:41", "24:27", "22:32", "08:50", "14:55", "18:50", "15:42", "14:47", "15:09", "65:00", 0], "SHF": ["27", "22", "28", "27", "32", "21", "23", "23", "20", "21", "8", "27", "13", "22", "27", "34", "18", "28", 0, 0, "25", "26", "28", "9", "29", "22", "22", "29", "14", "17", "28", "30", "14", "22", "24", "20", "19", "19", 0, 0], "AVG TOI/SH": ["00:44", "00:54", "00:38", "00:43", "00:46", "00:42", "00:46", "00:51", "00:53", "00:41", "00:38", "00:47", "00:39", "00:40", "00:44", "00:47", "00:35", "00:37", 0, 0, "00:49", "00:49", "00:51", "00:48", "00:48", "00:47", "00:48", "00:46", "00:42", "00:44", "00:52", "00:45", "00:37", "00:40", "00:47", "00:47", "00:46", "00:47", 0, 0], "PP": ["00:00", "03:51", "00:24", "03:46", "03:46", "03:50", "00:24", "00:24", "03:50", "00:12", "00:00", "00:00", "03:50", "03:46", "00:24", "03:57", "03:50", "03:46", 0, "08:00", "00:00", "04:09", "02:54", "00:00", "05:06", "03:31", "02:50", "03:58", "00:00", "00:57", "02:54", "05:06", "00:00", "00:00", "02:54", "04:09", "00:15", "00:00", "08:00", 0], "SH": ["01:43", "00:00", "01:31", "00:46", "02:11", "00:00", "03:35", "03:47", "00:00", "02:48", "00:00", "02:52", "00:00", "00:00", "03:20", "05:17", "02:09", "00:44", 0, "08:00", "03:36", "02:39", "04:11", "00:00", "03:16", "00:00", "00:08", "01:49", "03:13", "00:23", "04:02", "01:47", "02:03", "03:07", "00:14", "00:22", "00:00", "01:10", "08:00", 0], "EV": ["18:21", "16:10", "15:50", "15:03", "18:56", "11:00", "13:50", "15:43", "13:52", "11:23", "05:04", "18:28", "04:37", "11:10", "16:27", "17:55", "04:31", "12:59", 0, "48:58", "16:57", "14:36", "16:44", "07:13", "15:11", "13:53", "14:52", "16:39", "06:42", "11:21", "17:31", "15:39", "06:47", "11:48", "15:42", "11:11", "14:32", "13:59", "49:00", 0], "S": [0, "1", "1", "6", "1", "1", 0, "3", "3", 0, 0, "2", 0, "1", "3", "1", "1", "5", 0, 0, "1", "1", "1", "1", 0, "3", "3", "2", "2", 0, "3", "1", "1", 0, "2", "2", "4", 0, 0, 0], "A/B": ["1", "2", 0, "1", "3", 0, "1", "1", "1", "1", 0, "1", 0, 0, 0, 0, 0, "1", 0, 0, 0, "1", 0, 0, "1", "1", 0, "3", 0, "2", 0, "3", 0, 0, 0, "2", 0, 0, 0, 0], "MS": [0, "2", "1", "2", "1", 0, "1", "1", "1", "1", 0, 0, 0, "1", "1", 0, 0, "4", 0, 0, "1", "1", "1", "1", "2", "3", "1", 0, "1", "1", "2", "2", 0, 0, 0, "2", "1", 0, 0, 0], "HT": ["1", "2", "4", 0, "1", "1", 0, "3", 0, 0, 0, "1", 0, 0, 0, "1", 0, "1", 0, 0, 0, "2", "5", "2", "2", 0, "1", "1", "1", "1", "1", 0, "2", "1", 0, "1", "1", 0, 0, 0], "GV": ["1", 0, 0, 0, 0, 0, "3", 0, 0, 0, 0, 0, "1", "2", "1", 0, 0, "1", 0, 0, "1", 0, 0, 0, "1", "1", "1", "1", 0, 0, 0, 0, 0, 0, 0, "5", 0, 0, "1", 0], "TK": [0, "1", "1", 0, 0, "1", 0, 0, 0, "1", 0, 0, 0, 0, 0, 0, 0, "1", 0, 0, 0, 0, 0, 0, 0, "1", "1", 0, 0, 0, "2", "1", 0, "2", "2", 0, 0, 0, 0, 0], "BS": [0, "2", 0, 0, "1", "1", "2", 0, 0, 0, 0, "4", 0, 0, 0, "2", 0, "1", 0, 0, "2", "1", "3", 0, "2", 0, "1", 0, "1", 0, 0, 0, 0, "1", 0, 0, 0, "2", 0, 0], "FW": [0, 0, "1", 0, "12", 0, "9", 0, "2", 0, "0", 0, 0, "1", 0, 0, 0, "11", 0, 0, 0, 0, 0, 0, "11", "0", "1", "0", "1", "0", 0, "1", 0, "7", "10", 0, 0, 0, 0, 0], "FL": [0, 0, "0", 0, "12", 0, "8", 0, "3", 0, "2", 0, 0, "1", 0, 0, 0, "5", 0, 0, 0, 0, 0, 0, "13", "1", "1", "1", "0", "1", 0, "1", 0, "11", "7", 0, 0, 0, 0, 0], "F%": [0, 0, "100", 0, "50", 0, "53", 0, "40", 0, "0", 0, 0, "50", 0, 0, 0, "69", 0, 0, 0, 0, 0, 0, "46", "0", "50", "0", "100", "0", 0, "50", 0, "39", "59", 0, 0, 0, 0, 0], "team": ["DETROIT RED WINGS ", "DETROIT RED WINGS ", "DETROIT RED WINGS ", "DETROIT RED WINGS ", "DETROIT RED WINGS ", "DETROIT RED WINGS ", "DETROIT RED WINGS ", "DETROIT RED WINGS ", "DETROIT RED WINGS ", "DETROIT RED WINGS ", "DETROIT RED WINGS ", "DETROIT RED WINGS ", "DETROIT RED WINGS ", "DETROIT RED WINGS ", "DETROIT RED WINGS ", "DETROIT RED WINGS ", "DETROIT RED WINGS ", "DETROIT RED WINGS ", "DETROIT RED WINGS ", "DETROIT RED WINGS ", "TAMPA BAY LIGHTNING ", "TAMPA BAY LIGHTNING ", "TAMPA BAY LIGHTNING ", "TAMPA BAY LIGHTNING ", "TAMPA BAY LIGHTNING ", "TAMPA BAY LIGHTNING ", "TAMPA BAY LIGHTNING ", "TAMPA BAY LIGHTNING ", "TAMPA BAY LIGHTNING ", "TAMPA BAY LIGHTNING ", "TAMPA BAY LIGHTNING ", "TAMPA BAY LIGHTNING ", "TAMPA BAY LIGHTNING ", "TAMPA BAY LIGHTNING ", "TAMPA BAY LIGHTNING ", "TAMPA BAY LIGHTNING ", "TAMPA BAY LIGHTNING ", "TAMPA BAY LIGHTNING ", "TAMPA BAY LIGHTNING ", "TAMPA BAY LIGHTNING "], "GA": [0, 0, 0, 0, 0, 0, 0, 0, 0, 0, 0, 0, 0, 0, 0, 0, 0, 0, 0.0, "1", 0, 0, 0, 0, 0, 0, 0, 0, 0, 0, 0, 0, 0, 0, 0, 0, 0, 0, "1", 0], "SA": [0, 0, 0, 0, 0, 0, 0, 0, 0, 0, 0, 0, 0, 0, 0, 0, 0, 0, 0.0, "27", 0, 0, 0, 0, 0, 0, 0, 0, 0, 0, 0, 0, 0, 0, 0, 0, 0, 0, "29", 0]}}