{"game_info": {"date": "2013-12-21", "visitor": "MONTREAL CANADIENS ", "home": "NASHVILLE PREDATORS ", "game_id": 548, "status": "final"}, "player_stats": {"number": ["6", "8", "11", "14", "17", "21", "27", "32", "48", "49", "51", "55", "61", "67", "74", "76", "79", "81", "30", "31", "3", "4", "6", "7", "8", "11", "12", "13", "15", "24", "25", "26", "27", "28", "33", "42", "57", "59", "30", "39"], "position": ["D", "L", "R", "C", "R", "R", "C", "L", "C", "L", "C", "D", "D", "L", "D", "D", "D", "C", "G", "G", "D", "D", "D", "C", "D", "C", "C", "C", "C", "L", "L", "C", "R", "C", "C", "D", "L", "D", "G", "G"], "name": ["MURRAY, DOUGLAS", "PRUST, BRANDON", "GALLAGHER, BRENDAN", "PLEKANEC, TOMAS", "BOURQUE, RENE", "GIONTA, BRIAN", "GALCHENYUK, ALEX", "MOEN, TRAVIS", "BRIERE, DANIEL", "BOURNIVAL, MICHAEL", "DESHARNAIS, DAVID", "BOUILLON, FRANCIS", "DIAZ, RAPHAEL", "PACIORETTY, MAX", "EMELIN, ALEXEI", "SUBBAN, P.K.", "MARKOV, ANDREI", "ELLER, LARS", "BUDAJ, PETER", "PRICE, CAREY", "JONES, SETH", "ELLIS, RYAN", "WEBER, SHEA", "CULLEN, MATT", "KLEIN, KEVIN", "LEGWAND, DAVID", "FISHER, MIKE", "SPALING, NICK", "SMITH, CRAIG", "NYSTROM, ERIC", "STALBERG, VIKTOR", "HENDRICKS, MATT", "HORNQVIST, PATRIC", "GAUSTAD, PAUL", "WILSON, COLIN", "EKHOLM, MATTIAS", "BOURQUE, GABRIEL", "JOSI, ROMAN", "HUTTON, CARTER", "MAZANEC, MAREK"], "G": [0, 0, 0, "1", 0, 0, 0, 0, 0, 0, "1", 0, 0, "1", 0, "1", 0, 0, 0, 0, 0, 0, "1", 0, 0, 0, 0, "1", 0, 0, 0, 0, 0, 0, 0, 0, "1", 0, 0, 0], "A": [0, 0, "1", 0, 0, "1", 0, 0, 0, 0, 0, 0, 0, 0, "1", 0, 0, "1", 0, 0, 0, 0, "1", "1", 0, 0, "1", 0, "1", 0, "1", 0, "1", 0, 0, 0, 0, 0, 0, 0], "P": [0, 0, "1", "1", 0, "1", 0, 0, 0, 0, "1", 0, 0, "1", "1", "1", 0, "1", 0, 0, 0, 0, "2", "1", 0, 0, "1", "1", "1", 0, "1", 0, "1", 0, 0, 0, "1", 0, 0, 0], "+/-": [0, 0, "+2", "+1", 0, "+1", "+1", 0, 0, 0, "+2", "+2", "-1", "+1", "+1", "+3", "+1", 0, 0, 0, "-1", "-1", "-1", "-1", "-1", "-1", "-1", "-1", "-1", 0, "-1", 0, "-1", 0, "-1", "-1", 0, "-1", 0, 0], "PN": [0, 0, 0, 0, 0, 0, 0, "1", 0, 0, "1", 0, 0, 0, 0, "1", "1", 0, 0, 0, 0, 0, 0, "1", 0, 0, 0, 0, 0, 0, "1", "1", 0, 0, 0, 0, 0, 0, 0, 0], "PIM": [0, 0, 0, 0, 0, 0, 0, "5", 0, 0, "2", 0, 0, 0, 0, "2", "10", 0, 0, 0, 0, 0, 0, "2", 0, 0, 0, 0, 0, 0, "2", "5", 0, 0, 0, 0, 0, 0, 0, 0], "TOT": ["15:03", "10:49", "18:30", "18:26", "13:41", "18:10", "16:03", "10:08", "14:06", "06:34", "20:01", "23:52", "14:35", "19:50", "19:20", "27:22", "23:14", "15:40", 0, "61:43", "07:49", "18:36", "29:40", "15:00", "21:44", "16:07", "20:08", "16:13", "15:24", "10:38", "14:22", "10:24", "18:33", "13:25", "16:50", "16:27", "12:22", "29:10", "47:06", "14:37"], "SHF": ["20", "14", "25", "27", "19", "24", "21", "15", "19", "8", "25", "31", "21", "25", "23", "32", "25", "21", 0, 0, "10", "25", "34", "22", "30", "23", "28", "25", "24", "14", "21", "13", "24", "20", "25", "22", "21", "34", 0, 0], "AVG TOI/SH": ["00:45", "00:46", "00:44", "00:40", "00:43", "00:45", "00:45", "00:40", "00:44", "00:49", "00:48", "00:46", "00:41", "00:47", "00:50", "00:51", "00:55", "00:44", 0, 0, "00:46", "00:44", "00:52", "00:40", "00:43", "00:42", "00:43", "00:38", "00:38", "00:45", "00:41", "00:48", "00:46", "00:40", "00:40", "00:44", "00:35", "00:51", 0, 0], "PP": ["00:00", "00:00", "02:14", "00:51", "00:55", "00:51", "00:51", "00:00", "00:55", "00:00", "02:14", "00:25", "00:10", "02:14", "00:00", "03:50", "03:35", "00:55", 0, "04:00", "00:00", "00:00", "01:28", "00:00", "00:00", "01:09", "01:09", "00:19", "00:19", "00:00", "00:00", "00:00", "01:09", "00:00", "00:19", "00:00", "00:00", "01:28", "01:28", "00:00"], "SH": ["01:28", "00:20", "00:00", "00:38", "00:00", "00:00", "00:00", "01:08", "00:00", "00:00", "00:00", "00:00", "00:00", "00:00", "00:00", "00:00", "01:28", "00:50", 0, "01:28", "01:24", "00:00", "02:36", "00:00", "02:03", "00:00", "01:13", "01:18", "00:00", "01:35", "00:00", "01:22", "00:09", "02:23", "00:00", "00:00", "00:00", "01:57", "02:00", "02:00"], "EV": ["13:35", "10:29", "16:16", "16:57", "12:46", "17:19", "15:12", "09:00", "13:11", "06:34", "17:47", "23:27", "14:25", "17:36", "19:20", "23:32", "18:11", "13:55", 0, "56:15", "06:25", "18:36", "25:36", "15:00", "19:41", "14:58", "17:46", "14:36", "15:05", "09:03", "14:22", "09:02", "17:15", "11:02", "16:31", "16:27", "12:22", "25:45", "43:38", "12:37"], "S": [0, 0, 0, "4", "1", 0, 0, 0, 0, "1", "3", 0, 0, "5", 0, "6", "2", "1", 0, 0, 0, "3", "3", "3", "1", "1", 0, "2", "4", 0, 0, 0, "5", 0, "2", "2", "1", "7", 0, 0], "A/B": [0, 0, "1", 0, 0, 0, "1", 0, 0, "1", 0, 0, 0, "2", 0, 0, "1", "2", 0, 0, 0, "2", "2", 0, "2", 0, 0, "1", "2", 0, "1", 0, 0, 0, "1", 0, "3", 0, 0, 0], "MS": [0, 0, "1", "1", "1", "1", 0, "1", "1", 0, 0, 0, 0, "4", 0, 0, "1", 0, 0, 0, 0, 0, "1", "1", "1", "1", "2", "1", 0, 0, "2", 0, 0, "1", 0, "2", 0, "1", 0, 0], "HT": ["2", "1", 0, 0, 0, 0, 0, "1", 0, "2", 0, "5", 0, 0, "1", "3", 0, "1", 0, 0, 0, 0, "2", "1", "3", 0, "4", "1", 0, "1", 0, "2", "2", 0, "1", "1", "3", 0, 0, 0], "GV": ["1", "1", "2", "1", 0, 0, "1", 0, 0, "1", "1", "1", 0, 0, 0, "2", 0, "1", 0, "2", 0, "1", "1", 0, 0, 0, 0, 0, 0, "1", "1", 0, "1", "1", "1", "1", 0, "1", 0, 0], "TK": [0, 0, "1", 0, "1", "1", "2", 0, "1", 0, "1", "1", 0, 0, 0, 0, "2", "1", 0, 0, 0, 0, "1", 0, 0, 0, "1", 0, "1", 0, "1", "1", 0, 0, "1", 0, "1", "1", 0, 0], "BS": ["2", 0, 0, 0, 0, "1", 0, 0, 0, 0, "2", "2", 0, "1", 0, "4", "2", 0, 0, 0, "1", 0, "1", "1", "2", 0, 0, 0, 0, 0, 0, 0, 0, 0, 0, 0, 0, "3", 0, 0], "FW": [0, "1", "0", "8", 0, "1", 0, 0, "1", 0, "8", 0, 0, 0, 0, 0, 0, "6", 0, 0, 0, 0, 0, "8", 0, "9", "17", "0", 0, 0, 0, 0, 0, "6", 0, 0, 0, 0, 0, 0], "FL": [0, "1", "2", "15", 0, "2", 0, 0, "5", 0, "8", 0, 0, 0, 0, 0, 0, "7", 0, 0, 0, 0, 0, "5", 0, "11", "2", "1", 0, 0, 0, 0, 0, "6", 0, 0, 0, 0, 0, 0], "F%": [0, "50", "0", "35", 0, "33", 0, 0, "17", 0, "50", 0, 0, 0, 0, 0, 0, "46", 0, 0, 0, 0, 0, "62", 0, "45", "89", "0", 0, 0, 0, 0, 0, "50", 0, 0, 0, 0, 0, 0], "team": ["MONTREAL CANADIENS ", "MONTREAL CANADIENS ", "MONTREAL CANADIENS ", "MONTREAL CANADIENS ", "MONTREAL CANADIENS ", "MONTREAL CANADIENS ", "MONTREAL CANADIENS ", "MONTREAL CANADIENS ", "MONTREAL CANADIENS ", "MONTREAL CANADIENS ", "MONTREAL CANADIENS ", "MONTREAL CANADIENS ", "MONTREAL CANADIENS ", "MONTREAL CANADIENS ", "MONTREAL CANADIENS ", "MONTREAL CANADIENS ", "MONTREAL CANADIENS ", "MONTREAL CANADIENS ", "MONTREAL CANADIENS ", "MONTREAL CANADIENS ", "NASHVILLE PREDATORS ", "NASHVILLE PREDATORS ", "NASHVILLE PREDATORS ", "NASHVILLE PREDATORS ", "NASHVILLE PREDATORS ", "NASHVILLE PREDATORS ", "NASHVILLE PREDATORS ", "NASHVILLE PREDATORS ", "NASHVILLE PREDATORS ", "NASHVILLE PREDATORS ", "NASHVILLE PREDATORS ", "NASHVILLE PREDATORS ", "NASHVILLE PREDATORS ", "NASHVILLE PREDATORS ", "NASHVILLE PREDATORS ", "NASHVILLE PREDATORS ", "NASHVILLE PREDATORS ", "NASHVILLE PREDATORS ", "NASHVILLE PREDATORS ", "NASHVILLE PREDATORS "], "GA": [0, 0, 0, 0, 0, 0, 0, 0, 0, 0, 0, 0, 0, 0, 0, 0, 0, 0, 0.0, "3", 0, 0, 0, 0, 0, 0, 0, 0, 0, 0, 0, 0, 0, 0, 0, 0, 0, 0, "1", "3"], "SA": [0, 0, 0, 0, 0, 0, 0, 0, 0, 0, 0, 0, 0, 0, 0, 0, 0, 0, 0.0, "34", 0, 0, 0, 0, 0, 0, 0, 0, 0, 0, 0, 0, 0, 0, 0, 0, 0, 0, "18", "5"]}}