{"game_info": {"date": "2014-01-14", "visitor": "COLORADO AVALANCHE ", "home": "CHICAGO BLACKHAWKS ", "game_id": 702, "status": "final"}, "player_stats": {"number": ["2", "4", "6", "7", "8", "9", "11", "24", "25", "29", "42", "44", "55", "58", "61", "90", "92", "1", "30", "2", "4", "7", "8", "10", "16", "19", "20", "23", "26", "27", "28", "29", "32", "52", "65", "81", "88", "31", "50"], "position": ["D", "D", "D", "C", "D", "C", "L", "R", "C", "C", "C", "D", "L", "L", "D", "C", "L", "G", "G", "D", "D", "D", "D", "R", "C", "C", "L", "R", "C", "D", "R", "L", "D", "L", "C", "R", "R", "G", "G"], "name": ["HOLDEN, NICK", "BARRIE, TYSON", "JOHNSON, ERIK", "MITCHELL, JOHN", "HEJDA, JAN", "DUCHENE, MATT", "MCGINN, JAMIE", "CLICHE, MARC-ANDRE", "TALBOT, MAXIME", "MACKINNON, NATHAN", "MALONE, BRAD", "WILSON, RYAN", "MCLEOD, CODY", "BORDELEAU, PATRICK", "BENOIT, ANDRE", "O'REILLY, RYAN", "LANDESKOG, GABRIEL", "VARLAMOV, SEMYON", "AITTOKALLIO, SAMI", "KEITH, DUNCAN", "HJALMARSSON, NIKLAS", "SEABROOK, BRENT", "LEDDY, NICK", "SHARP, PATRICK", "KRUGER, MARCUS", "TOEWS, JONATHAN", "SAAD, BRANDON", "VERSTEEG, KRIS", "HANDZUS, MICHAL", "ODUYA, JOHNNY", "SMITH, BEN", "BICKELL, BRYAN", "ROZSIVAL, MICHAL", "BOLLIG, BRANDON", "SHAW, ANDREW", "HOSSA, MARIAN", "KANE, PATRICK", "RAANTA, ANTTI", "CRAWFORD, COREY"], "G": [0, "2", 0, 0, 0, 0, 0, 0, 0, 0, 0, 0, 0, 0, 0, "1", 0, 0, 0, 0, 0, 0, 0, 0, 0, 0, 0, 0, 0, "1", 0, 0, 0, 0, "1", 0, 0, 0, 0], "A": ["1", 0, 0, "1", 0, "1", "1", 0, 0, 0, 0, "1", 0, 0, 0, 0, 0, 0, 0, 0, 0, 0, 0, 0, 0, 0, "2", 0, 0, 0, 0, 0, 0, 0, "1", "1", 0, 0, 0], "P": ["1", "2", 0, "1", 0, "1", "1", 0, 0, 0, 0, "1", 0, 0, 0, "1", 0, 0, 0, 0, 0, 0, 0, 0, 0, 0, "2", 0, 0, "1", 0, 0, 0, 0, "2", "1", 0, 0, 0], "+/-": ["-2", "+1", 0, "+1", 0, 0, 0, "-1", "-2", "-1", 0, 0, "-1", "+1", "-1", 0, 0, 0, 0, 0, 0, 0, "+1", 0, "-1", 0, "+2", 0, 0, 0, "-1", "-1", "+1", 0, "+2", "+1", "+1", 0, 0], "PN": [0, 0, "1", 0, 0, "1", "1", 0, "1", 0, 0, 0, 0, 0, 0, 0, "1", 0, 0, 0, 0, 0, 0, 0, 0, "1", 0, "1", 0, 0, 0, 0, 0, 0, 0, "1", "1", 0, 0], "PIM": [0, 0, "2", 0, 0, "2", "2", 0, "2", 0, 0, 0, 0, 0, 0, 0, "2", 0, 0, 0, 0, 0, 0, 0, 0, "2", 0, "2", 0, 0, 0, 0, 0, 0, 0, "2", "2", 0, 0], "TOT": ["25:11", "23:05", "12:45", "20:16", "23:08", "22:18", "17:53", "16:12", "17:19", "17:14", "06:44", "18:09", "13:08", "05:59", "24:26", "22:40", "20:09", "64:09", 0, "28:10", "22:27", "24:57", "15:04", "21:15", "15:10", "23:46", "18:20", "10:24", "08:04", "20:55", "11:59", "06:34", "11:10", "10:48", "19:31", "21:35", "21:49", 0, "64:09"], "SHF": ["41", "28", "19", "28", "36", "29", "24", "24", "26", "24", "9", "24", "22", "8", "37", "32", "27", 0, 0, "32", "28", "33", "20", "27", "26", "31", "24", "13", "16", "26", "20", "9", "16", "17", "27", "29", "28", 0, 0], "AVG TOI/SH": ["00:36", "00:49", "00:40", "00:43", "00:38", "00:46", "00:44", "00:40", "00:39", "00:43", "00:44", "00:45", "00:35", "00:44", "00:39", "00:42", "00:44", 0, 0, "00:52", "00:48", "00:45", "00:45", "00:47", "00:35", "00:46", "00:45", "00:48", "00:30", "00:48", "00:35", "00:43", "00:41", "00:38", "00:43", "00:44", "00:46", 0, 0], "PP": ["01:53", "03:02", "01:02", "01:54", "00:05", "03:18", "02:09", "00:00", "00:00", "02:29", "00:00", "00:00", "00:00", "00:00", "02:05", "02:09", "02:29", "04:38", 0, "05:46", "00:10", "04:21", "04:03", "05:46", "00:02", "06:05", "03:30", "02:39", "00:00", "00:11", "00:00", "00:00", "00:00", "00:00", "06:02", "04:06", "07:19", 0, "10:00"], "SH": ["05:40", "00:08", "02:24", "04:17", "05:40", "00:00", "00:08", "05:04", "04:11", "00:05", "00:00", "01:56", "04:19", "00:00", "04:12", "01:56", "00:00", "10:00", 0, "03:09", "03:11", "01:27", "00:00", "00:00", "02:16", "01:44", "00:38", "00:00", "01:51", "01:29", "01:08", "00:00", "00:00", "00:00", "00:00", "01:04", "00:00", 0, "04:38"], "EV": ["17:38", "19:55", "09:19", "14:05", "17:23", "19:00", "15:36", "11:08", "13:08", "14:40", "06:44", "16:13", "08:49", "05:59", "18:09", "18:35", "17:40", "49:31", 0, "19:15", "19:06", "19:09", "11:01", "15:29", "12:52", "15:57", "14:12", "07:45", "06:13", "19:15", "10:51", "06:34", "11:10", "10:48", "13:29", "16:25", "14:30", 0, "49:31"], "S": ["2", "2", 0, "2", 0, "3", "2", "5", "1", "2", "1", 0, "2", 0, 0, "2", "2", 0, 0, "2", "6", "4", "3", "9", "2", "1", "1", "3", 0, "3", 0, "1", "1", "2", "2", "3", "5", 0, 0], "A/B": ["1", "1", 0, "2", 0, 0, 0, 0, 0, "1", 0, 0, 0, "1", 0, "2", 0, 0, 0, "5", "3", "4", 0, "1", "1", "2", "1", "1", 0, "2", 0, 0, 0, 0, 0, "1", "2", 0, 0], "MS": [0, 0, 0, 0, 0, "1", "1", 0, 0, 0, 0, 0, 0, 0, 0, "1", 0, 0, 0, "2", 0, "3", 0, "2", 0, "2", "1", "2", 0, "1", "1", 0, "2", 0, 0, 0, "1", 0, 0], "HT": ["4", "1", "1", "3", "3", "2", "3", 0, 0, "1", "2", "3", "2", "2", "3", "1", 0, 0, 0, "1", 0, "2", 0, 0, 0, "1", "1", 0, 0, "1", 0, 0, "1", "4", "2", 0, 0, 0, 0], "GV": ["1", 0, 0, 0, 0, 0, 0, 0, 0, 0, 0, "1", 0, 0, "2", "1", 0, 0, 0, "1", "1", 0, "1", 0, 0, 0, 0, 0, 0, 0, 0, 0, 0, 0, 0, 0, 0, 0, 0], "TK": ["1", 0, 0, 0, 0, 0, 0, 0, "1", 0, 0, 0, 0, 0, 0, 0, 0, 0, 0, "1", 0, "2", 0, 0, 0, "1", 0, 0, 0, 0, 0, 0, "1", 0, 0, "1", 0, 0, 0], "BS": ["2", "4", 0, "2", "4", "1", 0, "1", "2", "1", 0, "1", "1", 0, "2", "1", "1", 0, 0, "1", "2", "1", "1", 0, 0, 0, 0, 0, 0, "3", 0, 0, 0, 0, 0, 0, 0, 0, 0], "FW": [0, 0, 0, "5", 0, "4", 0, "3", "4", "4", "3", 0, 0, 0, 0, "4", "1", 0, 0, 0, 0, 0, 0, 0, "7", "21", "2", 0, "2", 0, "1", 0, 0, 0, "6", 0, 0, 0, 0], "FL": [0, 0, 0, "4", 0, "11", 0, "7", "6", "3", "4", 0, 0, 0, 0, "4", "0", 0, 0, 0, 0, 0, 0, 0, "6", "8", "3", 0, "4", 0, "1", 0, 0, 0, "6", 0, 0, 0, 0], "F%": [0, 0, 0, "56", 0, "27", 0, "30", "40", "57", "43", 0, 0, 0, 0, "50", "100", 0, 0, 0, 0, 0, 0, 0, "54", "72", "40", 0, "33", 0, "50", 0, 0, 0, "50", 0, 0, 0, 0], "team": ["COLORADO AVALANCHE ", "COLORADO AVALANCHE ", "COLORADO AVALANCHE ", "COLORADO AVALANCHE ", "COLORADO AVALANCHE ", "COLORADO AVALANCHE ", "COLORADO AVALANCHE ", "COLORADO AVALANCHE ", "COLORADO AVALANCHE ", "COLORADO AVALANCHE ", "COLORADO AVALANCHE ", "COLORADO AVALANCHE ", "COLORADO AVALANCHE ", "COLORADO AVALANCHE ", "COLORADO AVALANCHE ", "COLORADO AVALANCHE ", "COLORADO AVALANCHE ", "COLORADO AVALANCHE ", "COLORADO AVALANCHE ", "CHICAGO BLACKHAWKS ", "CHICAGO BLACKHAWKS ", "CHICAGO BLACKHAWKS ", "CHICAGO BLACKHAWKS ", "CHICAGO BLACKHAWKS ", "CHICAGO BLACKHAWKS ", "CHICAGO BLACKHAWKS ", "CHICAGO BLACKHAWKS ", "CHICAGO BLACKHAWKS ", "CHICAGO BLACKHAWKS ", "CHICAGO BLACKHAWKS ", "CHICAGO BLACKHAWKS ", "CHICAGO BLACKHAWKS ", "CHICAGO BLACKHAWKS ", "CHICAGO BLACKHAWKS ", "CHICAGO BLACKHAWKS ", "CHICAGO BLACKHAWKS ", "CHICAGO BLACKHAWKS ", "CHICAGO BLACKHAWKS ", "CHICAGO BLACKHAWKS "], "GA": [0, 0, 0, 0, 0, 0, 0, 0, 0, 0, 0, 0, 0, 0, 0, 0, 0, "2", 0, 0, 0, 0, 0, 0, 0, 0, 0, 0, 0, 0, 0, 0, 0, 0, 0, 0, 0, 0, "3"], "SA": [0, 0, 0, 0, 0, 0, 0, 0, 0, 0, 0, 0, 0, 0, 0, 0, 0, "48", 0, 0, 0, 0, 0, 0, 0, 0, 0, 0, 0, 0, 0, 0, 0, 0, 0, 0, 0, 0, "26"]}}