{"game_info": {"date": "2014-03-29", "visitor": "SAN JOSE SHARKS ", "home": "COLORADO AVALANCHE ", "game_id": 1109, "status": "final"}, "player_stats": {"number": ["7", "8", "9", "10", "12", "15", "18", "19", "22", "27", "39", "44", "52", "57", "61", "81", "83", "88", "31", "32", "2", "4", "5", "6", "7", "8", "9", "11", "24", "25", "26", "29", "42", "55", "58", "61", "90", "92", "1", "35"], "position": ["D", "C", "R", "C", "C", "C", "R", "C", "D", "D", "C", "D", "D", "C", "D", "C", "L", "R", "G", "G", "D", "D", "D", "D", "C", "D", "C", "L", "R", "C", "C", "C", "C", "L", "L", "D", "C", "L", "G", "G"], "name": ["STUART, BRAD", "PAVELSKI, JOE", "HAVLAT, MARTY", "DESJARDINS, ANDREW", "MARLEAU, PATRICK", "SHEPPARD, JAMES", "BROWN, MIKE", "THORNTON, JOE", "BOYLE, DAN", "HANNAN, SCOTT", "COUTURE, LOGAN", "VLASIC, MARC-EDOUARD", "IRWIN, MATT", "WINGELS, TOMMY", "BRAUN, JUSTIN", "KENNEDY, TYLER", "NIETO, MATT", "BURNS, BRENT", "NIEMI, ANTTI", "STALOCK, ALEX", "HOLDEN, NICK", "BARRIE, TYSON", "GUENIN, NATE", "JOHNSON, ERIK", "MITCHELL, JOHN", "HEJDA, JAN", "DUCHENE, MATT", "MCGINN, JAMIE", "CLICHE, MARC-ANDRE", "TALBOT, MAXIME", "STASTNY, PAUL", "MACKINNON, NATHAN", "MALONE, BRAD", "MCLEOD, CODY", "BORDELEAU, PATRICK", "BENOIT, ANDRE", "O'REILLY, RYAN", "LANDESKOG, GABRIEL", "VARLAMOV, SEMYON", "GIGUERE, JEAN-SEBASTIEN"], "G": [0, "1", 0, 0, 0, 0, 0, 0, "1", 0, 0, 0, 0, 0, 0, 0, 0, 0, 0, 0, 0, 0, 0, 0, "1", 0, 0, 0, 0, 0, "1", 0, 0, "1", 0, 0, 0, 0, 0, 0], "A": [0, 0, 0, 0, 0, "1", 0, "1", 0, 0, 0, 0, 0, 0, 0, 0, 0, "1", 0, 0, "1", 0, 0, "1", "1", 0, 0, "1", 0, 0, 0, "1", 0, 0, 0, 0, 0, "1", 0, 0], "P": [0, "1", 0, 0, 0, "1", 0, "1", "1", 0, 0, 0, 0, 0, 0, 0, 0, "1", 0, 0, "1", 0, 0, "1", "2", 0, 0, "1", 0, 0, "1", "1", 0, "1", 0, 0, 0, "1", 0, 0], "+/-": [0, "-2", "+1", 0, "-1", "+1", 0, "-2", "-1", 0, 0, 0, 0, "+1", 0, 0, 0, "-2", 0, 0, "+1", "+1", 0, 0, "+1", "+1", 0, 0, "-1", "-1", "+1", "+1", 0, "+1", "-1", "-1", 0, "+1", 0, 0], "PN": [0, 0, 0, 0, 0, 0, 0, "2", 0, 0, "1", 0, "1", 0, 0, "1", 0, 0, 0, 0, "1", 0, "1", "1", 0, 0, 0, 0, 0, 0, 0, 0, 0, "1", 0, 0, "1", 0, 0, 0], "PIM": [0, 0, 0, 0, 0, 0, 0, "4", 0, 0, "2", 0, "2", 0, 0, "2", 0, 0, 0, 0, "2", 0, "2", "2", 0, 0, 0, 0, 0, 0, 0, 0, 0, "2", 0, 0, "2", 0, 0, 0], "TOT": ["17:18", "20:22", "15:05", "10:05", "20:49", "14:34", "05:31", "15:13", "22:41", "16:47", "17:29", "20:47", "16:49", "16:01", "21:25", "08:03", "14:37", "18:57", 0, "58:57", "19:21", "18:20", "17:27", "22:52", "18:46", "22:33", "00:32", "17:16", "13:30", "18:51", "19:07", "19:03", "06:19", "13:31", "07:47", "19:18", "20:00", "17:03", "60:00", 0], "SHF": ["24", "26", "19", "15", "27", "18", "9", "23", "21", "23", "25", "23", "22", "21", "26", "12", "21", "23", 0, 0, "23", "19", "27", "27", "25", "29", "1", "22", "22", "26", "24", "23", "7", "21", "10", "26", "26", "21", 0, 0], "AVG TOI/SH": ["00:43", "00:47", "00:47", "00:40", "00:46", "00:48", "00:36", "00:39", "01:04", "00:43", "00:41", "00:54", "00:45", "00:45", "00:49", "00:40", "00:41", "00:49", 0, 0, "00:50", "00:57", "00:38", "00:50", "00:45", "00:46", "00:32", "00:47", "00:36", "00:43", "00:47", "00:49", "00:54", "00:38", "00:46", "00:44", "00:46", "00:48", 0, 0], "PP": ["00:00", "04:42", "01:42", "00:00", "03:44", "00:00", "00:00", "03:00", "04:54", "00:00", "02:40", "00:00", "01:30", "00:50", "02:11", "00:00", "00:52", "04:13", 0, "06:24", "03:41", "02:25", "00:00", "04:05", "03:58", "00:12", "00:00", "04:24", "00:00", "00:00", "02:32", "02:11", "00:00", "00:00", "00:00", "02:37", "04:19", "02:06", "06:30", 0], "SH": ["03:51", "02:46", "00:27", "02:24", "02:15", "00:09", "00:00", "00:00", "00:00", "04:06", "01:19", "02:39", "00:00", "02:07", "02:24", "00:00", "01:33", "00:00", 0, "06:30", "01:11", "00:00", "03:41", "01:32", "01:50", "04:41", "00:00", "00:00", "02:57", "03:42", "00:35", "00:00", "00:00", "01:15", "00:00", "01:14", "01:16", "00:00", "06:24", 0], "EV": ["13:27", "12:54", "12:56", "07:41", "14:50", "14:25", "05:31", "12:13", "17:47", "12:41", "13:30", "18:08", "15:19", "13:04", "16:50", "08:03", "12:12", "14:44", 0, "46:03", "14:29", "15:55", "13:46", "17:15", "12:58", "17:40", "00:32", "12:52", "10:33", "15:09", "16:00", "16:52", "06:19", "12:16", "07:47", "15:27", "14:25", "14:57", "47:06", 0], "S": ["2", "3", "2", "1", "1", "5", "2", "1", "5", 0, "2", "3", "6", "4", "2", "4", "2", "4", 0, 0, 0, "1", 0, "2", "2", 0, 0, "3", 0, "1", "3", "3", 0, "3", 0, 0, 0, "4", 0, 0], "A/B": [0, "4", "2", 0, "2", "1", "1", "2", "1", "1", "1", "1", "3", "1", 0, "1", "1", "3", 0, 0, 0, 0, 0, 0, 0, 0, 0, 0, 0, "1", 0, 0, 0, 0, 0, "1", 0, "1", 0, 0], "MS": ["1", 0, "1", "1", "1", 0, "1", "1", 0, 0, 0, "3", 0, "1", 0, "2", "1", 0, 0, 0, 0, 0, 0, 0, 0, 0, 0, "2", 0, 0, "1", "1", 0, 0, "1", 0, "1", "2", 0, 0], "HT": ["3", 0, 0, "1", 0, "2", 0, "1", 0, 0, 0, 0, 0, 0, "2", 0, 0, "2", 0, 0, "2", 0, "5", "1", 0, 0, 0, "1", 0, "1", "1", 0, "2", "4", "3", 0, 0, "4", 0, 0], "GV": [0, 0, 0, 0, 0, 0, 0, 0, 0, 0, 0, "2", 0, 0, 0, 0, 0, 0, 0, 0, "1", "1", 0, 0, "1", 0, 0, 0, 0, 0, 0, 0, 0, 0, "1", 0, 0, 0, "1", 0], "TK": ["1", 0, "1", 0, "1", "1", 0, 0, 0, 0, "2", 0, 0, 0, 0, "1", 0, 0, 0, 0, "1", "3", "1", 0, 0, "1", 0, "1", "1", "1", 0, "2", 0, 0, 0, 0, "1", 0, 0, 0], "BS": [0, 0, 0, 0, 0, 0, 0, 0, "1", 0, 0, "1", 0, 0, "1", 0, 0, 0, 0, 0, "3", 0, "4", "3", "1", "3", 0, 0, 0, "2", "2", 0, 0, 0, 0, "5", 0, "2", 0, 0], "FW": [0, "8", 0, "7", "2", "7", 0, "4", 0, 0, "5", 0, 0, "0", 0, "1", 0, 0, 0, 0, 0, 0, 0, 0, "5", 0, "1", "1", "8", "1", "9", "1", "0", 0, 0, 0, "3", 0, 0, 0], "FL": [0, "8", 0, "1", "0", "3", 0, "3", 0, 0, "12", 0, 0, "2", 0, "0", 0, 0, 0, 0, 0, 0, 0, 0, "7", 0, "0", "0", "10", "3", "10", "3", "1", 0, 0, 0, "0", 0, 0, 0], "F%": [0, "50", 0, "88", "100", "70", 0, "57", 0, 0, "29", 0, 0, "0", 0, "100", 0, 0, 0, 0, 0, 0, 0, 0, "42", 0, "100", "100", "44", "25", "47", "25", "0", 0, 0, 0, "100", 0, 0, 0], "team": ["SAN JOSE SHARKS ", "SAN JOSE SHARKS ", "SAN JOSE SHARKS ", "SAN JOSE SHARKS ", "SAN JOSE SHARKS ", "SAN JOSE SHARKS ", "SAN JOSE SHARKS ", "SAN JOSE SHARKS ", "SAN JOSE SHARKS ", "SAN JOSE SHARKS ", "SAN JOSE SHARKS ", "SAN JOSE SHARKS ", "SAN JOSE SHARKS ", "SAN JOSE SHARKS ", "SAN JOSE SHARKS ", "SAN JOSE SHARKS ", "SAN JOSE SHARKS ", "SAN JOSE SHARKS ", "SAN JOSE SHARKS ", "SAN JOSE SHARKS ", "COLORADO AVALANCHE ", "COLORADO AVALANCHE ", "COLORADO AVALANCHE ", "COLORADO AVALANCHE ", "COLORADO AVALANCHE ", "COLORADO AVALANCHE ", "COLORADO AVALANCHE ", "COLORADO AVALANCHE ", "COLORADO AVALANCHE ", "COLORADO AVALANCHE ", "COLORADO AVALANCHE ", "COLORADO AVALANCHE ", "COLORADO AVALANCHE ", "COLORADO AVALANCHE ", "COLORADO AVALANCHE ", "COLORADO AVALANCHE ", "COLORADO AVALANCHE ", "COLORADO AVALANCHE ", "COLORADO AVALANCHE ", "COLORADO AVALANCHE "], "GA": [0, 0, 0, 0, 0, 0, 0, 0, 0, 0, 0, 0, 0, 0, 0, 0, 0, 0, 0.0, "3", 0, 0, 0, 0, 0, 0, 0, 0, 0, 0, 0, 0, 0, 0, 0, 0, 0, 0, "2", 0], "SA": [0, 0, 0, 0, 0, 0, 0, 0, 0, 0, 0, 0, 0, 0, 0, 0, 0, 0, 0.0, "22", 0, 0, 0, 0, 0, 0, 0, 0, 0, 0, 0, 0, 0, 0, 0, 0, 0, 0, "49", 0]}}