{"game_info": {"date": "2013-10-19", "visitor": "MINNESOTA WILD ", "home": "FLORIDA PANTHERS ", "game_id": 115, "status": "final"}, "player_stats": {"number": ["4", "6", "9", "11", "14", "15", "17", "19", "20", "21", "22", "24", "25", "28", "29", "46", "55", "64", "32", "37", "7", "11", "14", "16", "17", "18", "19", "23", "24", "27", "32", "43", "44", "51", "57", "77", "82", "97", "25", "34"], "position": ["D", "D", "C", "L", "R", "L", "C", "L", "D", "C", "R", "L", "D", "C", "R", "D", "D", "C", "G", "G", "D", "C", "L", "C", "C", "C", "R", "C", "R", "C", "R", "D", "D", "D", "C", "D", "R", "D", "G", "G"], "name": ["STONER, CLAYTON", "SCANDELLA, MARCO", "KOIVU, MIKKO", "PARISE, ZACH", "FONTAINE, JUSTIN", "HEATLEY, DANY", "MITCHELL, TORREY", "VEILLEUX, STEPHANE", "SUTER, RYAN", "BRODZIAK, KYLE", "NIEDERREITER, NINO", "COOKE, MATT", "BRODIN, JONAS", "KONOPKA, ZENON", "POMINVILLE, JASON", "SPURGEON, JARED", "DUMBA, MATHEW", "GRANLUND, MIKAEL", "BACKSTROM, NIKLAS", "HARDING, JOSH", "KULIKOV, DMITRY", "HUBERDEAU, JONATHAN", "FLEISCHMANN, TOMAS", "BARKOV, ALEKSANDER", "WINCHESTER, JESSE", "MATTHIAS, SHAWN", "UPSHALL, SCOTTIE", "GOMEZ, SCOTT", "BOYES, BRAD", "BJUGSTAD, NICK", "VERSTEEG, KRIS", "WEAVER, MIKE", "GUDBRANSON, ERIK", "CAMPBELL, BRIAN", "GOC, MARCEL", "GILBERT, TOM", "KOPECKY, TOMAS", "GILROY, MATT", "MARKSTROM, JACOB", "THOMAS, TIM"], "G": [0, 0, 0, 0, 0, 0, 0, 0, 0, 0, 0, 0, "1", 0, 0, 0, 0, 0, 0, 0, 0, 0, 0, "1", 0, 0, 0, 0, 0, 0, 0, 0, 0, 0, 0, 0, 0, 0, 0, 0], "A": [0, 0, 0, 0, 0, "1", 0, 0, 0, 0, 0, 0, 0, 0, 0, 0, 0, "1", 0, 0, 0, 0, "1", 0, 0, 0, 0, 0, 0, 0, 0, 0, 0, "1", 0, 0, 0, 0, 0, 0], "P": [0, 0, 0, 0, 0, "1", 0, 0, 0, 0, 0, 0, "1", 0, 0, 0, 0, "1", 0, 0, 0, 0, "1", "1", 0, 0, 0, 0, 0, 0, 0, 0, 0, "1", 0, 0, 0, 0, 0, 0], "+/-": [0, 0, 0, 0, 0, 0, 0, 0, 0, 0, 0, 0, 0, 0, 0, 0, 0, 0, 0, 0, 0, 0, 0, 0, 0, 0, 0, 0, 0, 0, 0, 0, 0, 0, 0, 0, 0, 0, 0, 0], "PN": [0, 0, 0, 0, "1", 0, 0, "1", 0, "1", "1", 0, 0, "1", 0, 0, 0, 0, 0, 0, 0, 0, "1", 0, "1", 0, 0, "1", "1", 0, 0, 0, 0, "1", 0, 0, 0, 0, 0, 0], "PIM": [0, 0, 0, 0, "2", 0, 0, "2", 0, "2", "2", 0, 0, "2", 0, 0, 0, 0, 0, 0, 0, 0, "2", 0, "2", 0, 0, "2", "2", 0, 0, 0, 0, "2", 0, 0, 0, 0, 0, 0], "TOT": ["14:00", "17:12", "25:13", "23:57", "10:29", "16:21", "09:28", "06:03", "32:12", "15:31", "13:45", "15:25", "27:54", "10:31", "20:39", "24:51", "10:58", "16:38", 0, "64:57", "24:15", "19:10", "20:43", "18:51", "11:13", "11:05", "11:49", "11:42", "13:58", "10:19", "14:35", "22:01", "12:23", "29:59", "19:06", "24:09", "18:55", "16:21", 0, "64:57"], "SHF": ["22", "27", "27", "25", "17", "20", "16", "14", "36", "24", "22", "22", "33", "18", "23", "35", "18", "25", 0, 0, "25", "23", "24", "23", "18", "17", "16", "16", "15", "15", "21", "26", "19", "31", "29", "30", "26", "20", 0, 0], "AVG TOI/SH": ["00:38", "00:38", "00:56", "00:57", "00:37", "00:49", "00:35", "00:25", "00:53", "00:38", "00:37", "00:42", "00:50", "00:35", "00:53", "00:42", "00:36", "00:39", 0, 0, "00:58", "00:50", "00:51", "00:49", "00:37", "00:39", "00:44", "00:43", "00:55", "00:41", "00:41", "00:50", "00:39", "00:58", "00:39", "00:48", "00:43", "00:49", 0, 0], "PP": ["00:00", "00:00", "05:32", "05:32", "00:27", "02:46", "00:00", "00:00", "05:47", "00:27", "00:24", "00:16", "00:36", "00:20", "05:04", "03:21", "00:51", "00:32", 0, "06:23", "04:25", "03:30", "04:10", "03:37", "00:02", "00:00", "00:11", "02:41", "02:17", "00:00", "03:04", "00:00", "00:20", "06:14", "00:44", "00:44", "02:11", "02:20", 0, "07:18"], "SH": ["03:02", "00:00", "02:02", "01:14", "00:00", "00:00", "01:51", "00:25", "04:24", "03:25", "00:19", "02:49", "03:44", "02:45", "00:00", "02:50", "00:00", "00:00", 0, "07:18", "00:25", "00:00", "00:00", "00:00", "02:41", "00:41", "01:07", "00:09", "01:10", "00:00", "00:00", "05:17", "01:43", "03:12", "04:00", "01:38", "01:39", "00:00", 0, "06:23"], "EV": ["10:58", "17:12", "17:39", "17:11", "10:02", "13:35", "07:37", "05:38", "22:01", "11:39", "13:02", "12:20", "23:34", "07:26", "15:35", "18:40", "10:07", "16:06", 0, "51:16", "19:25", "15:40", "16:33", "15:14", "08:30", "10:24", "10:31", "08:52", "10:31", "10:19", "11:31", "16:44", "10:20", "20:33", "14:22", "21:47", "15:05", "14:01", 0, "51:16"], "S": [0, "3", "3", "8", "1", "2", 0, 0, "3", 0, "1", "2", "2", "1", "1", "2", "1", "1", 0, 0, "1", "1", "4", "2", 0, "1", "1", 0, "2", "1", "3", "3", "1", 0, 0, 0, "2", 0, 0, 0], "A/B": [0, "1", "3", "2", 0, "3", 0, 0, 0, "1", 0, "1", "1", 0, "1", 0, "1", 0, 0, 0, 0, 0, 0, 0, 0, 0, 0, 0, 0, 0, 0, 0, 0, 0, "2", "1", 0, 0, 0, 0], "MS": [0, "1", 0, "1", "2", 0, 0, 0, 0, 0, "1", "1", 0, 0, "3", "2", "1", 0, 0, 0, "2", "1", "1", 0, "1", "1", 0, 0, "1", 0, 0, "1", 0, 0, 0, 0, "1", 0, 0, 0], "HT": [0, "2", "1", "5", 0, 0, "1", "1", "2", "1", "4", "1", 0, "1", "2", 0, "1", 0, 0, 0, "1", 0, "2", 0, "1", "3", "3", "1", "2", 0, "2", "1", "3", "1", "3", "2", "3", 0, 0, 0], "GV": [0, 0, "1", 0, 0, "1", 0, 0, 0, 0, "1", 0, "1", 0, 0, 0, 0, 0, 0, 0, 0, 0, "1", 0, 0, 0, 0, "1", "1", 0, 0, 0, 0, 0, 0, 0, 0, 0, 0, 0], "TK": [0, 0, 0, 0, 0, "1", 0, 0, 0, 0, 0, 0, 0, 0, 0, 0, 0, 0, 0, 0, 0, "1", 0, "1", "1", 0, "2", 0, 0, 0, "1", 0, 0, "1", 0, 0, 0, 0, 0, 0], "BS": [0, 0, 0, 0, 0, 0, 0, 0, 0, 0, "1", 0, "2", 0, 0, 0, 0, 0, 0, 0, "2", 0, 0, "1", 0, 0, 0, "1", 0, 0, "1", "3", "2", "1", 0, "2", 0, "1", 0, 0], "FW": [0, 0, "11", 0, 0, "1", 0, 0, 0, "4", "1", 0, 0, "5", "3", 0, 0, "7", 0, 0, 0, 0, 0, "7", 0, "0", 0, "8", "0", "6", "1", 0, 0, 0, "15", 0, "0", 0, 0, 0], "FL": [0, 0, "14", 0, 0, "0", 0, 0, 0, "7", "0", 0, 0, "6", "2", 0, 0, "8", 0, 0, 0, 0, 0, "8", 0, "3", 0, "6", "1", "3", "0", 0, 0, 0, "10", 0, "1", 0, 0, 0], "F%": [0, 0, "44", 0, 0, "100", 0, 0, 0, "36", "100", 0, 0, "45", "60", 0, 0, "47", 0, 0, 0, 0, 0, "47", 0, "0", 0, "57", "0", "67", "100", 0, 0, 0, "60", 0, "0", 0, 0, 0], "team": ["MINNESOTA WILD ", "MINNESOTA WILD ", "MINNESOTA WILD ", "MINNESOTA WILD ", "MINNESOTA WILD ", "MINNESOTA WILD ", "MINNESOTA WILD ", "MINNESOTA WILD ", "MINNESOTA WILD ", "MINNESOTA WILD ", "MINNESOTA WILD ", "MINNESOTA WILD ", "MINNESOTA WILD ", "MINNESOTA WILD ", "MINNESOTA WILD ", "MINNESOTA WILD ", "MINNESOTA WILD ", "MINNESOTA WILD ", "MINNESOTA WILD ", "MINNESOTA WILD ", "FLORIDA PANTHERS ", "FLORIDA PANTHERS ", "FLORIDA PANTHERS ", "FLORIDA PANTHERS ", "FLORIDA PANTHERS ", "FLORIDA PANTHERS ", "FLORIDA PANTHERS ", "FLORIDA PANTHERS ", "FLORIDA PANTHERS ", "FLORIDA PANTHERS ", "FLORIDA PANTHERS ", "FLORIDA PANTHERS ", "FLORIDA PANTHERS ", "FLORIDA PANTHERS ", "FLORIDA PANTHERS ", "FLORIDA PANTHERS ", "FLORIDA PANTHERS ", "FLORIDA PANTHERS ", "FLORIDA PANTHERS ", "FLORIDA PANTHERS "], "GA": [0, 0, 0, 0, 0, 0, 0, 0, 0, 0, 0, 0, 0, 0, 0, 0, 0, 0, 0.0, "1", 0, 0, 0, 0, 0, 0, 0, 0, 0, 0, 0, 0, 0, 0, 0, 0, 0, 0, 0, "1"], "SA": [0, 0, 0, 0, 0, 0, 0, 0, 0, 0, 0, 0, 0, 0, 0, 0, 0, 0, 0.0, "22", 0, 0, 0, 0, 0, 0, 0, 0, 0, 0, 0, 0, 0, 0, 0, 0, 0, 0, 0, "31"]}}