{"game_info": {"date": "2013-10-08", "visitor": "CAROLINA HURRICANES ", "home": "PITTSBURGH PENGUINS ", "game_id": 40, "status": "final"}, "player_stats": {"number": ["4", "7", "11", "12", "14", "16", "18", "19", "20", "21", "27", "28", "39", "42", "44", "53", "65", "73", "30", "31", "2", "3", "4", "7", "9", "12", "14", "15", "16", "17", "19", "27", "36", "41", "44", "46", "71", "87", "29", "37"], "position": ["D", "D", "C", "C", "C", "C", "R", "C", "C", "L", "D", "R", "R", "L", "D", "C", "D", "D", "G", "G", "D", "D", "D", "D", "L", "R", "L", "L", "C", "C", "R", "R", "L", "D", "D", "C", "C", "C", "G", "G"], "name": ["SEKERA, ANDREJ", "MURPHY, RYAN", "STAAL, JORDAN", "STAAL, ERIC", "GERBE, NATHAN", "LINDHOLM, ELIAS", "DVORAK, RADEK", "TLUSTY, JIRI", "NASH, RILEY", "BOWMAN, DRAYSON", "FAULK, JUSTIN", "SEMIN, ALEXANDER", "DWYER, PATRICK", "SUTTER, BRETT", "HARRISON, JAY", "SKINNER, JEFF", "HAINSEY, RON", "BELLEMORE, BRETT", "WARD, CAM", "KHUDOBIN, ANTON", "NISKANEN, MATT", "MAATTA, OLLI", "SCUDERI, ROB", "MARTIN, PAUL", "DUPUIS, PASCAL", "KOBASEW, CHUCK", "KUNITZ, CHRIS", "GLASS, TANNER", "SUTTER, BRANDON", "JEFFREY, DUSTIN", "BENNETT, BEAU", "ADAMS, CRAIG", "JOKINEN, JUSSI", "BORTUZZO, ROBERT", "ORPIK, BROOKS", "VITALE, JOE", "MALKIN, EVGENI", "CROSBY, SIDNEY", "FLEURY, MARC-ANDRE", "ZATKOFF, JEFF"], "G": [0, 0, 0, "1", "1", 0, 0, 0, 0, 0, 0, 0, 0, 0, 0, 0, 0, 0, 0, 0, 0, 0, 0, "1", 0, 0, 0, "1", 0, 0, 0, 0, "3", 0, 0, 0, 0, 0, 0, 0], "A": ["2", 0, 0, 0, 0, 0, 0, 0, 0, 0, "1", 0, "1", 0, 0, 0, 0, 0, 0, 0, 0, "2", 0, 0, 0, 0, "1", 0, "1", 0, 0, 0, 0, 0, "1", "1", "1", "2", 0, 0], "P": ["2", 0, 0, "1", "1", 0, 0, 0, 0, 0, "1", 0, "1", 0, 0, 0, 0, 0, 0, 0, 0, "2", 0, "1", 0, 0, "1", "1", "1", 0, 0, 0, "3", 0, "1", "1", "1", "2", 0, 0], "+/-": ["+2", "-1", 0, 0, 0, 0, "-1", "-1", 0, "+1", "+2", 0, 0, "-1", "-1", 0, "-2", "-2", 0, 0, 0, "+1", 0, 0, "-1", 0, "+1", 0, "-1", 0, "+1", "-1", "+1", "+1", 0, 0, "+1", "+1", 0, 0], "PN": [0, 0, 0, 0, "1", 0, "1", 0, 0, "1", 0, 0, 0, 0, "3", 0, 0, 0, 0, 0, "2", 0, 0, "1", 0, 0, 0, "1", 0, 0, 0, 0, 0, "1", 0, 0, 0, 0, 0, 0], "PIM": [0, 0, 0, 0, "2", 0, "2", 0, 0, "2", 0, 0, 0, 0, "9", 0, 0, 0, 0, 0, "4", 0, 0, "2", 0, 0, 0, "5", 0, 0, 0, 0, 0, "2", 0, 0, 0, 0, 0, 0], "TOT": ["22:14", "19:55", "20:42", "19:02", "17:46", "09:10", "12:47", "13:43", "13:16", "09:24", "23:12", "16:56", "17:19", "06:53", "15:19", "16:21", "21:09", "17:22", "59:44", 0, "20:33", "15:58", "20:32", "24:34", "19:34", "11:51", "17:34", "09:43", "13:38", "12:16", "15:37", "09:39", "16:24", "14:04", "23:02", "08:50", "18:43", "19:28", "60:00", 0], "SHF": ["30", "23", "28", "25", "26", "13", "19", "16", "19", "16", "31", "24", "26", "11", "20", "21", "29", "26", 0, 0, "29", "20", "28", "28", "23", "16", "21", "15", "20", "17", "21", "16", "24", "21", "29", "16", "24", "21", 0, 0], "AVG TOI/SH": ["00:44", "00:51", "00:44", "00:45", "00:41", "00:42", "00:40", "00:51", "00:41", "00:35", "00:44", "00:42", "00:39", "00:37", "00:45", "00:46", "00:43", "00:40", 0, 0, "00:42", "00:47", "00:44", "00:52", "00:51", "00:44", "00:50", "00:38", "00:40", "00:43", "00:44", "00:36", "00:41", "00:40", "00:47", "00:33", "00:46", "00:55", 0, 0], "PP": ["00:17", "02:35", "01:29", "02:31", "01:36", "02:02", "00:00", "00:49", "00:00", "00:17", "02:00", "01:53", "00:00", "00:00", "02:00", "02:12", "00:19", "00:00", "04:00", 0, "01:57", "01:08", "00:00", "02:32", "00:00", "00:00", "02:32", "00:00", "00:54", "00:48", "01:00", "00:00", "02:03", "00:12", "00:00", "00:00", "02:52", "02:52", "03:46", 0], "SH": ["02:50", "00:00", "02:21", "00:49", "00:51", "00:00", "00:00", "00:00", "00:36", "00:00", "02:50", "00:34", "02:21", "00:00", "00:00", "00:00", "00:56", "00:56", "03:46", 0, "00:00", "00:41", "01:35", "02:25", "00:54", "00:00", "00:00", "01:29", "01:39", "00:32", "00:00", "02:34", "00:00", "00:54", "02:25", "00:52", "00:00", "00:00", "04:00", 0], "EV": ["19:07", "17:20", "16:52", "15:42", "15:19", "07:08", "12:47", "12:54", "12:40", "09:07", "18:22", "14:29", "14:58", "06:53", "13:19", "14:09", "19:54", "16:26", "51:58", 0, "18:36", "14:09", "18:57", "19:37", "18:40", "11:51", "15:02", "08:14", "11:05", "10:56", "14:37", "07:05", "14:21", "12:58", "20:37", "07:58", "15:51", "16:36", "52:14", 0], "S": [0, "2", "6", "5", "5", 0, 0, 0, 0, 0, "5", "2", "2", "1", "2", "4", 0, 0, 0, 0, "2", "1", "1", "1", "5", "2", "3", "2", "1", 0, "2", "1", "5", "2", "2", "2", "1", "4", 0, 0], "A/B": ["1", "1", "2", "1", "1", 0, "1", "2", 0, 0, "2", "2", 0, 0, 0, "3", 0, 0, 0, 0, "1", 0, "2", 0, "2", "1", "1", 0, 0, "1", 0, 0, 0, "1", "1", 0, 0, "1", 0, 0], "MS": ["1", 0, "1", 0, 0, 0, 0, 0, 0, "1", 0, "1", "1", 0, "1", "1", "3", 0, 0, 0, "1", "3", 0, 0, "1", 0, "1", 0, 0, 0, "1", 0, "1", 0, "1", 0, "1", 0, 0, 0], "HT": ["2", 0, "1", "1", 0, 0, 0, 0, "3", 0, 0, 0, 0, "2", "2", "1", "1", "3", 0, 0, "1", 0, "1", "2", "4", "2", 0, "2", "1", 0, "2", "2", 0, "1", "6", "1", 0, 0, 0, 0], "GV": ["1", 0, "1", 0, 0, 0, 0, 0, 0, 0, 0, "1", 0, 0, 0, 0, 0, 0, 0, 0, "2", 0, "1", "1", 0, 0, "2", 0, 0, 0, 0, 0, "1", "1", 0, 0, 0, "1", 0, 0], "TK": ["1", 0, "1", 0, 0, 0, "1", 0, 0, 0, 0, "1", 0, 0, 0, "1", 0, 0, 0, 0, 0, 0, 0, 0, 0, 0, "1", 0, "3", 0, 0, "2", 0, 0, 0, 0, "1", "1", 0, 0], "BS": ["1", "2", 0, "1", 0, 0, 0, 0, 0, 0, "1", 0, "2", 0, "1", 0, "2", "1", 0, 0, 0, "3", "2", "2", "1", 0, 0, 0, 0, 0, "1", "2", "1", 0, "2", 0, "1", "1", 0, 0], "FW": [0, 0, "10", "11", 0, "0", 0, 0, "3", 0, 0, 0, 0, "2", 0, "1", 0, 0, 0, 0, 0, 0, 0, 0, "1", 0, 0, "2", "12", 0, 0, "1", "0", 0, 0, "11", "9", "8", 0, 0], "FL": [0, 0, "15", "10", 0, "2", 0, 0, "7", 0, 0, 0, 0, "9", 0, "1", 0, 0, 0, 0, 0, 0, 0, 0, "0", 0, 0, "0", "6", 0, 0, "0", "1", 0, 0, "5", "7", "8", 0, 0], "F%": [0, 0, "40", "52", 0, "0", 0, 0, "30", 0, 0, 0, 0, "18", 0, "50", 0, 0, 0, 0, 0, 0, 0, 0, "100", 0, 0, "100", "67", 0, 0, "100", "0", 0, 0, "69", "56", "50", 0, 0], "team": ["CAROLINA HURRICANES ", "CAROLINA HURRICANES ", "CAROLINA HURRICANES ", "CAROLINA HURRICANES ", "CAROLINA HURRICANES ", "CAROLINA HURRICANES ", "CAROLINA HURRICANES ", "CAROLINA HURRICANES ", "CAROLINA HURRICANES ", "CAROLINA HURRICANES ", "CAROLINA HURRICANES ", "CAROLINA HURRICANES ", "CAROLINA HURRICANES ", "CAROLINA HURRICANES ", "CAROLINA HURRICANES ", "CAROLINA HURRICANES ", "CAROLINA HURRICANES ", "CAROLINA HURRICANES ", "CAROLINA HURRICANES ", "CAROLINA HURRICANES ", "PITTSBURGH PENGUINS ", "PITTSBURGH PENGUINS ", "PITTSBURGH PENGUINS ", "PITTSBURGH PENGUINS ", "PITTSBURGH PENGUINS ", "PITTSBURGH PENGUINS ", "PITTSBURGH PENGUINS ", "PITTSBURGH PENGUINS ", "PITTSBURGH PENGUINS ", "PITTSBURGH PENGUINS ", "PITTSBURGH PENGUINS ", "PITTSBURGH PENGUINS ", "PITTSBURGH PENGUINS ", "PITTSBURGH PENGUINS ", "PITTSBURGH PENGUINS ", "PITTSBURGH PENGUINS ", "PITTSBURGH PENGUINS ", "PITTSBURGH PENGUINS ", "PITTSBURGH PENGUINS ", "PITTSBURGH PENGUINS "], "GA": [0, 0, 0, 0, 0, 0, 0, 0, 0, 0, 0, 0, 0, 0, 0, 0, 0, 0, "5", 0, 0, 0, 0, 0, 0, 0, 0, 0, 0, 0, 0, 0, 0, 0, 0, 0, 0, 0, "2", 0], "SA": [0, 0, 0, 0, 0, 0, 0, 0, 0, 0, 0, 0, 0, 0, 0, 0, 0, 0, "37", 0, 0, 0, 0, 0, 0, 0, 0, 0, 0, 0, 0, 0, 0, 0, 0, 0, 0, 0, "34", 0]}}