{"game_info": {"date": "2014-01-29", "visitor": "NEW YORK RANGERS ", "home": "NEW YORK ISLANDERS ", "game_id": 806, "status": "final"}, "player_stats": {"number": ["5", "6", "8", "13", "16", "17", "18", "19", "20", "21", "22", "24", "27", "28", "36", "61", "62", "67", "30", "33", "11", "12", "13", "14", "15", "16", "17", "21", "26", "29", "37", "40", "44", "46", "47", "51", "53", "91", "20", "60"], "position": ["D", "D", "D", "L", "C", "D", "D", "C", "C", "C", "C", "R", "D", "C", "C", "L", "L", "L", "G", "G", "D", "C", "R", "D", "R", "C", "L", "R", "L", "C", "D", "R", "D", "D", "D", "C", "C", "C", "G", "G"], "name": ["GIRARDI, DAN", "STRALMAN, ANTON", "KLEIN, KEVIN", "CARCILLO, DANIEL", "BRASSARD, DERICK", "MOORE, JOHN", "STAAL, MARC", "RICHARDS, BRAD", "KREIDER, CHRIS", "STEPAN, DEREK", "BOYLE, BRIAN", "CALLAHAN, RYAN", "MCDONAGH, RYAN", "MOORE, DOMINIC", "ZUCCARELLO, MATS", "NASH, RICK", "HAGELIN, CARL", "POULIOT, BENOIT", "LUNDQVIST, HENRIK", "TALBOT, CAM", "VISNOVSKY, LUBOMIR", "BAILEY, JOSH", "MCDONALD, COLIN", "HICKEY, THOMAS", "CLUTTERBUCK, CAL", "REGIN, PETER", "MARTIN, MATT", "OKPOSO, KYLE", "VANEK, THOMAS", "NELSON, BROCK", "STRAIT, BRIAN", "GRABNER, MICHAEL", "DE HAAN, CALVIN", "DONOVAN, MATT", "MACDONALD, ANDREW", "NIELSEN, FRANS", "CIZIKAS, CASEY", "TAVARES, JOHN", "NABOKOV, EVGENI", "POULIN, KEVIN"], "G": [0, 0, 0, "1", 0, 0, 0, 0, 0, 0, 0, 0, 0, 0, 0, 0, 0, "1", 0, 0, 0, 0, 0, 0, 0, 0, 0, 0, 0, "1", 0, 0, 0, 0, 0, 0, 0, 0, 0, 0], "A": [0, 0, 0, 0, "1", 0, 0, 0, 0, 0, "1", 0, 0, "1", "1", 0, 0, 0, 0, 0, 0, 0, 0, 0, "1", 0, 0, 0, 0, 0, 0, 0, 0, "1", 0, 0, 0, 0, 0, 0], "P": [0, 0, 0, "1", "1", 0, 0, 0, 0, 0, "1", 0, 0, "1", "1", 0, 0, "1", 0, 0, 0, 0, 0, 0, "1", 0, 0, 0, 0, "1", 0, 0, 0, "1", 0, 0, 0, 0, 0, 0], "+/-": ["+1", "+1", "-1", 0, "+1", 0, 0, 0, 0, 0, "+1", 0, "+1", 0, "+1", 0, 0, 0, 0, 0, "-1", 0, 0, "-1", 0, 0, 0, "-1", "-1", 0, "-1", 0, "+1", "+1", "-1", 0, 0, "-1", 0, 0], "PN": [0, 0, 0, "1", 0, 0, 0, "1", 0, 0, "1", 0, 0, 0, "1", "1", 0, 0, 0, 0, 0, 0, 0, 0, 0, 0, 0, "1", "1", 0, 0, 0, 0, 0, 0, 0, 0, 0, 0, 0], "PIM": [0, 0, 0, "2", 0, 0, 0, "2", 0, 0, "2", 0, 0, 0, "2", "2", 0, 0, 0, 0, 0, 0, 0, 0, 0, 0, 0, "2", "2", 0, 0, 0, 0, 0, 0, 0, 0, 0, 0, 0], "TOT": ["23:55", "19:06", "15:29", "07:00", "12:49", "13:27", "20:01", "15:45", "16:00", "19:46", "13:21", "17:04", "26:13", "10:32", "15:12", "18:27", "16:51", "10:59", "60:00", 0, "19:13", "15:48", "09:43", "16:10", "13:46", "12:33", "10:45", "20:40", "20:12", "14:44", "21:38", "12:28", "18:40", "15:13", "24:15", "17:34", "11:16", "22:29", "58:48", 0], "SHF": ["30", "29", "23", "11", "19", "20", "29", "20", "21", "26", "19", "22", "31", "15", "20", "24", "20", "16", 0, 0, "21", "18", "14", "19", "21", "15", "14", "21", "22", "20", "23", "19", "23", "22", "25", "22", "16", "20", 0, 0], "AVG TOI/SH": ["00:47", "00:39", "00:40", "00:38", "00:40", "00:40", "00:41", "00:47", "00:45", "00:45", "00:42", "00:46", "00:50", "00:42", "00:45", "00:46", "00:50", "00:41", 0, 0, "00:54", "00:52", "00:41", "00:51", "00:39", "00:50", "00:46", "00:59", "00:55", "00:44", "00:56", "00:39", "00:48", "00:41", "00:58", "00:47", "00:42", "01:07", 0, 0], "PP": ["00:00", "00:10", "00:06", "00:00", "00:54", "00:06", "00:10", "01:49", "01:05", "01:05", "00:00", "00:06", "01:49", "00:00", "01:00", "01:11", "00:00", "00:54", "02:05", 0, "03:46", "02:04", "00:00", "00:00", "01:33", "00:00", "00:00", "04:30", "03:59", "02:07", "00:00", "00:00", "02:17", "00:00", "02:17", "03:46", "00:00", "03:59", "06:00", 0], "SH": ["03:26", "02:12", "00:25", "00:00", "00:00", "00:00", "02:12", "00:00", "00:00", "01:44", "02:30", "02:21", "03:51", "02:12", "00:06", "01:12", "02:01", "00:00", "06:03", 0, "00:00", "00:00", "00:00", "00:53", "01:36", "00:00", "00:00", "00:00", "00:06", "00:06", "01:12", "00:23", "00:23", "00:00", "01:42", "01:06", "00:53", "00:00", "02:05", 0], "EV": ["20:29", "16:44", "14:58", "07:00", "11:55", "13:21", "17:39", "13:56", "14:55", "16:57", "10:51", "14:37", "20:33", "08:20", "14:06", "16:04", "14:50", "10:05", "51:52", 0, "15:27", "13:44", "09:43", "15:17", "10:37", "12:33", "10:45", "16:10", "16:07", "12:31", "20:26", "12:05", "16:00", "15:13", "20:16", "12:42", "10:23", "18:30", "50:43", 0], "S": [0, "1", 0, "3", "3", "1", 0, "4", "3", "3", "1", 0, "1", "2", "2", "5", "2", "3", 0, 0, "1", "2", 0, 0, "2", "1", "1", "4", "5", "2", "1", "2", "1", "2", "1", "1", "1", "4", 0, 0], "A/B": ["2", "1", 0, 0, 0, 0, "1", 0, 0, 0, 0, "4", "1", 0, 0, "1", "1", 0, 0, 0, "1", "1", 0, "1", "1", "1", "1", 0, "3", "1", "1", "1", 0, 0, 0, "2", 0, "3", 0, 0], "MS": [0, 0, "1", 0, 0, 0, 0, "1", "1", "1", "1", "1", "1", 0, "1", "3", 0, 0, 0, 0, 0, 0, 0, 0, "2", "1", "1", "2", "3", 0, 0, "1", 0, "2", 0, "2", 0, "1", 0, 0], "HT": ["2", 0, 0, "2", "3", 0, "1", 0, "1", 0, "2", "1", "2", 0, "1", 0, 0, "2", 0, 0, "2", "3", 0, "1", "2", 0, "1", "1", 0, "2", "1", 0, "2", "1", 0, 0, 0, 0, 0, 0], "GV": ["1", 0, 0, 0, "1", 0, "2", "1", "1", "1", 0, 0, 0, 0, "2", 0, 0, "2", 0, 0, "1", 0, 0, 0, 0, 0, 0, "1", 0, 0, 0, 0, "1", "1", "2", "2", 0, "2", 0, 0], "TK": [0, 0, 0, "1", 0, "1", 0, "1", 0, "1", 0, 0, "1", 0, 0, 0, 0, 0, 0, 0, "2", "1", 0, "1", "1", 0, 0, "1", 0, 0, 0, 0, "1", 0, 0, "1", "1", 0, 0, 0], "BS": ["4", 0, "1", 0, 0, "1", "3", 0, 0, "1", "1", "2", "2", "1", "1", 0, 0, 0, 0, 0, "4", 0, 0, "1", 0, 0, 0, "1", 0, 0, "1", 0, "1", "2", "1", 0, 0, 0, 0, 0], "FW": [0, 0, 0, 0, "4", 0, 0, "5", "1", "8", "4", "1", 0, "4", 0, 0, 0, 0, 0, 0, 0, "3", 0, 0, 0, 0, 0, "2", 0, "7", 0, 0, 0, 0, 0, "3", "6", "13", 0, 0], "FL": [0, 0, 0, 0, "5", 0, 0, "7", "0", "18", "1", "0", 0, "3", 0, 0, 0, 0, 0, 0, 0, "1", 0, 0, 0, 0, 0, "2", 0, "6", 0, 0, 0, 0, 0, "6", "5", "7", 0, 0], "F%": [0, 0, 0, 0, "44", 0, 0, "42", "100", "31", "80", "100", 0, "57", 0, 0, 0, 0, 0, 0, 0, "75", 0, 0, 0, 0, 0, "50", 0, "54", 0, 0, 0, 0, 0, "33", "55", "65", 0, 0], "team": ["NEW YORK RANGERS ", "NEW YORK RANGERS ", "NEW YORK RANGERS ", "NEW YORK RANGERS ", "NEW YORK RANGERS ", "NEW YORK RANGERS ", "NEW YORK RANGERS ", "NEW YORK RANGERS ", "NEW YORK RANGERS ", "NEW YORK RANGERS ", "NEW YORK RANGERS ", "NEW YORK RANGERS ", "NEW YORK RANGERS ", "NEW YORK RANGERS ", "NEW YORK RANGERS ", "NEW YORK RANGERS ", "NEW YORK RANGERS ", "NEW YORK RANGERS ", "NEW YORK RANGERS ", "NEW YORK RANGERS ", "NEW YORK ISLANDERS ", "NEW YORK ISLANDERS ", "NEW YORK ISLANDERS ", "NEW YORK ISLANDERS ", "NEW YORK ISLANDERS ", "NEW YORK ISLANDERS ", "NEW YORK ISLANDERS ", "NEW YORK ISLANDERS ", "NEW YORK ISLANDERS ", "NEW YORK ISLANDERS ", "NEW YORK ISLANDERS ", "NEW YORK ISLANDERS ", "NEW YORK ISLANDERS ", "NEW YORK ISLANDERS ", "NEW YORK ISLANDERS ", "NEW YORK ISLANDERS ", "NEW YORK ISLANDERS ", "NEW YORK ISLANDERS ", "NEW YORK ISLANDERS ", "NEW YORK ISLANDERS "], "GA": [0, 0, 0, 0, 0, 0, 0, 0, 0, 0, 0, 0, 0, 0, 0, 0, 0, 0, "1", 0, 0, 0, 0, 0, 0, 0, 0, 0, 0, 0, 0, 0, 0, 0, 0, 0, 0, 0, "2", 0], "SA": [0, 0, 0, 0, 0, 0, 0, 0, 0, 0, 0, 0, 0, 0, 0, 0, 0, 0, "31", 0, 0, 0, 0, 0, 0, 0, 0, 0, 0, 0, 0, 0, 0, 0, 0, 0, 0, 0, "34", 0]}}