{"game_info": {"date": "2014-04-13", "visitor": "OTTAWA SENATORS ", "home": "PITTSBURGH PENGUINS ", "game_id": 1226, "status": "final"}, "player_stats": {"number": ["3", "4", "5", "7", "9", "14", "15", "16", "19", "22", "25", "44", "46", "61", "62", "65", "68", "83", "40", "41", "3", "4", "7", "12", "14", "15", "17", "18", "19", "22", "27", "36", "39", "44", "47", "49", "58", "59", "29", "37"], "position": ["D", "D", "D", "C", "L", "C", "C", "L", "C", "R", "R", "C", "D", "R", "D", "D", "C", "R", "G", "G", "D", "D", "D", "R", "L", "L", "L", "L", "R", "R", "R", "L", "L", "D", "D", "C", "D", "C", "G", "G"], "name": ["METHOT, MARC", "PHILLIPS, CHRIS", "CECI, CODY", "TURRIS, KYLE", "MICHALEK, MILAN", "GREENING, COLIN", "SMITH, ZACK", "MACARTHUR, CLARKE", "SPEZZA, JASON", "CONDRA, ERIK", "NEIL, CHRIS", "PAGEAU, JEAN-GABRIEL", "WIERCIOCH, PATRICK", "STONE, MARK", "GRYBA, ERIC", "KARLSSON, ERIK", "HOFFMAN, MIKE", "HEMSKY, ALES", "LEHNER, ROBIN", "ANDERSON, CRAIG", "MAATTA, OLLI", "SCUDERI, ROB", "MARTIN, PAUL", "KOBASEW, CHUCK", "KUNITZ, CHRIS", "GLASS, TANNER", "PYATT, TAYLOR", "NEAL, JAMES", "BENNETT, BEAU", "STEMPNIAK, LEE", "ADAMS, CRAIG", "JOKINEN, JUSSI", "ZOLNIERCZYK, HARRY", "ORPIK, BROOKS", "DESPRES, SIMON", "GIBBONS, BRIAN", "LETANG, KRIS", "MEGNA, JAYSON", "FLEURY, MARC-ANDRE", "ZATKOFF, JEFF"], "G": [0, 0, 0, "1", 0, 0, 0, 0, 0, 0, 0, 0, 0, "1", 0, 0, 0, 0, 0, 0, 0, 0, 0, 0, 0, 0, 0, 0, 0, "1", 0, "1", 0, 0, 0, 0, 0, 0, 0, 0], "A": [0, 0, 0, "1", 0, 0, 0, 0, 0, 0, 0, 0, "1", 0, 0, "1", "1", 0, 0, 0, 0, 0, 0, 0, "1", 0, 0, 0, "1", 0, 0, 0, 0, 0, 0, "1", "1", 0, 0, 0], "P": [0, 0, 0, "2", 0, 0, 0, 0, 0, 0, 0, 0, "1", "1", 0, "1", "1", 0, 0, 0, 0, 0, 0, 0, "1", 0, 0, 0, "1", "1", 0, "1", 0, 0, 0, "1", "1", 0, 0, 0], "+/-": [0, 0, 0, 0, "-1", 0, 0, 0, "-1", 0, 0, 0, "-1", 0, "-1", 0, 0, "-1", 0, 0, 0, 0, "+1", 0, 0, 0, 0, 0, "+1", "+1", 0, 0, 0, "+1", 0, "+1", 0, 0, 0, 0], "PN": [0, 0, 0, 0, "1", "1", 0, 0, 0, "2", "1", 0, 0, 0, 0, 0, 0, 0, 0, 0, 0, 0, 0, 0, "1", "1", 0, 0, 0, 0, "1", 0, "2", 0, "1", 0, 0, 0, 0, 0], "PIM": [0, 0, 0, 0, "2", "2", 0, 0, 0, "4", "5", 0, 0, 0, 0, 0, 0, 0, 0, 0, 0, 0, 0, 0, "2", "5", 0, 0, 0, 0, "2", 0, "4", 0, "2", 0, 0, 0, 0, 0], "TOT": ["22:54", "18:57", "16:05", "18:32", "18:35", "12:44", "16:50", "17:04", "17:27", "14:58", "13:16", "13:35", "17:33", "15:45", "19:59", "26:07", "17:12", "15:47", "65:00", 0, "20:29", "19:10", "26:00", "14:55", "19:00", "12:44", "12:51", "19:05", "16:04", "16:52", "12:56", "19:57", "10:29", "20:41", "16:19", "15:23", "26:52", "11:38", 0, "65:00"], "SHF": ["28", "26", "21", "27", "24", "17", "26", "25", "22", "26", "15", "18", "23", "23", "29", "29", "23", "21", 0, 0, "26", "22", "28", "21", "24", "18", "18", "24", "20", "24", "19", "27", "16", "24", "26", "23", "28", "18", 0, 0], "AVG TOI/SH": ["00:49", "00:43", "00:45", "00:41", "00:46", "00:44", "00:38", "00:40", "00:47", "00:34", "00:53", "00:45", "00:45", "00:41", "00:41", "00:54", "00:44", "00:45", 0, 0, "00:47", "00:52", "00:55", "00:42", "00:47", "00:42", "00:42", "00:47", "00:48", "00:42", "00:40", "00:44", "00:39", "00:51", "00:37", "00:40", "00:57", "00:38", 0, 0], "PP": ["00:16", "00:00", "00:00", "03:49", "04:20", "00:00", "00:03", "04:15", "04:43", "00:00", "03:51", "00:00", "02:18", "03:49", "00:00", "06:20", "04:25", "04:46", "08:35", 0, "01:59", "00:00", "04:43", "02:05", "04:35", "00:00", "00:34", "04:35", "02:41", "02:05", "00:00", "03:59", "00:00", "00:00", "00:54", "00:00", "05:10", "00:00", 0, "06:40"], "SH": ["03:31", "03:45", "02:20", "01:56", "01:53", "00:00", "02:43", "01:29", "00:00", "01:50", "00:00", "02:10", "00:00", "01:19", "03:44", "00:00", "00:00", "00:00", "06:40", 0, "00:09", "03:20", "05:06", "03:38", "00:05", "03:19", "00:00", "00:00", "00:00", "02:57", "02:52", "01:07", "00:00", "05:06", "00:09", "03:12", "03:20", "00:00", 0, "08:35"], "EV": ["19:07", "15:12", "13:45", "12:47", "12:22", "12:44", "14:04", "11:20", "12:44", "13:08", "09:25", "11:25", "15:15", "10:37", "16:15", "19:47", "12:47", "11:01", "49:45", 0, "18:21", "15:50", "16:11", "09:12", "14:20", "09:25", "12:17", "14:30", "13:23", "11:50", "10:04", "14:51", "10:29", "15:35", "15:16", "12:11", "18:22", "11:38", 0, "49:45"], "S": ["3", "1", 0, "2", "1", "2", 0, "2", "1", 0, "4", "1", "1", "3", "2", "4", "6", 0, 0, 0, "1", "1", "2", "3", "3", "1", 0, "2", "1", "4", "1", "2", "2", "1", "1", 0, "2", "1", 0, 0], "A/B": ["1", 0, 0, "1", 0, 0, 0, 0, 0, "1", 0, 0, "1", 0, "2", "3", "2", "1", 0, 0, 0, 0, 0, "1", 0, 0, 0, 0, "2", 0, "2", 0, 0, 0, 0, "1", 0, "1", 0, 0], "MS": ["1", "1", 0, 0, "2", 0, 0, 0, "2", 0, "2", 0, "1", "1", 0, "1", "2", "1", 0, 0, 0, 0, "3", "1", "4", 0, 0, "1", 0, 0, 0, "1", 0, 0, 0, 0, 0, "1", 0, 0], "HT": ["2", "2", "2", "1", 0, "3", 0, "1", 0, 0, "4", "2", "1", 0, "5", 0, "1", 0, 0, 0, "1", 0, 0, "3", "1", "4", "1", 0, 0, "1", 0, 0, "2", "1", "4", "2", 0, "5", 0, 0], "GV": [0, 0, 0, 0, 0, 0, 0, 0, "2", "1", 0, 0, 0, 0, 0, "2", 0, 0, 0, 0, 0, 0, "1", 0, 0, 0, 0, 0, 0, "1", 0, "3", 0, 0, "2", 0, "1", 0, 0, 0], "TK": [0, 0, 0, 0, 0, 0, 0, 0, 0, 0, 0, "1", 0, "1", 0, 0, 0, 0, 0, 0, 0, 0, "1", 0, "1", 0, 0, 0, 0, 0, 0, 0, 0, "1", 0, 0, 0, 0, 0, 0], "BS": ["1", "1", "1", 0, "1", 0, 0, 0, 0, 0, "1", "1", 0, 0, "1", 0, 0, 0, 0, 0, 0, "4", "1", "2", 0, 0, 0, "1", "1", 0, 0, 0, 0, "1", "2", 0, 0, 0, 0, 0], "FW": [0, 0, 0, "7", "0", 0, "12", 0, "10", 0, 0, "3", 0, 0, 0, 0, 0, 0, 0, 0, 0, 0, 0, 0, 0, "1", "1", 0, 0, "0", "9", "15", "1", 0, 0, "6", 0, "1", 0, 0], "FL": [0, 0, 0, "8", "1", 0, "8", 0, "9", 0, 0, "8", 0, 0, 0, 0, 0, 0, 0, 0, 0, 0, 0, 0, 0, "0", "0", 0, 0, "2", "7", "7", "0", 0, 0, "8", 0, "8", 0, 0], "F%": [0, 0, 0, "47", "0", 0, "60", 0, "53", 0, 0, "27", 0, 0, 0, 0, 0, 0, 0, 0, 0, 0, 0, 0, 0, "100", "100", 0, 0, "0", "56", "68", "100", 0, 0, "43", 0, "11", 0, 0], "team": ["OTTAWA SENATORS ", "OTTAWA SENATORS ", "OTTAWA SENATORS ", "OTTAWA SENATORS ", "OTTAWA SENATORS ", "OTTAWA SENATORS ", "OTTAWA SENATORS ", "OTTAWA SENATORS ", "OTTAWA SENATORS ", "OTTAWA SENATORS ", "OTTAWA SENATORS ", "OTTAWA SENATORS ", "OTTAWA SENATORS ", "OTTAWA SENATORS ", "OTTAWA SENATORS ", "OTTAWA SENATORS ", "OTTAWA SENATORS ", "OTTAWA SENATORS ", "OTTAWA SENATORS ", "OTTAWA SENATORS ", "PITTSBURGH PENGUINS ", "PITTSBURGH PENGUINS ", "PITTSBURGH PENGUINS ", "PITTSBURGH PENGUINS ", "PITTSBURGH PENGUINS ", "PITTSBURGH PENGUINS ", "PITTSBURGH PENGUINS ", "PITTSBURGH PENGUINS ", "PITTSBURGH PENGUINS ", "PITTSBURGH PENGUINS ", "PITTSBURGH PENGUINS ", "PITTSBURGH PENGUINS ", "PITTSBURGH PENGUINS ", "PITTSBURGH PENGUINS ", "PITTSBURGH PENGUINS ", "PITTSBURGH PENGUINS ", "PITTSBURGH PENGUINS ", "PITTSBURGH PENGUINS ", "PITTSBURGH PENGUINS ", "PITTSBURGH PENGUINS "], "GA": [0, 0, 0, 0, 0, 0, 0, 0, 0, 0, 0, 0, 0, 0, 0, 0, 0, 0, "2", 0, 0, 0, 0, 0, 0, 0, 0, 0, 0, 0, 0, 0, 0, 0, 0, 0, 0, 0, 0, "2"], "SA": [0, 0, 0, 0, 0, 0, 0, 0, 0, 0, 0, 0, 0, 0, 0, 0, 0, 0, "28", 0, 0, 0, 0, 0, 0, 0, 0, 0, 0, 0, 0, 0, 0, 0, 0, 0, 0, 0, 0, "33"]}}