{"game_info": {"date": "2013-11-09", "visitor": "PITTSBURGH PENGUINS ", "home": "ST. LOUIS BLUES ", "game_id": 251, "status": "final"}, "player_stats": {"number": ["2", "3", "5", "9", "14", "15", "16", "18", "19", "22", "27", "36", "41", "44", "46", "58", "71", "87", "29", "37", "5", "9", "12", "17", "19", "20", "21", "22", "25", "27", "28", "32", "40", "42", "46", "74", "75", "91", "1", "41"], "position": ["D", "D", "D", "L", "L", "L", "C", "L", "R", "R", "R", "L", "D", "D", "C", "D", "C", "C", "G", "G", "D", "C", "C", "C", "D", "C", "C", "D", "R", "D", "D", "L", "C", "R", "D", "C", "R", "R", "G", "G"], "name": ["NISKANEN, MATT", "MAATTA, OLLI", "ENGELLAND, DERYK", "DUPUIS, PASCAL", "KUNITZ, CHRIS", "GLASS, TANNER", "SUTTER, BRANDON", "NEAL, JAMES", "BENNETT, BEAU", "D'AGOSTINI, MATT", "ADAMS, CRAIG", "JOKINEN, JUSSI", "BORTUZZO, ROBERT", "ORPIK, BROOKS", "VITALE, JOE", "LETANG, KRIS", "MALKIN, EVGENI", "CROSBY, SIDNEY", "FLEURY, MARC-ANDRE", "ZATKOFF, JEFF", "JACKMAN, BARRET", "SCHWARTZ, JADEN", "ROY, DEREK", "SOBOTKA, VLADIMIR", "BOUWMEESTER, JAY", "STEEN, ALEXANDER", "BERGLUND, PATRIK", "SHATTENKIRK, KEVIN", "STEWART, CHRIS", "PIETRANGELO, ALEX", "COLE, IAN", "PORTER, CHRIS", "LAPIERRE, MAXIM", "BACKES, DAVID", "POLAK, ROMAN", "OSHIE, T.J.", "REAVES, RYAN", "TARASENKO, VLADIMIR", "ELLIOTT, BRIAN", "HALAK, JAROSLAV"], "G": [0, 0, 0, 0, 0, 0, 0, 0, 0, 0, 0, "1", 0, 0, 0, 0, 0, 0, 0, 0, 0, 0, 0, 0, 0, 0, 0, "1", 0, 0, 0, 0, 0, 0, 0, 0, "1", 0, 0, 0], "A": [0, 0, 0, 0, 0, 0, 0, "1", 0, 0, 0, 0, 0, 0, 0, 0, "1", 0, 0, 0, "1", "1", 0, 0, 0, "1", 0, 0, 0, 0, 0, 0, "1", 0, 0, 0, 0, 0, 0, 0], "P": [0, 0, 0, 0, 0, 0, 0, "1", 0, 0, 0, "1", 0, 0, 0, 0, "1", 0, 0, 0, "1", "1", 0, 0, 0, "1", 0, "1", 0, 0, 0, 0, "1", 0, 0, 0, "1", 0, 0, 0], "+/-": ["-2", 0, "-2", 0, 0, 0, 0, "-1", "-1", "-1", 0, "-2", 0, 0, 0, 0, "-1", 0, 0, 0, "+1", "+1", 0, 0, 0, "+1", "+1", "+1", 0, 0, "+1", 0, "+1", 0, "+1", 0, "+1", "+1", 0, 0], "PN": [0, 0, "2", 0, 0, "1", 0, 0, 0, 0, 0, 0, 0, 0, 0, 0, "1", "1", 0, 0, 0, 0, 0, 0, 0, 0, 0, "1", "1", 0, 0, 0, 0, 0, "1", 0, "1", 0, 0, 0], "PIM": [0, 0, "7", 0, 0, "10", 0, 0, 0, 0, 0, 0, 0, 0, 0, 0, "2", "2", 0, 0, 0, 0, 0, 0, 0, 0, 0, "2", "10", 0, 0, 0, 0, 0, "2", 0, "5", 0, 0, 0], "TOT": ["22:59", "14:55", "15:21", "17:32", "20:42", "09:16", "13:41", "17:02", "11:03", "09:47", "11:40", "14:04", "12:17", "23:00", "08:57", "29:04", "21:06", "22:35", "58:59", 0, "18:56", "12:55", "13:51", "15:10", "25:08", "22:49", "14:57", "20:08", "13:17", "26:31", "13:43", "07:43", "08:00", "23:01", "15:43", "23:24", "07:15", "13:57", 0, "60:00"], "SHF": ["25", "16", "21", "22", "23", "13", "19", "19", "13", "12", "17", "20", "16", "28", "13", "28", "20", "25", 0, 0, "25", "19", "18", "20", "27", "30", "20", "24", "17", "30", "20", "14", "15", "28", "23", "28", "12", "20", 0, 0], "AVG TOI/SH": ["00:55", "00:55", "00:43", "00:47", "00:54", "00:42", "00:43", "00:53", "00:51", "00:48", "00:41", "00:42", "00:46", "00:49", "00:41", "01:02", "01:03", "00:54", 0, 0, "00:45", "00:40", "00:46", "00:45", "00:55", "00:45", "00:44", "00:50", "00:46", "00:53", "00:41", "00:33", "00:32", "00:49", "00:41", "00:50", "00:36", "00:41", 0, 0], "PP": ["00:44", "00:00", "00:01", "00:01", "02:05", "00:00", "00:01", "02:46", "00:00", "00:00", "00:01", "01:26", "00:00", "00:02", "00:00", "03:31", "03:31", "03:31", "03:32", 0, "00:00", "01:20", "01:37", "01:28", "03:20", "03:03", "01:20", "04:07", "01:37", "03:49", "00:44", "00:00", "00:00", "03:03", "00:00", "03:12", "00:00", "01:20", 0, "06:00"], "SH": ["02:34", "00:00", "00:00", "02:13", "00:00", "02:14", "01:55", "00:00", "00:00", "00:00", "04:04", "00:00", "01:19", "04:41", "00:44", "03:26", "00:00", "00:50", "06:00", 0, "00:52", "00:00", "00:01", "00:53", "02:59", "00:57", "01:06", "00:00", "00:00", "02:40", "00:00", "00:00", "00:52", "01:33", "00:33", "01:42", "00:00", "00:00", 0, "03:32"], "EV": ["19:41", "14:55", "15:20", "15:18", "18:37", "07:02", "11:45", "14:16", "11:03", "09:47", "07:35", "12:38", "10:58", "18:17", "08:13", "22:07", "17:35", "18:14", "49:27", 0, "18:04", "11:35", "12:13", "12:49", "18:49", "18:49", "12:31", "16:01", "11:40", "20:02", "12:59", "07:43", "07:08", "18:25", "15:10", "18:30", "07:15", "12:37", 0, "50:28"], "S": ["1", 0, 0, "1", "1", "1", "1", "2", "1", "1", 0, "4", "1", 0, 0, "3", "1", "2", 0, 0, "2", "1", "5", "1", 0, "3", "1", "5", "1", "1", 0, 0, 0, "4", "1", "4", "2", "1", 0, 0], "A/B": [0, 0, 0, "1", "2", 0, 0, 0, "1", "1", 0, 0, 0, 0, "2", "4", 0, 0, 0, 0, "1", "2", 0, "1", 0, "1", 0, "3", 0, 0, 0, 0, 0, 0, 0, 0, 0, "1", 0, 0], "MS": [0, 0, 0, 0, 0, 0, 0, "1", "1", 0, 0, "1", 0, 0, 0, "1", "1", "1", 0, 0, "1", 0, 0, "1", "2", "3", 0, "1", "2", 0, 0, 0, 0, 0, 0, 0, "2", "2", 0, 0], "HT": ["3", 0, "1", "2", "4", "4", "1", "1", "2", "1", "1", 0, "1", "3", 0, "2", "1", "1", 0, 0, "1", "1", 0, 0, "3", 0, "3", "1", "1", 0, 0, "2", "1", "4", "2", 0, "1", 0, 0, 0], "GV": [0, 0, 0, 0, 0, 0, 0, 0, 0, 0, 0, 0, 0, 0, 0, "2", "1", 0, 0, 0, 0, 0, "1", 0, 0, 0, 0, 0, 0, 0, 0, 0, 0, 0, 0, "1", 0, 0, 0, 0], "TK": ["1", 0, 0, 0, 0, 0, 0, 0, 0, 0, 0, 0, "1", 0, 0, "1", "2", 0, 0, 0, 0, "5", "1", "1", "1", "1", "3", 0, 0, 0, 0, 0, 0, "1", 0, 0, "1", 0, 0, 0], "BS": ["2", "1", "1", 0, 0, 0, 0, 0, "1", 0, "2", 0, 0, 0, "1", 0, "1", 0, 0, 0, 0, 0, 0, "1", "3", "1", 0, 0, 0, "1", "1", 0, 0, 0, "2", "2", 0, 0, 0, 0], "FW": [0, 0, 0, "0", 0, 0, "5", 0, "1", 0, "1", "0", 0, 0, "4", 0, "5", "13", 0, 0, 0, 0, 0, "11", 0, "1", "7", 0, 0, 0, 0, 0, "5", "10", 0, 0, 0, 0, 0, 0], "FL": [0, 0, 0, "1", 0, 0, "12", 0, "0", 0, "1", "2", 0, 0, "4", 0, "5", "9", 0, 0, 0, 0, 0, "3", 0, "4", "8", 0, 0, 0, 0, 0, "4", "10", 0, 0, 0, 0, 0, 0], "F%": [0, 0, 0, "0", 0, 0, "29", 0, "100", 0, "50", "0", 0, 0, "50", 0, "50", "59", 0, 0, 0, 0, 0, "79", 0, "20", "47", 0, 0, 0, 0, 0, "56", "50", 0, 0, 0, 0, 0, 0], "team": ["PITTSBURGH PENGUINS ", "PITTSBURGH PENGUINS ", "PITTSBURGH PENGUINS ", "PITTSBURGH PENGUINS ", "PITTSBURGH PENGUINS ", "PITTSBURGH PENGUINS ", "PITTSBURGH PENGUINS ", "PITTSBURGH PENGUINS ", "PITTSBURGH PENGUINS ", "PITTSBURGH PENGUINS ", "PITTSBURGH PENGUINS ", "PITTSBURGH PENGUINS ", "PITTSBURGH PENGUINS ", "PITTSBURGH PENGUINS ", "PITTSBURGH PENGUINS ", "PITTSBURGH PENGUINS ", "PITTSBURGH PENGUINS ", "PITTSBURGH PENGUINS ", "PITTSBURGH PENGUINS ", "PITTSBURGH PENGUINS ", "ST. LOUIS BLUES ", "ST. LOUIS BLUES ", "ST. LOUIS BLUES ", "ST. LOUIS BLUES ", "ST. LOUIS BLUES ", "ST. LOUIS BLUES ", "ST. LOUIS BLUES ", "ST. LOUIS BLUES ", "ST. LOUIS BLUES ", "ST. LOUIS BLUES ", "ST. LOUIS BLUES ", "ST. LOUIS BLUES ", "ST. LOUIS BLUES ", "ST. LOUIS BLUES ", "ST. LOUIS BLUES ", "ST. LOUIS BLUES ", "ST. LOUIS BLUES ", "ST. LOUIS BLUES ", "ST. LOUIS BLUES ", "ST. LOUIS BLUES "], "GA": [0, 0, 0, 0, 0, 0, 0, 0, 0, 0, 0, 0, 0, 0, 0, 0, 0, 0, "2", 0, 0, 0, 0, 0, 0, 0, 0, 0, 0, 0, 0, 0, 0, 0, 0, 0, 0, 0, 0, "1"], "SA": [0, 0, 0, 0, 0, 0, 0, 0, 0, 0, 0, 0, 0, 0, 0, 0, 0, 0, "32", 0, 0, 0, 0, 0, 0, 0, 0, 0, 0, 0, 0, 0, 0, 0, 0, 0, 0, 0, 0, "20"]}}