{"game_info": {"date": "2013-12-27", "visitor": "COLORADO AVALANCHE ", "home": "CHICAGO BLACKHAWKS ", "game_id": 572, "status": "final"}, "player_stats": {"number": ["4", "5", "6", "7", "8", "9", "11", "15", "24", "25", "26", "29", "44", "55", "58", "61", "90", "92", "1", "35", 0, "2", "4", "7", "8", "10", "16", "19", "20", "23", "26", "27", "28", "29", "32", "52", "65", "81", "88", "30", "31"], "position": ["D", "D", "D", "C", "D", "C", "L", "R", "R", "C", "C", "C", "D", "L", "L", "D", "C", "L", "G", "G", 0, "D", "D", "D", "D", "R", "C", "C", "L", "R", "C", "D", "R", "L", "D", "L", "C", "R", "R", "G", "G"], "name": ["BARRIE, TYSON", "GUENIN, NATE", "JOHNSON, ERIK", "MITCHELL, JOHN", "HEJDA, JAN", "DUCHENE, MATT", "MCGINN, JAMIE", "PARENTEAU, PA", "CLICHE, MARC-ANDRE", "TALBOT, MAXIME", "STASTNY, PAUL", "MACKINNON, NATHAN", "WILSON, RYAN", "MCLEOD, CODY", "BORDELEAU, PATRICK", "BENOIT, ANDRE", "O'REILLY, RYAN", "LANDESKOG, GABRIEL", "VARLAMOV, SEMYON", "GIGUERE, JEAN-SEBASTIEN", "TEAM PENALTY", "KEITH, DUNCAN", "HJALMARSSON, NIKLAS", "SEABROOK, BRENT", "LEDDY, NICK", "SHARP, PATRICK", "KRUGER, MARCUS", "TOEWS, JONATHAN", "SAAD, BRANDON", "VERSTEEG, KRIS", "HANDZUS, MICHAL", "ODUYA, JOHNNY", "SMITH, BEN", "BICKELL, BRYAN", "ROZSIVAL, MICHAL", "BOLLIG, BRANDON", "SHAW, ANDREW", "HOSSA, MARIAN", "KANE, PATRICK", "LABARBERA, JASON", "RAANTA, ANTTI"], "G": [0, 0, 0, 0, 0, 0, 0, 0, 0, 0, "1", 0, 0, 0, 0, 0, 0, "1", 0, 0, 0, 0, 0, 0, 0, "3", 0, "2", 0, "1", "1", 0, 0, 0, 0, 0, 0, 0, 0, 0, 0], "A": [0, 0, 0, 0, 0, 0, 0, "2", 0, 0, 0, 0, 0, 0, 0, 0, 0, "1", 0, 0, 0, "3", "2", "1", 0, "1", 0, "2", 0, "1", "1", 0, 0, 0, 0, 0, 0, "1", "1", 0, 0], "P": [0, 0, 0, 0, 0, 0, 0, "2", 0, 0, "1", 0, 0, 0, 0, 0, 0, "2", 0, 0, 0, "3", "2", "1", 0, "4", 0, "4", 0, "2", "2", 0, 0, 0, 0, 0, 0, "1", "1", 0, 0], "+/-": ["+1", "-1", "-4", 0, "-4", "-3", 0, 0, "-1", 0, 0, "-3", 0, "-1", "-1", 0, "-3", 0, 0, 0, 0, 0, "+3", 0, "+1", "+4", "+1", "+2", "-1", "+2", "+2", "+3", "+1", "-1", "+1", "-1", "-1", "+2", "+2", 0, 0], "PN": ["1", 0, 0, 0, 0, 0, 0, 0, 0, "1", 0, 0, 0, 0, 0, 0, 0, 0, 0, 0, "1", 0, "1", 0, 0, 0, 0, 0, 0, 0, 0, 0, 0, 0, "1", 0, 0, 0, 0, 0, 0], "PIM": ["2", 0, 0, 0, 0, 0, 0, 0, 0, "2", 0, 0, 0, 0, 0, 0, 0, 0, 0, 0, "2", 0, "2", 0, 0, 0, 0, 0, 0, 0, 0, 0, 0, 0, "2", 0, 0, 0, 0, 0, 0], "TOT": ["22:02", "17:26", "19:08", "15:35", "20:11", "16:22", "14:45", "16:43", "10:46", "15:37", "17:37", "16:04", "21:25", "10:14", "10:15", "19:48", "16:47", "16:39", "20:00", "40:00", 0, "21:32", "18:17", "21:02", "18:32", "17:27", "13:03", "16:51", "15:17", "14:24", "14:46", "19:59", "12:58", "14:24", "19:07", "10:36", "15:46", "15:37", "17:01", 0, "60:00"], "SHF": ["25", "27", "25", "19", "25", "19", "19", "19", "16", "19", "22", "18", "26", "15", "13", "27", "19", "19", 0, 0, 0, "29", "28", "30", "21", "21", "18", "21", "18", "16", "18", "27", "17", "18", "22", "16", "17", "19", "17", 0, 0], "AVG TOI/SH": ["00:52", "00:38", "00:45", "00:49", "00:48", "00:51", "00:46", "00:52", "00:40", "00:49", "00:48", "00:53", "00:49", "00:40", "00:47", "00:44", "00:53", "00:52", 0, 0, 0, "00:44", "00:39", "00:42", "00:52", "00:49", "00:43", "00:48", "00:50", "00:54", "00:49", "00:44", "00:45", "00:48", "00:52", "00:39", "00:55", "00:49", "01:00", 0, 0], "PP": ["02:32", "00:00", "00:59", "00:00", "00:00", "01:15", "00:00", "02:02", "00:00", "00:00", "02:02", "01:15", "00:45", "00:00", "00:00", "02:18", "01:15", "02:02", "01:17", "02:00", 0, "01:34", "00:10", "00:48", "00:48", "01:34", "00:00", "01:34", "00:48", "00:48", "00:10", "00:10", "00:00", "00:10", "00:00", "00:00", "01:34", "00:48", "01:44", 0, "02:32"], "SH": ["00:00", "01:33", "00:10", "01:02", "01:43", "00:27", "00:23", "00:00", "01:03", "00:32", "00:31", "00:00", "00:49", "00:52", "00:00", "00:49", "00:14", "00:00", "00:00", "02:32", 0, "01:37", "00:21", "02:12", "00:00", "00:00", "01:28", "00:25", "01:24", "00:00", "01:07", "01:40", "01:45", "00:00", "00:44", "00:00", "00:00", "00:25", "00:00", 0, "03:17"], "EV": ["19:30", "15:53", "17:59", "14:33", "18:28", "14:40", "14:22", "14:41", "09:43", "15:05", "15:04", "14:49", "19:51", "09:22", "10:15", "16:41", "15:18", "14:37", "18:43", "35:28", 0, "18:21", "17:46", "18:02", "17:44", "15:53", "11:35", "14:52", "13:05", "13:36", "13:29", "18:09", "11:13", "14:14", "18:23", "10:36", "14:12", "14:24", "15:17", 0, "54:11"], "S": [0, "2", 0, 0, 0, "1", "1", "1", "1", "1", "2", "1", "1", 0, 0, "3", "2", "2", 0, 0, 0, "1", "3", "1", 0, "5", 0, "6", "2", "2", "3", 0, 0, "1", 0, "4", 0, 0, "9", 0, 0], "A/B": ["1", 0, "1", 0, 0, "1", "1", 0, 0, 0, 0, 0, "3", "1", 0, 0, 0, 0, 0, 0, 0, 0, "2", 0, 0, 0, "1", "1", "1", "2", "1", 0, 0, 0, 0, 0, "1", 0, "1", 0, 0], "MS": [0, 0, "2", 0, 0, 0, 0, 0, 0, 0, "1", 0, 0, 0, 0, 0, 0, "1", 0, 0, 0, 0, 0, 0, "1", "2", 0, "1", 0, "2", 0, 0, 0, "2", "1", 0, "2", 0, "1", 0, 0], "HT": ["1", "4", "1", "5", "2", "2", "3", 0, 0, "8", "3", 0, "2", "5", "4", "1", "1", 0, 0, 0, 0, 0, 0, "3", "1", 0, "1", 0, 0, 0, "1", "1", "1", "2", "2", "1", "5", "1", 0, 0, 0], "GV": [0, 0, 0, 0, "1", 0, 0, 0, 0, 0, 0, 0, "1", 0, 0, "1", 0, 0, 0, 0, 0, "1", "2", "1", "1", 0, 0, "1", 0, 0, 0, "1", 0, "1", "1", 0, 0, 0, 0, 0, "1"], "TK": [0, 0, 0, 0, "1", 0, 0, 0, 0, 0, 0, 0, 0, 0, 0, 0, "1", 0, 0, 0, 0, 0, 0, 0, 0, "1", 0, 0, 0, 0, 0, 0, 0, "2", "1", 0, "1", 0, 0, 0, 0], "BS": [0, "2", "1", 0, 0, "2", 0, 0, "2", 0, 0, 0, 0, 0, 0, "2", "1", 0, 0, 0, 0, 0, 0, "1", 0, 0, "2", 0, 0, 0, "1", "1", 0, 0, "2", 0, 0, 0, "1", 0, 0], "FW": [0, 0, 0, "6", 0, "6", 0, 0, "5", "2", "7", 0, 0, 0, 0, 0, "4", 0, 0, 0, 0, 0, 0, 0, 0, "1", "4", "6", 0, 0, "3", 0, "4", 0, 0, 0, "8", 0, 0, 0, 0], "FL": [0, 0, 0, "5", 0, "5", 0, 0, "3", "0", "11", 0, 0, 0, 0, 0, "2", 0, 0, 0, 0, 0, 0, 0, 0, "1", "1", "10", 0, 0, "8", 0, "5", 0, 0, 0, "5", 0, 0, 0, 0], "F%": [0, 0, 0, "55", 0, "55", 0, 0, "63", "100", "39", 0, 0, 0, 0, 0, "67", 0, 0, 0, 0, 0, 0, 0, 0, "50", "80", "38", 0, 0, "27", 0, "44", 0, 0, 0, "62", 0, 0, 0, 0], "team": ["COLORADO AVALANCHE ", "COLORADO AVALANCHE ", "COLORADO AVALANCHE ", "COLORADO AVALANCHE ", "COLORADO AVALANCHE ", "COLORADO AVALANCHE ", "COLORADO AVALANCHE ", "COLORADO AVALANCHE ", "COLORADO AVALANCHE ", "COLORADO AVALANCHE ", "COLORADO AVALANCHE ", "COLORADO AVALANCHE ", "COLORADO AVALANCHE ", "COLORADO AVALANCHE ", "COLORADO AVALANCHE ", "COLORADO AVALANCHE ", "COLORADO AVALANCHE ", "COLORADO AVALANCHE ", "COLORADO AVALANCHE ", "COLORADO AVALANCHE ", "COLORADO AVALANCHE ", "CHICAGO BLACKHAWKS ", "CHICAGO BLACKHAWKS ", "CHICAGO BLACKHAWKS ", "CHICAGO BLACKHAWKS ", "CHICAGO BLACKHAWKS ", "CHICAGO BLACKHAWKS ", "CHICAGO BLACKHAWKS ", "CHICAGO BLACKHAWKS ", "CHICAGO BLACKHAWKS ", "CHICAGO BLACKHAWKS ", "CHICAGO BLACKHAWKS ", "CHICAGO BLACKHAWKS ", "CHICAGO BLACKHAWKS ", "CHICAGO BLACKHAWKS ", "CHICAGO BLACKHAWKS ", "CHICAGO BLACKHAWKS ", "CHICAGO BLACKHAWKS ", "CHICAGO BLACKHAWKS ", "CHICAGO BLACKHAWKS ", "CHICAGO BLACKHAWKS "], "GA": [0, 0, 0, 0, 0, 0, 0, 0, 0, 0, 0, 0, 0, 0, 0, 0, 0, 0, "0", "7", 0, 0, 0, 0, 0, 0, 0, 0, 0, 0, 0, 0, 0, 0, 0, 0, 0, 0, 0, 0, "2"], "SA": [0, 0, 0, 0, 0, 0, 0, 0, 0, 0, 0, 0, 0, 0, 0, 0, 0, 0, "13", "24", 0, 0, 0, 0, 0, 0, 0, 0, 0, 0, 0, 0, 0, 0, 0, 0, 0, 0, 0, 0, "18"]}}