{"game_info": {"date": "2014-01-14", "visitor": "OTTAWA SENATORS ", "home": "MINNESOTA WILD ", "game_id": 705, "status": "final"}, "player_stats": {"number": ["2", "3", "4", "5", "6", "7", "9", "14", "15", "16", "19", "22", "28", "46", "61", "65", "89", "93", "40", "41", "3", "4", "6", "7", "14", "15", "16", "17", "19", "20", "21", "22", "24", "25", "29", "39", "56", "64", "32", "35"], "position": ["D", "D", "D", "D", "R", "C", "L", "C", "C", "L", "C", "R", "L", "D", "R", "D", "C", "C", "G", "G", "C", "D", "D", "D", "R", "L", "L", "C", "L", "D", "C", "R", "L", "D", "R", "D", "L", "C", "G", "G"], "name": ["COWEN, JARED", "METHOT, MARC", "PHILLIPS, CHRIS", "CECI, CODY", "RYAN, BOBBY", "TURRIS, KYLE", "MICHALEK, MILAN", "GREENING, COLIN", "SMITH, ZACK", "MACARTHUR, CLARKE", "SPEZZA, JASON", "CONDRA, ERIK", "KASSIAN, MATT", "WIERCIOCH, PATRICK", "STONE, MARK", "KARLSSON, ERIK", "CONACHER, CORY", "ZIBANEJAD, MIKA", "LEHNER, ROBIN", "ANDERSON, CRAIG", "COYLE, CHARLIE", "STONER, CLAYTON", "SCANDELLA, MARCO", "BLUM, JONATHON", "FONTAINE, JUSTIN", "HEATLEY, DANY", "ZUCKER, JASON", "MITCHELL, TORREY", "VEILLEUX, STEPHANE", "SUTER, RYAN", "BRODZIAK, KYLE", "NIEDERREITER, NINO", "COOKE, MATT", "BRODIN, JONAS", "POMINVILLE, JASON", "PROSSER, NATE", "HAULA, ERIK", "GRANLUND, MIKAEL", "BACKSTROM, NIKLAS", "KUEMPER, DARCY"], "G": [0, 0, 0, 0, 0, "1", 0, 0, 0, "1", 0, "1", 0, 0, 0, 0, 0, 0, 0, 0, 0, 0, 0, 0, 0, 0, 0, 0, 0, 0, 0, 0, 0, 0, 0, 0, 0, 0, 0, 0], "A": ["1", 0, 0, 0, 0, "1", 0, 0, 0, 0, 0, 0, 0, 0, 0, "2", 0, 0, 0, 0, 0, 0, 0, 0, 0, 0, 0, 0, 0, 0, 0, 0, 0, 0, 0, 0, 0, 0, 0, 0], "P": ["1", 0, 0, 0, 0, "2", 0, 0, 0, "1", 0, "1", 0, 0, 0, "2", 0, 0, 0, 0, 0, 0, 0, 0, 0, 0, 0, 0, 0, 0, 0, 0, 0, 0, 0, 0, 0, 0, 0, 0], "+/-": [0, "+1", 0, "+1", 0, 0, 0, 0, "+1", 0, 0, "+1", "+1", 0, 0, 0, 0, 0, 0, 0, 0, "-1", "-1", 0, 0, 0, 0, 0, 0, 0, 0, "-1", 0, 0, "-1", 0, 0, "-1", 0, 0], "PN": [0, 0, 0, 0, 0, "1", "1", 0, 0, 0, "1", 0, 0, 0, 0, 0, 0, 0, 0, 0, 0, 0, 0, 0, "1", 0, 0, 0, 0, "1", 0, 0, 0, "1", 0, 0, 0, "2", 0, 0], "PIM": [0, 0, 0, 0, 0, "2", "2", 0, 0, 0, "2", 0, 0, 0, 0, 0, 0, 0, 0, 0, 0, 0, 0, 0, "2", 0, 0, 0, 0, "2", 0, 0, 0, "2", 0, 0, 0, "4", 0, 0], "TOT": ["24:31", "15:13", "11:52", "22:23", "16:15", "19:40", "16:44", "14:53", "14:53", "17:11", "16:35", "12:40", "07:22", "16:01", "12:34", "26:58", "14:05", "14:22", "59:48", 0, "17:11", "14:40", "20:20", "12:10", "12:24", "17:36", "15:55", "09:22", "09:26", "28:32", "16:50", "15:21", "14:49", "26:46", "18:51", "15:02", "07:15", "18:11", 0, "60:00"], "SHF": ["32", "23", "16", "30", "22", "25", "26", "29", "22", "24", "25", "19", "11", "20", "23", "32", "23", "23", 0, 0, "21", "19", "30", "18", "21", "20", "25", "13", "12", "31", "25", "21", "25", "32", "25", "25", "15", "24", 0, 0], "AVG TOI/SH": ["00:45", "00:39", "00:44", "00:44", "00:44", "00:47", "00:38", "00:30", "00:40", "00:42", "00:39", "00:40", "00:40", "00:48", "00:32", "00:50", "00:36", "00:37", 0, 0, "00:49", "00:46", "00:40", "00:40", "00:35", "00:52", "00:38", "00:43", "00:47", "00:55", "00:40", "00:43", "00:35", "00:50", "00:45", "00:36", "00:29", "00:45", 0, 0], "PP": ["00:25", "00:39", "00:00", "03:13", "03:43", "03:43", "03:02", "00:39", "00:13", "03:25", "03:46", "00:13", "00:00", "03:31", "00:26", "03:58", "03:02", "03:02", "07:24", 0, "02:38", "00:00", "00:07", "01:08", "01:25", "02:48", "01:27", "00:00", "00:00", "02:50", "00:00", "01:17", "00:00", "01:19", "02:46", "00:05", "00:00", "02:35", 0, "04:05"], "SH": ["02:27", "01:00", "00:38", "01:38", "00:00", "00:34", "02:06", "01:36", "01:17", "00:35", "00:07", "01:50", "00:00", "00:00", "00:05", "02:27", "00:00", "00:00", "04:05", 0, "00:13", "02:44", "03:36", "00:00", "00:00", "00:00", "00:26", "02:26", "02:19", "03:07", "04:01", "00:00", "04:11", "03:48", "00:00", "01:33", "00:58", "00:14", 0, "07:24"], "EV": ["21:39", "13:34", "11:14", "17:32", "12:32", "15:23", "11:36", "12:38", "13:23", "13:11", "12:42", "10:37", "07:22", "12:30", "12:03", "20:33", "11:03", "11:20", "48:19", 0, "14:20", "11:56", "16:37", "11:02", "10:59", "14:48", "14:02", "06:56", "07:07", "22:35", "12:49", "14:04", "10:38", "21:39", "16:05", "13:24", "06:17", "15:22", 0, "48:31"], "S": ["1", "1", "4", "1", "4", "1", "3", "1", 0, "1", "2", "2", "1", "1", "1", "3", "2", "3", 0, 0, "1", "2", "2", 0, "3", "1", "2", 0, 0, "1", "1", "3", 0, "2", "3", "1", "2", "3", 0, 0], "A/B": [0, "1", 0, "2", 0, 0, "2", 0, 0, 0, "1", "1", 0, 0, 0, "3", 0, "1", 0, 0, "2", "2", 0, 0, "2", "1", "1", "1", 0, 0, "1", "1", 0, "1", 0, 0, 0, "1", 0, 0], "MS": [0, 0, 0, "1", "2", 0, 0, "1", 0, 0, "2", 0, 0, 0, 0, "1", "1", 0, 0, 0, 0, 0, "2", 0, "1", "1", "2", "1", 0, 0, 0, 0, 0, 0, "1", 0, 0, 0, 0, 0], "HT": ["2", "2", "2", "1", 0, 0, 0, "3", "1", "1", 0, "1", "1", 0, 0, 0, "1", 0, 0, 0, "2", "2", 0, 0, 0, "1", "2", "1", "1", "1", "1", "1", "1", 0, 0, "1", 0, "1", 0, 0], "GV": [0, 0, 0, 0, 0, "1", 0, 0, 0, 0, 0, 0, 0, 0, 0, 0, 0, "1", "1", 0, "1", "1", 0, 0, "1", "1", "1", 0, 0, 0, 0, "1", "1", 0, 0, 0, 0, 0, 0, 0], "TK": ["1", 0, 0, 0, 0, "2", 0, "1", 0, "1", 0, 0, 0, 0, "2", 0, "1", "1", 0, 0, "1", 0, "1", 0, "3", "1", "2", 0, 0, 0, "1", 0, "1", "1", "1", 0, 0, "1", 0, 0], "BS": [0, "1", "2", 0, 0, "1", "1", 0, 0, "2", 0, "1", 0, "3", "1", 0, 0, "1", 0, 0, 0, 0, "2", "1", 0, 0, 0, 0, 0, "3", 0, 0, 0, 0, "1", "2", 0, "2", 0, 0], "FW": [0, 0, 0, 0, 0, "4", 0, "2", "16", 0, "4", 0, 0, 0, 0, 0, 0, "2", 0, 0, "11", 0, 0, 0, 0, 0, 0, "1", "1", 0, "9", 0, "1", 0, "3", 0, "2", "7", 0, 0], "FL": [0, 0, 0, 0, 0, "7", 0, "0", "5", 0, "15", 0, 0, 0, 0, 0, 0, "8", 0, 0, "7", 0, 0, 0, 0, 0, 0, "1", "0", 0, "3", 0, "1", 0, "0", 0, "8", "8", 0, 0], "F%": [0, 0, 0, 0, 0, "36", 0, "100", "76", 0, "21", 0, 0, 0, 0, 0, 0, "20", 0, 0, "61", 0, 0, 0, 0, 0, 0, "50", "100", 0, "75", 0, "50", 0, "100", 0, "20", "47", 0, 0], "team": ["OTTAWA SENATORS ", "OTTAWA SENATORS ", "OTTAWA SENATORS ", "OTTAWA SENATORS ", "OTTAWA SENATORS ", "OTTAWA SENATORS ", "OTTAWA SENATORS ", "OTTAWA SENATORS ", "OTTAWA SENATORS ", "OTTAWA SENATORS ", "OTTAWA SENATORS ", "OTTAWA SENATORS ", "OTTAWA SENATORS ", "OTTAWA SENATORS ", "OTTAWA SENATORS ", "OTTAWA SENATORS ", "OTTAWA SENATORS ", "OTTAWA SENATORS ", "OTTAWA SENATORS ", "OTTAWA SENATORS ", "MINNESOTA WILD ", "MINNESOTA WILD ", "MINNESOTA WILD ", "MINNESOTA WILD ", "MINNESOTA WILD ", "MINNESOTA WILD ", "MINNESOTA WILD ", "MINNESOTA WILD ", "MINNESOTA WILD ", "MINNESOTA WILD ", "MINNESOTA WILD ", "MINNESOTA WILD ", "MINNESOTA WILD ", "MINNESOTA WILD ", "MINNESOTA WILD ", "MINNESOTA WILD ", "MINNESOTA WILD ", "MINNESOTA WILD ", "MINNESOTA WILD ", "MINNESOTA WILD "], "GA": [0, 0, 0, 0, 0, 0, 0, 0, 0, 0, 0, 0, 0, 0, 0, 0, 0, 0, "0", 0, 0, 0, 0, 0, 0, 0, 0, 0, 0, 0, 0, 0, 0, 0, 0, 0, 0, 0, 0, "3"], "SA": [0, 0, 0, 0, 0, 0, 0, 0, 0, 0, 0, 0, 0, 0, 0, 0, 0, 0, "27", 0, 0, 0, 0, 0, 0, 0, 0, 0, 0, 0, 0, 0, 0, 0, 0, 0, 0, 0, 0, "32"]}}