{"game_info": {"date": "2014-03-28", "visitor": "TORONTO MAPLE LEAFS ", "home": "PHILADELPHIA FLYERS ", "game_id": 1102, "status": "final"}, "player_stats": {"number": ["3", "4", "8", "11", "12", "19", "21", "28", "36", "40", "41", "42", "43", "44", "51", "63", "71", "81", "34", "45", "5", "8", "10", "12", "14", "15", "17", "18", "19", "22", "24", "28", "32", "36", "40", "44", "47", "93", "29", "35", 0], "position": ["D", "D", "D", "C", "L", "R", "L", "R", "D", "R", "L", "C", "C", "D", "D", "C", "R", "C", "G", "G", "D", "D", "C", "L", "C", "L", "R", "R", "L", "D", "R", "R", "D", "C", "C", "D", "D", "R", "G", "G", 0], "name": ["PHANEUF, DION", "FRANSON, CODY", "GLEASON, TIM", "MCCLEMENT, JAY", "RAYMOND, MASON", "LUPUL, JOFFREY", "VAN RIEMSDYK, JAMES", "ORR, COLTON", "GUNNARSSON, CARL", "BODIE, TROY", "KULEMIN, NIKOLAI", "BOZAK, TYLER", "KADRI, NAZEM", "RIELLY, MORGAN", "GARDINER, JAKE", "BOLLAND, DAVE", "CLARKSON, DAVID", "KESSEL, PHIL", "REIMER, JAMES", "BERNIER, JONATHAN", "COBURN, BRAYDON", "GROSSMANN, NICKLAS", "SCHENN, BRAYDEN", "RAFFL, MICHAEL", "COUTURIER, SEAN", "MCGINN, TYE", "SIMMONDS, WAYNE", "HALL, ADAM", "HARTNELL, SCOTT", "SCHENN, LUKE", "READ, MATT", "GIROUX, CLAUDE", "STREIT, MARK", "RINALDO, ZAC", "LECAVALIER, VINCENT", "TIMONEN, KIMMO", "MACDONALD, ANDREW", "VORACEK, JAKUB", "EMERY, RAY", "MASON, STEVE", "TEAM PENALTY"], "G": [0, 0, 0, 0, 0, 0, "1", 0, 0, 0, 0, 0, 0, 0, 0, "1", 0, 0, 0, 0, 0, 0, 0, 0, 0, 0, "1", 0, "1", 0, 0, "1", 0, 0, "1", 0, 0, 0, 0, 0, 0], "A": [0, 0, 0, 0, "1", 0, 0, 0, 0, 0, 0, "1", 0, 0, "1", 0, 0, 0, 0, 0, 0, 0, 0, 0, 0, 0, 0, 0, "1", 0, 0, "2", 0, "1", 0, "2", "1", 0, 0, 0, 0], "P": [0, 0, 0, 0, "1", 0, "1", 0, 0, 0, 0, "1", 0, 0, "1", "1", 0, 0, 0, 0, 0, 0, 0, 0, 0, 0, "1", 0, "2", 0, 0, "3", 0, "1", "1", "2", "1", 0, 0, 0, 0], "+/-": ["-2", "+1", "-1", 0, "+1", "-1", 0, 0, 0, 0, "-1", 0, 0, 0, "+2", "+1", "+1", 0, 0, 0, "-1", "+1", 0, 0, "-1", 0, 0, 0, "+1", 0, "-1", "+1", "+1", "-1", 0, "-1", 0, "+1", 0, 0, 0], "PN": ["2", "1", 0, 0, 0, 0, 0, 0, "1", 0, "1", 0, "1", 0, 0, "1", 0, 0, 0, 0, 0, 0, 0, 0, 0, 0, 0, 0, "2", 0, 0, 0, 0, 0, 0, 0, "1", "1", 0, "1", "1"], "PIM": ["4", "2", 0, 0, 0, 0, 0, 0, "2", 0, "2", 0, "2", 0, 0, "2", 0, 0, 0, 0, 0, 0, 0, 0, 0, 0, 0, 0, "4", 0, 0, 0, 0, 0, 0, 0, "2", "2", 0, "2", "2"], "TOT": ["21:17", "22:00", "14:25", "09:32", "16:56", "16:57", "24:31", "04:26", "17:08", "04:58", "12:05", "22:26", "16:55", "20:44", "24:31", "11:33", "10:21", "22:39", 0, "58:45", "23:49", "21:30", "10:52", "14:54", "19:25", "08:13", "12:03", "14:15", "15:33", "15:50", "19:46", "16:09", "21:14", "11:32", "13:32", "15:59", "19:52", "15:36", 0, "59:56", 0], "SHF": ["27", "31", "21", "15", "21", "22", "29", "5", "24", "6", "17", "29", "23", "26", "27", "17", "16", "27", 0, 0, "28", "31", "15", "22", "23", "12", "18", "20", "21", "23", "26", "21", "29", "16", "17", "28", "25", "22", 0, 0, 0], "AVG TOI/SH": ["00:47", "00:42", "00:41", "00:38", "00:48", "00:46", "00:50", "00:53", "00:42", "00:49", "00:42", "00:46", "00:44", "00:47", "00:54", "00:40", "00:38", "00:50", 0, 0, "00:51", "00:41", "00:43", "00:40", "00:50", "00:41", "00:40", "00:42", "00:44", "00:41", "00:45", "00:46", "00:43", "00:43", "00:47", "00:34", "00:47", "00:42", 0, 0, 0], "PP": ["03:31", "02:27", "00:01", "00:00", "03:14", "03:44", "03:00", "00:00", "00:06", "00:00", "00:00", "02:13", "04:33", "03:58", "03:34", "00:00", "00:00", "03:29", 0, "06:46", "00:41", "00:23", "01:00", "00:25", "00:25", "00:00", "02:51", "00:00", "03:09", "00:00", "01:23", "03:09", "01:58", "00:02", "01:03", "03:09", "01:02", "02:10", 0, "04:34", 0], "SH": ["02:28", "01:28", "00:59", "02:28", "00:51", "00:00", "02:43", "00:00", "02:14", "00:00", "01:02", "01:33", "00:23", "00:54", "01:05", "00:00", "00:05", "00:45", 0, "03:49", "04:38", "03:30", "00:00", "02:24", "03:58", "00:00", "00:00", "03:03", "00:00", "02:08", "04:05", "00:01", "00:00", "00:00", "00:00", "03:06", "00:10", "00:01", 0, "06:46", 0], "EV": ["15:18", "18:05", "13:25", "07:04", "12:51", "13:13", "18:48", "04:26", "14:48", "04:58", "11:03", "18:40", "11:59", "15:52", "19:52", "11:33", "10:16", "18:25", 0, "48:10", "18:30", "17:37", "09:52", "12:05", "15:02", "08:13", "09:12", "11:12", "12:24", "13:42", "14:18", "12:59", "19:16", "11:30", "12:29", "09:44", "18:40", "13:25", 0, "48:36", 0], "S": ["3", 0, 0, 0, "4", "2", "6", "1", "2", "2", "1", "1", "2", "1", "4", "2", "2", "1", 0, 0, "1", "1", "3", "1", "1", "1", "2", 0, "2", 0, "1", "2", "1", 0, "3", "4", 0, "6", 0, 0, 0], "A/B": ["2", "5", "1", 0, "2", "1", "1", 0, "1", 0, 0, 0, 0, 0, "1", 0, "1", "2", 0, 0, "1", "3", 0, 0, 0, 0, "2", 0, 0, "4", 0, "2", "2", 0, 0, "3", 0, "2", 0, 0, 0], "MS": [0, 0, 0, 0, 0, 0, "1", 0, 0, "1", 0, 0, 0, "1", 0, 0, 0, "1", 0, 0, 0, "1", "2", "1", "2", "1", 0, "1", 0, 0, "1", "1", "2", 0, "3", "2", 0, 0, 0, 0, 0], "HT": ["5", "6", "1", "2", "1", "4", "1", "2", "4", "1", "3", "1", "2", "3", "1", "1", "6", 0, 0, 0, "3", "5", "1", "1", "1", "2", "2", 0, "2", "5", "1", "1", "1", "5", "3", "1", "1", 0, 0, 0, 0], "GV": [0, 0, 0, 0, 0, 0, "3", 0, "1", 0, 0, 0, "1", "1", "1", 0, 0, 0, 0, 0, 0, "1", 0, "1", 0, 0, 0, "1", 0, "1", 0, 0, 0, 0, "1", "2", "1", 0, 0, "1", 0], "TK": [0, "1", 0, 0, "1", 0, 0, 0, 0, "2", 0, "1", 0, "1", 0, 0, 0, "1", 0, 0, 0, 0, 0, 0, 0, 0, 0, 0, 0, "1", "1", 0, 0, "1", "1", 0, 0, "3", 0, 0, 0], "BS": ["2", 0, "3", "2", 0, "2", "3", 0, "1", 0, 0, "1", 0, 0, "4", 0, 0, "1", 0, 0, "1", "4", 0, 0, "1", 0, 0, "2", "1", "1", "2", "1", 0, "1", 0, "1", "2", 0, 0, 0, 0], "FW": ["0", 0, 0, "5", 0, 0, 0, 0, 0, 0, 0, "12", "6", 0, 0, "6", 0, 0, 0, 0, 0, 0, "5", "0", "10", 0, 0, "3", 0, 0, 0, "12", 0, 0, "4", 0, 0, 0, 0, 0, 0], "FL": ["1", 0, 0, "8", 0, 0, 0, 0, 0, 0, 0, "15", "5", 0, 0, "5", 0, 0, 0, 0, 0, 0, "4", "1", "9", 0, 0, "2", 0, 0, 0, "10", 0, 0, "3", 0, 0, 0, 0, 0, 0], "F%": ["0", 0, 0, "38", 0, 0, 0, 0, 0, 0, 0, "44", "55", 0, 0, "55", 0, 0, 0, 0, 0, 0, "56", "0", "53", 0, 0, "60", 0, 0, 0, "55", 0, 0, "57", 0, 0, 0, 0, 0, 0], "team": ["TORONTO MAPLE LEAFS ", "TORONTO MAPLE LEAFS ", "TORONTO MAPLE LEAFS ", "TORONTO MAPLE LEAFS ", "TORONTO MAPLE LEAFS ", "TORONTO MAPLE LEAFS ", "TORONTO MAPLE LEAFS ", "TORONTO MAPLE LEAFS ", "TORONTO MAPLE LEAFS ", "TORONTO MAPLE LEAFS ", "TORONTO MAPLE LEAFS ", "TORONTO MAPLE LEAFS ", "TORONTO MAPLE LEAFS ", "TORONTO MAPLE LEAFS ", "TORONTO MAPLE LEAFS ", "TORONTO MAPLE LEAFS ", "TORONTO MAPLE LEAFS ", "TORONTO MAPLE LEAFS ", "TORONTO MAPLE LEAFS ", "TORONTO MAPLE LEAFS ", "PHILADELPHIA FLYERS ", "PHILADELPHIA FLYERS ", "PHILADELPHIA FLYERS ", "PHILADELPHIA FLYERS ", "PHILADELPHIA FLYERS ", "PHILADELPHIA FLYERS ", "PHILADELPHIA FLYERS ", "PHILADELPHIA FLYERS ", "PHILADELPHIA FLYERS ", "PHILADELPHIA FLYERS ", "PHILADELPHIA FLYERS ", "PHILADELPHIA FLYERS ", "PHILADELPHIA FLYERS ", "PHILADELPHIA FLYERS ", "PHILADELPHIA FLYERS ", "PHILADELPHIA FLYERS ", "PHILADELPHIA FLYERS ", "PHILADELPHIA FLYERS ", "PHILADELPHIA FLYERS ", "PHILADELPHIA FLYERS ", "PHILADELPHIA FLYERS "], "GA": [0, 0, 0, 0, 0, 0, 0, 0, 0, 0, 0, 0, 0, 0, 0, 0, 0, 0, 0.0, "4", 0, 0, 0, 0, 0, 0, 0, 0, 0, 0, 0, 0, 0, 0, 0, 0, 0, 0, 0, "2", 0], "SA": [0, 0, 0, 0, 0, 0, 0, 0, 0, 0, 0, 0, 0, 0, 0, 0, 0, 0, 0.0, "29", 0, 0, 0, 0, 0, 0, 0, 0, 0, 0, 0, 0, 0, 0, 0, 0, 0, 0, 0, "34", 0]}}