{"game_info": {"date": "2014-03-30", "visitor": "CALGARY FLAMES ", "home": "OTTAWA SENATORS ", "game_id": 1119, "status": "final"}, "player_stats": {"number": ["4", "5", "7", "8", "11", "13", "15", "16", "17", "18", "20", "23", "24", "32", "39", "41", "44", "56", "31", "35", "2", "3", "4", "7", "9", "15", "16", "19", "22", "25", "28", "46", "61", "62", "65", "68", "83", "93", "40", "41"], "position": ["D", "D", "D", "C", "C", "L", "R", "R", "L", "C", "L", "C", "C", "C", "L", "D", "D", "D", "G", "G", "D", "D", "D", "C", "L", "C", "L", "C", "R", "R", "L", "D", "R", "D", "D", "C", "R", "C", "G", "G"], "name": ["RUSSELL, KRIS", "GIORDANO, MARK", "BRODIE, TJ", "COLBORNE, JOE", "BACKLUND, MIKAEL", "CAMMALLERI, MIKE", "WESTGARTH, KEVIN", "MCGRATTAN, BRIAN", "BOUMA, LANCE", "STAJAN, MATT", "GLENCROSS, CURTIS", "MONAHAN, SEAN", "HUDLER, JIRI", "BYRON, PAUL", "GALIARDI, TJ", "BILLINS, CHAD", "BUTLER, CHRIS", "WOTHERSPOON, TYLER", "RAMO, KARRI", "MACDONALD, JOEY", "COWEN, JARED", "METHOT, MARC", "PHILLIPS, CHRIS", "TURRIS, KYLE", "MICHALEK, MILAN", "SMITH, ZACK", "MACARTHUR, CLARKE", "SPEZZA, JASON", "CONDRA, ERIK", "NEIL, CHRIS", "KASSIAN, MATT", "WIERCIOCH, PATRICK", "STONE, MARK", "GRYBA, ERIC", "KARLSSON, ERIK", "HOFFMAN, MIKE", "HEMSKY, ALES", "ZIBANEJAD, MIKA", "LEHNER, ROBIN", "ANDERSON, CRAIG"], "G": [0, 0, 0, 0, 0, 0, 0, 0, 0, "1", 0, "1", 0, "1", 0, 0, 0, 0, 0, 0, "1", 0, 0, "2", "2", 0, "1", 0, 0, 0, 0, 0, 0, 0, 0, 0, 0, 0, 0, 0], "A": [0, 0, 0, "1", "1", "1", 0, 0, 0, 0, "1", 0, "2", 0, 0, 0, 0, 0, 0, 0, 0, 0, 0, "1", 0, 0, "1", "1", 0, 0, 0, 0, 0, 0, "1", 0, "2", "1", 0, 0], "P": [0, 0, 0, "1", "1", "1", 0, 0, 0, "1", "1", "1", "2", "1", 0, 0, 0, 0, 0, 0, "1", 0, 0, "3", "2", 0, "2", "1", 0, 0, 0, 0, 0, 0, "1", 0, "2", "1", 0, 0], "+/-": ["-1", "+1", "-1", 0, "-1", "-1", 0, 0, "-1", "-2", "-2", 0, "-1", "-1", 0, "-2", "-1", "-2", 0, 0, "+2", "+1", "-1", "+3", 0, "-1", "+3", 0, 0, 0, 0, 0, "+3", "+4", "-1", "+1", 0, "+1", 0, 0], "PN": [0, 0, 0, 0, 0, 0, "2", 0, 0, 0, 0, "1", 0, 0, 0, 0, 0, 0, 0, 0, 0, 0, "1", 0, 0, 0, 0, 0, 0, "1", "3", 0, 0, 0, 0, 0, 0, 0, 0, 0], "PIM": [0, 0, 0, 0, 0, 0, "7", 0, 0, 0, 0, "2", 0, 0, 0, 0, 0, 0, 0, 0, 0, 0, "2", 0, 0, 0, 0, 0, 0, "2", "17", 0, 0, 0, 0, 0, 0, 0, 0, 0], "TOT": ["25:14", "23:48", "22:51", "17:25", "20:44", "20:04", "06:45", "06:54", "14:42", "17:48", "16:16", "14:48", "14:40", "17:47", "08:15", "13:01", "23:48", "11:22", "59:45", 0, "20:21", "18:22", "17:34", "19:18", "18:44", "15:21", "17:54", "16:13", "12:49", "10:55", "02:31", "19:47", "17:56", "20:37", "21:55", "14:39", "15:17", "13:49", "59:58", 0], "SHF": ["36", "33", "30", "24", "29", "27", "13", "13", "22", "24", "23", "25", "23", "26", "16", "22", "33", "20", 0, 0, "24", "25", "25", "23", "22", "22", "24", "20", "19", "19", "8", "26", "21", "24", "25", "21", "20", "22", 0, 0], "AVG TOI/SH": ["00:42", "00:43", "00:45", "00:43", "00:42", "00:44", "00:31", "00:31", "00:40", "00:44", "00:42", "00:35", "00:38", "00:41", "00:30", "00:35", "00:43", "00:34", 0, 0, "00:50", "00:44", "00:42", "00:50", "00:51", "00:41", "00:44", "00:48", "00:40", "00:34", "00:18", "00:45", "00:51", "00:51", "00:52", "00:41", "00:45", "00:37", 0, 0], "PP": ["02:11", "04:31", "03:49", "02:39", "03:21", "03:21", "00:00", "00:00", "00:00", "00:00", "03:29", "02:39", "02:31", "00:00", "00:00", "01:29", "00:00", "00:00", "06:00", 0, "00:00", "00:11", "01:48", "02:10", "01:58", "00:00", "02:02", "01:50", "00:00", "00:00", "00:00", "02:23", "01:56", "00:00", "02:12", "01:26", "02:04", "00:00", "04:00", 0], "SH": ["01:12", "02:46", "01:27", "01:06", "01:50", "00:30", "00:00", "00:00", "00:54", "01:04", "00:08", "00:36", "00:00", "01:52", "00:00", "00:00", "02:35", "00:00", "04:00", 0, "03:38", "02:22", "01:38", "01:41", "01:08", "03:11", "01:41", "00:00", "03:11", "00:00", "00:00", "00:44", "00:00", "03:12", "00:26", "00:00", "00:00", "01:08", "06:00", 0], "EV": ["21:51", "16:31", "17:35", "13:40", "15:33", "16:13", "06:45", "06:54", "13:48", "16:44", "12:39", "11:33", "12:09", "15:55", "08:15", "11:32", "21:13", "11:22", "49:45", 0, "16:43", "15:49", "14:08", "15:27", "15:38", "12:10", "14:11", "14:23", "09:38", "10:55", "02:31", "16:40", "16:00", "17:25", "19:17", "13:13", "13:13", "12:41", "49:58", 0], "S": [0, "2", "2", "1", "9", "4", 0, "1", 0, "2", "7", "5", "1", "3", "2", 0, "1", 0, 0, 0, "1", 0, "2", "3", "6", "2", "2", "2", "2", "3", 0, "2", "4", "1", "2", "3", "1", "1", 0, 0], "A/B": ["1", 0, "3", 0, 0, "2", 0, 0, 0, "1", "1", "1", "1", "1", 0, "1", 0, 0, 0, 0, 0, "1", "2", 0, "2", 0, 0, 0, "1", "1", 0, "2", "3", 0, "3", "1", "1", 0, 0, 0], "MS": ["1", 0, "1", "1", "2", 0, 0, "2", 0, 0, 0, 0, 0, 0, "2", "1", 0, 0, 0, 0, 0, 0, 0, 0, "1", 0, "2", "2", "2", 0, 0, "1", "1", 0, "1", "3", 0, "1", 0, 0], "HT": [0, "5", "1", "3", 0, "1", "2", 0, "1", 0, "1", "1", 0, "4", 0, 0, "3", "1", 0, 0, "4", "4", "3", "1", "3", 0, 0, "1", "1", "3", "1", 0, "1", "5", "1", 0, 0, "3", 0, 0], "GV": ["1", "1", 0, "1", "1", 0, 0, 0, "1", "3", 0, "1", "1", 0, 0, 0, 0, "1", "1", 0, 0, "2", "1", 0, 0, "1", "1", 0, 0, 0, "1", "2", 0, "2", "1", 0, 0, 0, 0, 0], "TK": [0, 0, 0, "2", "1", "2", 0, 0, 0, "1", 0, 0, 0, "1", 0, 0, "1", 0, 0, 0, 0, "1", 0, "1", 0, 0, 0, 0, 0, 0, "1", 0, "1", 0, "2", "1", "1", 0, 0, 0], "BS": ["6", "3", "2", 0, "1", "1", 0, 0, "2", 0, 0, 0, 0, 0, 0, 0, "2", 0, 0, 0, "2", 0, "1", 0, 0, 0, 0, 0, "2", 0, 0, 0, "1", "1", "2", 0, "1", "2", 0, 0], "FW": [0, 0, 0, 0, "11", 0, 0, 0, 0, "9", 0, "6", 0, 0, "2", 0, 0, 0, 0, 0, 0, 0, 0, "11", "0", "5", 0, "10", 0, 0, 0, 0, 0, 0, 0, 0, 0, "4", 0, 0], "FL": [0, 0, 0, 0, "11", 0, 0, 0, 0, "8", 0, "8", 0, 0, "3", 0, 0, 0, 0, 0, 0, 0, 0, "6", "1", "8", 0, "7", 0, 0, 0, 0, 0, 0, 0, 0, 0, "6", 0, 0], "F%": [0, 0, 0, 0, "50", 0, 0, 0, 0, "53", 0, "43", 0, 0, "40", 0, 0, 0, 0, 0, 0, 0, 0, "65", "0", "38", 0, "59", 0, 0, 0, 0, 0, 0, 0, 0, 0, "40", 0, 0], "team": ["CALGARY FLAMES ", "CALGARY FLAMES ", "CALGARY FLAMES ", "CALGARY FLAMES ", "CALGARY FLAMES ", "CALGARY FLAMES ", "CALGARY FLAMES ", "CALGARY FLAMES ", "CALGARY FLAMES ", "CALGARY FLAMES ", "CALGARY FLAMES ", "CALGARY FLAMES ", "CALGARY FLAMES ", "CALGARY FLAMES ", "CALGARY FLAMES ", "CALGARY FLAMES ", "CALGARY FLAMES ", "CALGARY FLAMES ", "CALGARY FLAMES ", "CALGARY FLAMES ", "OTTAWA SENATORS ", "OTTAWA SENATORS ", "OTTAWA SENATORS ", "OTTAWA SENATORS ", "OTTAWA SENATORS ", "OTTAWA SENATORS ", "OTTAWA SENATORS ", "OTTAWA SENATORS ", "OTTAWA SENATORS ", "OTTAWA SENATORS ", "OTTAWA SENATORS ", "OTTAWA SENATORS ", "OTTAWA SENATORS ", "OTTAWA SENATORS ", "OTTAWA SENATORS ", "OTTAWA SENATORS ", "OTTAWA SENATORS ", "OTTAWA SENATORS ", "OTTAWA SENATORS ", "OTTAWA SENATORS "], "GA": [0, 0, 0, 0, 0, 0, 0, 0, 0, 0, 0, 0, 0, 0, 0, 0, 0, 0, "5", 0, 0, 0, 0, 0, 0, 0, 0, 0, 0, 0, 0, 0, 0, 0, 0, 0, 0, 0, "3", 0], "SA": [0, 0, 0, 0, 0, 0, 0, 0, 0, 0, 0, 0, 0, 0, 0, 0, 0, 0, "36", 0, 0, 0, 0, 0, 0, 0, 0, 0, 0, 0, 0, 0, 0, 0, 0, 0, 0, 0, "40", 0]}}