{"game_info": {"date": "2013-12-21", "visitor": "CALGARY FLAMES ", "home": "PITTSBURGH PENGUINS ", "game_id": 545, "status": "final"}, "player_stats": {"number": ["3", "4", "5", "7", "8", "11", "13", "16", "17", "18", "20", "22", "23", "24", "32", "44", "54", "55", "29", "31", "2", "3", "8", "9", "12", "14", "16", "18", "23", "27", "36", "38", "39", "41", "46", "47", "55", "87", "29", "37"], "position": ["D", "D", "D", "D", "C", "C", "L", "R", "L", "C", "L", "R", "C", "C", "C", "D", "R", "D", "G", "G", "D", "D", "D", "L", "R", "L", "C", "L", "R", "R", "L", "C", "L", "D", "C", "D", "D", "C", "G", "G"], "name": ["SMID, LADISLAV", "RUSSELL, KRIS", "GIORDANO, MARK", "BRODIE, TJ", "COLBORNE, JOE", "BACKLUND, MIKAEL", "CAMMALLERI, MIKE", "MCGRATTAN, BRIAN", "BOUMA, LANCE", "STAJAN, MATT", "GLENCROSS, CURTIS", "STEMPNIAK, LEE", "MONAHAN, SEAN", "HUDLER, JIRI", "BYRON, PAUL", "BUTLER, CHRIS", "JONES, DAVID", "O'BRIEN, SHANE", "BERRA, RETO", "RAMO, KARRI", "NISKANEN, MATT", "MAATTA, OLLI", "DUMOULIN, BRIAN", "DUPUIS, PASCAL", "KOBASEW, CHUCK", "KUNITZ, CHRIS", "SUTTER, BRANDON", "NEAL, JAMES", "CONNER, CHRIS", "ADAMS, CRAIG", "JOKINEN, JUSSI", "SILL, ZACH", "ZOLNIERCZYK, HARRY", "BORTUZZO, ROBERT", "VITALE, JOE", "DESPRES, SIMON", "SAMUELSSON, PHILIP", "CROSBY, SIDNEY", "FLEURY, MARC-ANDRE", "ZATKOFF, JEFF"], "G": [0, 0, 0, 0, 0, 0, "1", 0, 0, 0, 0, 0, 0, "1", "1", 0, 0, 0, 0, 0, "1", 0, 0, "1", 0, 0, 0, 0, 0, 0, 0, 0, "1", 0, 0, 0, 0, "1", 0, 0], "A": [0, 0, "1", "1", "1", 0, 0, 0, 0, "1", 0, 0, 0, 0, 0, "1", 0, 0, 0, 0, 0, 0, 0, 0, 0, "2", 0, "1", 0, 0, 0, 0, 0, "2", 0, "1", 0, "2", 0, 0], "P": [0, 0, "1", "1", "1", 0, "1", 0, 0, "1", 0, 0, 0, "1", "1", "1", 0, 0, 0, 0, "1", 0, 0, "1", 0, "2", 0, "1", 0, 0, 0, 0, "1", "2", 0, "1", 0, "3", 0, 0], "+/-": ["-1", "-1", "-1", 0, "-1", 0, "-1", 0, "-2", "+1", 0, 0, 0, "+1", "+1", "+1", "-1", 0, 0, 0, 0, "-1", "+2", "-1", 0, "+3", "-1", "+1", "-3", 0, "-1", 0, "+1", "+1", 0, 0, 0, "+3", 0, 0], "PN": [0, 0, "1", 0, "2", 0, 0, 0, 0, 0, 0, 0, 0, "1", 0, 0, 0, 0, 0, 0, 0, 0, 0, 0, 0, 0, 0, "1", 0, 0, 0, 0, 0, 0, "1", "1", 0, "1", 0, 0], "PIM": [0, 0, "2", 0, "4", 0, 0, 0, 0, 0, 0, 0, 0, "2", 0, 0, 0, 0, 0, 0, 0, 0, 0, 0, 0, 0, 0, "2", 0, 0, 0, 0, 0, 0, "2", "2", 0, "2", 0, 0], "TOT": ["20:26", "20:12", "24:19", "22:14", "13:59", "21:16", "23:01", "04:45", "13:10", "18:45", "00:37", "19:25", "09:24", "20:43", "17:45", "20:24", "10:55", "12:39", 0, "58:01", "22:58", "20:21", "20:48", "17:32", "09:20", "18:24", "14:46", "16:57", "08:43", "15:27", "15:40", "13:12", "11:07", "20:38", "12:03", "15:57", "16:52", "21:34", "59:41", 0], "SHF": ["29", "27", "32", "32", "22", "28", "28", "6", "20", "23", "1", "26", "14", "26", "27", "27", "19", "19", 0, 0, "25", "23", "26", "22", "10", "21", "18", "18", "13", "18", "17", "16", "13", "25", "15", "22", "20", "22", 0, 0], "AVG TOI/SH": ["00:42", "00:44", "00:45", "00:41", "00:38", "00:45", "00:49", "00:47", "00:39", "00:48", "00:37", "00:44", "00:40", "00:47", "00:39", "00:45", "00:34", "00:39", 0, 0, "00:55", "00:53", "00:48", "00:47", "00:56", "00:52", "00:49", "00:56", "00:40", "00:51", "00:55", "00:49", "00:51", "00:49", "00:48", "00:43", "00:50", "00:58", 0, 0], "PP": ["00:00", "02:42", "03:09", "01:36", "00:45", "02:04", "02:19", "00:00", "00:00", "00:00", "00:00", "02:14", "01:14", "03:05", "00:27", "01:09", "00:46", "00:00", 0, "04:18", "01:13", "01:30", "02:55", "01:30", "01:26", "02:37", "01:30", "02:41", "00:00", "00:00", "02:41", "00:00", "00:00", "00:00", "00:22", "00:11", "00:17", "02:37", "04:18", 0], "SH": ["01:29", "00:56", "01:27", "01:55", "00:00", "01:23", "00:18", "00:00", "01:49", "02:55", "00:00", "01:23", "00:00", "00:00", "00:48", "02:49", "00:00", "00:00", 0, "04:18", "02:02", "02:02", "01:13", "01:08", "00:00", "00:00", "01:34", "00:00", "00:00", "02:44", "00:09", "02:34", "00:00", "01:26", "00:27", "01:03", "00:50", "00:00", "04:18", 0], "EV": ["18:57", "16:34", "19:43", "18:43", "13:14", "17:49", "20:24", "04:45", "11:21", "15:50", "00:37", "15:48", "08:10", "17:38", "16:30", "16:26", "10:09", "12:39", 0, "49:25", "19:43", "16:49", "16:40", "14:54", "07:54", "15:47", "11:42", "14:16", "08:43", "12:43", "12:50", "10:38", "11:07", "19:12", "11:14", "14:43", "15:45", "18:57", "51:05", 0], "S": ["2", "2", "3", 0, "2", "6", "6", 0, 0, "1", 0, "2", 0, "1", "1", "3", 0, "1", 0, 0, "4", "1", 0, "4", 0, "1", 0, "1", 0, 0, "1", "2", "2", 0, "1", "1", "1", "4", 0, 0], "A/B": [0, "1", "2", "1", 0, 0, "1", 0, 0, "3", 0, 0, 0, "2", 0, 0, "3", "2", 0, 0, "1", 0, 0, "2", 0, 0, "2", "4", 0, "1", "1", "2", 0, "2", 0, "1", "1", "2", 0, 0], "MS": [0, 0, "1", "1", "2", 0, 0, 0, "1", 0, 0, 0, 0, "1", 0, "1", 0, 0, 0, 0, 0, 0, 0, "2", 0, 0, 0, "1", 0, 0, 0, 0, 0, 0, 0, "2", "1", 0, 0, 0], "HT": ["3", 0, "1", "3", "1", "3", 0, "2", "6", "1", "1", "1", 0, "1", 0, "1", "2", "4", 0, 0, "1", 0, 0, "1", "1", "2", 0, "1", "1", "2", "1", "4", "1", "2", 0, "4", 0, "1", 0, 0], "GV": [0, 0, 0, 0, "1", 0, 0, 0, "1", 0, 0, 0, 0, 0, 0, 0, 0, 0, 0, 0, 0, 0, "1", 0, 0, 0, 0, 0, 0, 0, 0, 0, 0, 0, "1", 0, "1", "1", 0, 0], "TK": [0, 0, "1", "1", 0, "2", 0, 0, 0, 0, 0, "1", 0, 0, 0, 0, "1", 0, 0, 0, 0, 0, 0, 0, 0, 0, "2", 0, 0, 0, "1", 0, 0, 0, 0, "1", 0, 0, 0, 0], "BS": ["2", "3", "2", "2", 0, "2", 0, "1", 0, "1", 0, 0, 0, 0, "1", "5", 0, 0, 0, 0, "3", "2", "1", 0, 0, 0, "1", "1", "1", 0, "1", "1", "1", "1", 0, 0, "2", 0, 0, 0], "FW": [0, 0, 0, 0, "5", "6", "5", 0, 0, "5", 0, 0, "3", 0, 0, 0, "0", 0, 0, 0, 0, 0, 0, "0", 0, 0, "5", "0", 0, 0, "6", "8", 0, 0, "3", 0, 0, "11", 0, 0], "FL": [0, 0, 0, 0, "6", "9", "3", 0, 0, "9", 0, 0, "5", 0, 0, 0, "1", 0, 0, 0, 0, 0, 0, "1", 0, 0, "5", "1", 0, 0, "4", "4", 0, 0, "1", 0, 0, "8", 0, 0], "F%": [0, 0, 0, 0, "45", "40", "63", 0, 0, "36", 0, 0, "38", 0, 0, 0, "0", 0, 0, 0, 0, 0, 0, "0", 0, 0, "50", "0", 0, 0, "60", "67", 0, 0, "75", 0, 0, "58", 0, 0], "team": ["CALGARY FLAMES ", "CALGARY FLAMES ", "CALGARY FLAMES ", "CALGARY FLAMES ", "CALGARY FLAMES ", "CALGARY FLAMES ", "CALGARY FLAMES ", "CALGARY FLAMES ", "CALGARY FLAMES ", "CALGARY FLAMES ", "CALGARY FLAMES ", "CALGARY FLAMES ", "CALGARY FLAMES ", "CALGARY FLAMES ", "CALGARY FLAMES ", "CALGARY FLAMES ", "CALGARY FLAMES ", "CALGARY FLAMES ", "CALGARY FLAMES ", "CALGARY FLAMES ", "PITTSBURGH PENGUINS ", "PITTSBURGH PENGUINS ", "PITTSBURGH PENGUINS ", "PITTSBURGH PENGUINS ", "PITTSBURGH PENGUINS ", "PITTSBURGH PENGUINS ", "PITTSBURGH PENGUINS ", "PITTSBURGH PENGUINS ", "PITTSBURGH PENGUINS ", "PITTSBURGH PENGUINS ", "PITTSBURGH PENGUINS ", "PITTSBURGH PENGUINS ", "PITTSBURGH PENGUINS ", "PITTSBURGH PENGUINS ", "PITTSBURGH PENGUINS ", "PITTSBURGH PENGUINS ", "PITTSBURGH PENGUINS ", "PITTSBURGH PENGUINS ", "PITTSBURGH PENGUINS ", "PITTSBURGH PENGUINS "], "GA": [0, 0, 0, 0, 0, 0, 0, 0, 0, 0, 0, 0, 0, 0, 0, 0, 0, 0, 0.0, "4", 0, 0, 0, 0, 0, 0, 0, 0, 0, 0, 0, 0, 0, 0, 0, 0, 0, 0, "3", 0], "SA": [0, 0, 0, 0, 0, 0, 0, 0, 0, 0, 0, 0, 0, 0, 0, 0, 0, 0, 0.0, "23", 0, 0, 0, 0, 0, 0, 0, 0, 0, 0, 0, 0, 0, 0, 0, 0, 0, 0, "30", 0]}}