{"game_info": {"date": "2014-04-06", "visitor": "NEW YORK ISLANDERS ", "home": "COLUMBUS BLUE JACKETS ", "game_id": 1172, "status": "final"}, "player_stats": {"number": ["3", "7", "12", "13", "14", "15", "17", "18", "24", "27", "28", "29", "42", "43", "46", "51", "53", "56", "20", "45", "7", "11", "13", "14", "17", "18", "19", "21", "23", "24", "27", "38", "40", "42", "47", "51", "55", "58", "31", "72"], "position": ["D", "D", "C", "R", "D", "R", "L", "C", "D", "C", "C", "C", "D", "L", "D", "C", "C", "L", "G", "G", "D", "L", "R", "L", "C", "C", "C", "D", "R", "C", "D", "C", "R", "C", "D", "D", "C", "D", "G", "G"], "name": ["HAMONIC, TRAVIS", "CARKNER, MATT", "BAILEY, JOSH", "MCDONALD, COLIN", "HICKEY, THOMAS", "CLUTTERBUCK, CAL", "MARTIN, MATT", "STROME, RYAN", "CZUCZMAN, KEVIN", "LEE, ANDERS", "SUNDSTROM, JOHAN", "NELSON, BROCK", "MAYFIELD, SCOTT", "HALMO, MIKE", "DONOVAN, MATT", "NIELSEN, FRANS", "CIZIKAS, CASEY", "PERSSON, JOHN", "NABOKOV, EVGENI", "NILSSON, ANDERS", "JOHNSON, JACK", "CALVERT, MATT", "ATKINSON, CAM", "COMEAU, BLAKE", "DUBINSKY, BRANDON", "UMBERGER, RJ", "JOHANSEN, RYAN", "WISNIEWSKI, JAMES", "FRATTIN, MATT", "MACKENZIE, DEREK", "MURRAY, RYAN", "JENNER, BOONE", "BOLL, JARED", "ANISIMOV, ARTEM", "PROUT, DALTON", "TYUTIN, FEDOR", "LETESTU, MARK", "SAVARD, DAVID", "MCELHINNEY, CURTIS", "BOBROVSKY, SERGEI"], "G": [0, 0, 0, 0, 0, 0, 0, 0, 0, 0, 0, 0, 0, 0, 0, 0, 0, 0, 0, 0, "1", 0, 0, 0, 0, 0, 0, 0, 0, 0, "1", "1", 0, 0, 0, 0, "1", 0, 0, 0], "A": [0, 0, 0, 0, 0, 0, 0, 0, 0, 0, 0, 0, 0, 0, 0, 0, 0, 0, 0, 0, 0, 0, "1", 0, "2", 0, "1", "1", "1", 0, 0, "1", 0, 0, 0, 0, "1", 0, 0, 0], "P": [0, 0, 0, 0, 0, 0, 0, 0, 0, 0, 0, 0, 0, 0, 0, 0, 0, 0, 0, 0, "1", 0, "1", 0, "2", 0, "1", "1", "1", 0, "1", "2", 0, 0, 0, 0, "2", 0, 0, 0], "+/-": [0, "-1", 0, 0, 0, "-1", "-1", 0, 0, 0, 0, "-1", "-1", 0, 0, 0, 0, 0, 0, 0, 0, 0, 0, 0, 0, 0, 0, "+1", "+1", 0, 0, "+1", 0, 0, 0, "+1", "+1", 0, 0, 0], "PN": [0, "6", 0, 0, "1", 0, "1", 0, "1", 0, "1", 0, 0, 0, 0, 0, 0, "1", 0, 0, 0, "1", 0, 0, 0, "1", 0, "1", 0, 0, 0, 0, "2", 0, 0, "1", 0, "1", 0, 0], "PIM": [0, "23", 0, 0, "2", 0, "2", 0, "2", 0, "2", 0, 0, 0, 0, 0, 0, "2", 0, 0, 0, "2", 0, 0, 0, "2", 0, "2", 0, 0, 0, 0, "15", 0, 0, "2", 0, "2", 0, 0], "TOT": ["23:29", "11:20", "17:48", "13:40", "20:40", "13:41", "14:30", "18:01", "22:11", "12:14", "11:49", "15:49", "17:04", "13:20", "22:46", "18:33", "14:38", "09:49", 0, "60:00", "22:18", "13:11", "15:28", "13:37", "18:51", "08:34", "17:28", "21:52", "14:22", "12:56", "19:47", "16:55", "10:14", "18:03", "18:06", "18:01", "16:10", "20:07", 0, "60:00"], "SHF": ["29", "16", "23", "18", "27", "24", "20", "20", "29", "18", "19", "25", "23", "18", "27", "26", "24", "17", 0, 0, "24", "21", "25", "18", "26", "13", "24", "24", "19", "20", "22", "22", "15", "27", "22", "21", "24", "23", 0, 0], "AVG TOI/SH": ["00:48", "00:42", "00:46", "00:45", "00:45", "00:34", "00:43", "00:54", "00:45", "00:40", "00:37", "00:37", "00:44", "00:44", "00:50", "00:42", "00:36", "00:34", 0, 0, "00:55", "00:37", "00:37", "00:45", "00:43", "00:39", "00:43", "00:54", "00:45", "00:38", "00:53", "00:46", "00:40", "00:40", "00:49", "00:51", "00:40", "00:52", 0, 0], "PP": ["01:29", "00:00", "02:51", "00:39", "00:00", "00:07", "00:00", "03:06", "01:09", "01:07", "00:02", "02:51", "00:00", "00:08", "02:45", "02:37", "01:09", "00:00", 0, "04:00", "05:20", "01:10", "04:12", "00:51", "04:12", "00:27", "03:08", "05:08", "00:28", "01:18", "03:10", "03:08", "00:27", "04:12", "00:00", "00:08", "02:21", "03:30", 0, "08:38"], "SH": ["04:13", "00:00", "02:04", "00:35", "04:06", "02:53", "00:58", "00:08", "03:19", "00:00", "00:02", "03:20", "01:43", "00:00", "03:55", "03:28", "03:48", "00:00", 0, "08:38", "01:19", "00:45", "00:00", "00:54", "02:15", "00:00", "00:20", "01:33", "00:00", "00:48", "01:08", "00:07", "00:00", "01:29", "01:19", "01:33", "01:22", "01:08", 0, "04:00"], "EV": ["17:47", "11:20", "12:53", "12:26", "16:34", "10:41", "13:32", "14:47", "17:43", "11:07", "11:45", "09:38", "15:21", "13:12", "16:06", "12:28", "09:41", "09:49", 0, "47:22", "15:39", "11:16", "11:16", "11:52", "12:24", "08:07", "14:00", "15:11", "13:54", "10:50", "15:29", "13:40", "09:47", "12:22", "16:47", "16:20", "12:27", "15:29", 0, "47:22"], "S": ["2", "3", "1", "1", 0, 0, "1", "3", "3", "3", "2", "4", "2", 0, "2", "3", "1", 0, 0, 0, "2", "4", "4", "2", "3", "1", "1", "2", 0, "1", "2", "3", "1", "2", "1", "1", "2", "1", 0, 0], "A/B": [0, 0, 0, "1", "3", 0, "2", 0, "1", 0, 0, "1", "1", "1", "1", 0, "2", 0, 0, 0, 0, 0, "1", 0, "1", 0, 0, 0, "1", 0, 0, 0, "1", "1", 0, 0, 0, "1", 0, 0], "MS": ["1", 0, 0, 0, "1", "2", "2", 0, 0, 0, 0, 0, 0, 0, 0, 0, 0, 0, 0, 0, 0, 0, "2", 0, 0, 0, "2", "1", 0, 0, 0, "1", 0, "3", 0, 0, 0, 0, 0, 0], "HT": ["1", 0, 0, "4", "3", "9", "7", "1", "3", "1", "1", "1", "4", "4", "3", "1", "3", "2", 0, 0, "4", "4", 0, "1", "5", "2", "1", "2", "1", "4", 0, "4", "3", "1", "3", 0, "1", "4", 0, 0], "GV": ["1", 0, 0, "1", 0, "1", "1", 0, 0, 0, 0, 0, 0, 0, "1", "1", 0, 0, 0, "1", 0, 0, 0, 0, "1", "1", "2", "1", 0, "2", "1", "1", 0, 0, "1", 0, "1", "1", 0, 0], "TK": [0, 0, "1", "1", 0, 0, 0, 0, 0, 0, 0, "1", 0, 0, 0, "1", "1", "1", 0, 0, 0, "2", 0, 0, "1", 0, 0, 0, 0, "1", "1", "1", 0, "3", "1", 0, 0, 0, 0, 0], "BS": ["2", 0, 0, "1", 0, 0, 0, 0, 0, 0, 0, 0, "1", 0, "1", 0, 0, "1", 0, 0, "2", 0, "2", 0, "1", 0, "1", "3", 0, 0, 0, "1", "1", 0, 0, "1", 0, "1", 0, 0], "FW": [0, 0, "0", 0, 0, 0, 0, "8", 0, 0, "1", "1", 0, 0, 0, "3", "7", "0", 0, 0, 0, 0, 0, 0, "1", 0, "11", 0, 0, "7", 0, 0, 0, "10", 0, 0, "8", 0, 0, 0], "FL": [0, 0, "1", 0, 0, 0, 0, "7", 0, 0, "0", "8", 0, 0, 0, "11", "9", "1", 0, 0, 0, 0, 0, 0, "0", 0, "5", 0, 0, "6", 0, 0, 0, "6", 0, 0, "3", 0, 0, 0], "F%": [0, 0, "0", 0, 0, 0, 0, "53", 0, 0, "100", "11", 0, 0, 0, "21", "44", "0", 0, 0, 0, 0, 0, 0, "100", 0, "69", 0, 0, "54", 0, 0, 0, "63", 0, 0, "73", 0, 0, 0], "team": ["NEW YORK ISLANDERS ", "NEW YORK ISLANDERS ", "NEW YORK ISLANDERS ", "NEW YORK ISLANDERS ", "NEW YORK ISLANDERS ", "NEW YORK ISLANDERS ", "NEW YORK ISLANDERS ", "NEW YORK ISLANDERS ", "NEW YORK ISLANDERS ", "NEW YORK ISLANDERS ", "NEW YORK ISLANDERS ", "NEW YORK ISLANDERS ", "NEW YORK ISLANDERS ", "NEW YORK ISLANDERS ", "NEW YORK ISLANDERS ", "NEW YORK ISLANDERS ", "NEW YORK ISLANDERS ", "NEW YORK ISLANDERS ", "NEW YORK ISLANDERS ", "NEW YORK ISLANDERS ", "COLUMBUS BLUE JACKETS ", "COLUMBUS BLUE JACKETS ", "COLUMBUS BLUE JACKETS ", "COLUMBUS BLUE JACKETS ", "COLUMBUS BLUE JACKETS ", "COLUMBUS BLUE JACKETS ", "COLUMBUS BLUE JACKETS ", "COLUMBUS BLUE JACKETS ", "COLUMBUS BLUE JACKETS ", "COLUMBUS BLUE JACKETS ", "COLUMBUS BLUE JACKETS ", "COLUMBUS BLUE JACKETS ", "COLUMBUS BLUE JACKETS ", "COLUMBUS BLUE JACKETS ", "COLUMBUS BLUE JACKETS ", "COLUMBUS BLUE JACKETS ", "COLUMBUS BLUE JACKETS ", "COLUMBUS BLUE JACKETS ", "COLUMBUS BLUE JACKETS ", "COLUMBUS BLUE JACKETS "], "GA": [0, 0, 0, 0, 0, 0, 0, 0, 0, 0, 0, 0, 0, 0, 0, 0, 0, 0, 0.0, "4", 0, 0, 0, 0, 0, 0, 0, 0, 0, 0, 0, 0, 0, 0, 0, 0, 0, 0, 0, "0"], "SA": [0, 0, 0, 0, 0, 0, 0, 0, 0, 0, 0, 0, 0, 0, 0, 0, 0, 0, 0.0, "33", 0, 0, 0, 0, 0, 0, 0, 0, 0, 0, 0, 0, 0, 0, 0, 0, 0, 0, 0, "31"]}}