{"game_info": {"date": "2013-12-06", "visitor": "PHOENIX COYOTES ", "home": "VANCOUVER CANUCKS ", "game_id": 437, "status": "final"}, "player_stats": {"number": ["2", "3", "5", "6", "11", "12", "14", "17", "18", "23", "24", "26", "29", "34", "36", "50", "63", "89", "1", "41", "2", "3", "5", "7", "8", "9", "15", "17", "18", "20", "21", "22", "25", "29", "32", "33", "36", "41", "1", "31"], "position": ["D", "D", "D", "D", "C", "L", "C", "R", "R", "D", "C", "D", "R", "L", "C", "C", "C", "L", "G", "G", "D", "D", "D", "L", "D", "R", "R", "C", "D", "L", "C", "L", "C", "L", "R", "C", "R", "D", "G", "G"], "name": ["RUNDBLAD, DAVID", "YANDLE, KEITH", "MURPHY, CONNOR", "SCHLEMKO, DAVID", "HANZAL, MARTIN", "BISSONNETTE, PAUL", "HALPERN, JEFF", "VRBATA, RADIM", "MOSS, DAVID", "EKMAN-LARSSON, OLIVER", "CHIPCHURA, KYLE", "STONE, MICHAEL", "SZWARZ, JORDAN", "KENNEDY, TIM", "KLINKHAMMER, ROB", "VERMETTE, ANTOINE", "RIBEIRO, MIKE", "BOEDKER, MIKKEL", "GREISS, THOMAS", "SMITH, MIKE", "HAMHUIS, DAN", "BIEKSA, KEVIN", "GARRISON, JASON", "BOOTH, DAVID", "TANEV, CHRISTOPHER", "KASSIAN, ZACK", "RICHARDSON, BRAD", "KESLER, RYAN", "STANTON, RYAN", "HIGGINS, CHRIS", "DALPE, ZAC", "SEDIN, DANIEL", "SANTORELLI, MIKE", "SESTITO, TOM", "WEISE, DALE", "SEDIN, HENRIK", "HANSEN, JANNIK", "ALBERTS, ANDREW", "LUONGO, ROBERTO", "LACK, EDDIE"], "G": [0, 0, 0, 0, 0, 0, 0, 0, "1", 0, 0, 0, 0, 0, 0, "1", 0, 0, 0, 0, 0, 0, "1", 0, 0, 0, 0, 0, 0, "1", 0, 0, 0, 0, 0, "1", 0, 0, 0, 0], "A": [0, 0, 0, 0, 0, 0, 0, 0, 0, 0, 0, 0, 0, 0, "1", 0, "1", 0, 0, 0, "1", 0, 0, 0, 0, 0, 0, 0, "1", 0, 0, "2", 0, 0, 0, 0, 0, 0, 0, 0], "P": [0, 0, 0, 0, 0, 0, 0, 0, "1", 0, 0, 0, 0, 0, "1", "1", "1", 0, 0, 0, "1", 0, "1", 0, 0, 0, 0, 0, "1", "1", 0, "2", 0, 0, 0, "1", 0, 0, 0, 0], "+/-": [0, "-1", 0, "-1", 0, 0, 0, 0, 0, "+1", "+1", "+1", 0, 0, "+1", 0, 0, "-1", 0, 0, "+1", 0, "-1", 0, 0, 0, 0, 0, "+1", 0, 0, "+1", "-1", 0, "-1", 0, "-1", 0, 0, 0], "PN": [0, 0, 0, 0, 0, 0, 0, 0, 0, "1", 0, 0, 0, 0, "1", 0, 0, 0, 0, 0, 0, "1", 0, 0, 0, 0, 0, 0, "1", 0, 0, 0, 0, 0, 0, 0, 0, 0, 0, 0], "PIM": [0, 0, 0, 0, 0, 0, 0, 0, 0, "2", 0, 0, 0, 0, "2", 0, 0, 0, 0, 0, 0, "2", 0, 0, 0, 0, 0, 0, "2", 0, 0, 0, 0, 0, 0, 0, 0, 0, 0, 0], "TOT": ["17:22", "25:00", "22:23", "17:15", "22:55", "04:05", "05:46", "21:43", "16:36", "23:30", "13:22", "21:52", "05:39", "15:28", "14:38", "21:16", "23:05", "20:03", 0, "63:41", "29:36", "26:30", "22:36", "17:30", "24:54", "06:40", "15:48", "22:04", "17:38", "20:08", "06:15", "21:22", "21:58", "05:51", "12:30", "20:55", "11:56", "06:33", "63:41", 0], "SHF": ["23", "29", "27", "24", "27", "9", "13", "24", "26", "27", "21", "26", "12", "19", "22", "27", "23", "24", 0, 0, "33", "30", "28", "23", "31", "9", "26", "27", "26", "27", "9", "25", "28", "10", "18", "25", "19", "8", 0, 0], "AVG TOI/SH": ["00:45", "00:51", "00:49", "00:43", "00:50", "00:27", "00:26", "00:54", "00:38", "00:52", "00:38", "00:50", "00:28", "00:48", "00:39", "00:47", "01:00", "00:50", 0, 0, "00:53", "00:53", "00:48", "00:45", "00:48", "00:44", "00:36", "00:49", "00:40", "00:44", "00:41", "00:51", "00:47", "00:35", "00:41", "00:50", "00:37", "00:49", 0, 0], "PP": ["01:46", "01:49", "00:00", "00:00", "03:02", "00:00", "00:00", "03:02", "00:58", "02:14", "00:00", "02:11", "00:00", "00:00", "00:00", "00:58", "03:02", "00:58", 0, "04:00", "01:55", "00:58", "01:48", "01:01", "00:51", "00:00", "00:04", "01:41", "00:00", "01:01", "00:00", "01:41", "01:01", "00:00", "00:04", "01:41", "00:04", "00:00", "02:46", 0], "SH": ["00:00", "00:19", "01:09", "01:03", "01:20", "00:00", "01:07", "00:00", "00:22", "01:24", "00:00", "01:37", "00:42", "00:00", "00:00", "02:01", "00:00", "00:00", 0, "02:46", "01:45", "01:16", "02:15", "00:00", "01:45", "00:00", "01:31", "01:09", "00:59", "00:58", "00:00", "01:31", "01:08", "00:00", "00:00", "01:43", "00:00", "00:00", "04:00", 0], "EV": ["15:36", "22:52", "21:14", "16:12", "18:33", "04:05", "04:39", "18:41", "15:16", "19:52", "13:22", "18:04", "04:57", "15:28", "14:38", "18:17", "20:03", "19:05", 0, "56:55", "25:56", "24:16", "18:33", "16:29", "22:18", "06:40", "14:13", "19:14", "16:39", "18:09", "06:15", "18:10", "19:49", "05:51", "12:26", "17:31", "11:52", "06:33", "56:55", 0], "S": ["3", "4", 0, "5", "3", "1", "2", "1", "4", "4", 0, "1", 0, "3", "3", "3", "1", "1", 0, 0, "1", "1", "5", 0, "3", 0, "2", "2", "3", "3", "1", "2", "3", 0, "2", "3", 0, "1", 0, 0], "A/B": [0, "1", "2", "2", 0, 0, 0, "3", 0, "3", "2", "2", 0, "1", 0, 0, 0, "2", 0, 0, "2", "3", 0, 0, "1", 0, 0, 0, "1", 0, "1", 0, "1", 0, 0, 0, "1", 0, 0, 0], "MS": ["2", "1", 0, 0, "1", 0, 0, "2", 0, 0, 0, "1", 0, 0, 0, "1", 0, 0, 0, 0, "1", 0, 0, "2", 0, "1", "1", "2", 0, 0, 0, 0, 0, 0, "1", 0, 0, "1", 0, 0], "HT": ["1", 0, "1", "3", "2", 0, 0, 0, "3", "2", "4", "1", 0, "3", "4", "1", "1", 0, 0, 0, "1", "2", "1", "2", "2", "2", 0, "2", "2", "1", "1", 0, 0, "1", "3", "1", 0, 0, 0, 0], "GV": ["1", "1", 0, "1", 0, 0, 0, 0, "1", "1", "1", 0, 0, 0, 0, 0, "1", 0, 0, "3", 0, "3", 0, 0, "1", 0, "1", "1", 0, 0, 0, 0, "1", 0, 0, 0, "1", 0, 0, 0], "TK": [0, "1", 0, "1", 0, 0, 0, 0, "1", 0, 0, 0, 0, "2", 0, "1", 0, 0, 0, 0, "3", 0, 0, "2", "1", 0, 0, 0, "1", "1", 0, "1", "1", "1", "2", 0, "1", 0, 0, 0], "BS": [0, "3", "1", "1", "1", 0, 0, "1", "1", 0, 0, "1", 0, 0, 0, 0, 0, "1", 0, 0, 0, "4", "1", 0, "1", 0, 0, "3", "2", "1", 0, 0, "2", "1", 0, "1", "1", "1", 0, 0], "FW": [0, 0, 0, 0, "11", 0, "4", 0, 0, 0, "3", 0, 0, 0, "0", "13", "4", 0, 0, 0, 0, 0, 0, "1", 0, 0, "5", "7", 0, 0, "4", 0, 0, 0, 0, "6", 0, 0, 0, 0], "FL": [0, 0, 0, 0, "6", 0, "5", 0, 0, 0, "2", 0, 0, 0, "1", "5", "4", 0, 0, 0, 0, 0, 0, "0", 0, 0, "9", "15", 0, 0, "1", 0, 0, 0, 0, "10", 0, 0, 0, 0], "F%": [0, 0, 0, 0, "65", 0, "44", 0, 0, 0, "60", 0, 0, 0, "0", "72", "50", 0, 0, 0, 0, 0, 0, "100", 0, 0, "36", "32", 0, 0, "80", 0, 0, 0, 0, "38", 0, 0, 0, 0], "team": ["PHOENIX COYOTES ", "PHOENIX COYOTES ", "PHOENIX COYOTES ", "PHOENIX COYOTES ", "PHOENIX COYOTES ", "PHOENIX COYOTES ", "PHOENIX COYOTES ", "PHOENIX COYOTES ", "PHOENIX COYOTES ", "PHOENIX COYOTES ", "PHOENIX COYOTES ", "PHOENIX COYOTES ", "PHOENIX COYOTES ", "PHOENIX COYOTES ", "PHOENIX COYOTES ", "PHOENIX COYOTES ", "PHOENIX COYOTES ", "PHOENIX COYOTES ", "PHOENIX COYOTES ", "PHOENIX COYOTES ", "VANCOUVER CANUCKS ", "VANCOUVER CANUCKS ", "VANCOUVER CANUCKS ", "VANCOUVER CANUCKS ", "VANCOUVER CANUCKS ", "VANCOUVER CANUCKS ", "VANCOUVER CANUCKS ", "VANCOUVER CANUCKS ", "VANCOUVER CANUCKS ", "VANCOUVER CANUCKS ", "VANCOUVER CANUCKS ", "VANCOUVER CANUCKS ", "VANCOUVER CANUCKS ", "VANCOUVER CANUCKS ", "VANCOUVER CANUCKS ", "VANCOUVER CANUCKS ", "VANCOUVER CANUCKS ", "VANCOUVER CANUCKS ", "VANCOUVER CANUCKS ", "VANCOUVER CANUCKS "], "GA": [0, 0, 0, 0, 0, 0, 0, 0, 0, 0, 0, 0, 0, 0, 0, 0, 0, 0, 0.0, "3", 0, 0, 0, 0, 0, 0, 0, 0, 0, 0, 0, 0, 0, 0, 0, 0, 0, 0, "2", 0], "SA": [0, 0, 0, 0, 0, 0, 0, 0, 0, 0, 0, 0, 0, 0, 0, 0, 0, 0, 0.0, "32", 0, 0, 0, 0, 0, 0, 0, 0, 0, 0, 0, 0, 0, 0, 0, 0, 0, 0, "39", 0]}}