{"game_info": {"date": "2013-12-23", "visitor": "TORONTO MAPLE LEAFS ", "home": "NEW YORK RANGERS ", "game_id": 554, "status": "final"}, "player_stats": {"number": ["3", "4", "11", "12", "15", "19", "21", "22", "24", "28", "29", "36", "41", "43", "44", "51", "71", "81", "34", "45", 0, "4", "5", "6", "10", "15", "16", "17", "19", "20", "21", "22", "27", "28", "36", "44", "61", "62", "67", "30", "33"], "position": ["D", "D", "C", "L", "D", "R", "L", "R", "C", "R", "R", "D", "L", "C", "D", "D", "R", "C", "G", "G", 0, "D", "D", "D", "C", "R", "C", "D", "C", "C", "C", "C", "D", "C", "C", "D", "L", "L", "L", "G", "G"], "name": ["PHANEUF, DION", "FRANSON, CODY", "MCCLEMENT, JAY", "RAYMOND, MASON", "RANGER, PAUL", "LUPUL, JOFFREY", "VAN RIEMSDYK, JAMES", "SMITHSON, JERRED", "HOLLAND, PETER", "ORR, COLTON", "D'AMIGO, JERRY", "GUNNARSSON, CARL", "KULEMIN, NIKOLAI", "KADRI, NAZEM", "RIELLY, MORGAN", "GARDINER, JAKE", "CLARKSON, DAVID", "KESSEL, PHIL", "REIMER, JAMES", "BERNIER, JONATHAN", "TEAM PENALTY", "DEL ZOTTO, MICHAEL", "GIRARDI, DAN", "STRALMAN, ANTON", "MILLER, J.T.", "DORSETT, DEREK", "BRASSARD, DERICK", "MOORE, JOHN", "RICHARDS, BRAD", "KREIDER, CHRIS", "STEPAN, DEREK", "BOYLE, BRIAN", "MCDONAGH, RYAN", "MOORE, DOMINIC", "ZUCCARELLO, MATS", "FALK, JUSTIN", "NASH, RICK", "HAGELIN, CARL", "POULIOT, BENOIT", "LUNDQVIST, HENRIK", "TALBOT, CAM"], "G": [0, 0, 0, 0, 0, 0, 0, 0, 0, 0, 0, 0, 0, "1", 0, 0, 0, 0, 0, 0, 0, 0, 0, 0, "1", 0, 0, 0, 0, 0, 0, 0, 0, 0, 0, 0, 0, 0, 0, 0, 0], "A": [0, 0, 0, 0, 0, 0, 0, 0, 0, 0, 0, 0, 0, 0, "1", 0, "1", 0, 0, 0, 0, 0, 0, 0, 0, 0, 0, 0, 0, "1", 0, 0, 0, 0, 0, 0, 0, 0, "1", 0, 0], "P": [0, 0, 0, 0, 0, 0, 0, 0, 0, 0, 0, 0, 0, "1", "1", 0, "1", 0, 0, 0, 0, 0, 0, 0, "1", 0, 0, 0, 0, "1", 0, 0, 0, 0, 0, 0, 0, 0, "1", 0, 0], "+/-": [0, 0, 0, 0, "-1", "-1", 0, 0, "-1", 0, 0, 0, 0, "+1", 0, "+1", "+1", 0, 0, 0, 0, 0, 0, 0, "+1", 0, 0, "+1", 0, 0, 0, "-1", 0, 0, 0, "-1", 0, "-1", "+1", 0, 0], "PN": [0, 0, 0, 0, 0, "1", 0, 0, "1", "1", 0, 0, 0, 0, 0, 0, 0, 0, 0, 0, "1", 0, 0, "1", 0, 0, "1", 0, 0, "1", 0, 0, 0, 0, 0, 0, "1", 0, 0, 0, 0], "PIM": [0, 0, 0, 0, 0, "2", 0, 0, "2", "2", 0, 0, 0, 0, 0, 0, 0, 0, 0, 0, "2", 0, 0, "2", 0, 0, "2", 0, 0, "2", 0, 0, 0, 0, 0, 0, "2", 0, 0, 0, 0], "TOT": ["27:24", "23:40", "18:37", "16:18", "16:08", "20:24", "23:39", "04:56", "15:42", "03:55", "06:48", "20:40", "15:04", "19:29", "16:35", "25:33", "15:24", "21:51", 0, "64:53", 0, "17:50", "26:03", "21:13", "09:29", "12:35", "17:34", "17:16", "19:56", "15:55", "20:12", "14:48", "29:31", "12:21", "18:02", "13:16", "19:08", "14:47", "12:04", 0, "65:00"], "SHF": ["30", "33", "23", "20", "23", "24", "25", "7", "22", "7", "7", "31", "20", "24", "21", "35", "17", "24", 0, 0, 0, "22", "27", "31", "13", "15", "23", "24", "21", "22", "26", "21", "32", "16", "24", "17", "25", "21", "17", 0, 0], "AVG TOI/SH": ["00:54", "00:43", "00:48", "00:48", "00:42", "00:51", "00:56", "00:42", "00:42", "00:33", "00:58", "00:40", "00:45", "00:48", "00:47", "00:43", "00:54", "00:54", 0, 0, 0, "00:48", "00:57", "00:41", "00:43", "00:50", "00:45", "00:43", "00:56", "00:43", "00:46", "00:42", "00:55", "00:46", "00:45", "00:46", "00:45", "00:42", "00:42", 0, 0], "PP": ["05:11", "05:11", "00:00", "01:04", "00:00", "05:03", "05:35", "00:00", "00:00", "00:10", "00:00", "00:00", "00:00", "02:18", "01:54", "01:54", "01:11", "05:54", 0, "07:05", 0, "01:58", "00:00", "02:09", "00:00", "00:00", "03:17", "00:17", "05:13", "03:34", "03:55", "00:00", "04:05", "00:00", "03:06", "00:00", "03:45", "00:00", "02:56", 0, "06:51"], "SH": ["03:39", "02:33", "05:02", "00:00", "02:43", "00:04", "01:40", "01:29", "00:00", "00:00", "02:14", "04:00", "02:59", "00:00", "00:00", "00:47", "00:00", "00:00", 0, "06:51", 0, "00:32", "05:45", "00:48", "00:00", "01:44", "00:00", "00:00", "00:08", "00:00", "01:54", "03:14", "05:45", "02:15", "01:28", "01:20", "00:08", "03:19", "00:00", 0, "07:05"], "EV": ["18:34", "15:56", "13:35", "15:14", "13:25", "15:17", "16:24", "03:27", "15:42", "03:45", "04:34", "16:40", "12:05", "17:11", "14:41", "22:52", "14:13", "15:57", 0, "50:57", 0, "15:20", "20:18", "18:16", "09:29", "10:51", "14:17", "16:59", "14:35", "12:21", "14:23", "11:34", "19:41", "10:06", "13:28", "11:56", "15:15", "11:28", "09:08", 0, "51:04"], "S": ["4", "2", "2", "1", "1", "1", 0, 0, "1", 0, "1", 0, "2", "4", "2", "1", 0, "4", 0, 0, 0, "2", 0, "2", "5", "3", "5", "1", "4", "2", "1", "2", "4", 0, "4", "1", "6", "1", 0, 0, 0], "A/B": ["1", "3", 0, 0, 0, "1", 0, "1", 0, 0, 0, 0, "1", "1", 0, "1", 0, 0, 0, 0, 0, "1", "1", "1", 0, "1", "1", 0, "1", 0, 0, 0, "1", 0, "1", 0, "1", 0, "1", 0, 0], "MS": ["2", 0, 0, "1", 0, 0, "1", 0, 0, 0, 0, "1", "1", "1", 0, 0, 0, 0, 0, 0, 0, 0, 0, "2", 0, 0, "1", 0, "1", "2", "1", 0, "1", 0, 0, "1", 0, "2", "2", 0, 0], "HT": [0, "5", "3", 0, "1", "2", 0, 0, 0, "3", 0, "1", "1", "2", 0, 0, "3", 0, 0, 0, 0, 0, "2", 0, "1", 0, "6", 0, 0, "4", 0, "3", "3", "1", "1", 0, 0, 0, "2", 0, 0], "GV": ["3", "1", 0, "2", "1", 0, 0, 0, 0, 0, 0, 0, "1", "1", 0, "2", 0, 0, 0, "1", 0, "1", "1", "1", 0, 0, 0, "1", "1", 0, 0, 0, 0, "1", "3", 0, 0, "2", 0, 0, 0], "TK": [0, "2", "2", 0, "1", 0, 0, 0, "1", 0, 0, 0, 0, "1", 0, "1", 0, 0, 0, 0, 0, 0, 0, 0, 0, 0, 0, 0, 0, "1", "2", 0, "4", 0, "1", 0, "1", 0, 0, 0, 0], "BS": ["3", 0, "2", 0, 0, "1", 0, 0, 0, 0, "1", "1", 0, 0, 0, "2", 0, 0, 0, 0, 0, 0, "2", 0, 0, 0, 0, 0, 0, 0, "2", 0, "4", 0, 0, "1", 0, 0, 0, 0, 0], "FW": [0, 0, "21", 0, 0, "3", "0", "1", "7", 0, 0, 0, "0", "5", 0, 0, 0, 0, 0, 0, 0, 0, 0, 0, "3", 0, "2", 0, "3", 0, "11", "5", 0, "5", 0, 0, 0, 0, "1", 0, 0], "FL": [0, 0, "9", 0, 0, "1", "2", "2", "3", 0, 0, 0, "1", "12", 0, 0, 0, 0, 0, 0, 0, 0, 0, 0, "4", 0, "6", 0, "8", 0, "14", "3", 0, "2", 0, 0, 0, 0, "0", 0, 0], "F%": [0, 0, "70", 0, 0, "75", "0", "33", "70", 0, 0, 0, "0", "29", 0, 0, 0, 0, 0, 0, 0, 0, 0, 0, "43", 0, "25", 0, "27", 0, "44", "63", 0, "71", 0, 0, 0, 0, "100", 0, 0], "team": ["TORONTO MAPLE LEAFS ", "TORONTO MAPLE LEAFS ", "TORONTO MAPLE LEAFS ", "TORONTO MAPLE LEAFS ", "TORONTO MAPLE LEAFS ", "TORONTO MAPLE LEAFS ", "TORONTO MAPLE LEAFS ", "TORONTO MAPLE LEAFS ", "TORONTO MAPLE LEAFS ", "TORONTO MAPLE LEAFS ", "TORONTO MAPLE LEAFS ", "TORONTO MAPLE LEAFS ", "TORONTO MAPLE LEAFS ", "TORONTO MAPLE LEAFS ", "TORONTO MAPLE LEAFS ", "TORONTO MAPLE LEAFS ", "TORONTO MAPLE LEAFS ", "TORONTO MAPLE LEAFS ", "TORONTO MAPLE LEAFS ", "TORONTO MAPLE LEAFS ", "TORONTO MAPLE LEAFS ", "NEW YORK RANGERS ", "NEW YORK RANGERS ", "NEW YORK RANGERS ", "NEW YORK RANGERS ", "NEW YORK RANGERS ", "NEW YORK RANGERS ", "NEW YORK RANGERS ", "NEW YORK RANGERS ", "NEW YORK RANGERS ", "NEW YORK RANGERS ", "NEW YORK RANGERS ", "NEW YORK RANGERS ", "NEW YORK RANGERS ", "NEW YORK RANGERS ", "NEW YORK RANGERS ", "NEW YORK RANGERS ", "NEW YORK RANGERS ", "NEW YORK RANGERS ", "NEW YORK RANGERS ", "NEW YORK RANGERS "], "GA": [0, 0, 0, 0, 0, 0, 0, 0, 0, 0, 0, 0, 0, 0, 0, 0, 0, 0, 0.0, "1", 0, 0, 0, 0, 0, 0, 0, 0, 0, 0, 0, 0, 0, 0, 0, 0, 0, 0, 0, 0, "1"], "SA": [0, 0, 0, 0, 0, 0, 0, 0, 0, 0, 0, 0, 0, 0, 0, 0, 0, 0, 0.0, "43", 0, 0, 0, 0, 0, 0, 0, 0, 0, 0, 0, 0, 0, 0, 0, 0, 0, 0, 0, 0, "26"]}}