{"game_info": {"date": "2014-01-11", "visitor": "CHICAGO BLACKHAWKS ", "home": "MONTREAL CANADIENS ", "game_id": 676, "status": "final"}, "player_stats": {"number": ["2", "4", "6", "7", "8", "10", "16", "19", "20", "23", "26", "27", "28", "29", "52", "65", "81", "88", "31", "50", "6", "8", "11", "14", "15", "17", "21", "26", "32", "48", "49", "51", "61", "67", "74", "76", "79", "81", "30", "31"], "position": ["D", "D", "D", "D", "D", "R", "C", "C", "L", "R", "C", "D", "R", "L", "L", "C", "R", "R", "G", "G", "D", "L", "R", "C", "R", "R", "R", "D", "L", "C", "L", "C", "D", "L", "D", "D", "D", "C", "G", "G"], "name": ["KEITH, DUNCAN", "HJALMARSSON, NIKLAS", "KOSTKA, MICHAEL", "SEABROOK, BRENT", "LEDDY, NICK", "SHARP, PATRICK", "KRUGER, MARCUS", "TOEWS, JONATHAN", "SAAD, BRANDON", "VERSTEEG, KRIS", "HANDZUS, MICHAL", "ODUYA, JOHNNY", "SMITH, BEN", "BICKELL, BRYAN", "BOLLIG, BRANDON", "SHAW, ANDREW", "HOSSA, MARIAN", "KANE, PATRICK", "RAANTA, ANTTI", "CRAWFORD, COREY", "MURRAY, DOUGLAS", "PRUST, BRANDON", "GALLAGHER, BRENDAN", "PLEKANEC, TOMAS", "PARROS, GEORGE", "BOURQUE, RENE", "GIONTA, BRIAN", "GORGES, JOSH", "MOEN, TRAVIS", "BRIERE, DANIEL", "BOURNIVAL, MICHAEL", "DESHARNAIS, DAVID", "DIAZ, RAPHAEL", "PACIORETTY, MAX", "EMELIN, ALEXEI", "SUBBAN, P.K.", "MARKOV, ANDREI", "ELLER, LARS", "BUDAJ, PETER", "PRICE, CAREY"], "G": [0, 0, 0, 0, 0, 0, 0, 0, 0, 0, 0, 0, 0, 0, 0, 0, "1", 0, 0, 0, 0, 0, 0, 0, 0, 0, 0, 0, 0, 0, 0, 0, 0, 0, 0, 0, "2", 0, 0, 0], "A": [0, 0, 0, 0, 0, "1", 0, "1", 0, 0, 0, 0, 0, 0, 0, 0, 0, 0, 0, 0, 0, 0, 0, 0, 0, 0, 0, 0, 0, 0, "1", 0, 0, "1", "1", 0, 0, 0, 0, 0], "P": [0, 0, 0, 0, 0, "1", 0, "1", 0, 0, 0, 0, 0, 0, 0, 0, "1", 0, 0, 0, 0, 0, 0, 0, 0, 0, 0, 0, 0, 0, "1", 0, 0, "1", "1", 0, "2", 0, 0, 0], "+/-": [0, "-1", 0, 0, 0, 0, 0, "+1", 0, 0, "-1", "-1", 0, "-1", 0, 0, "+1", "-2", 0, 0, 0, "+1", 0, "-1", "+1", 0, "-1", "-1", "-1", 0, "+1", "+1", 0, "+1", "+2", "-1", "+2", 0, 0, 0], "PN": [0, "1", "1", 0, 0, 0, 0, 0, 0, "1", "1", 0, 0, 0, 0, 0, 0, 0, 0, 0, 0, 0, "1", 0, 0, 0, 0, 0, 0, 0, 0, 0, 0, 0, 0, "1", 0, 0, 0, 0], "PIM": [0, "2", "2", 0, 0, 0, 0, 0, 0, "5", "2", 0, 0, 0, 0, 0, 0, 0, 0, 0, 0, 0, "5", 0, 0, 0, 0, 0, 0, 0, 0, 0, 0, 0, 0, "2", 0, 0, 0, 0], "TOT": ["26:59", "21:12", "15:20", "23:48", "14:10", "19:16", "17:45", "21:01", "15:18", "12:31", "12:27", "20:19", "10:12", "11:56", "08:08", "12:23", "18:10", "18:57", 0, "61:28", "13:52", "11:18", "15:34", "19:36", "03:33", "13:31", "20:12", "22:00", "16:37", "15:14", "07:59", "19:28", "17:00", "20:29", "19:42", "24:49", "25:52", "17:06", 0, "61:28"], "SHF": ["27", "31", "23", "29", "21", "21", "27", "25", "21", "16", "19", "33", "14", "16", "11", "15", "26", "21", 0, 0, "18", "19", "20", "22", "7", "15", "23", "26", "20", "18", "12", "26", "21", "26", "27", "26", "33", "22", 0, 0], "AVG TOI/SH": ["00:59", "00:41", "00:40", "00:49", "00:40", "00:55", "00:39", "00:50", "00:43", "00:46", "00:39", "00:36", "00:43", "00:44", "00:44", "00:49", "00:41", "00:54", 0, 0, "00:46", "00:35", "00:46", "00:53", "00:30", "00:54", "00:52", "00:50", "00:49", "00:50", "00:39", "00:44", "00:48", "00:47", "00:43", "00:57", "00:47", "00:46", 0, 0], "PP": ["01:10", "00:10", "00:00", "00:33", "00:50", "01:17", "00:00", "01:17", "00:43", "00:43", "00:00", "00:00", "00:00", "00:00", "00:00", "01:17", "00:38", "01:22", 0, "02:00", "00:00", "00:00", "03:12", "01:49", "00:00", "00:57", "01:49", "01:16", "00:10", "02:29", "00:00", "03:12", "01:32", "03:19", "00:00", "04:52", "04:16", "00:57", 0, "05:58"], "SH": ["03:43", "02:23", "00:39", "02:54", "00:00", "00:00", "03:17", "01:32", "01:11", "00:00", "02:08", "02:15", "02:11", "00:00", "00:00", "00:00", "01:37", "00:00", 0, "05:58", "00:45", "01:26", "00:00", "00:45", "00:00", "00:00", "00:00", "01:15", "00:34", "00:00", "00:00", "00:00", "01:15", "00:00", "00:00", "00:00", "00:45", "01:15", 0, "02:00"], "EV": ["22:06", "18:39", "14:41", "20:21", "13:20", "17:59", "14:28", "18:12", "13:24", "11:48", "10:19", "18:04", "08:01", "11:56", "08:08", "11:06", "15:55", "17:35", 0, "53:30", "13:07", "09:52", "12:22", "17:02", "03:33", "12:34", "18:23", "19:29", "15:53", "12:45", "07:59", "16:16", "14:13", "17:10", "19:42", "19:57", "20:51", "14:54", 0, "53:30"], "S": [0, "2", 0, "1", 0, "1", 0, "1", "2", "1", 0, "1", "1", "1", 0, "3", "4", "2", 0, 0, 0, "2", "1", "11", "1", "2", "4", 0, "1", "3", "1", "1", "2", "1", "1", "1", "3", "3", 0, 0], "A/B": [0, 0, "1", 0, "2", "4", 0, 0, "2", 0, "2", 0, 0, "1", "1", 0, "2", "2", 0, 0, "1", 0, 0, "2", 0, "2", 0, "1", 0, "1", 0, "1", 0, "4", "1", 0, 0, "2", 0, 0], "MS": ["2", 0, 0, 0, 0, 0, "2", 0, 0, 0, 0, 0, 0, "1", 0, "1", "1", "1", 0, 0, 0, 0, 0, 0, 0, "2", "1", 0, "1", "2", 0, 0, 0, "1", "1", "2", "1", "1", 0, 0], "HT": [0, "1", 0, "3", 0, 0, 0, 0, "1", "1", 0, 0, 0, "3", 0, "1", "1", 0, 0, 0, "2", "1", 0, 0, 0, "4", 0, "3", "2", 0, "2", 0, 0, "2", "6", "2", 0, "4", 0, 0], "GV": [0, "3", 0, "3", "2", 0, 0, 0, 0, 0, 0, "2", 0, 0, 0, 0, "1", 0, 0, "1", "2", "1", 0, 0, 0, 0, 0, 0, "1", 0, 0, 0, "1", 0, 0, "3", 0, 0, 0, 0], "TK": ["1", 0, 0, 0, 0, 0, 0, 0, 0, 0, 0, 0, 0, 0, 0, 0, 0, 0, 0, 0, 0, "1", "1", 0, 0, "1", 0, 0, "1", 0, 0, 0, 0, "2", 0, 0, 0, 0, 0, 0], "BS": ["3", 0, 0, "1", "2", 0, "2", "1", 0, "1", 0, "3", 0, 0, 0, "1", "1", 0, 0, 0, "2", "1", "1", 0, 0, 0, "1", "2", 0, 0, 0, "1", "3", 0, "3", 0, "3", 0, 0, 0], "FW": [0, 0, 0, 0, 0, 0, "3", "10", "0", "1", "3", 0, "2", 0, 0, "5", 0, 0, 0, 0, 0, "2", 0, "10", 0, 0, "1", 0, 0, "1", 0, "6", 0, 0, 0, 0, 0, "9", 0, 0], "FL": [0, 0, 0, 0, 0, 0, "7", "11", "1", "0", "5", 0, "0", 0, 0, "5", 0, 0, 0, 0, 0, "2", 0, "8", 0, 0, "0", 0, 0, "0", 0, "5", 0, 0, 0, 0, 0, "9", 0, 0], "F%": [0, 0, 0, 0, 0, 0, "30", "48", "0", "100", "38", 0, "100", 0, 0, "50", 0, 0, 0, 0, 0, "50", 0, "56", 0, 0, "100", 0, 0, "100", 0, "55", 0, 0, 0, 0, 0, "50", 0, 0], "team": ["CHICAGO BLACKHAWKS ", "CHICAGO BLACKHAWKS ", "CHICAGO BLACKHAWKS ", "CHICAGO BLACKHAWKS ", "CHICAGO BLACKHAWKS ", "CHICAGO BLACKHAWKS ", "CHICAGO BLACKHAWKS ", "CHICAGO BLACKHAWKS ", "CHICAGO BLACKHAWKS ", "CHICAGO BLACKHAWKS ", "CHICAGO BLACKHAWKS ", "CHICAGO BLACKHAWKS ", "CHICAGO BLACKHAWKS ", "CHICAGO BLACKHAWKS ", "CHICAGO BLACKHAWKS ", "CHICAGO BLACKHAWKS ", "CHICAGO BLACKHAWKS ", "CHICAGO BLACKHAWKS ", "CHICAGO BLACKHAWKS ", "CHICAGO BLACKHAWKS ", "MONTREAL CANADIENS ", "MONTREAL CANADIENS ", "MONTREAL CANADIENS ", "MONTREAL CANADIENS ", "MONTREAL CANADIENS ", "MONTREAL CANADIENS ", "MONTREAL CANADIENS ", "MONTREAL CANADIENS ", "MONTREAL CANADIENS ", "MONTREAL CANADIENS ", "MONTREAL CANADIENS ", "MONTREAL CANADIENS ", "MONTREAL CANADIENS ", "MONTREAL CANADIENS ", "MONTREAL CANADIENS ", "MONTREAL CANADIENS ", "MONTREAL CANADIENS ", "MONTREAL CANADIENS ", "MONTREAL CANADIENS ", "MONTREAL CANADIENS "], "GA": [0, 0, 0, 0, 0, 0, 0, 0, 0, 0, 0, 0, 0, 0, 0, 0, 0, 0, 0.0, "2", 0, 0, 0, 0, 0, 0, 0, 0, 0, 0, 0, 0, 0, 0, 0, 0, 0, 0, 0, "1"], "SA": [0, 0, 0, 0, 0, 0, 0, 0, 0, 0, 0, 0, 0, 0, 0, 0, 0, 0, 0.0, "38", 0, 0, 0, 0, 0, 0, 0, 0, 0, 0, 0, 0, 0, 0, 0, 0, 0, 0, 0, "20"]}}