{"game_info": {"date": "2013-10-27", "visitor": "ANAHEIM DUCKS ", "home": "COLUMBUS BLUE JACKETS ", "game_id": 168, "status": "final"}, "player_stats": {"number": ["4", "6", "7", "8", "10", "11", "13", "15", "21", "23", "34", "45", "47", "55", "62", "65", "74", "77", "1", "31", "7", "10", "12", "13", "14", "17", "18", "19", "21", "27", "39", "40", "42", "47", "51", "55", "58", "71", "31", "72"], "position": ["D", "D", "C", "R", "R", "C", "C", "C", "C", "D", "C", "D", "D", "D", "L", "R", "C", "R", "G", "G", "D", "R", "C", "R", "L", "C", "C", "C", "D", "D", "C", "R", "C", "D", "D", "C", "D", "L", "G", "G"], "name": ["FOWLER, CAM", "LOVEJOY, BEN", "COGLIANO, ANDREW", "SELANNE, TEEMU", "PERRY, COREY", "KOIVU, SAKU", "BONINO, NICK", "GETZLAF, RYAN", "PALMIERI, KYLE", "BEAUCHEMIN, FRANCOIS", "WINNIK, DANIEL", "VATANEN, SAMI", "LINDHOLM, HAMPUS", "ALLEN, BRYAN", "MAROON, PATRICK", "ETEM, EMERSON", "HOLLAND, PETER", "SMITH-PELLY, DEVANTE", "HILLER, JONAS", "ANDERSEN, FREDERIK", "JOHNSON, JACK", "GABORIK, MARIAN", "CRAIG, RYAN", "ATKINSON, CAM", "COMEAU, BLAKE", "DUBINSKY, BRANDON", "UMBERGER, RJ", "JOHANSEN, RYAN", "WISNIEWSKI, JAMES", "MURRAY, RYAN", "CHAPUT, MICHAEL", "BOLL, JARED", "ANISIMOV, ARTEM", "PROUT, DALTON", "TYUTIN, FEDOR", "LETESTU, MARK", "SAVARD, DAVID", "FOLIGNO, NICK", "MCELHINNEY, CURTIS", "BOBROVSKY, SERGEI"], "G": [0, 0, 0, 0, "1", 0, 0, "1", 0, 0, 0, 0, 0, 0, 0, "1", "1", 0, 0, 0, 0, 0, 0, 0, "1", 0, 0, 0, 0, 0, 0, 0, "2", 0, 0, 0, 0, 0, 0, 0], "A": [0, 0, 0, "1", "1", 0, "1", 0, "1", 0, 0, 0, 0, "1", 0, 0, 0, "1", 0, 0, 0, 0, 0, 0, 0, "1", 0, "1", "1", 0, 0, 0, 0, 0, 0, 0, "1", "1", 0, 0], "P": [0, 0, 0, "1", "2", 0, "1", "1", "1", 0, 0, 0, 0, "1", 0, "1", "1", "1", 0, 0, 0, 0, 0, 0, "1", "1", 0, "1", "1", 0, 0, 0, "2", 0, 0, 0, "1", "1", 0, 0], "+/-": ["-1", 0, 0, "-2", "+1", 0, "-2", "+1", 0, "+1", 0, "-1", "+1", 0, "+1", "-1", "+1", "+1", 0, 0, 0, 0, "-1", 0, 0, "+1", 0, "-1", "+1", "+1", "-1", "-1", "+2", "-1", "-1", 0, 0, 0, 0, 0], "PN": [0, 0, 0, 0, 0, 0, 0, 0, 0, "1", 0, 0, 0, 0, 0, 0, 0, 0, 0, 0, "1", 0, 0, 0, 0, "2", 0, 0, 0, 0, 0, 0, 0, 0, 0, "1", 0, "1", 0, 0], "PIM": [0, 0, 0, 0, 0, 0, 0, 0, 0, "2", 0, 0, 0, 0, 0, 0, 0, 0, 0, 0, "2", 0, 0, 0, 0, "15", 0, 0, 0, 0, 0, 0, 0, 0, 0, "2", 0, "2", 0, 0], "TOT": ["21:57", "15:22", "14:07", "15:31", "19:17", "09:17", "17:45", "21:28", "12:46", "21:17", "16:52", "19:00", "20:37", "19:34", "17:45", "12:50", "11:02", "12:06", 0, "60:00", "21:20", "16:57", "06:20", "16:07", "14:53", "10:54", "15:23", "17:34", "17:53", "18:12", "07:48", "08:02", "20:30", "21:02", "20:49", "17:04", "21:03", "18:36", 0, "58:33"], "SHF": ["24", "20", "18", "19", "22", "13", "23", "23", "19", "27", "20", "23", "25", "21", "22", "17", "15", "14", 0, 0, "24", "19", "8", "22", "18", "15", "21", "25", "22", "22", "10", "9", "27", "24", "25", "24", "22", "23", 0, 0], "AVG TOI/SH": ["00:54", "00:46", "00:47", "00:49", "00:52", "00:42", "00:46", "00:56", "00:40", "00:47", "00:50", "00:49", "00:49", "00:55", "00:48", "00:45", "00:44", "00:51", 0, 0, "00:53", "00:53", "00:47", "00:43", "00:49", "00:43", "00:43", "00:42", "00:48", "00:49", "00:46", "00:53", "00:45", "00:52", "00:49", "00:42", "00:57", "00:48", 0, 0], "PP": ["04:23", "00:24", "00:09", "05:54", "04:15", "00:09", "05:19", "04:50", "03:17", "05:47", "00:09", "03:34", "05:31", "00:08", "04:32", "04:44", "00:55", "01:00", 0, "11:00", "00:00", "01:27", "00:00", "01:27", "00:00", "00:00", "00:00", "01:27", "01:27", "01:27", "00:00", "00:00", "01:27", "00:00", "00:00", "00:00", "00:00", "00:00", 0, "00:00"], "SH": ["01:27", "00:00", "00:00", "00:00", "00:00", "00:00", "00:00", "01:27", "00:00", "00:00", "01:27", "00:00", "00:00", "01:27", "00:00", "00:00", "00:00", "00:00", 0, "01:27", "04:11", "00:00", "00:00", "01:54", "01:43", "01:48", "02:32", "02:46", "01:02", "01:02", "00:00", "00:00", "04:03", "05:47", "05:47", "04:26", "04:11", "02:48", 0, "11:00"], "EV": ["16:07", "14:58", "13:58", "09:37", "15:02", "09:08", "12:26", "15:11", "09:29", "15:30", "15:16", "15:26", "15:06", "17:59", "13:13", "08:06", "10:07", "11:06", 0, "47:33", "17:09", "15:30", "06:20", "12:46", "13:10", "09:06", "12:51", "13:21", "15:24", "15:43", "07:48", "08:02", "15:00", "15:15", "15:02", "12:38", "16:52", "15:48", 0, "47:33"], "S": [0, "3", "2", "4", "2", 0, "2", "3", "1", "1", "3", "2", "2", 0, "3", "3", "1", 0, 0, 0, 0, "3", 0, "2", "1", "1", 0, 0, "2", "1", "1", 0, "5", "2", 0, "1", "2", 0, 0, 0], "A/B": ["1", "3", 0, 0, "3", 0, 0, "1", "2", "1", 0, "1", "1", 0, "2", 0, "1", 0, 0, 0, "1", "1", 0, "1", "2", "1", "1", 0, 0, "1", 0, 0, "3", 0, 0, 0, "1", 0, 0, 0], "MS": [0, "1", "1", 0, "2", 0, 0, 0, 0, 0, 0, "2", 0, "1", "1", "1", 0, "1", 0, 0, 0, "3", 0, 0, "1", "1", "2", "1", 0, 0, 0, 0, 0, 0, 0, 0, 0, "1", 0, 0], "HT": [0, "3", "1", 0, 0, 0, 0, "1", "1", "1", 0, 0, "1", 0, "2", "2", 0, "1", 0, 0, "1", 0, "1", 0, "5", "2", "1", "2", "2", 0, "1", "1", 0, "2", "1", 0, "1", "2", 0, 0], "GV": ["1", 0, "1", 0, 0, 0, 0, 0, 0, 0, 0, 0, 0, 0, 0, 0, 0, 0, 0, 0, 0, 0, 0, 0, 0, 0, 0, 0, 0, 0, 0, 0, 0, 0, 0, 0, 0, 0, 0, 0], "TK": [0, 0, 0, 0, "1", 0, 0, 0, 0, 0, 0, 0, 0, 0, 0, "1", 0, 0, 0, 0, 0, 0, 0, 0, 0, 0, 0, 0, 0, 0, 0, 0, 0, 0, 0, 0, 0, "2", 0, 0], "BS": ["1", "2", 0, 0, 0, 0, "1", 0, "1", "1", 0, "1", 0, "4", 0, 0, "1", 0, 0, 0, 0, 0, "1", 0, 0, 0, 0, "2", "1", 0, "1", 0, 0, "7", "2", 0, "1", "1", 0, 0], "FW": [0, 0, 0, "1", 0, "5", "9", "9", 0, 0, "0", 0, "0", 0, "0", 0, "2", 0, 0, 0, 0, 0, 0, 0, "1", "8", 0, "8", 0, 0, "2", 0, "9", 0, 0, "6", 0, 0, 0, 0], "FL": [0, 0, 0, "2", 0, "2", "7", "11", 0, 0, "3", 0, "1", 0, "1", 0, "7", 0, 0, 0, 0, 0, 0, 0, "0", "1", 0, "4", 0, 0, "3", 0, "9", 0, 0, "9", 0, 0, 0, 0], "F%": [0, 0, 0, "33", 0, "71", "56", "45", 0, 0, "0", 0, "0", 0, "0", 0, "22", 0, 0, 0, 0, 0, 0, 0, "100", "89", 0, "67", 0, 0, "40", 0, "50", 0, 0, "40", 0, 0, 0, 0], "team": ["ANAHEIM DUCKS ", "ANAHEIM DUCKS ", "ANAHEIM DUCKS ", "ANAHEIM DUCKS ", "ANAHEIM DUCKS ", "ANAHEIM DUCKS ", "ANAHEIM DUCKS ", "ANAHEIM DUCKS ", "ANAHEIM DUCKS ", "ANAHEIM DUCKS ", "ANAHEIM DUCKS ", "ANAHEIM DUCKS ", "ANAHEIM DUCKS ", "ANAHEIM DUCKS ", "ANAHEIM DUCKS ", "ANAHEIM DUCKS ", "ANAHEIM DUCKS ", "ANAHEIM DUCKS ", "ANAHEIM DUCKS ", "ANAHEIM DUCKS ", "COLUMBUS BLUE JACKETS ", "COLUMBUS BLUE JACKETS ", "COLUMBUS BLUE JACKETS ", "COLUMBUS BLUE JACKETS ", "COLUMBUS BLUE JACKETS ", "COLUMBUS BLUE JACKETS ", "COLUMBUS BLUE JACKETS ", "COLUMBUS BLUE JACKETS ", "COLUMBUS BLUE JACKETS ", "COLUMBUS BLUE JACKETS ", "COLUMBUS BLUE JACKETS ", "COLUMBUS BLUE JACKETS ", "COLUMBUS BLUE JACKETS ", "COLUMBUS BLUE JACKETS ", "COLUMBUS BLUE JACKETS ", "COLUMBUS BLUE JACKETS ", "COLUMBUS BLUE JACKETS ", "COLUMBUS BLUE JACKETS ", "COLUMBUS BLUE JACKETS ", "COLUMBUS BLUE JACKETS "], "GA": [0, 0, 0, 0, 0, 0, 0, 0, 0, 0, 0, 0, 0, 0, 0, 0, 0, 0, 0.0, "3", 0, 0, 0, 0, 0, 0, 0, 0, 0, 0, 0, 0, 0, 0, 0, 0, 0, 0, 0, "4"], "SA": [0, 0, 0, 0, 0, 0, 0, 0, 0, 0, 0, 0, 0, 0, 0, 0, 0, 0, 0.0, "21", 0, 0, 0, 0, 0, 0, 0, 0, 0, 0, 0, 0, 0, 0, 0, 0, 0, 0, 0, "32"]}}