{"game_info": {"date": "2014-03-14", "visitor": "NASHVILLE PREDATORS ", "home": "CHICAGO BLACKHAWKS ", "game_id": 1000, "status": "final"}, "player_stats": {"number": ["3", "4", "5", "6", "7", "12", "13", "15", "16", "24", "25", "27", "28", "33", "42", "57", "59", "84", "30", "35", "2", "4", "7", "8", "10", "12", "16", "17", "19", "20", "23", "26", "27", "28", "29", "52", "65", "88", "31", "50"], "position": ["D", "D", "D", "D", "C", "C", "C", "C", "L", "L", "L", "R", "C", "C", "D", "L", "D", "C", "G", "G", "D", "D", "D", "D", "R", "C", "C", "D", "C", "L", "R", "C", "D", "R", "L", "L", "C", "R", "G", "G"], "name": ["JONES, SETH", "ELLIS, RYAN", "DEL ZOTTO, MICHAEL", "WEBER, SHEA", "CULLEN, MATT", "FISHER, MIKE", "SPALING, NICK", "SMITH, CRAIG", "CLUNE, RICH", "NYSTROM, ERIC", "STALBERG, VIKTOR", "HORNQVIST, PATRIC", "GAUSTAD, PAUL", "WILSON, COLIN", "EKHOLM, MATTIAS", "BOURQUE, GABRIEL", "JOSI, ROMAN", "SISSONS, COLTON", "HUTTON, CARTER", "RINNE, PEKKA", "KEITH, DUNCAN", "HJALMARSSON, NIKLAS", "SEABROOK, BRENT", "LEDDY, NICK", "SHARP, PATRICK", "REGIN, PETER", "KRUGER, MARCUS", "BROOKBANK, SHELDON", "TOEWS, JONATHAN", "SAAD, BRANDON", "VERSTEEG, KRIS", "HANDZUS, MICHAL", "ODUYA, JOHNNY", "SMITH, BEN", "BICKELL, BRYAN", "BOLLIG, BRANDON", "SHAW, ANDREW", "KANE, PATRICK", "RAANTA, ANTTI", "CRAWFORD, COREY"], "G": [0, "1", 0, 0, 0, "1", 0, 0, 0, 0, 0, "1", 0, 0, 0, 0, 0, 0, 0, 0, 0, 0, 0, 0, 0, "1", 0, 0, "1", 0, 0, 0, 0, 0, 0, 0, 0, 0, 0, 0], "A": [0, 0, 0, "1", "1", 0, 0, 0, 0, 0, 0, 0, 0, 0, 0, 0, "3", 0, 0, 0, 0, 0, 0, 0, 0, 0, 0, 0, 0, 0, "1", 0, "1", 0, 0, 0, "1", 0, 0, 0], "P": [0, "1", 0, "1", "1", "1", 0, 0, 0, 0, 0, "1", 0, 0, 0, 0, "3", 0, 0, 0, 0, 0, 0, 0, 0, "1", 0, 0, "1", 0, "1", 0, "1", 0, 0, 0, "1", 0, 0, 0], "+/-": [0, 0, "-1", "+1", 0, 0, "+1", 0, 0, "+1", "-1", "-1", 0, 0, 0, 0, "+1", "-1", 0, 0, "-2", "+1", "-1", 0, "-1", "+1", 0, "+1", "-1", 0, 0, 0, "+2", 0, "+1", 0, 0, "-1", 0, 0], "PN": [0, "1", 0, 0, 0, 0, 0, 0, 0, 0, 0, "1", 0, 0, 0, 0, 0, 0, 0, 0, 0, 0, 0, 0, 0, 0, "1", "1", 0, 0, 0, 0, 0, 0, 0, 0, "1", 0, 0, 0], "PIM": [0, "2", 0, 0, 0, 0, 0, 0, 0, 0, 0, "2", 0, 0, 0, 0, 0, 0, 0, 0, 0, 0, 0, 0, 0, 0, "2", "2", 0, 0, 0, 0, 0, 0, 0, 0, "2", 0, 0, 0], "TOT": ["14:49", "21:29", "19:05", "25:59", "16:25", "23:29", "20:25", "16:26", "05:23", "16:25", "07:35", "16:53", "14:40", "16:54", "13:11", "12:38", "25:35", "08:39", 0, "60:00", "26:21", "18:24", "24:17", "17:25", "20:08", "09:44", "09:48", "13:47", "22:19", "17:45", "14:26", "11:52", "17:29", "12:11", "15:25", "05:49", "16:32", "22:35", 0, "58:43"], "SHF": ["18", "28", "27", "30", "18", "28", "23", "23", "8", "22", "11", "19", "21", "23", "17", "20", "29", "12", 0, 0, "31", "27", "30", "22", "23", "15", "16", "18", "26", "21", "20", "17", "24", "18", "19", "11", "21", "27", 0, 0], "AVG TOI/SH": ["00:49", "00:46", "00:42", "00:51", "00:54", "00:50", "00:53", "00:42", "00:40", "00:44", "00:41", "00:53", "00:41", "00:44", "00:46", "00:37", "00:52", "00:43", 0, 0, "00:51", "00:40", "00:48", "00:47", "00:52", "00:38", "00:36", "00:45", "00:51", "00:50", "00:43", "00:41", "00:43", "00:40", "00:48", "00:31", "00:47", "00:50", 0, 0], "PP": ["00:50", "00:50", "00:00", "02:10", "01:03", "01:57", "01:03", "00:55", "00:00", "00:00", "00:00", "02:05", "00:00", "01:57", "00:00", "00:00", "02:10", "00:00", 0, "03:00", "01:35", "00:00", "00:25", "00:33", "02:00", "00:00", "00:00", "00:00", "02:00", "00:33", "00:00", "00:00", "00:00", "00:00", "00:00", "00:00", "01:27", "01:27", 0, "02:00"], "SH": ["00:00", "00:00", "00:00", "02:00", "00:00", "00:35", "00:35", "00:00", "00:00", "01:25", "00:00", "00:00", "01:25", "00:00", "00:35", "00:00", "01:25", "00:00", 0, "02:00", "01:28", "01:28", "01:32", "00:00", "00:00", "00:00", "01:34", "00:00", "01:03", "00:29", "00:00", "01:57", "01:32", "00:57", "00:00", "00:00", "00:00", "00:00", 0, "03:00"], "EV": ["13:59", "20:39", "19:05", "21:49", "15:22", "20:57", "18:47", "15:31", "05:23", "15:00", "07:35", "14:48", "13:15", "14:57", "12:36", "12:38", "22:00", "08:39", 0, "55:00", "23:18", "16:56", "22:20", "16:52", "18:08", "09:44", "08:14", "13:47", "19:16", "16:43", "14:26", "09:55", "15:57", "11:14", "15:25", "05:49", "15:05", "21:08", 0, "53:43"], "S": ["1", "2", "1", "3", "1", "2", "1", "2", "1", "2", "1", "4", 0, "2", "1", "2", "2", "1", 0, 0, "2", 0, "1", "1", "3", "1", "4", 0, "4", "2", "1", 0, "4", "2", "1", "2", "1", "4", 0, 0], "A/B": ["2", "1", "1", 0, 0, "2", 0, "1", "1", "1", 0, "1", "1", 0, "2", "1", "1", 0, 0, 0, "2", "1", "3", "3", "3", 0, 0, 0, 0, "1", "1", 0, "1", 0, "2", "1", "1", 0, 0, 0], "MS": ["1", 0, 0, 0, 0, 0, "2", 0, 0, 0, 0, 0, 0, "1", 0, 0, "1", 0, 0, 0, 0, 0, 0, "1", "2", "1", "1", 0, "2", "1", "1", 0, 0, 0, "1", 0, 0, "1", 0, 0], "HT": ["2", "2", "1", "4", 0, "3", "1", "1", "2", "2", 0, "1", "2", "1", 0, "1", "1", 0, 0, 0, "2", 0, "1", "3", "4", 0, 0, "2", 0, "1", "1", "2", 0, 0, "1", "1", "3", 0, 0, 0], "GV": ["1", 0, 0, "2", 0, "2", 0, 0, 0, 0, 0, 0, 0, 0, "1", 0, 0, 0, 0, "1", "3", "1", 0, 0, 0, 0, 0, "1", 0, "1", 0, 0, "1", 0, 0, 0, "1", 0, 0, 0], "TK": [0, 0, 0, 0, 0, 0, "1", 0, 0, 0, 0, 0, 0, 0, "1", "1", 0, "1", 0, 0, 0, 0, 0, 0, "1", "1", 0, 0, "1", "1", 0, 0, 0, 0, 0, 0, "1", "1", 0, 0], "BS": [0, "3", "2", "2", 0, 0, "3", 0, 0, 0, "1", "1", "1", "1", 0, 0, "3", "2", 0, 0, "1", 0, "3", "3", 0, 0, "1", "3", 0, 0, 0, "1", "3", 0, 0, 0, 0, 0, 0, 0], "FW": [0, 0, 0, 0, "0", "8", 0, "0", 0, 0, 0, 0, "9", "4", 0, 0, 0, "4", 0, 0, 0, 0, 0, 0, 0, "2", "3", 0, "19", "1", 0, "6", 0, "3", 0, 0, "2", 0, 0, 0], "FL": [0, 0, 0, 0, "3", "11", 0, "1", 0, 0, 0, 0, "9", "10", 0, 0, 0, "2", 0, 0, 0, 0, 0, 0, 0, "1", "1", 0, "4", "0", 0, "6", 0, "5", 0, 0, "8", 0, 0, 0], "F%": [0, 0, 0, 0, "0", "42", 0, "0", 0, 0, 0, 0, "50", "29", 0, 0, 0, "67", 0, 0, 0, 0, 0, 0, 0, "67", "75", 0, "83", "100", 0, "50", 0, "38", 0, 0, "20", 0, 0, 0], "team": ["NASHVILLE PREDATORS ", "NASHVILLE PREDATORS ", "NASHVILLE PREDATORS ", "NASHVILLE PREDATORS ", "NASHVILLE PREDATORS ", "NASHVILLE PREDATORS ", "NASHVILLE PREDATORS ", "NASHVILLE PREDATORS ", "NASHVILLE PREDATORS ", "NASHVILLE PREDATORS ", "NASHVILLE PREDATORS ", "NASHVILLE PREDATORS ", "NASHVILLE PREDATORS ", "NASHVILLE PREDATORS ", "NASHVILLE PREDATORS ", "NASHVILLE PREDATORS ", "NASHVILLE PREDATORS ", "NASHVILLE PREDATORS ", "NASHVILLE PREDATORS ", "NASHVILLE PREDATORS ", "CHICAGO BLACKHAWKS ", "CHICAGO BLACKHAWKS ", "CHICAGO BLACKHAWKS ", "CHICAGO BLACKHAWKS ", "CHICAGO BLACKHAWKS ", "CHICAGO BLACKHAWKS ", "CHICAGO BLACKHAWKS ", "CHICAGO BLACKHAWKS ", "CHICAGO BLACKHAWKS ", "CHICAGO BLACKHAWKS ", "CHICAGO BLACKHAWKS ", "CHICAGO BLACKHAWKS ", "CHICAGO BLACKHAWKS ", "CHICAGO BLACKHAWKS ", "CHICAGO BLACKHAWKS ", "CHICAGO BLACKHAWKS ", "CHICAGO BLACKHAWKS ", "CHICAGO BLACKHAWKS ", "CHICAGO BLACKHAWKS ", "CHICAGO BLACKHAWKS "], "GA": [0, 0, 0, 0, 0, 0, 0, 0, 0, 0, 0, 0, 0, 0, 0, 0, 0, 0, 0.0, "2", 0, 0, 0, 0, 0, 0, 0, 0, 0, 0, 0, 0, 0, 0, 0, 0, 0, 0, 0, "3"], "SA": [0, 0, 0, 0, 0, 0, 0, 0, 0, 0, 0, 0, 0, 0, 0, 0, 0, 0, 0.0, "33", 0, 0, 0, 0, 0, 0, 0, 0, 0, 0, 0, 0, 0, 0, 0, 0, 0, 0, 0, "29"]}}