{"game_info": {"date": "2014-03-16", "visitor": "SAN JOSE SHARKS ", "home": "NEW YORK RANGERS ", "game_id": 1016, "status": "final"}, "player_stats": {"number": ["5", "8", "9", "10", "12", "15", "19", "22", "27", "37", "39", "44", "52", "57", "61", "81", "83", "88", "31", "32", "5", "6", "8", "13", "16", "17", "18", "19", "20", "21", "22", "26", "27", "28", "36", "61", "62", "67", "30", "33"], "position": ["D", "C", "R", "C", "C", "C", "C", "D", "D", "R", "C", "D", "D", "C", "D", "C", "L", "R", "G", "G", "D", "D", "D", "L", "C", "D", "D", "C", "C", "C", "C", "R", "D", "C", "C", "L", "L", "L", "G", "G"], "name": ["DEMERS, JASON", "PAVELSKI, JOE", "HAVLAT, MARTY", "DESJARDINS, ANDREW", "MARLEAU, PATRICK", "SHEPPARD, JAMES", "THORNTON, JOE", "BOYLE, DAN", "HANNAN, SCOTT", "BURISH, ADAM", "COUTURE, LOGAN", "VLASIC, MARC-EDOUARD", "IRWIN, MATT", "WINGELS, TOMMY", "BRAUN, JUSTIN", "KENNEDY, TYLER", "NIETO, MATT", "BURNS, BRENT", "NIEMI, ANTTI", "STALOCK, ALEX", "GIRARDI, DAN", "STRALMAN, ANTON", "KLEIN, KEVIN", "CARCILLO, DANIEL", "BRASSARD, DERICK", "MOORE, JOHN", "STAAL, MARC", "RICHARDS, BRAD", "KREIDER, CHRIS", "STEPAN, DEREK", "BOYLE, BRIAN", "ST. LOUIS, MARTIN", "MCDONAGH, RYAN", "MOORE, DOMINIC", "ZUCCARELLO, MATS", "NASH, RICK", "HAGELIN, CARL", "POULIOT, BENOIT", "LUNDQVIST, HENRIK", "TALBOT, CAM"], "G": [0, 0, 0, 0, 0, 0, 0, 0, 0, 0, "1", 0, 0, 0, 0, 0, 0, 0, 0, 0, 0, 0, 0, 0, 0, 0, 0, 0, 0, 0, 0, 0, 0, 0, 0, 0, 0, 0, 0, 0], "A": [0, 0, 0, 0, 0, 0, 0, 0, 0, 0, 0, 0, 0, 0, 0, 0, 0, 0, 0, 0, 0, 0, 0, 0, 0, 0, 0, 0, 0, 0, 0, 0, 0, 0, 0, 0, 0, 0, 0, 0], "P": [0, 0, 0, 0, 0, 0, 0, 0, 0, 0, "1", 0, 0, 0, 0, 0, 0, 0, 0, 0, 0, 0, 0, 0, 0, 0, 0, 0, 0, 0, 0, 0, 0, 0, 0, 0, 0, 0, 0, 0], "+/-": [0, 0, 0, 0, 0, 0, 0, 0, 0, 0, "+1", 0, "+1", "+1", "+1", 0, 0, 0, 0, 0, "-1", 0, 0, 0, "-1", 0, 0, "-1", 0, 0, 0, 0, 0, 0, "-1", 0, 0, "-1", 0, 0], "PN": [0, 0, 0, 0, 0, 0, "1", 0, "1", 0, 0, 0, 0, 0, 0, 0, 0, "1", 0, 0, 0, 0, 0, 0, 0, 0, 0, 0, 0, "1", 0, 0, 0, 0, 0, 0, 0, 0, 0, 0], "PIM": [0, 0, 0, 0, 0, 0, "2", 0, "2", 0, 0, 0, 0, 0, 0, 0, 0, "2", 0, 0, 0, 0, 0, 0, 0, 0, 0, 0, 0, "2", 0, 0, 0, 0, 0, 0, 0, 0, 0, 0], "TOT": ["22:05", "18:13", "11:50", "11:37", "19:14", "12:37", "16:39", "18:11", "20:29", "11:37", "17:58", "21:40", "18:03", "12:55", "18:38", "11:42", "15:15", "15:33", "59:44", 0, "26:20", "18:27", "11:31", "06:57", "19:08", "13:40", "17:17", "19:04", "15:58", "16:55", "09:52", "20:58", "27:18", "08:53", "19:54", "17:07", "13:58", "15:09", "59:34", 0], "SHF": ["29", "24", "19", "17", "26", "18", "22", "22", "23", "18", "28", "28", "23", "21", "23", "16", "21", "24", 0, 0, "32", "24", "18", "10", "24", "20", "25", "23", "23", "26", "14", "23", "33", "13", "23", "25", "20", "22", 0, 0], "AVG TOI/SH": ["00:45", "00:45", "00:37", "00:41", "00:44", "00:42", "00:45", "00:49", "00:53", "00:38", "00:38", "00:46", "00:47", "00:36", "00:48", "00:43", "00:43", "00:38", 0, 0, "00:49", "00:46", "00:38", "00:41", "00:47", "00:41", "00:41", "00:49", "00:41", "00:39", "00:42", "00:54", "00:49", "00:41", "00:51", "00:41", "00:41", "00:41", 0, 0], "PP": ["00:49", "01:11", "00:49", "00:00", "01:11", "00:00", "01:11", "01:06", "00:05", "00:00", "01:11", "00:00", "00:49", "00:00", "00:00", "00:00", "00:49", "00:49", "02:00", 0, "02:36", "00:00", "00:09", "00:00", "03:49", "00:20", "00:13", "02:52", "03:26", "02:11", "00:13", "02:48", "03:15", "00:00", "02:29", "03:18", "00:00", "02:21", "06:00", 0], "SH": ["03:12", "01:59", "00:13", "01:16", "02:08", "00:13", "00:14", "01:54", "01:52", "01:24", "02:02", "03:12", "00:56", "02:01", "00:54", "00:00", "00:30", "00:00", "06:00", 0, "01:27", "00:00", "00:33", "00:00", "00:00", "00:00", "00:33", "00:00", "00:00", "00:00", "01:07", "00:33", "01:27", "00:53", "00:00", "00:20", "01:07", "00:00", "02:00", 0], "EV": ["18:04", "15:03", "10:48", "10:21", "15:55", "12:24", "15:14", "15:11", "18:32", "10:13", "14:45", "18:28", "16:18", "10:54", "17:44", "11:42", "13:56", "14:44", "51:44", 0, "22:17", "18:27", "10:49", "06:57", "15:19", "13:20", "16:31", "16:12", "12:32", "14:44", "08:32", "17:37", "22:36", "08:00", "17:25", "13:29", "12:51", "12:48", "51:34", 0], "S": [0, "2", 0, "1", "6", "1", 0, "2", "1", "1", "3", "1", "3", 0, 0, "2", "1", "5", 0, 0, "3", "2", "1", "2", "3", "1", 0, "2", "3", "3", "1", 0, "6", 0, "3", "5", "5", "1", 0, 0], "A/B": ["1", 0, "1", "2", 0, 0, "1", 0, 0, "1", "2", "3", "2", "1", "3", 0, 0, "2", 0, 0, "4", "2", 0, 0, 0, "2", "1", "5", "1", "1", 0, 0, "1", 0, 0, "1", "2", "2", 0, 0], "MS": ["1", "1", "1", "2", "1", 0, 0, 0, 0, 0, 0, 0, "1", "1", 0, 0, 0, 0, 0, 0, "1", "1", 0, "1", 0, "2", "1", "2", "1", "1", "1", 0, 0, 0, 0, "1", 0, 0, 0, 0], "HT": ["2", "2", "1", "1", 0, "1", 0, "1", "1", "1", "1", 0, "1", "1", "1", 0, 0, "1", 0, 0, "1", 0, 0, "3", "4", 0, "1", 0, "1", 0, "1", "1", "1", 0, "1", 0, "1", "1", 0, 0], "GV": [0, 0, 0, 0, "2", 0, "1", "2", 0, 0, 0, 0, "1", 0, "1", 0, "1", 0, 0, 0, "1", 0, 0, 0, 0, 0, "1", "1", "2", "1", 0, "1", "1", 0, "2", "1", 0, 0, "1", 0], "TK": ["1", 0, 0, 0, 0, 0, 0, 0, 0, 0, 0, 0, 0, 0, 0, 0, 0, 0, 0, 0, "1", 0, 0, 0, 0, 0, 0, 0, 0, 0, 0, "1", 0, 0, 0, 0, "1", 0, 0, 0], "BS": ["3", "1", 0, "3", 0, 0, 0, "2", "3", "1", "1", "1", "2", "1", "3", 0, 0, "1", 0, 0, "3", "2", "1", "1", 0, "1", "2", "1", 0, "1", 0, "2", "3", 0, "2", 0, 0, 0, 0, 0], "FW": [0, "5", 0, "1", "1", "3", "8", 0, 0, "3", "7", 0, 0, 0, 0, 0, "0", 0, 0, 0, 0, 0, 0, 0, "8", 0, 0, "6", 0, "17", "1", 0, 0, "3", 0, 0, 0, 0, 0, 0], "FL": [0, "7", 0, "3", "1", "5", "5", 0, 0, "2", "11", 0, 0, 0, 0, 0, "1", 0, 0, 0, 0, 0, 0, 0, "6", 0, 0, "6", 0, "13", "2", 0, 0, "1", 0, 0, 0, 0, 0, 0], "F%": [0, "42", 0, "25", "50", "38", "62", 0, 0, "60", "39", 0, 0, 0, 0, 0, "0", 0, 0, 0, 0, 0, 0, 0, "57", 0, 0, "50", 0, "57", "33", 0, 0, "75", 0, 0, 0, 0, 0, 0], "team": ["SAN JOSE SHARKS ", "SAN JOSE SHARKS ", "SAN JOSE SHARKS ", "SAN JOSE SHARKS ", "SAN JOSE SHARKS ", "SAN JOSE SHARKS ", "SAN JOSE SHARKS ", "SAN JOSE SHARKS ", "SAN JOSE SHARKS ", "SAN JOSE SHARKS ", "SAN JOSE SHARKS ", "SAN JOSE SHARKS ", "SAN JOSE SHARKS ", "SAN JOSE SHARKS ", "SAN JOSE SHARKS ", "SAN JOSE SHARKS ", "SAN JOSE SHARKS ", "SAN JOSE SHARKS ", "SAN JOSE SHARKS ", "SAN JOSE SHARKS ", "NEW YORK RANGERS ", "NEW YORK RANGERS ", "NEW YORK RANGERS ", "NEW YORK RANGERS ", "NEW YORK RANGERS ", "NEW YORK RANGERS ", "NEW YORK RANGERS ", "NEW YORK RANGERS ", "NEW YORK RANGERS ", "NEW YORK RANGERS ", "NEW YORK RANGERS ", "NEW YORK RANGERS ", "NEW YORK RANGERS ", "NEW YORK RANGERS ", "NEW YORK RANGERS ", "NEW YORK RANGERS ", "NEW YORK RANGERS ", "NEW YORK RANGERS ", "NEW YORK RANGERS ", "NEW YORK RANGERS "], "GA": [0, 0, 0, 0, 0, 0, 0, 0, 0, 0, 0, 0, 0, 0, 0, 0, 0, 0, "0", 0, 0, 0, 0, 0, 0, 0, 0, 0, 0, 0, 0, 0, 0, 0, 0, 0, 0, 0, "1", 0], "SA": [0, 0, 0, 0, 0, 0, 0, 0, 0, 0, 0, 0, 0, 0, 0, 0, 0, 0, "41", 0, 0, 0, 0, 0, 0, 0, 0, 0, 0, 0, 0, 0, 0, 0, 0, 0, 0, 0, "29", 0]}}