{"game_info": {"date": "2013-10-25", "visitor": "CAROLINA HURRICANES ", "home": "COLORADO AVALANCHE ", "game_id": 154, "status": "final"}, "player_stats": {"number": ["4", "5", "6", "7", "8", "11", "12", "14", "15", "16", "18", "19", "20", "21", "27", "28", "42", "65", "35", "70", "5", "6", "7", "8", "9", "11", "15", "16", "17", "24", "26", "29", "40", "44", "58", "61", "90", "92", "1", "35"], "position": ["D", "D", "D", "D", "R", "C", "C", "C", "R", "C", "R", "C", "C", "L", "D", "R", "L", "D", "G", "G", "D", "D", "C", "D", "C", "L", "R", "D", "R", "R", "C", "C", "L", "D", "L", "D", "C", "L", "G", "G"], "name": ["SEKERA, ANDREJ", "KOMISAREK, MIKE", "GLEASON, TIM", "MURPHY, RYAN", "WESTGARTH, KEVIN", "STAAL, JORDAN", "STAAL, ERIC", "GERBE, NATHAN", "RUUTU, TUOMO", "LINDHOLM, ELIAS", "DVORAK, RADEK", "TLUSTY, JIRI", "NASH, RILEY", "BOWMAN, DRAYSON", "FAULK, JUSTIN", "SEMIN, ALEXANDER", "SUTTER, BRETT", "HAINSEY, RON", "PETERS, JUSTIN", "MURPHY, MIKE", "GUENIN, NATE", "JOHNSON, ERIK", "MITCHELL, JOHN", "HEJDA, JAN", "DUCHENE, MATT", "MCGINN, JAMIE", "PARENTEAU, PA", "SARICH, CORY", "DOWNIE, STEVE", "CLICHE, MARC-ANDRE", "STASTNY, PAUL", "MACKINNON, NATHAN", "TANGUAY, ALEX", "WILSON, RYAN", "BORDELEAU, PATRICK", "BENOIT, ANDRE", "O'REILLY, RYAN", "LANDESKOG, GABRIEL", "VARLAMOV, SEMYON", "GIGUERE, JEAN-SEBASTIEN"], "G": ["1", 0, 0, 0, 0, 0, 0, 0, 0, 0, 0, 0, 0, "1", 0, 0, 0, 0, 0, 0, 0, "1", 0, 0, "2", 0, 0, 0, 0, 0, 0, 0, "1", 0, 0, 0, 0, 0, 0, 0], "A": ["1", 0, 0, 0, 0, "1", 0, 0, 0, 0, 0, "1", 0, 0, 0, "1", 0, 0, 0, 0, 0, 0, 0, 0, "1", 0, 0, 0, "1", 0, "1", 0, "1", 0, 0, "1", "1", 0, 0, 0], "P": ["2", 0, 0, 0, 0, "1", 0, 0, 0, 0, 0, "1", 0, "1", 0, "1", 0, 0, 0, 0, 0, "1", 0, 0, "3", 0, 0, 0, "1", 0, "1", 0, "2", 0, 0, "1", "1", 0, 0, 0], "+/-": ["+1", "-2", 0, 0, 0, "+1", "-2", 0, "-1", "+1", "-1", 0, "-1", "+1", "+1", 0, "-1", "-2", 0, 0, "-1", "+1", 0, "+2", 0, 0, 0, 0, "-1", 0, "+1", 0, "+2", "-1", 0, "+1", "-1", "+2", 0, 0], "PN": [0, 0, 0, "1", 0, 0, 0, 0, 0, 0, "1", 0, 0, 0, "1", 0, 0, 0, 0, 0, 0, 0, 0, 0, 0, "1", 0, 0, 0, 0, 0, 0, 0, 0, "1", 0, 0, "1", 0, 0], "PIM": [0, 0, 0, "2", 0, 0, 0, 0, 0, 0, "2", 0, 0, 0, "2", 0, 0, 0, 0, 0, 0, 0, 0, 0, 0, "2", 0, 0, 0, 0, 0, 0, 0, 0, "2", 0, 0, "2", 0, 0], "TOT": ["23:25", "10:12", "17:19", "24:21", "06:06", "22:28", "20:43", "16:47", "17:57", "12:26", "08:02", "18:49", "12:21", "14:53", "24:38", "20:57", "06:53", "17:32", "58:20", 0, "19:44", "21:09", "11:44", "23:08", "15:25", "14:40", "16:38", "16:08", "15:52", "07:04", "20:20", "13:16", "19:48", "18:16", "04:44", "17:48", "19:01", "19:15", "60:00", 0], "SHF": ["30", "15", "21", "25", "9", "26", "24", "21", "23", "18", "13", "24", "21", "20", "29", "24", "11", "24", 0, 0, "27", "25", "18", "27", "21", "21", "21", "23", "22", "12", "24", "17", "22", "23", "9", "24", "28", "22", 0, 0], "AVG TOI/SH": ["00:46", "00:40", "00:49", "00:58", "00:40", "00:51", "00:51", "00:47", "00:46", "00:41", "00:37", "00:47", "00:35", "00:44", "00:50", "00:52", "00:37", "00:43", 0, 0, "00:43", "00:50", "00:39", "00:51", "00:44", "00:41", "00:47", "00:42", "00:43", "00:35", "00:50", "00:46", "00:54", "00:47", "00:31", "00:44", "00:40", "00:52", 0, 0], "PP": ["02:51", "00:00", "00:00", "03:09", "00:00", "04:07", "04:33", "02:07", "01:53", "00:01", "00:00", "01:52", "00:00", "02:07", "03:27", "03:53", "00:00", "00:00", "06:00", 0, "00:00", "01:41", "00:00", "00:02", "02:38", "00:00", "01:14", "00:00", "02:44", "00:00", "01:26", "01:20", "02:33", "00:15", "00:00", "02:23", "02:38", "01:26", "04:04", 0], "SH": ["03:00", "00:30", "01:46", "00:04", "00:00", "02:26", "00:46", "00:00", "00:09", "00:00", "00:13", "01:06", "00:52", "00:00", "01:35", "00:06", "00:39", "01:17", "04:04", 0, "04:00", "00:03", "03:13", "03:41", "00:00", "00:19", "00:00", "01:57", "00:00", "02:22", "01:58", "00:00", "00:56", "02:16", "00:00", "00:03", "02:42", "00:30", "06:00", 0], "EV": ["17:34", "09:42", "15:33", "21:08", "06:06", "15:55", "15:24", "14:40", "15:55", "12:25", "07:49", "15:51", "11:29", "12:46", "19:36", "16:58", "06:14", "16:15", "48:16", 0, "15:44", "19:25", "08:31", "19:25", "12:47", "14:21", "15:24", "14:11", "13:08", "04:42", "16:56", "11:56", "16:19", "15:45", "04:44", "15:22", "13:41", "17:19", "49:56", 0], "S": ["2", 0, "3", "1", 0, "2", "3", "3", 0, 0, 0, "1", "2", "2", "4", "5", "2", 0, 0, 0, "2", "3", "2", "2", "5", "3", 0, 0, "2", "1", "1", "2", "1", "1", 0, "2", "3", "4", 0, 0], "A/B": ["2", 0, "1", "2", 0, "3", "1", "3", "1", 0, 0, "1", "1", 0, "1", "1", 0, 0, 0, 0, 0, 0, "2", 0, "2", "1", 0, "1", "1", 0, "1", 0, "1", 0, 0, "2", 0, "2", 0, 0], "MS": [0, "1", "1", 0, "1", "1", "3", 0, "1", 0, 0, "1", "1", "1", 0, "1", 0, 0, 0, 0, 0, 0, 0, "1", "1", "2", "1", "1", "2", 0, "3", "1", 0, 0, 0, 0, 0, 0, 0, 0], "HT": ["1", "1", "3", "1", 0, "3", 0, 0, "1", 0, 0, "1", "2", 0, 0, "1", "2", "1", 0, 0, "2", 0, 0, 0, 0, 0, 0, "1", "2", 0, 0, 0, "3", "2", 0, 0, 0, "1", 0, 0], "GV": [0, 0, 0, 0, 0, 0, 0, 0, 0, 0, 0, 0, 0, 0, 0, "1", 0, 0, 0, 0, 0, "1", 0, 0, 0, 0, "1", "2", "1", 0, 0, "1", "1", 0, "1", 0, "2", 0, 0, 0], "TK": ["2", 0, 0, "2", 0, 0, "2", 0, "1", 0, 0, 0, 0, 0, 0, "3", 0, 0, 0, 0, 0, 0, "2", "2", "1", 0, "1", 0, "1", "1", "2", 0, "1", 0, 0, 0, 0, 0, 0, 0], "BS": ["1", "1", "1", "3", 0, "1", 0, 0, 0, "1", "2", 0, 0, 0, 0, "1", 0, "2", 0, 0, "5", "2", 0, "2", 0, "1", 0, "1", "1", 0, 0, "2", 0, 0, 0, "2", "1", 0, 0, 0], "FW": [0, 0, 0, 0, 0, "13", "7", 0, 0, "7", "1", "1", "4", 0, 0, 0, "0", 0, 0, 0, 0, 0, "7", 0, "8", 0, "0", 0, 0, 0, "15", "2", 0, 0, 0, 0, "1", 0, 0, 0], "FL": [0, 0, 0, 0, 0, "14", "11", 0, 0, "4", "0", "0", "3", 0, 0, 0, "1", 0, 0, 0, 0, 0, "3", 0, "13", 0, "1", 0, 0, 0, "6", "8", 0, 0, 0, 0, "2", 0, 0, 0], "F%": [0, 0, 0, 0, 0, "48", "39", 0, 0, "64", "100", "100", "57", 0, 0, 0, "0", 0, 0, 0, 0, 0, "70", 0, "38", 0, "0", 0, 0, 0, "71", "20", 0, 0, 0, 0, "33", 0, 0, 0], "team": ["CAROLINA HURRICANES ", "CAROLINA HURRICANES ", "CAROLINA HURRICANES ", "CAROLINA HURRICANES ", "CAROLINA HURRICANES ", "CAROLINA HURRICANES ", "CAROLINA HURRICANES ", "CAROLINA HURRICANES ", "CAROLINA HURRICANES ", "CAROLINA HURRICANES ", "CAROLINA HURRICANES ", "CAROLINA HURRICANES ", "CAROLINA HURRICANES ", "CAROLINA HURRICANES ", "CAROLINA HURRICANES ", "CAROLINA HURRICANES ", "CAROLINA HURRICANES ", "CAROLINA HURRICANES ", "CAROLINA HURRICANES ", "CAROLINA HURRICANES ", "COLORADO AVALANCHE ", "COLORADO AVALANCHE ", "COLORADO AVALANCHE ", "COLORADO AVALANCHE ", "COLORADO AVALANCHE ", "COLORADO AVALANCHE ", "COLORADO AVALANCHE ", "COLORADO AVALANCHE ", "COLORADO AVALANCHE ", "COLORADO AVALANCHE ", "COLORADO AVALANCHE ", "COLORADO AVALANCHE ", "COLORADO AVALANCHE ", "COLORADO AVALANCHE ", "COLORADO AVALANCHE ", "COLORADO AVALANCHE ", "COLORADO AVALANCHE ", "COLORADO AVALANCHE ", "COLORADO AVALANCHE ", "COLORADO AVALANCHE "], "GA": [0, 0, 0, 0, 0, 0, 0, 0, 0, 0, 0, 0, 0, 0, 0, 0, 0, 0, "4", 0, 0, 0, 0, 0, 0, 0, 0, 0, 0, 0, 0, 0, 0, 0, 0, 0, 0, 0, "2", 0], "SA": [0, 0, 0, 0, 0, 0, 0, 0, 0, 0, 0, 0, 0, 0, 0, 0, 0, 0, "34", 0, 0, 0, 0, 0, 0, 0, 0, 0, 0, 0, 0, 0, 0, 0, 0, 0, 0, 0, "30", 0]}}