{"game_info": {"date": "2014-01-01", "visitor": "TORONTO MAPLE LEAFS ", "home": "DETROIT RED WINGS ", "game_id": 610, "status": "final"}, "player_stats": {"number": ["3", "4", "11", "12", "15", "19", "21", "24", "28", "29", "36", "41", "42", "43", "44", "51", "71", "81", "34", "45", "2", "4", "8", "11", "13", "14", "17", "18", "20", "21", "23", "27", "40", "41", "44", "55", "65", "71", "34", "35"], "position": ["D", "D", "C", "L", "D", "R", "L", "C", "R", "R", "D", "L", "C", "C", "D", "D", "R", "C", "G", "G", "D", "D", "L", "R", "C", "C", "R", "C", "L", "C", "D", "D", "L", "C", "R", "D", "D", "R", "G", "G"], "name": ["PHANEUF, DION", "FRANSON, CODY", "MCCLEMENT, JAY", "RAYMOND, MASON", "RANGER, PAUL", "LUPUL, JOFFREY", "VAN RIEMSDYK, JAMES", "HOLLAND, PETER", "ORR, COLTON", "D'AMIGO, JERRY", "GUNNARSSON, CARL", "KULEMIN, NIKOLAI", "BOZAK, TYLER", "KADRI, NAZEM", "RIELLY, MORGAN", "GARDINER, JAKE", "CLARKSON, DAVID", "KESSEL, PHIL", "REIMER, JAMES", "BERNIER, JONATHAN", "SMITH, BRENDAN", "KINDL, JAKUB", "ABDELKADER, JUSTIN", "ALFREDSSON, DANIEL", "DATSYUK, PAVEL", "NYQUIST, GUSTAV", "EAVES, PATRICK", "ANDERSSON, JOAKIM", "MILLER, DREW", "TATAR, TOMAS", "LASHOFF, BRIAN", "QUINCEY, KYLE", "ZETTERBERG, HENRIK", "GLENDENING, LUKE", "BERTUZZI, TODD", "KRONWALL, NIKLAS", "DEKEYSER, DANNY", "CLEARY, DANIEL", "MRAZEK, PETR", "HOWARD, JIMMY"], "G": [0, 0, 0, 0, 0, 0, "1", 0, 0, 0, 0, 0, "1", 0, 0, 0, 0, 0, 0, 0, 0, 0, "1", "1", 0, 0, 0, 0, 0, 0, 0, 0, 0, 0, 0, 0, 0, 0, 0, 0], "A": ["2", 0, 0, 0, 0, 0, 0, 0, 0, 0, 0, 0, 0, 0, 0, 0, 0, "1", 0, 0, "1", 0, 0, 0, 0, "1", 0, 0, 0, 0, 0, 0, "1", 0, 0, 0, 0, 0, 0, 0], "P": ["2", 0, 0, 0, 0, 0, "1", 0, 0, 0, 0, 0, "1", 0, 0, 0, 0, "1", 0, 0, "1", 0, "1", "1", 0, "1", 0, 0, 0, 0, 0, 0, "1", 0, 0, 0, 0, 0, 0, 0], "+/-": ["+2", "-2", 0, "-1", "-1", "-1", "+1", 0, 0, 0, "+2", 0, "+1", "-1", 0, "-1", 0, "+1", 0, 0, "+2", "-1", 0, "+1", 0, "+1", 0, "-1", "-1", 0, 0, 0, "+1", 0, 0, 0, "-2", 0, 0, 0], "PN": ["1", 0, "1", 0, 0, "1", "1", 0, 0, 0, 0, 0, 0, 0, 0, 0, 0, 0, 0, 0, 0, "1", "1", 0, 0, 0, 0, 0, 0, 0, 0, 0, 0, 0, 0, 0, 0, 0, 0, 0], "PIM": ["2", 0, "2", 0, 0, "2", "2", 0, 0, 0, 0, 0, 0, 0, 0, 0, 0, 0, 0, 0, 0, "2", "2", 0, 0, 0, 0, 0, 0, 0, 0, 0, 0, 0, 0, 0, 0, 0, 0, 0], "TOT": ["28:24", "23:13", "20:20", "15:59", "17:15", "16:41", "19:14", "03:44", "01:59", "08:28", "26:12", "20:24", "23:36", "15:55", "13:06", "22:01", "13:54", "21:39", 0, "64:56", "22:23", "16:55", "17:43", "19:55", "24:17", "16:29", "03:00", "10:02", "13:15", "13:32", "15:24", "24:33", "23:29", "14:40", "16:28", "23:49", "22:30", "17:53", 0, "64:43"], "SHF": ["36", "33", "34", "22", "27", "23", "26", "6", "5", "13", "34", "32", "36", "21", "21", "30", "26", "26", 0, 0, "31", "28", "25", "28", "33", "27", "5", "19", "23", "21", "26", "33", "33", "24", "23", "34", "34", "25", 0, 0], "AVG TOI/SH": ["00:47", "00:42", "00:35", "00:43", "00:38", "00:43", "00:44", "00:37", "00:23", "00:39", "00:46", "00:38", "00:39", "00:45", "00:37", "00:44", "00:32", "00:49", 0, 0, "00:43", "00:36", "00:42", "00:42", "00:44", "00:36", "00:36", "00:31", "00:34", "00:38", "00:35", "00:44", "00:42", "00:36", "00:42", "00:42", "00:39", "00:42", 0, 0], "PP": ["02:36", "02:16", "00:00", "01:24", "00:00", "01:51", "02:36", "00:00", "00:00", "00:00", "00:20", "00:00", "00:45", "01:24", "01:24", "01:24", "01:24", "02:36", 0, "04:00", "00:07", "03:03", "00:07", "04:27", "04:32", "03:28", "00:00", "00:21", "00:00", "03:28", "00:00", "00:21", "04:25", "00:00", "04:24", "04:50", "03:13", "03:14", 0, "08:00"], "SH": ["03:50", "02:46", "03:08", "01:03", "03:17", "00:00", "00:57", "00:00", "00:00", "03:06", "05:02", "03:41", "04:05", "00:00", "00:06", "00:59", "00:00", "00:00", 0, "08:00", "00:02", "00:02", "00:00", "00:00", "00:28", "00:02", "00:30", "01:57", "01:49", "00:00", "01:39", "01:39", "00:14", "01:47", "00:00", "02:19", "02:19", "01:13", 0, "04:00"], "EV": ["21:58", "18:11", "17:12", "13:32", "13:58", "14:50", "15:41", "03:44", "01:59", "05:22", "20:50", "16:43", "18:46", "14:31", "11:36", "19:38", "12:30", "19:03", 0, "52:56", "22:14", "13:50", "17:36", "15:28", "19:17", "12:59", "02:30", "07:44", "11:26", "10:04", "13:45", "22:33", "18:50", "12:53", "12:04", "16:40", "16:58", "13:26", 0, "52:43"], "S": ["1", "1", "1", "1", "1", "2", "4", 0, 0, 0, "1", 0, "1", "2", "1", "3", 0, "7", 0, 0, "1", "2", "3", "3", "3", "4", "1", 0, "6", "4", "1", "1", "6", "2", 0, "1", "2", "3", 0, 0], "A/B": ["1", "1", 0, 0, 0, 0, 0, 0, 0, 0, "1", 0, 0, "2", "1", 0, "1", "1", 0, 0, "1", "2", 0, "1", "1", "1", 0, 0, 0, "1", 0, 0, "2", "1", "1", 0, 0, 0, 0, 0], "MS": [0, 0, 0, 0, 0, "1", "3", 0, 0, 0, 0, 0, 0, 0, 0, "2", 0, 0, 0, 0, "1", "1", 0, 0, "2", "3", 0, 0, 0, 0, 0, 0, "1", 0, 0, 0, 0, "1", 0, 0], "HT": ["2", "4", "6", 0, "3", "3", "2", "1", "1", "2", "4", "1", "2", "1", "1", "3", "1", 0, 0, 0, 0, "2", "3", "1", 0, 0, 0, 0, "2", 0, "1", "1", 0, "1", 0, 0, "2", 0, 0, 0], "GV": ["1", 0, 0, 0, 0, 0, 0, 0, 0, 0, "1", "1", 0, "1", 0, "1", "2", "2", 0, "1", 0, 0, 0, "2", 0, 0, 0, 0, 0, 0, 0, 0, 0, 0, 0, "1", "1", 0, 0, 0], "TK": ["1", 0, 0, 0, "1", 0, 0, 0, 0, 0, 0, "2", "1", "1", 0, 0, 0, "1", 0, 0, 0, 0, "1", "1", "1", 0, 0, 0, 0, "1", 0, 0, 0, "1", 0, 0, "1", "1", 0, 0], "BS": ["3", 0, "1", 0, 0, 0, 0, 0, 0, 0, "2", "2", 0, "1", "1", "1", 0, 0, 0, 0, "1", 0, 0, 0, 0, 0, 0, 0, 0, 0, "2", "1", 0, 0, "2", 0, "2", 0, 0, 0], "FW": [0, 0, "17", "1", 0, "1", 0, "1", 0, "0", 0, "1", "14", "6", 0, 0, 0, 0, 0, 0, 0, 0, 0, 0, "12", 0, 0, "6", 0, "3", 0, 0, "11", "10", 0, 0, 0, "1", 0, 0], "FL": [0, 0, "21", "0", 0, "1", 0, "3", 0, "1", 0, "1", "10", "6", 0, 0, 0, 0, 0, 0, 0, 0, 0, 0, "15", 0, 0, "3", 0, "1", 0, 0, "7", "12", 0, 0, 0, "3", 0, 0], "F%": [0, 0, "45", "100", 0, "50", 0, "25", 0, "0", 0, "50", "58", "50", 0, 0, 0, 0, 0, 0, 0, 0, 0, 0, "44", 0, 0, "67", 0, "75", 0, 0, "61", "45", 0, 0, 0, "25", 0, 0], "team": ["TORONTO MAPLE LEAFS ", "TORONTO MAPLE LEAFS ", "TORONTO MAPLE LEAFS ", "TORONTO MAPLE LEAFS ", "TORONTO MAPLE LEAFS ", "TORONTO MAPLE LEAFS ", "TORONTO MAPLE LEAFS ", "TORONTO MAPLE LEAFS ", "TORONTO MAPLE LEAFS ", "TORONTO MAPLE LEAFS ", "TORONTO MAPLE LEAFS ", "TORONTO MAPLE LEAFS ", "TORONTO MAPLE LEAFS ", "TORONTO MAPLE LEAFS ", "TORONTO MAPLE LEAFS ", "TORONTO MAPLE LEAFS ", "TORONTO MAPLE LEAFS ", "TORONTO MAPLE LEAFS ", "TORONTO MAPLE LEAFS ", "TORONTO MAPLE LEAFS ", "DETROIT RED WINGS ", "DETROIT RED WINGS ", "DETROIT RED WINGS ", "DETROIT RED WINGS ", "DETROIT RED WINGS ", "DETROIT RED WINGS ", "DETROIT RED WINGS ", "DETROIT RED WINGS ", "DETROIT RED WINGS ", "DETROIT RED WINGS ", "DETROIT RED WINGS ", "DETROIT RED WINGS ", "DETROIT RED WINGS ", "DETROIT RED WINGS ", "DETROIT RED WINGS ", "DETROIT RED WINGS ", "DETROIT RED WINGS ", "DETROIT RED WINGS ", "DETROIT RED WINGS ", "DETROIT RED WINGS "], "GA": [0, 0, 0, 0, 0, 0, 0, 0, 0, 0, 0, 0, 0, 0, 0, 0, 0, 0, 0.0, "2", 0, 0, 0, 0, 0, 0, 0, 0, 0, 0, 0, 0, 0, 0, 0, 0, 0, 0, 0, "2"], "SA": [0, 0, 0, 0, 0, 0, 0, 0, 0, 0, 0, 0, 0, 0, 0, 0, 0, 0, 0.0, "43", 0, 0, 0, 0, 0, 0, 0, 0, 0, 0, 0, 0, 0, 0, 0, 0, 0, 0, 0, "26"]}}