{"game_info": {"date": "2013-12-15", "visitor": "CALGARY FLAMES ", "home": "NEW YORK RANGERS ", "game_id": 502, "status": "final"}, "player_stats": {"number": ["3", "4", "5", "7", "8", "11", "13", "16", "17", "18", "19", "20", "22", "23", "24", "32", "44", "55", "29", "31", "4", "5", "6", "15", "16", "17", "19", "20", "21", "22", "27", "28", "36", "42", "44", "61", "62", "67", "30", "33"], "position": ["D", "D", "D", "D", "C", "C", "L", "R", "L", "C", "C", "L", "R", "C", "C", "C", "D", "D", "G", "G", "D", "D", "D", "R", "C", "D", "C", "C", "C", "C", "D", "C", "C", "D", "D", "L", "L", "L", "G", "G"], "name": ["SMID, LADISLAV", "RUSSELL, KRIS", "GIORDANO, MARK", "BRODIE, TJ", "COLBORNE, JOE", "BACKLUND, MIKAEL", "CAMMALLERI, MIKE", "MCGRATTAN, BRIAN", "BOUMA, LANCE", "STAJAN, MATT", "JONES, BLAIR", "GLENCROSS, CURTIS", "STEMPNIAK, LEE", "MONAHAN, SEAN", "HUDLER, JIRI", "BYRON, PAUL", "BUTLER, CHRIS", "O'BRIEN, SHANE", "BERRA, RETO", "RAMO, KARRI", "DEL ZOTTO, MICHAEL", "GIRARDI, DAN", "STRALMAN, ANTON", "DORSETT, DEREK", "BRASSARD, DERICK", "MOORE, JOHN", "RICHARDS, BRAD", "KREIDER, CHRIS", "STEPAN, DEREK", "BOYLE, BRIAN", "MCDONAGH, RYAN", "MOORE, DOMINIC", "ZUCCARELLO, MATS", "MCILRATH, DYLAN", "FALK, JUSTIN", "NASH, RICK", "HAGELIN, CARL", "POULIOT, BENOIT", "LUNDQVIST, HENRIK", "TALBOT, CAM"], "G": [0, 0, 0, 0, 0, "1", 0, 0, 0, 0, 0, "1", 0, "1", 0, 0, 0, 0, 0, 0, 0, 0, 0, 0, 0, 0, 0, "1", "1", 0, 0, 0, 0, 0, 0, 0, "1", 0, 0, 0], "A": [0, "1", "1", 0, 0, 0, 0, 0, 0, 0, 0, "1", 0, 0, "2", 0, 0, 0, 0, 0, 0, "1", 0, 0, 0, 0, 0, 0, "1", "1", 0, "1", 0, 0, 0, "1", 0, "1", 0, 0], "P": [0, "1", "1", 0, 0, "1", 0, 0, 0, 0, 0, "2", 0, "1", "2", 0, 0, 0, 0, 0, 0, "1", 0, 0, 0, 0, 0, "1", "2", "1", 0, "1", 0, 0, 0, "1", "1", "1", 0, 0], "+/-": [0, "-1", "+1", "-2", 0, 0, "-3", 0, 0, "-3", 0, "+2", "-3", "+2", "+2", 0, 0, 0, 0, 0, "+2", "+1", "-1", "-1", "-1", "+1", "-1", "+2", "+2", "-1", 0, "+1", "-1", 0, "-1", "+2", 0, "+1", 0, 0], "PN": [0, 0, "1", 0, 0, 0, "1", "1", "1", 0, "1", 0, 0, 0, 0, 0, 0, 0, 0, "1", 0, 0, 0, 0, 0, "1", 0, "2", 0, 0, 0, 0, 0, "2", 0, 0, "1", 0, 0, 0], "PIM": [0, 0, "2", 0, 0, 0, "2", "5", "2", 0, "2", 0, 0, 0, 0, 0, 0, 0, 0, "2", 0, 0, 0, 0, 0, "2", 0, "6", 0, 0, 0, 0, 0, "7", 0, 0, "2", 0, 0, 0], "TOT": ["20:50", "28:27", "25:05", "26:35", "06:44", "20:40", "21:12", "05:47", "08:34", "18:31", "14:07", "18:40", "19:09", "14:11", "19:23", "15:21", "18:16", "08:28", 0, "65:00", "21:16", "25:30", "23:36", "11:35", "16:28", "09:56", "20:51", "20:34", "22:43", "09:43", "31:01", "15:52", "18:03", "05:08", "09:35", "20:24", "16:17", "11:23", "65:00", 0], "SHF": ["31", "32", "35", "35", "10", "28", "24", "10", "15", "24", "23", "23", "26", "20", "24", "26", "27", "15", 0, 0, "27", "32", "30", "16", "23", "18", "24", "26", "29", "16", "33", "24", "23", "11", "17", "28", "26", "19", 0, 0], "AVG TOI/SH": ["00:40", "00:53", "00:43", "00:45", "00:40", "00:44", "00:53", "00:34", "00:34", "00:46", "00:36", "00:48", "00:44", "00:42", "00:48", "00:35", "00:40", "00:33", 0, 0, "00:47", "00:47", "00:47", "00:43", "00:42", "00:33", "00:52", "00:47", "00:47", "00:36", "00:56", "00:39", "00:47", "00:28", "00:33", "00:43", "00:37", "00:35", 0, 0], "PP": ["00:00", "05:26", "04:24", "02:38", "00:00", "02:01", "04:25", "00:00", "00:05", "00:00", "02:16", "04:24", "00:51", "01:07", "05:30", "00:37", "00:00", "00:00", 0, "07:25", "01:22", "01:43", "00:00", "00:00", "01:22", "00:00", "04:17", "04:38", "04:38", "00:00", "04:38", "00:00", "01:22", "00:00", "00:00", "04:38", "00:00", "01:22", "06:00", 0], "SH": ["02:18", "00:48", "02:54", "01:54", "00:00", "03:31", "00:00", "00:00", "02:22", "02:02", "00:00", "00:00", "01:54", "00:00", "00:00", "00:51", "04:06", "00:00", 0, "06:00", "00:00", "05:37", "01:48", "01:03", "00:00", "00:13", "00:00", "00:00", "01:29", "02:47", "06:51", "03:42", "00:00", "00:00", "00:34", "00:00", "02:15", "00:00", "07:25", 0], "EV": ["18:32", "22:13", "17:47", "22:03", "06:44", "15:08", "16:47", "05:47", "06:07", "16:29", "11:51", "14:16", "16:24", "13:04", "13:53", "13:53", "14:10", "08:28", 0, "51:35", "19:54", "18:10", "21:48", "10:32", "15:06", "09:43", "16:34", "15:56", "16:36", "06:56", "19:32", "12:10", "16:41", "05:08", "09:01", "15:46", "14:02", "10:01", "51:35", 0], "S": [0, "3", "1", "1", 0, "4", "1", 0, "1", 0, "3", "2", "2", "1", "1", 0, "1", 0, 0, 0, "4", 0, 0, "1", "1", "3", "3", "3", "3", 0, "1", "2", "1", 0, "1", "3", "4", "2", 0, 0], "A/B": ["1", "1", "4", "2", 0, "2", "2", 0, 0, 0, 0, 0, 0, 0, 0, 0, "1", 0, 0, 0, "4", "2", "3", 0, "1", "2", "4", "3", "2", 0, "1", 0, "2", "1", 0, "3", "1", 0, 0, 0], "MS": ["1", "1", "1", "1", 0, "1", "1", 0, 0, 0, "1", "1", 0, 0, 0, 0, "1", 0, 0, 0, "1", 0, "1", 0, 0, 0, "2", "3", "4", 0, 0, "1", 0, 0, "1", "1", "1", 0, 0, 0], "HT": ["3", "2", "2", "1", "3", "2", "2", "1", "2", "1", "4", "2", "1", 0, 0, "1", "2", "1", 0, 0, "2", "2", 0, 0, "1", 0, "1", "4", "1", "2", 0, "1", "3", "1", "3", 0, "2", 0, 0, 0], "GV": ["1", "1", 0, "1", 0, 0, 0, 0, 0, 0, 0, 0, 0, "1", 0, 0, "1", 0, 0, 0, "2", 0, "1", 0, 0, "1", "1", "1", "2", 0, 0, "1", 0, 0, 0, "2", "1", "1", 0, 0], "TK": [0, 0, "1", "1", 0, "2", 0, 0, 0, 0, 0, 0, 0, 0, 0, "1", 0, 0, 0, 0, 0, 0, 0, 0, 0, 0, 0, 0, "1", 0, 0, 0, "1", 0, 0, 0, 0, 0, 0, 0], "BS": ["2", "5", "3", "4", 0, "2", "1", 0, "4", "2", 0, "3", "1", 0, "1", 0, 0, "1", 0, 0, "1", "3", 0, 0, 0, 0, 0, "1", 0, 0, "4", "1", 0, "1", "2", 0, 0, 0, 0, 0], "FW": [0, 0, 0, 0, "1", "10", "4", 0, "1", "4", "3", "0", "1", "4", "0", 0, 0, 0, 0, 0, 0, 0, 0, "0", "8", 0, "2", 0, "12", "3", 0, "13", 0, 0, 0, 0, "0", "1", 0, 0], "FL": [0, 0, 0, 0, "3", "11", "1", 0, "1", "12", "2", "1", "0", "7", "1", 0, 0, 0, 0, 0, 0, 0, 0, "1", "5", 0, "3", 0, "11", "3", 0, "4", 0, 0, 0, 0, "1", "0", 0, 0], "F%": [0, 0, 0, 0, "25", "48", "80", 0, "50", "25", "60", "0", "100", "36", "0", 0, 0, 0, 0, 0, 0, 0, 0, "0", "62", 0, "40", 0, "52", "50", 0, "76", 0, 0, 0, 0, "0", "100", 0, 0], "team": ["CALGARY FLAMES ", "CALGARY FLAMES ", "CALGARY FLAMES ", "CALGARY FLAMES ", "CALGARY FLAMES ", "CALGARY FLAMES ", "CALGARY FLAMES ", "CALGARY FLAMES ", "CALGARY FLAMES ", "CALGARY FLAMES ", "CALGARY FLAMES ", "CALGARY FLAMES ", "CALGARY FLAMES ", "CALGARY FLAMES ", "CALGARY FLAMES ", "CALGARY FLAMES ", "CALGARY FLAMES ", "CALGARY FLAMES ", "CALGARY FLAMES ", "CALGARY FLAMES ", "NEW YORK RANGERS ", "NEW YORK RANGERS ", "NEW YORK RANGERS ", "NEW YORK RANGERS ", "NEW YORK RANGERS ", "NEW YORK RANGERS ", "NEW YORK RANGERS ", "NEW YORK RANGERS ", "NEW YORK RANGERS ", "NEW YORK RANGERS ", "NEW YORK RANGERS ", "NEW YORK RANGERS ", "NEW YORK RANGERS ", "NEW YORK RANGERS ", "NEW YORK RANGERS ", "NEW YORK RANGERS ", "NEW YORK RANGERS ", "NEW YORK RANGERS ", "NEW YORK RANGERS ", "NEW YORK RANGERS "], "GA": [0, 0, 0, 0, 0, 0, 0, 0, 0, 0, 0, 0, 0, 0, 0, 0, 0, 0, 0.0, "3", 0, 0, 0, 0, 0, 0, 0, 0, 0, 0, 0, 0, 0, 0, 0, 0, 0, 0, "3", 0], "SA": [0, 0, 0, 0, 0, 0, 0, 0, 0, 0, 0, 0, 0, 0, 0, 0, 0, 0, 0.0, "32", 0, 0, 0, 0, 0, 0, 0, 0, 0, 0, 0, 0, 0, 0, 0, 0, 0, 0, "21", 0]}}