{"game_info": {"date": "2013-12-09", "visitor": "NEW YORK ISLANDERS ", "home": "ANAHEIM DUCKS ", "game_id": 457, "status": "final"}, "player_stats": {"number": ["3", "7", "12", "13", "14", "15", "16", "17", "21", "26", "29", "40", "44", "47", "51", "53", "55", "91", "45", "60", "4", "6", "7", "8", "10", "11", "13", "15", "17", "18", "20", "28", "34", "39", "45", "47", "55", "65", "1", "31", 0], "position": ["D", "D", "C", "R", "D", "R", "C", "L", "R", "L", "C", "R", "D", "D", "C", "C", "D", "C", "G", "G", "D", "D", "C", "R", "R", "C", "C", "C", "R", "R", "C", "D", "C", "L", "D", "D", "D", "R", "G", "G", 0], "name": ["HAMONIC, TRAVIS", "CARKNER, MATT", "BAILEY, JOSH", "MCDONALD, COLIN", "HICKEY, THOMAS", "CLUTTERBUCK, CAL", "REGIN, PETER", "MARTIN, MATT", "OKPOSO, KYLE", "VANEK, THOMAS", "NELSON, BROCK", "GRABNER, MICHAEL", "DE HAAN, CALVIN", "MACDONALD, ANDREW", "NIELSEN, FRANS", "CIZIKAS, CASEY", "NESS, AARON", "TAVARES, JOHN", "NILSSON, ANDERS", "POULIN, KEVIN", "FOWLER, CAM", "LOVEJOY, BEN", "COGLIANO, ANDREW", "SELANNE, TEEMU", "PERRY, COREY", "KOIVU, SAKU", "BONINO, NICK", "GETZLAF, RYAN", "PENNER, DUSTIN", "JACKMAN, TIM", "STECKEL, DAVID", "FISTRIC, MARK", "WINNIK, DANIEL", "BELESKEY, MATT", "VATANEN, SAMI", "LINDHOLM, HAMPUS", "ALLEN, BRYAN", "ETEM, EMERSON", "HILLER, JONAS", "ANDERSEN, FREDERIK", "TEAM PENALTY"], "G": [0, 0, 0, 0, 0, 0, 0, 0, 0, "1", 0, 0, 0, 0, 0, 0, 0, "1", 0, 0, "1", 0, "1", 0, "2", "1", 0, 0, 0, 0, 0, 0, 0, 0, 0, 0, 0, 0, 0, 0, 0], "A": [0, 0, 0, 0, 0, 0, 0, 0, 0, "1", 0, 0, 0, 0, "1", 0, 0, "1", 0, 0, "2", 0, 0, 0, 0, 0, "1", "1", 0, 0, 0, 0, "3", "1", 0, 0, "1", 0, 0, 0, 0], "P": [0, 0, 0, 0, 0, 0, 0, 0, 0, "2", 0, 0, 0, 0, "1", 0, 0, "2", 0, 0, "3", 0, "1", 0, "2", "1", "1", "1", 0, 0, 0, 0, "3", "1", 0, 0, "1", 0, 0, 0, 0], "+/-": ["-1", 0, "-1", "-3", "-1", 0, 0, "-1", "-1", "-1", "-1", 0, "-1", "-1", 0, "-1", "-1", "-1", 0, 0, "+2", 0, "+1", 0, "+1", "+1", "+1", "+1", 0, 0, 0, 0, "+2", "+1", "+1", "+2", "+1", 0, 0, 0, 0], "PN": [0, "2", 0, 0, 0, "1", 0, "1", 0, 0, 0, 0, 0, "1", 0, 0, 0, 0, 0, 0, 0, 0, 0, 0, "1", "1", 0, 0, "1", "1", 0, "1", 0, 0, 0, 0, 0, 0, 0, 0, "1"], "PIM": [0, "12", 0, 0, 0, "2", 0, "5", 0, 0, 0, 0, 0, "2", 0, 0, 0, 0, 0, 0, 0, 0, 0, 0, "2", "2", 0, 0, "2", "5", 0, "2", 0, 0, 0, 0, 0, 0, 0, 0, "2"], "TOT": ["22:51", "13:11", "16:38", "13:34", "18:35", "13:39", "12:51", "11:27", "18:25", "19:31", "13:53", "12:58", "20:54", "22:29", "17:47", "12:33", "16:08", "19:14", "60:00", 0, "25:16", "22:16", "13:29", "15:10", "17:53", "15:51", "18:08", "20:38", "15:26", "08:48", "09:52", "06:39", "16:12", "10:41", "18:55", "20:37", "23:29", "14:20", "60:00", 0, 0], "SHF": ["30", "16", "21", "19", "24", "19", "18", "17", "21", "21", "20", "18", "28", "26", "22", "18", "21", "21", 0, 0, "30", "28", "20", "17", "22", "23", "20", "24", "21", "14", "16", "9", "22", "18", "25", "26", "31", "16", 0, 0, 0], "AVG TOI/SH": ["00:45", "00:49", "00:47", "00:42", "00:46", "00:43", "00:42", "00:40", "00:52", "00:55", "00:41", "00:43", "00:44", "00:51", "00:48", "00:41", "00:46", "00:54", 0, 0, "00:50", "00:47", "00:40", "00:53", "00:48", "00:41", "00:54", "00:51", "00:44", "00:37", "00:37", "00:44", "00:44", "00:35", "00:45", "00:47", "00:45", "00:53", 0, 0, 0], "PP": ["00:28", "00:00", "02:17", "00:46", "00:00", "01:47", "00:03", "00:12", "04:05", "04:05", "02:03", "00:00", "00:28", "03:32", "03:33", "01:11", "02:20", "04:50", "06:20", 0, "02:44", "00:06", "00:00", "00:59", "02:37", "00:53", "02:23", "02:48", "02:23", "00:00", "00:06", "00:00", "00:00", "00:00", "00:28", "00:38", "00:00", "00:45", "03:22", 0, 0], "SH": ["02:19", "00:00", "01:25", "00:55", "01:03", "00:28", "00:34", "00:00", "00:00", "00:00", "00:35", "00:34", "01:45", "01:03", "01:45", "00:28", "00:34", "00:00", "03:22", 0, "04:58", "03:52", "01:12", "00:00", "00:14", "00:58", "02:18", "02:55", "00:00", "00:00", "01:12", "00:32", "02:41", "01:10", "00:00", "00:32", "02:46", "00:00", "06:20", 0, 0], "EV": ["20:04", "13:11", "12:56", "11:53", "17:32", "11:24", "12:14", "11:15", "14:20", "15:26", "11:15", "12:24", "18:41", "17:54", "12:29", "10:54", "13:14", "14:24", "50:18", 0, "17:34", "18:18", "12:17", "14:11", "15:02", "14:00", "13:27", "14:55", "13:03", "08:48", "08:34", "06:07", "13:31", "09:31", "18:27", "19:27", "20:43", "13:35", "50:18", 0, 0], "S": ["1", "1", "1", "3", "2", "3", 0, "4", "4", "4", "3", "2", 0, "1", "1", 0, "1", "6", 0, 0, "3", 0, "3", 0, "3", "5", "3", "1", "2", "3", "1", 0, "2", "2", 0, "2", 0, "1", 0, 0, 0], "A/B": ["2", "1", "3", "1", 0, "2", 0, 0, "2", 0, 0, "1", "1", "2", 0, "3", "3", 0, 0, 0, 0, "2", 0, 0, "3", "1", "2", "1", 0, 0, "1", 0, "3", "1", "1", 0, "1", 0, 0, 0, 0], "MS": [0, 0, 0, 0, "1", "1", 0, "1", 0, "4", "2", "1", "1", 0, 0, 0, 0, "2", 0, 0, "1", 0, 0, "1", "1", 0, "3", 0, 0, 0, 0, 0, 0, "1", 0, "2", 0, "1", 0, 0, 0], "HT": ["3", "3", "1", "1", "1", "1", 0, "5", 0, "1", "1", "1", "5", 0, "1", "1", 0, "1", 0, 0, "1", "1", "1", 0, "4", "1", 0, 0, "3", "4", "3", "5", 0, "2", "3", 0, 0, "4", 0, 0, 0], "GV": [0, "1", 0, 0, "1", 0, 0, 0, 0, 0, 0, 0, 0, 0, 0, 0, 0, "1", 0, 0, 0, "1", 0, "1", "1", 0, "2", "2", "1", 0, "2", 0, 0, "1", 0, "1", 0, 0, 0, 0, 0], "TK": ["1", "1", 0, 0, "1", "1", "1", 0, 0, 0, 0, 0, 0, "1", 0, "1", 0, 0, 0, 0, "1", 0, "2", "1", 0, 0, 0, 0, 0, 0, "1", 0, 0, 0, 0, 0, 0, "1", 0, 0, 0], "BS": ["2", "4", 0, 0, "4", 0, 0, 0, 0, 0, 0, "1", "1", "3", 0, "1", 0, 0, 0, 0, "2", "1", 0, "1", "2", 0, "2", "1", 0, 0, "1", "1", 0, "1", "2", "3", "4", 0, 0, 0, 0], "FW": [0, 0, "0", 0, 0, 0, "6", "1", 0, 0, 0, "0", 0, 0, "6", "6", 0, "16", 0, 0, 0, 0, 0, "0", 0, "4", "6", "14", 0, 0, "3", 0, 0, 0, 0, 0, 0, 0, 0, 0, 0], "FL": [0, 0, "1", 0, 0, 0, "6", "0", 0, 0, 0, "1", 0, 0, "7", "6", 0, "6", 0, 0, 0, 0, 0, "1", 0, "12", "9", "10", 0, 0, "3", 0, 0, 0, 0, 0, 0, 0, 0, 0, 0], "F%": [0, 0, "0", 0, 0, 0, "50", "100", 0, 0, 0, "0", 0, 0, "46", "50", 0, "73", 0, 0, 0, 0, 0, "0", 0, "25", "40", "58", 0, 0, "50", 0, 0, 0, 0, 0, 0, 0, 0, 0, 0], "team": ["NEW YORK ISLANDERS ", "NEW YORK ISLANDERS ", "NEW YORK ISLANDERS ", "NEW YORK ISLANDERS ", "NEW YORK ISLANDERS ", "NEW YORK ISLANDERS ", "NEW YORK ISLANDERS ", "NEW YORK ISLANDERS ", "NEW YORK ISLANDERS ", "NEW YORK ISLANDERS ", "NEW YORK ISLANDERS ", "NEW YORK ISLANDERS ", "NEW YORK ISLANDERS ", "NEW YORK ISLANDERS ", "NEW YORK ISLANDERS ", "NEW YORK ISLANDERS ", "NEW YORK ISLANDERS ", "NEW YORK ISLANDERS ", "NEW YORK ISLANDERS ", "NEW YORK ISLANDERS ", "ANAHEIM DUCKS ", "ANAHEIM DUCKS ", "ANAHEIM DUCKS ", "ANAHEIM DUCKS ", "ANAHEIM DUCKS ", "ANAHEIM DUCKS ", "ANAHEIM DUCKS ", "ANAHEIM DUCKS ", "ANAHEIM DUCKS ", "ANAHEIM DUCKS ", "ANAHEIM DUCKS ", "ANAHEIM DUCKS ", "ANAHEIM DUCKS ", "ANAHEIM DUCKS ", "ANAHEIM DUCKS ", "ANAHEIM DUCKS ", "ANAHEIM DUCKS ", "ANAHEIM DUCKS ", "ANAHEIM DUCKS ", "ANAHEIM DUCKS ", "ANAHEIM DUCKS "], "GA": [0, 0, 0, 0, 0, 0, 0, 0, 0, 0, 0, 0, 0, 0, 0, 0, 0, 0, "5", 0, 0, 0, 0, 0, 0, 0, 0, 0, 0, 0, 0, 0, 0, 0, 0, 0, 0, 0, "2", 0, 0], "SA": [0, 0, 0, 0, 0, 0, 0, 0, 0, 0, 0, 0, 0, 0, 0, 0, 0, 0, "31", 0, 0, 0, 0, 0, 0, 0, 0, 0, 0, 0, 0, 0, 0, 0, 0, 0, 0, 0, "37", 0, 0]}}