{"game_info": {"date": "2014-03-28", "visitor": "CHICAGO BLACKHAWKS ", "home": "OTTAWA SENATORS ", "game_id": 1104, "status": "final"}, "player_stats": {"number": ["2", "4", "7", "8", "10", "12", "16", "17", "19", "20", "23", "25", "26", "27", "28", "52", "65", "81", "31", "50", "2", "3", "5", "7", "9", "14", "15", "16", "19", "22", "25", "46", "61", "62", "65", "68", "83", "93", "40", "41"], "position": ["D", "D", "D", "D", "R", "C", "C", "D", "C", "L", "R", "L", "C", "D", "R", "L", "C", "R", "G", "G", "D", "D", "D", "C", "L", "C", "C", "L", "C", "R", "R", "D", "R", "D", "D", "C", "R", "C", "G", "G"], "name": ["KEITH, DUNCAN", "HJALMARSSON, NIKLAS", "SEABROOK, BRENT", "LEDDY, NICK", "SHARP, PATRICK", "REGIN, PETER", "KRUGER, MARCUS", "BROOKBANK, SHELDON", "TOEWS, JONATHAN", "SAAD, BRANDON", "VERSTEEG, KRIS", "CAREY, MATT", "HANDZUS, MICHAL", "ODUYA, JOHNNY", "SMITH, BEN", "BOLLIG, BRANDON", "SHAW, ANDREW", "HOSSA, MARIAN", "RAANTA, ANTTI", "CRAWFORD, COREY", "COWEN, JARED", "METHOT, MARC", "CECI, CODY", "TURRIS, KYLE", "MICHALEK, MILAN", "GREENING, COLIN", "SMITH, ZACK", "MACARTHUR, CLARKE", "SPEZZA, JASON", "CONDRA, ERIK", "NEIL, CHRIS", "WIERCIOCH, PATRICK", "STONE, MARK", "GRYBA, ERIC", "KARLSSON, ERIK", "HOFFMAN, MIKE", "HEMSKY, ALES", "ZIBANEJAD, MIKA", "LEHNER, ROBIN", "ANDERSON, CRAIG"], "G": [0, 0, "1", 0, "1", 0, 0, 0, 0, 0, 0, 0, 0, 0, 0, 0, 0, "1", 0, 0, 0, 0, "1", "1", "1", 0, 0, "1", 0, "1", 0, 0, 0, 0, 0, 0, 0, 0, 0, 0], "A": [0, 0, 0, 0, 0, "1", 0, 0, "1", 0, 0, 0, "1", 0, 0, 0, 0, 0, "1", 0, 0, 0, 0, 0, 0, 0, "1", "2", "1", 0, 0, "1", "2", 0, 0, 0, "1", 0, 0, 0], "P": [0, 0, "1", 0, "1", "1", 0, 0, "1", 0, 0, 0, "1", 0, 0, 0, 0, "1", "1", 0, 0, 0, "1", "1", "1", 0, "1", "3", "1", "1", 0, "1", "2", 0, 0, 0, "1", 0, 0, 0], "+/-": ["-3", "-1", "-1", 0, "-1", 0, 0, "+1", "-1", "-3", 0, "-1", 0, "+1", 0, 0, "-2", 0, 0, 0, "+1", 0, "+1", "+2", 0, 0, "+1", "+2", "-1", "+1", 0, "+1", "+2", "+1", 0, "-1", "-1", 0, 0, 0], "PN": [0, 0, 0, 0, 0, 0, 0, 0, 0, 0, 0, "1", 0, 0, 0, "1", "3", 0, 0, 0, "2", 0, 0, 0, 0, 0, "2", "1", 0, 0, "2", 0, 0, "1", 0, 0, 0, 0, 0, 0], "PIM": [0, 0, 0, 0, 0, 0, 0, 0, 0, 0, 0, "2", 0, 0, 0, "5", "17", 0, 0, 0, "4", 0, 0, 0, 0, 0, "4", "2", 0, 0, "7", 0, 0, "2", 0, 0, 0, 0, 0, 0], "TOT": ["26:26", "15:11", "24:16", "18:46", "20:57", "08:23", "13:28", "15:04", "20:28", "13:27", "17:23", "07:53", "12:31", "15:42", "14:30", "11:34", "16:17", "22:11", "59:42", 0, "18:52", "25:23", "18:12", "18:18", "18:20", "10:36", "12:06", "17:17", "17:13", "13:08", "08:59", "15:37", "16:37", "16:42", "25:38", "07:58", "16:05", "12:08", 0, "60:00"], "SHF": ["29", "21", "30", "21", "22", "14", "17", "18", "25", "19", "21", "14", "18", "24", "18", "15", "21", "25", 0, 0, "26", "28", "25", "24", "27", "18", "19", "23", "23", "24", "16", "23", "23", "27", "24", "15", "24", "19", 0, 0], "AVG TOI/SH": ["00:54", "00:43", "00:48", "00:53", "00:57", "00:35", "00:47", "00:50", "00:49", "00:42", "00:49", "00:33", "00:41", "00:39", "00:48", "00:46", "00:46", "00:53", 0, 0, "00:43", "00:54", "00:43", "00:45", "00:40", "00:35", "00:38", "00:45", "00:44", "00:32", "00:33", "00:40", "00:43", "00:37", "01:04", "00:31", "00:40", "00:38", 0, 0], "PP": ["05:23", "00:00", "02:59", "03:21", "05:48", "00:00", "00:00", "00:00", "05:01", "02:28", "03:09", "00:00", "00:00", "00:18", "02:46", "00:00", "04:13", "05:09", "08:17", 0, "00:51", "01:11", "01:42", "01:42", "01:05", "00:00", "00:00", "01:32", "01:14", "00:00", "01:05", "01:42", "01:44", "00:07", "02:09", "01:14", "01:02", "00:55", 0, "03:51"], "SH": ["02:34", "00:51", "01:50", "00:00", "00:57", "00:27", "01:21", "01:10", "01:15", "00:54", "00:04", "00:00", "00:44", "01:17", "00:40", "00:00", "00:00", "01:20", "03:51", 0, "03:26", "05:12", "04:26", "00:43", "02:29", "01:12", "03:29", "00:00", "00:00", "03:49", "00:00", "00:03", "00:14", "02:58", "00:51", "00:00", "00:28", "02:24", 0, "08:17"], "EV": ["18:29", "14:20", "19:27", "15:25", "14:12", "07:56", "12:07", "13:54", "14:12", "10:05", "14:10", "07:53", "11:47", "14:07", "11:04", "11:34", "12:04", "15:42", "47:34", 0, "14:35", "19:00", "12:04", "15:53", "14:46", "09:24", "08:37", "15:45", "15:59", "09:19", "07:54", "13:52", "14:39", "13:37", "22:38", "06:44", "14:35", "08:49", 0, "47:52"], "S": ["1", "2", "6", "2", "9", 0, "2", "1", "4", "6", "3", 0, 0, 0, "3", "2", "3", "5", 0, 0, "1", 0, "2", "1", "2", 0, "1", "4", "4", "2", 0, "2", "3", "1", "3", 0, "3", 0, 0, 0], "A/B": ["3", 0, "2", "2", "2", 0, 0, "1", 0, "1", "1", 0, 0, "2", 0, "1", 0, "1", 0, 0, 0, 0, "1", "1", "1", 0, 0, "3", 0, "1", 0, "3", "2", "2", "2", 0, 0, "1", 0, 0], "MS": ["1", "1", 0, "1", "1", 0, 0, "2", 0, 0, "1", 0, "1", 0, 0, 0, 0, 0, 0, 0, 0, 0, 0, 0, "1", "1", 0, "1", 0, "1", 0, 0, "1", "1", "2", "1", 0, "1", 0, 0], "HT": [0, "1", "2", "1", 0, "3", "1", "3", 0, "1", 0, "1", "2", "1", "1", "3", "1", "1", 0, 0, "8", "2", "3", "1", "3", "2", "2", "1", 0, 0, "3", "3", 0, "2", "3", "1", "1", "3", 0, 0], "GV": ["3", "1", 0, "1", "1", 0, 0, "1", 0, 0, 0, 0, 0, 0, "1", 0, "1", "2", 0, 0, "2", "2", "2", "1", 0, 0, "1", 0, "1", 0, 0, "1", 0, 0, 0, "2", 0, "1", 0, "1"], "TK": [0, 0, 0, 0, "2", "1", 0, 0, 0, 0, "3", 0, "1", 0, "2", 0, 0, "1", 0, 0, 0, 0, 0, "2", 0, 0, "1", 0, "2", "1", 0, 0, "1", "1", 0, 0, "1", "1", 0, 0], "BS": ["2", "2", "3", 0, 0, "1", "2", 0, 0, "2", 0, 0, 0, "1", "3", 0, "1", 0, 0, 0, "1", "1", "1", 0, "1", "1", 0, 0, "2", "2", "1", "3", 0, "2", 0, 0, 0, "1", 0, 0], "FW": [0, 0, 0, 0, "2", "1", "5", 0, "16", 0, "1", "7", "5", 0, "7", 0, 0, 0, 0, 0, 0, 0, 0, "7", 0, 0, "7", 0, "4", "0", 0, 0, "1", 0, 0, 0, 0, "2", 0, 0], "FL": [0, 0, 0, 0, "3", "0", "0", 0, "7", 0, "0", "2", "6", 0, "3", 0, 0, 0, 0, 0, 0, 0, 0, "12", 0, 0, "14", 0, "10", "2", 0, 0, "0", 0, 0, 0, 0, "6", 0, 0], "F%": [0, 0, 0, 0, "40", "100", "100", 0, "70", 0, "100", "78", "45", 0, "70", 0, 0, 0, 0, 0, 0, 0, 0, "37", 0, 0, "33", 0, "29", "0", 0, 0, "100", 0, 0, 0, 0, "25", 0, 0], "team": ["CHICAGO BLACKHAWKS ", "CHICAGO BLACKHAWKS ", "CHICAGO BLACKHAWKS ", "CHICAGO BLACKHAWKS ", "CHICAGO BLACKHAWKS ", "CHICAGO BLACKHAWKS ", "CHICAGO BLACKHAWKS ", "CHICAGO BLACKHAWKS ", "CHICAGO BLACKHAWKS ", "CHICAGO BLACKHAWKS ", "CHICAGO BLACKHAWKS ", "CHICAGO BLACKHAWKS ", "CHICAGO BLACKHAWKS ", "CHICAGO BLACKHAWKS ", "CHICAGO BLACKHAWKS ", "CHICAGO BLACKHAWKS ", "CHICAGO BLACKHAWKS ", "CHICAGO BLACKHAWKS ", "CHICAGO BLACKHAWKS ", "CHICAGO BLACKHAWKS ", "OTTAWA SENATORS ", "OTTAWA SENATORS ", "OTTAWA SENATORS ", "OTTAWA SENATORS ", "OTTAWA SENATORS ", "OTTAWA SENATORS ", "OTTAWA SENATORS ", "OTTAWA SENATORS ", "OTTAWA SENATORS ", "OTTAWA SENATORS ", "OTTAWA SENATORS ", "OTTAWA SENATORS ", "OTTAWA SENATORS ", "OTTAWA SENATORS ", "OTTAWA SENATORS ", "OTTAWA SENATORS ", "OTTAWA SENATORS ", "OTTAWA SENATORS ", "OTTAWA SENATORS ", "OTTAWA SENATORS "], "GA": [0, 0, 0, 0, 0, 0, 0, 0, 0, 0, 0, 0, 0, 0, 0, 0, 0, 0, "5", 0, 0, 0, 0, 0, 0, 0, 0, 0, 0, 0, 0, 0, 0, 0, 0, 0, 0, 0, 0, "3"], "SA": [0, 0, 0, 0, 0, 0, 0, 0, 0, 0, 0, 0, 0, 0, 0, 0, 0, 0, "29", 0, 0, 0, 0, 0, 0, 0, 0, 0, 0, 0, 0, 0, 0, 0, 0, 0, 0, 0, 0, "49"]}}