{"game_info": {"date": "2013-12-07", "visitor": "FLORIDA PANTHERS ", "home": "DETROIT RED WINGS ", "game_id": 441, "status": "final"}, "player_stats": {"number": ["4", "7", "11", "12", "14", "16", "17", "18", "19", "20", "24", "27", "43", "44", "51", "57", "77", "82", "30", "34", "2", "4", "8", "11", "14", "18", "20", "21", "23", "25", "27", "37", "44", "52", "55", "71", "90", "93", "35", "50"], "position": ["D", "D", "C", "R", "L", "C", "C", "C", "R", "L", "R", "C", "D", "D", "D", "C", "D", "R", "G", "G", "D", "D", "L", "R", "C", "C", "L", "C", "D", "C", "D", "R", "R", "D", "D", "R", "C", "C", "G", "G"], "name": ["OLSEN, DYLAN", "KULIKOV, DMITRY", "HUBERDEAU, JONATHAN", "HAYES, JIMMY", "FLEISCHMANN, TOMAS", "BARKOV, ALEKSANDER", "WINCHESTER, JESSE", "MATTHIAS, SHAWN", "UPSHALL, SCOTTIE", "BERGENHEIM, SEAN", "BOYES, BRAD", "BJUGSTAD, NICK", "WEAVER, MIKE", "GUDBRANSON, ERIK", "CAMPBELL, BRIAN", "GOC, MARCEL", "GILBERT, TOM", "KOPECKY, TOMAS", "CLEMMENSEN, SCOTT", "THOMAS, TIM", "SMITH, BRENDAN", "KINDL, JAKUB", "ABDELKADER, JUSTIN", "ALFREDSSON, DANIEL", "NYQUIST, GUSTAV", "ANDERSSON, JOAKIM", "MILLER, DREW", "TATAR, TOMAS", "LASHOFF, BRIAN", "EMMERTON, CORY", "QUINCEY, KYLE", "SAMUELSSON, MIKAEL", "BERTUZZI, TODD", "ERICSSON, JONATHAN", "KRONWALL, NIKLAS", "CLEARY, DANIEL", "WEISS, STEPHEN", "FRANZEN, JOHAN", "HOWARD, JIMMY", "GUSTAVSSON, JONAS"], "G": [0, 0, "1", "1", 0, 0, 0, 0, 0, 0, 0, 0, 0, 0, 0, 0, 0, 0, 0, 0, 0, 0, 0, 0, 0, 0, 0, 0, 0, 0, 0, 0, 0, 0, 0, "1", 0, 0, 0, 0], "A": ["1", 0, 0, 0, 0, 0, 0, "2", 0, 0, 0, 0, 0, 0, 0, 0, "1", 0, 0, 0, 0, 0, "1", 0, 0, 0, 0, 0, 0, "1", 0, 0, 0, 0, 0, 0, 0, 0, 0, 0], "P": ["1", 0, "1", "1", 0, 0, 0, "2", 0, 0, 0, 0, 0, 0, 0, 0, "1", 0, 0, 0, 0, 0, "1", 0, 0, 0, 0, 0, 0, "1", 0, 0, 0, 0, 0, "1", 0, 0, 0, 0], "+/-": ["+1", 0, "+1", "+1", 0, "-1", "+1", "+2", "+1", "-1", "-1", 0, 0, "+1", 0, 0, 0, 0, 0, 0, 0, "-1", "+1", 0, 0, 0, 0, 0, 0, "-1", "-2", "-2", "-1", 0, "+1", 0, 0, 0, 0, 0], "PN": [0, 0, 0, 0, "1", 0, 0, 0, "1", 0, "1", 0, 0, 0, 0, 0, 0, 0, 0, 0, 0, 0, "1", 0, 0, 0, 0, 0, 0, 0, 0, 0, "1", 0, 0, 0, 0, 0, 0, 0], "PIM": [0, 0, 0, 0, "2", 0, 0, 0, "2", 0, "2", 0, 0, 0, 0, 0, 0, 0, 0, 0, 0, 0, "2", 0, 0, 0, 0, 0, 0, 0, 0, 0, "2", 0, 0, 0, 0, 0, 0, 0], "TOT": ["17:09", "20:52", "15:58", "11:50", "14:40", "15:34", "12:05", "13:06", "13:48", "15:33", "15:01", "14:35", "21:03", "19:56", "24:02", "17:10", "14:55", "16:43", 0, "60:00", "21:56", "16:33", "16:26", "18:44", "18:34", "14:02", "13:12", "15:23", "15:08", "09:46", "21:25", "11:53", "13:11", "17:42", "20:58", "15:24", "15:52", "20:24", 0, "59:27"], "SHF": ["25", "26", "22", "14", "20", "20", "18", "17", "23", "20", "20", "23", "27", "27", "27", "23", "19", "22", 0, 0, "25", "21", "21", "20", "23", "18", "19", "19", "19", "11", "25", "13", "16", "24", "27", "20", "23", "26", 0, 0], "AVG TOI/SH": ["00:41", "00:48", "00:43", "00:50", "00:44", "00:46", "00:40", "00:46", "00:36", "00:46", "00:45", "00:38", "00:46", "00:44", "00:53", "00:44", "00:47", "00:45", 0, 0, "00:52", "00:47", "00:46", "00:56", "00:48", "00:46", "00:41", "00:48", "00:47", "00:53", "00:51", "00:54", "00:49", "00:44", "00:46", "00:46", "00:41", "00:47", 0, 0], "PP": ["00:00", "01:54", "01:32", "00:07", "02:37", "01:47", "00:07", "00:00", "01:32", "01:47", "00:47", "01:06", "00:00", "00:03", "02:53", "01:07", "01:07", "01:34", 0, "04:00", "00:00", "02:10", "01:00", "03:27", "03:23", "00:06", "00:06", "02:35", "00:00", "00:02", "00:26", "02:04", "02:32", "00:14", "03:45", "01:31", "02:29", "04:10", 0, "06:00"], "SH": ["02:44", "00:34", "00:09", "00:00", "00:34", "00:27", "01:24", "01:23", "00:46", "00:27", "00:00", "00:29", "03:06", "02:44", "02:42", "03:41", "00:10", "02:40", 0, "06:00", "01:34", "00:00", "00:24", "01:05", "00:00", "02:01", "02:05", "00:00", "01:39", "00:00", "01:17", "00:00", "00:00", "01:49", "01:41", "01:26", "00:09", "00:50", 0, "04:00"], "EV": ["14:25", "18:24", "14:17", "11:43", "11:29", "13:20", "10:34", "11:43", "11:30", "13:19", "14:14", "13:00", "17:57", "17:09", "18:27", "12:22", "13:38", "12:29", 0, "50:00", "20:22", "14:23", "15:02", "14:12", "15:11", "11:55", "11:01", "12:48", "13:29", "09:44", "19:42", "09:49", "10:39", "15:39", "15:32", "12:27", "13:14", "15:24", 0, "49:27"], "S": [0, "3", "2", "4", "4", 0, "3", "2", "1", "6", "2", "1", 0, "3", "2", "1", "1", "2", 0, 0, 0, "1", "4", "1", 0, "1", 0, 0, 0, "3", "1", "2", 0, "1", "2", "2", 0, "5", 0, 0], "A/B": [0, "1", "1", 0, "4", 0, 0, 0, "1", 0, 0, "1", 0, 0, "1", "1", "1", "1", 0, 0, 0, "1", 0, 0, "1", 0, 0, 0, "1", 0, "1", 0, 0, 0, 0, "1", 0, "2", 0, 0], "MS": [0, 0, "1", "1", "2", 0, 0, "1", 0, 0, 0, 0, "1", 0, 0, "1", 0, "2", 0, 0, 0, "1", 0, "1", "1", 0, "2", 0, 0, 0, 0, 0, 0, "2", "1", 0, 0, "2", 0, 0], "HT": [0, 0, 0, "5", "1", "1", 0, 0, 0, "1", 0, "2", "1", "3", 0, "2", 0, 0, 0, 0, "2", 0, "6", 0, 0, 0, "1", "2", 0, "1", "1", 0, "3", "2", 0, 0, 0, 0, 0, 0], "GV": [0, "1", 0, 0, "2", 0, 0, 0, 0, 0, 0, 0, 0, 0, 0, 0, 0, 0, 0, "1", "4", "1", "1", 0, 0, "2", 0, "2", "2", 0, 0, "2", 0, 0, "2", 0, 0, "1", 0, 0], "TK": [0, "1", 0, 0, 0, 0, 0, 0, 0, 0, 0, "1", "2", 0, 0, "1", 0, 0, 0, 0, "2", 0, 0, 0, "1", 0, 0, "1", "1", "1", 0, 0, 0, "2", "1", 0, "1", 0, 0, 0], "BS": [0, 0, 0, 0, 0, "1", 0, 0, "1", "1", 0, 0, "3", "1", 0, 0, 0, 0, 0, 0, "1", 0, 0, 0, 0, "1", 0, 0, "2", 0, "3", 0, 0, "1", "1", 0, "1", "2", 0, 0], "FW": [0, 0, 0, 0, 0, "7", "0", "3", "1", 0, 0, "1", 0, 0, 0, "9", 0, 0, 0, 0, 0, 0, 0, 0, 0, "4", 0, "1", 0, "8", 0, 0, "2", 0, 0, 0, "8", "9", 0, 0], "FL": [0, 0, 0, 0, 0, "6", "2", "6", "2", 0, 0, "9", 0, 0, 0, "7", 0, 0, 0, 0, 0, 0, 0, 0, 0, "5", 0, "0", 0, "4", 0, 0, "0", 0, 0, 0, "7", "5", 0, 0], "F%": [0, 0, 0, 0, 0, "54", "0", "33", "33", 0, 0, "10", 0, 0, 0, "56", 0, 0, 0, 0, 0, 0, 0, 0, 0, "44", 0, "100", 0, "67", 0, 0, "100", 0, 0, 0, "53", "64", 0, 0], "team": ["FLORIDA PANTHERS ", "FLORIDA PANTHERS ", "FLORIDA PANTHERS ", "FLORIDA PANTHERS ", "FLORIDA PANTHERS ", "FLORIDA PANTHERS ", "FLORIDA PANTHERS ", "FLORIDA PANTHERS ", "FLORIDA PANTHERS ", "FLORIDA PANTHERS ", "FLORIDA PANTHERS ", "FLORIDA PANTHERS ", "FLORIDA PANTHERS ", "FLORIDA PANTHERS ", "FLORIDA PANTHERS ", "FLORIDA PANTHERS ", "FLORIDA PANTHERS ", "FLORIDA PANTHERS ", "FLORIDA PANTHERS ", "FLORIDA PANTHERS ", "DETROIT RED WINGS ", "DETROIT RED WINGS ", "DETROIT RED WINGS ", "DETROIT RED WINGS ", "DETROIT RED WINGS ", "DETROIT RED WINGS ", "DETROIT RED WINGS ", "DETROIT RED WINGS ", "DETROIT RED WINGS ", "DETROIT RED WINGS ", "DETROIT RED WINGS ", "DETROIT RED WINGS ", "DETROIT RED WINGS ", "DETROIT RED WINGS ", "DETROIT RED WINGS ", "DETROIT RED WINGS ", "DETROIT RED WINGS ", "DETROIT RED WINGS ", "DETROIT RED WINGS ", "DETROIT RED WINGS "], "GA": [0, 0, 0, 0, 0, 0, 0, 0, 0, 0, 0, 0, 0, 0, 0, 0, 0, 0, 0.0, "1", 0, 0, 0, 0, 0, 0, 0, 0, 0, 0, 0, 0, 0, 0, 0, 0, 0, 0, 0, "2"], "SA": [0, 0, 0, 0, 0, 0, 0, 0, 0, 0, 0, 0, 0, 0, 0, 0, 0, 0, 0.0, "23", 0, 0, 0, 0, 0, 0, 0, 0, 0, 0, 0, 0, 0, 0, 0, 0, 0, 0, 0, "37"]}}