{"game_info": {"date": "2014-01-23", "visitor": "PITTSBURGH PENGUINS ", "home": "NEW YORK ISLANDERS ", "game_id": 763, "status": "final"}, "player_stats": {"number": ["2", "3", "4", "5", "7", "12", "14", "15", "16", "17", "18", "27", "36", "44", "58", "59", "71", "87", "29", "37", "4", "12", "13", "14", "15", "16", "17", "21", "26", "29", "37", "40", "44", "46", "47", "51", "53", "91", "45", "60"], "position": ["D", "D", "D", "D", "D", "R", "L", "L", "C", "L", "L", "R", "L", "D", "D", "C", "C", "C", "G", "G", "D", "C", "R", "D", "R", "C", "L", "R", "L", "C", "D", "R", "D", "D", "D", "C", "C", "C", "G", "G"], "name": ["NISKANEN, MATT", "MAATTA, OLLI", "SCUDERI, ROB", "ENGELLAND, DERYK", "MARTIN, PAUL", "KOBASEW, CHUCK", "KUNITZ, CHRIS", "GLASS, TANNER", "SUTTER, BRANDON", "PYATT, TAYLOR", "NEAL, JAMES", "ADAMS, CRAIG", "JOKINEN, JUSSI", "ORPIK, BROOKS", "LETANG, KRIS", "MEGNA, JAYSON", "MALKIN, EVGENI", "CROSBY, SIDNEY", "FLEURY, MARC-ANDRE", "ZATKOFF, JEFF", "MARTINEK, RADEK", "BAILEY, JOSH", "MCDONALD, COLIN", "HICKEY, THOMAS", "CLUTTERBUCK, CAL", "REGIN, PETER", "MARTIN, MATT", "OKPOSO, KYLE", "VANEK, THOMAS", "NELSON, BROCK", "STRAIT, BRIAN", "GRABNER, MICHAEL", "DE HAAN, CALVIN", "DONOVAN, MATT", "MACDONALD, ANDREW", "NIELSEN, FRANS", "CIZIKAS, CASEY", "TAVARES, JOHN", "NILSSON, ANDERS", "POULIN, KEVIN"], "G": [0, "1", 0, 0, 0, 0, "1", 0, "1", 0, 0, 0, 0, 0, "1", 0, "1", "1", 0, 0, 0, "1", 0, 0, 0, 0, 0, "1", 0, "1", 0, "1", 0, 0, 0, 0, 0, 0, 0, 0], "A": ["2", "1", 0, 0, 0, 0, "2", 0, 0, 0, "2", 0, 0, 0, 0, 0, 0, "2", 0, 0, 0, 0, 0, "1", 0, "1", 0, 0, 0, 0, 0, "1", 0, "1", 0, "1", 0, "1", 0, 0], "P": ["2", "2", 0, 0, 0, 0, "3", 0, "1", 0, "2", 0, 0, 0, "1", 0, "1", "3", 0, 0, 0, "1", 0, "1", 0, "1", 0, "1", 0, "1", 0, "2", 0, "1", 0, "1", 0, "1", 0, 0], "+/-": ["+3", "+3", 0, "-2", "-2", "+1", "+3", "-1", "-1", "-2", "+1", "+1", "+1", "-2", 0, "-1", "+1", "+2", 0, 0, "+3", 0, "-1", "+4", "-1", 0, "-1", "-2", "-1", "+1", "-3", "+1", "-1", 0, "-4", "+1", "-1", "-1", 0, 0], "PN": [0, "1", 0, 0, 0, 0, 0, "2", 0, 0, 0, 0, 0, 0, "1", 0, 0, 0, 0, 0, 0, 0, 0, 0, 0, 0, "2", 0, 0, 0, 0, 0, "1", 0, 0, 0, 0, 0, 0, 0], "PIM": [0, "2", 0, 0, 0, 0, 0, "7", 0, 0, 0, 0, 0, 0, "2", 0, 0, 0, 0, 0, 0, 0, 0, 0, 0, 0, "7", 0, 0, 0, 0, 0, "2", 0, 0, 0, 0, 0, 0, 0], "TOT": ["15:21", "16:01", "18:54", "06:29", "23:46", "14:56", "16:41", "10:16", "18:18", "14:05", "18:54", "11:02", "17:50", "23:48", "19:01", "08:19", "21:20", "18:59", 0, "60:00", "14:53", "15:37", "10:08", "16:28", "13:33", "12:05", "09:14", "23:19", "22:47", "14:10", "17:03", "12:00", "21:22", "22:06", "22:02", "17:03", "11:04", "22:36", 0, "59:04"], "SHF": ["20", "21", "22", "7", "25", "20", "22", "18", "22", "18", "20", "15", "20", "25", "20", "11", "22", "23", 0, 0, "20", "19", "19", "24", "20", "19", "19", "20", "23", "20", "20", "17", "30", "28", "28", "22", "22", "21", 0, 0], "AVG TOI/SH": ["00:46", "00:45", "00:51", "00:55", "00:57", "00:44", "00:45", "00:34", "00:49", "00:46", "00:56", "00:44", "00:53", "00:57", "00:57", "00:45", "00:58", "00:49", 0, 0, "00:44", "00:49", "00:32", "00:41", "00:40", "00:38", "00:29", "01:09", "00:59", "00:42", "00:51", "00:42", "00:42", "00:47", "00:47", "00:46", "00:30", "01:04", 0, 0], "PP": ["01:00", "00:00", "00:00", "00:00", "00:50", "00:00", "02:26", "00:00", "00:38", "00:38", "02:26", "00:00", "01:00", "00:00", "02:36", "00:00", "02:48", "02:48", 0, "03:26", "00:00", "02:44", "00:00", "00:00", "01:07", "00:09", "00:00", "04:18", "04:08", "01:24", "00:00", "00:00", "00:46", "00:53", "03:41", "03:26", "00:00", "03:19", 0, "05:11"], "SH": ["00:00", "00:14", "02:08", "00:00", "02:23", "01:48", "00:36", "00:44", "03:51", "00:00", "00:00", "03:23", "00:00", "03:33", "01:15", "00:00", "00:00", "00:00", 0, "05:11", "00:00", "00:00", "00:00", "00:29", "02:36", "00:00", "00:00", "00:00", "00:00", "00:00", "03:01", "00:54", "00:00", "00:25", "02:57", "02:04", "01:18", "00:00", 0, "03:26"], "EV": ["14:21", "15:47", "16:46", "06:29", "20:33", "13:08", "13:39", "09:32", "13:49", "13:27", "16:28", "07:39", "16:50", "20:15", "15:10", "08:19", "18:32", "16:11", 0, "51:23", "14:53", "12:53", "10:08", "15:59", "09:50", "11:56", "09:14", "19:01", "18:39", "12:46", "14:02", "11:06", "20:36", "20:48", "15:24", "11:33", "09:46", "19:17", 0, "50:27"], "S": [0, "2", 0, 0, "2", 0, "3", "1", "4", "1", "5", 0, 0, "1", "4", 0, "2", "4", 0, 0, 0, "1", "1", "2", "3", "4", "1", "4", "3", "2", "2", "2", "2", "1", 0, "1", 0, "5", 0, 0], "A/B": [0, 0, 0, 0, 0, 0, 0, "1", 0, 0, "4", 0, "1", 0, "1", 0, "1", 0, 0, 0, "2", 0, 0, 0, 0, 0, "1", "6", "2", "1", 0, 0, "1", "2", 0, "2", 0, 0, 0, 0], "MS": [0, "3", 0, 0, 0, 0, "1", 0, 0, "1", "2", 0, "2", 0, "1", 0, "2", "4", 0, 0, "1", 0, "2", "1", "1", 0, 0, 0, "1", 0, "1", "2", 0, "1", "1", 0, 0, "1", 0, 0], "HT": [0, 0, "1", "2", 0, "4", "2", 0, "1", "1", "1", 0, 0, 0, 0, "1", 0, 0, 0, 0, 0, "3", "2", "1", "4", "1", "1", 0, 0, "2", "1", 0, 0, "3", 0, "1", "3", 0, 0, 0], "GV": [0, 0, "1", 0, 0, 0, "1", 0, 0, 0, "2", 0, "2", "2", "2", "1", "1", "2", 0, 0, 0, "4", 0, "2", 0, "1", "1", "1", "2", 0, "1", 0, 0, "2", "2", 0, "1", "1", 0, 0], "TK": [0, 0, 0, "1", 0, "1", 0, 0, 0, "1", "2", 0, 0, "1", 0, 0, "1", 0, 0, 0, 0, 0, "1", 0, 0, 0, 0, "2", 0, 0, "2", 0, 0, 0, "1", 0, 0, "1", 0, 0], "BS": [0, "2", "3", "1", "1", 0, 0, 0, 0, 0, "1", "1", "2", "4", 0, 0, 0, "2", 0, 0, 0, "1", 0, "1", "1", 0, 0, 0, 0, 0, 0, 0, 0, "1", "3", 0, "1", 0, 0, 0], "FW": [0, 0, 0, 0, 0, 0, 0, 0, "12", "1", "1", "1", "1", 0, 0, 0, "10", "16", 0, 0, 0, "3", "0", 0, 0, 0, 0, "2", 0, "3", 0, 0, 0, 0, 0, "5", "10", "7", 0, 0], "FL": [0, 0, 0, 0, 0, 0, 0, 0, "11", "0", "0", "1", "1", 0, 0, 0, "11", "6", 0, 0, 0, "2", "1", 0, 0, 0, 0, "4", 0, "4", 0, 0, 0, 0, 0, "8", "6", "17", 0, 0], "F%": [0, 0, 0, 0, 0, 0, 0, 0, "52", "100", "100", "50", "50", 0, 0, 0, "48", "73", 0, 0, 0, "60", "0", 0, 0, 0, 0, "33", 0, "43", 0, 0, 0, 0, 0, "38", "63", "29", 0, 0], "team": ["PITTSBURGH PENGUINS ", "PITTSBURGH PENGUINS ", "PITTSBURGH PENGUINS ", "PITTSBURGH PENGUINS ", "PITTSBURGH PENGUINS ", "PITTSBURGH PENGUINS ", "PITTSBURGH PENGUINS ", "PITTSBURGH PENGUINS ", "PITTSBURGH PENGUINS ", "PITTSBURGH PENGUINS ", "PITTSBURGH PENGUINS ", "PITTSBURGH PENGUINS ", "PITTSBURGH PENGUINS ", "PITTSBURGH PENGUINS ", "PITTSBURGH PENGUINS ", "PITTSBURGH PENGUINS ", "PITTSBURGH PENGUINS ", "PITTSBURGH PENGUINS ", "PITTSBURGH PENGUINS ", "PITTSBURGH PENGUINS ", "NEW YORK ISLANDERS ", "NEW YORK ISLANDERS ", "NEW YORK ISLANDERS ", "NEW YORK ISLANDERS ", "NEW YORK ISLANDERS ", "NEW YORK ISLANDERS ", "NEW YORK ISLANDERS ", "NEW YORK ISLANDERS ", "NEW YORK ISLANDERS ", "NEW YORK ISLANDERS ", "NEW YORK ISLANDERS ", "NEW YORK ISLANDERS ", "NEW YORK ISLANDERS ", "NEW YORK ISLANDERS ", "NEW YORK ISLANDERS ", "NEW YORK ISLANDERS ", "NEW YORK ISLANDERS ", "NEW YORK ISLANDERS ", "NEW YORK ISLANDERS ", "NEW YORK ISLANDERS "], "GA": [0, 0, 0, 0, 0, 0, 0, 0, 0, 0, 0, 0, 0, 0, 0, 0, 0, 0, 0.0, "4", 0, 0, 0, 0, 0, 0, 0, 0, 0, 0, 0, 0, 0, 0, 0, 0, 0, 0, 0, "5"], "SA": [0, 0, 0, 0, 0, 0, 0, 0, 0, 0, 0, 0, 0, 0, 0, 0, 0, 0, 0.0, "34", 0, 0, 0, 0, 0, 0, 0, 0, 0, 0, 0, 0, 0, 0, 0, 0, 0, 0, 0, "28"]}}