{"game_info": {"date": "2013-10-08", "visitor": "TAMPA BAY LIGHTNING ", "home": "BUFFALO SABRES ", "game_id": 41, "status": "final"}, "player_stats": {"number": ["2", "3", "6", "7", "9", "11", "12", "16", "17", "18", "19", "25", "26", "44", "51", "76", "77", "91", "30", "39", "3", "4", "6", "9", "10", "12", "19", "21", "25", "26", "28", "32", "36", "55", "57", "63", "65", "82", "1", "30"], "position": ["D", "D", "D", "D", "C", "C", "L", "R", "C", "L", "R", "D", "R", "C", "C", "L", "D", "C", "G", "G", "D", "D", "D", "C", "D", "C", "C", "R", "C", "L", "C", "L", "R", "D", "D", "C", "C", "L", "G", "G"], "name": ["BREWER, ERIC", "AULIE, KEITH", "SALO, SAMI", "GUDAS, RADKO", "JOHNSON, TYLER", "PYATT, TOM", "MALONE, RYAN", "PURCELL, TEDDY", "KILLORN, ALEX", "PALAT, ONDREJ", "CROMBEEN, B.J.", "CARLE, MATTHEW", "ST LOUIS, MARTIN", "THOMPSON, NATE", "FILPPULA, VALTTERI", "LABRIE, PIERRE-CEDRIC", "HEDMAN, VICTOR", "STAMKOS, STEVEN", "BISHOP, BEN", "LINDBACK, ANDERS", "PYSYK, MARK", "MCBAIN, JAMIE", "WEBER, MIKE", "OTT, STEVE", "EHRHOFF, CHRISTIAN", "PORTER, KEVIN", "HODGSON, CODY", "STAFFORD, DREW", "GRIGORENKO, MIKHAIL", "VANEK, THOMAS", "GIRGENSONS, ZEMGUS", "SCOTT, JOHN", "KALETA, PATRICK", "RISTOLAINEN, RASMUS", "MYERS, TYLER", "ENNIS, TYLER", "FLYNN, BRIAN", "FOLIGNO, MARCUS", "ENROTH, JHONAS", "MILLER, RYAN"], "G": [0, 0, 0, 0, "1", 0, 0, "1", "1", 0, 0, 0, 0, 0, 0, 0, 0, 0, 0, 0, 0, "1", 0, 0, 0, 0, "1", 0, 0, 0, 0, 0, 0, 0, 0, 0, 0, 0, 0, 0], "A": ["1", 0, 0, 0, 0, 0, "1", 0, 0, "1", 0, 0, "1", 0, "1", 0, "1", 0, 0, 0, 0, "1", 0, 0, 0, 0, "1", 0, 0, "2", 0, 0, 0, 0, 0, 0, 0, 0, 0, 0], "P": ["1", 0, 0, 0, "1", 0, "1", "1", "1", "1", 0, 0, "1", 0, "1", 0, "1", 0, 0, 0, 0, "2", 0, 0, 0, 0, "2", 0, 0, "2", 0, 0, 0, 0, 0, 0, 0, 0, 0, 0], "+/-": ["+1", 0, 0, "+1", "+1", 0, 0, "+1", "+1", "+1", 0, "+1", 0, 0, "+1", 0, "+1", 0, 0, 0, "-1", 0, "-1", 0, "-1", 0, "-1", 0, "-1", "-1", 0, "-1", "-1", 0, "-1", 0, 0, 0, 0, 0], "PN": ["1", 0, 0, "3", 0, 0, "1", 0, 0, 0, 0, 0, 0, 0, 0, "1", "1", 0, 0, 0, 0, 0, "1", "1", 0, 0, 0, 0, 0, "1", 0, 0, 0, 0, "1", "1", 0, "1", 0, 0], "PIM": ["2", 0, 0, "9", 0, 0, "5", 0, 0, 0, 0, 0, 0, 0, 0, "2", "5", 0, 0, 0, 0, 0, "5", "5", 0, 0, 0, 0, 0, "2", 0, 0, 0, 0, "2", "2", 0, "5", 0, 0], "TOT": ["16:17", "12:41", "24:31", "21:35", "14:29", "13:15", "14:17", "14:50", "18:14", "14:08", "09:43", "23:57", "21:16", "12:08", "20:09", "08:53", "20:50", "19:54", "61:50", 0, "17:42", "21:20", "18:34", "14:49", "26:43", "12:59", "18:21", "20:19", "08:07", "18:25", "13:28", "04:22", "08:14", "16:35", "22:57", "24:27", "15:15", "20:21", "61:50", 0], "SHF": ["24", "17", "31", "28", "21", "17", "21", "21", "22", "20", "14", "31", "26", "16", "26", "12", "26", "26", 0, 0, "29", "24", "27", "20", "33", "18", "23", "24", "11", "21", "19", "5", "12", "20", "28", "26", "21", "22", 0, 0], "AVG TOI/SH": ["00:40", "00:44", "00:47", "00:46", "00:41", "00:46", "00:40", "00:42", "00:49", "00:42", "00:41", "00:46", "00:49", "00:45", "00:46", "00:44", "00:48", "00:45", 0, 0, "00:36", "00:53", "00:41", "00:44", "00:48", "00:43", "00:47", "00:50", "00:44", "00:52", "00:42", "00:52", "00:41", "00:49", "00:49", "00:56", "00:43", "00:55", 0, 0], "PP": ["00:01", "00:00", "02:45", "00:00", "01:56", "01:47", "02:34", "02:18", "01:47", "00:00", "00:01", "01:43", "02:34", "00:01", "01:47", "00:01", "00:01", "02:34", "04:22", 0, "01:15", "04:24", "00:00", "02:07", "04:58", "00:00", "04:24", "01:49", "00:00", "04:24", "00:00", "00:00", "00:00", "00:00", "01:49", "04:06", "00:00", "01:49", "06:13", 0], "SH": ["01:11", "00:32", "04:03", "00:59", "01:07", "01:36", "00:00", "00:00", "00:00", "01:59", "00:48", "02:10", "01:55", "01:35", "01:38", "00:00", "03:31", "01:48", "06:13", 0, "01:09", "01:00", "01:52", "02:34", "02:25", "01:10", "01:24", "00:33", "00:00", "00:05", "00:05", "00:00", "01:22", "01:05", "01:13", "00:00", "01:31", "00:00", "04:22", 0], "EV": ["15:05", "12:09", "17:43", "20:36", "11:26", "09:52", "11:43", "12:32", "16:27", "12:09", "08:54", "20:04", "16:47", "10:32", "16:44", "08:52", "17:18", "15:32", "51:15", 0, "15:18", "15:56", "16:42", "10:08", "19:20", "11:49", "12:33", "17:57", "08:07", "13:56", "13:23", "04:22", "06:52", "15:30", "19:55", "20:21", "13:44", "18:32", "51:15", 0], "S": ["2", 0, "1", 0, "4", "1", "2", "2", "4", "4", "2", "3", "2", "1", "1", 0, "2", "3", 0, 0, "3", "1", "1", "1", "1", 0, "6", "3", 0, "2", "1", 0, 0, 0, 0, "2", "1", "1", 0, 0], "A/B": [0, "1", "1", 0, "2", 0, 0, "1", "2", 0, 0, "1", "2", 0, 0, 0, "1", "3", 0, 0, "1", 0, "2", "1", 0, "3", 0, "1", 0, "1", 0, 0, 0, 0, "2", 0, 0, 0, 0, 0], "MS": [0, 0, "2", "1", 0, 0, 0, "1", "1", 0, 0, "1", "1", 0, 0, 0, 0, "2", 0, 0, 0, 0, 0, 0, "1", "2", 0, "1", 0, "2", 0, 0, "1", 0, "3", "1", 0, "1", 0, 0], "HT": [0, "1", 0, "2", 0, "1", 0, 0, 0, "3", "1", 0, 0, "2", 0, "1", "1", "1", 0, 0, "1", "1", "4", "2", 0, "4", 0, 0, 0, 0, "2", 0, "3", "1", "2", 0, 0, "7", 0, 0], "GV": [0, 0, 0, 0, "1", 0, "1", 0, 0, "1", 0, "1", "1", 0, 0, 0, 0, 0, 0, 0, 0, 0, "1", 0, 0, 0, "1", "1", 0, "1", 0, 0, "1", 0, 0, "1", 0, "1", 0, 0], "TK": [0, 0, 0, 0, 0, 0, 0, 0, 0, 0, "1", 0, 0, 0, 0, "1", 0, 0, 0, 0, "1", 0, 0, 0, 0, "1", 0, "1", "1", "1", 0, 0, 0, 0, 0, "1", 0, "1", 0, 0], "BS": ["1", 0, "3", "2", 0, 0, "1", 0, 0, 0, 0, 0, "2", 0, 0, 0, "1", "1", 0, 0, "1", "1", "2", "1", "2", 0, 0, 0, 0, 0, 0, 0, 0, "2", "1", "3", "1", 0, 0, 0], "FW": [0, 0, 0, 0, "8", "1", 0, "0", 0, 0, 0, 0, "1", "2", "15", 0, 0, "5", 0, 0, 0, 0, 0, "4", 0, "3", "7", "1", "3", 0, 0, 0, 0, 0, 0, "3", "2", "3", 0, 0], "FL": [0, 0, 0, 0, "5", "0", 0, "1", 0, 0, 0, 0, "2", "4", "8", 0, 0, "6", 0, 0, 0, 0, 0, "4", 0, "3", "12", "0", "4", 0, 0, 0, 0, 0, 0, "8", "0", "1", 0, 0], "F%": [0, 0, 0, 0, "62", "100", 0, "0", 0, 0, 0, 0, "33", "33", "65", 0, 0, "45", 0, 0, 0, 0, 0, "50", 0, "50", "37", "100", "43", 0, 0, 0, 0, 0, 0, "27", "100", "75", 0, 0], "team": ["TAMPA BAY LIGHTNING ", "TAMPA BAY LIGHTNING ", "TAMPA BAY LIGHTNING ", "TAMPA BAY LIGHTNING ", "TAMPA BAY LIGHTNING ", "TAMPA BAY LIGHTNING ", "TAMPA BAY LIGHTNING ", "TAMPA BAY LIGHTNING ", "TAMPA BAY LIGHTNING ", "TAMPA BAY LIGHTNING ", "TAMPA BAY LIGHTNING ", "TAMPA BAY LIGHTNING ", "TAMPA BAY LIGHTNING ", "TAMPA BAY LIGHTNING ", "TAMPA BAY LIGHTNING ", "TAMPA BAY LIGHTNING ", "TAMPA BAY LIGHTNING ", "TAMPA BAY LIGHTNING ", "TAMPA BAY LIGHTNING ", "TAMPA BAY LIGHTNING ", "BUFFALO SABRES ", "BUFFALO SABRES ", "BUFFALO SABRES ", "BUFFALO SABRES ", "BUFFALO SABRES ", "BUFFALO SABRES ", "BUFFALO SABRES ", "BUFFALO SABRES ", "BUFFALO SABRES ", "BUFFALO SABRES ", "BUFFALO SABRES ", "BUFFALO SABRES ", "BUFFALO SABRES ", "BUFFALO SABRES ", "BUFFALO SABRES ", "BUFFALO SABRES ", "BUFFALO SABRES ", "BUFFALO SABRES ", "BUFFALO SABRES ", "BUFFALO SABRES "], "GA": [0, 0, 0, 0, 0, 0, 0, 0, 0, 0, 0, 0, 0, 0, 0, 0, 0, 0, "2", 0, 0, 0, 0, 0, 0, 0, 0, 0, 0, 0, 0, 0, 0, 0, 0, 0, 0, 0, "3", 0], "SA": [0, 0, 0, 0, 0, 0, 0, 0, 0, 0, 0, 0, 0, 0, 0, 0, 0, 0, "23", 0, 0, 0, 0, 0, 0, 0, 0, 0, 0, 0, 0, 0, 0, 0, 0, 0, 0, 0, "34", 0]}}