{"game_info": {"date": "2013-11-27", "visitor": "NASHVILLE PREDATORS ", "home": "COLUMBUS BLUE JACKETS ", "game_id": 369, "status": "final"}, "player_stats": {"number": ["3", "4", "6", "7", "8", "11", "12", "13", "15", "16", "24", "25", "26", "28", "33", "57", "59", "64", "30", "39", "5", "7", "11", "13", "14", "18", "19", "21", "27", "38", "39", "42", "43", "47", "51", "55", "58", "71", "31", "72"], "position": ["D", "D", "D", "C", "D", "C", "C", "C", "C", "L", "L", "L", "C", "C", "C", "L", "D", "D", "G", "G", "R", "D", "L", "R", "L", "C", "C", "D", "D", "C", "C", "C", "C", "D", "D", "C", "D", "L", "G", "G"], "name": ["JONES, SETH", "ELLIS, RYAN", "WEBER, SHEA", "CULLEN, MATT", "KLEIN, KEVIN", "LEGWAND, DAVID", "FISHER, MIKE", "SPALING, NICK", "SMITH, CRAIG", "CLUNE, RICH", "NYSTROM, ERIC", "STALBERG, VIKTOR", "HENDRICKS, MATT", "GAUSTAD, PAUL", "WILSON, COLIN", "BOURQUE, GABRIEL", "JOSI, ROMAN", "BARTLEY, VICTOR", "HUTTON, CARTER", "MAZANEC, MAREK", "SKILLE, JACK", "JOHNSON, JACK", "CALVERT, MATT", "ATKINSON, CAM", "COMEAU, BLAKE", "UMBERGER, RJ", "JOHANSEN, RYAN", "WISNIEWSKI, JAMES", "MURRAY, RYAN", "JENNER, BOONE", "CHAPUT, MICHAEL", "ANISIMOV, ARTEM", "COLLINS, SEAN", "PROUT, DALTON", "TYUTIN, FEDOR", "LETESTU, MARK", "SAVARD, DAVID", "FOLIGNO, NICK", "MCELHINNEY, CURTIS", "BOBROVSKY, SERGEI"], "G": [0, 0, 0, "1", 0, "1", "1", "1", 0, 0, 0, 0, 0, 0, 0, 0, 0, 0, 0, 0, 0, 0, 0, 0, 0, 0, 0, 0, 0, 0, 0, 0, 0, 0, 0, 0, 0, 0, 0, 0], "A": [0, "2", 0, "1", 0, 0, 0, "1", 0, 0, 0, "1", 0, 0, 0, "2", "1", 0, 0, 0, 0, 0, 0, 0, 0, 0, 0, 0, 0, 0, 0, 0, 0, 0, 0, 0, 0, 0, 0, 0], "P": [0, "2", 0, "2", 0, "1", "1", "2", 0, 0, 0, "1", 0, 0, 0, "2", "1", 0, 0, 0, 0, 0, 0, 0, 0, 0, 0, 0, 0, 0, 0, 0, 0, 0, 0, 0, 0, 0, 0, 0], "+/-": [0, "+3", 0, "+2", "+3", "+1", 0, "+2", "+2", 0, 0, "+1", 0, 0, 0, "+1", 0, 0, 0, 0, 0, "-1", "-1", "-1", "-1", 0, 0, "-1", "-1", "-1", 0, "-2", "-1", "-1", "-1", "-1", "-1", "-1", 0, 0], "PN": [0, 0, 0, 0, 0, 0, 0, 0, "1", "1", 0, 0, 0, 0, 0, 0, 0, 0, 0, 0, 0, 0, 0, "1", "1", 0, 0, 0, 0, 0, 0, 0, 0, 0, 0, 0, "1", 0, 0, 0], "PIM": [0, 0, 0, 0, 0, 0, 0, 0, "2", "2", 0, 0, 0, 0, 0, 0, 0, 0, 0, 0, 0, 0, 0, "2", "2", 0, 0, 0, 0, 0, 0, 0, 0, 0, 0, 0, "2", 0, 0, 0], "TOT": ["18:47", "18:12", "22:55", "14:24", "16:39", "13:47", "15:49", "15:03", "14:39", "12:36", "15:30", "12:52", "16:23", "16:30", "14:40", "15:20", "23:09", "20:18", 0, "60:00", "08:45", "21:03", "16:53", "14:22", "14:25", "15:01", "20:06", "22:38", "21:23", "17:03", "08:12", "15:29", "08:25", "17:20", "20:25", "16:46", "17:15", "19:04", 0, "60:00"], "SHF": ["21", "21", "24", "19", "21", "17", "18", "23", "19", "16", "18", "16", "17", "17", "17", "19", "24", "22", 0, 0, "12", "24", "23", "18", "19", "21", "22", "23", "23", "19", "12", "21", "12", "20", "24", "22", "20", "21", 0, 0], "AVG TOI/SH": ["00:53", "00:52", "00:57", "00:45", "00:47", "00:48", "00:52", "00:39", "00:46", "00:47", "00:51", "00:48", "00:57", "00:58", "00:51", "00:48", "00:57", "00:55", 0, 0, "00:43", "00:52", "00:44", "00:47", "00:45", "00:42", "00:54", "00:59", "00:55", "00:53", "00:41", "00:44", "00:42", "00:52", "00:51", "00:45", "00:51", "00:54", 0, 0], "PP": ["02:26", "01:58", "03:25", "02:21", "00:00", "02:49", "02:44", "00:15", "02:26", "00:00", "00:15", "00:15", "00:00", "00:00", "02:26", "02:44", "02:59", "00:02", 0, "05:25", "00:00", "00:41", "01:08", "01:08", "00:00", "01:19", "01:19", "02:12", "01:46", "00:00", "00:00", "01:08", "00:00", "00:00", "00:15", "00:00", "00:00", "01:19", 0, "02:27"], "SH": ["00:35", "00:00", "01:45", "00:00", "00:43", "00:00", "00:42", "00:22", "00:00", "00:00", "00:56", "00:00", "01:09", "01:09", "00:00", "00:36", "01:09", "00:42", 0, "02:27", "00:00", "03:07", "01:44", "00:00", "00:35", "01:25", "00:46", "02:18", "01:57", "00:00", "00:00", "01:47", "00:00", "00:41", "02:47", "03:25", "00:00", "01:08", 0, "05:25"], "EV": ["15:46", "16:14", "17:45", "12:03", "15:56", "10:58", "12:23", "14:26", "12:13", "12:36", "14:19", "12:37", "15:14", "15:21", "12:14", "12:00", "19:01", "19:34", 0, "52:08", "08:45", "17:15", "14:01", "13:14", "13:50", "12:17", "18:01", "18:08", "17:40", "17:03", "08:12", "12:34", "08:25", "16:39", "17:23", "13:21", "17:15", "16:37", 0, "52:08"], "S": ["1", "1", 0, "2", 0, "5", "1", "1", "4", "1", "2", "3", "2", 0, "2", "1", "2", "1", 0, 0, "3", "2", "3", "2", 0, "1", "3", 0, 0, "1", 0, "1", "1", "1", 0, 0, 0, "1", 0, 0], "A/B": ["1", 0, 0, "1", "1", "1", "1", 0, "1", "1", 0, 0, "2", 0, 0, "1", 0, 0, 0, 0, 0, 0, "1", 0, 0, 0, 0, "3", "1", "2", 0, "1", 0, 0, 0, "1", "4", "1", 0, 0], "MS": [0, 0, "1", 0, 0, 0, 0, 0, "1", 0, 0, 0, 0, 0, 0, "1", "1", 0, 0, 0, 0, 0, 0, 0, 0, 0, 0, "2", 0, 0, "1", 0, 0, 0, "1", 0, "2", "1", 0, 0], "HT": ["1", "1", 0, "1", "2", 0, "1", "1", 0, "1", "5", "1", "3", "2", "3", 0, "1", "1", 0, 0, 0, "5", "4", 0, "5", "2", "3", 0, "1", "4", 0, "1", "1", "3", "2", "3", "1", "2", 0, 0], "GV": [0, 0, 0, "1", 0, 0, "1", 0, 0, 0, 0, "1", 0, 0, 0, 0, 0, 0, 0, "1", 0, 0, 0, 0, 0, 0, "1", 0, 0, 0, 0, "1", 0, 0, 0, 0, 0, 0, 0, 0], "TK": [0, 0, "1", "1", "1", 0, 0, "1", 0, 0, 0, 0, 0, 0, 0, 0, 0, 0, 0, 0, "1", "1", 0, 0, 0, "1", 0, 0, 0, 0, 0, 0, 0, 0, 0, 0, 0, "1", 0, 0], "BS": [0, 0, "2", 0, "1", 0, 0, 0, 0, 0, 0, "1", "2", "1", "2", "1", "2", "2", 0, 0, "1", "2", "1", "1", "1", 0, 0, 0, "1", 0, 0, 0, "1", "1", 0, 0, "1", 0, 0, 0], "FW": [0, 0, 0, "5", 0, "5", "6", "0", 0, 0, 0, 0, "0", "9", "1", 0, 0, 0, 0, 0, 0, 0, 0, 0, "1", "1", "9", 0, 0, 0, "3", "3", 0, 0, 0, "2", 0, "2", 0, 0], "FL": [0, 0, 0, "4", 0, "4", "6", "1", 0, 0, 0, 0, "2", "4", "0", 0, 0, 0, 0, 0, 0, 0, 0, 0, "0", "0", "8", 0, 0, 0, "5", "7", 0, 0, 0, "6", 0, "0", 0, 0], "F%": [0, 0, 0, "56", 0, "56", "50", "0", 0, 0, 0, 0, "0", "69", "100", 0, 0, 0, 0, 0, 0, 0, 0, 0, "100", "100", "53", 0, 0, 0, "38", "30", 0, 0, 0, "25", 0, "100", 0, 0], "team": ["NASHVILLE PREDATORS ", "NASHVILLE PREDATORS ", "NASHVILLE PREDATORS ", "NASHVILLE PREDATORS ", "NASHVILLE PREDATORS ", "NASHVILLE PREDATORS ", "NASHVILLE PREDATORS ", "NASHVILLE PREDATORS ", "NASHVILLE PREDATORS ", "NASHVILLE PREDATORS ", "NASHVILLE PREDATORS ", "NASHVILLE PREDATORS ", "NASHVILLE PREDATORS ", "NASHVILLE PREDATORS ", "NASHVILLE PREDATORS ", "NASHVILLE PREDATORS ", "NASHVILLE PREDATORS ", "NASHVILLE PREDATORS ", "NASHVILLE PREDATORS ", "NASHVILLE PREDATORS ", "COLUMBUS BLUE JACKETS ", "COLUMBUS BLUE JACKETS ", "COLUMBUS BLUE JACKETS ", "COLUMBUS BLUE JACKETS ", "COLUMBUS BLUE JACKETS ", "COLUMBUS BLUE JACKETS ", "COLUMBUS BLUE JACKETS ", "COLUMBUS BLUE JACKETS ", "COLUMBUS BLUE JACKETS ", "COLUMBUS BLUE JACKETS ", "COLUMBUS BLUE JACKETS ", "COLUMBUS BLUE JACKETS ", "COLUMBUS BLUE JACKETS ", "COLUMBUS BLUE JACKETS ", "COLUMBUS BLUE JACKETS ", "COLUMBUS BLUE JACKETS ", "COLUMBUS BLUE JACKETS ", "COLUMBUS BLUE JACKETS ", "COLUMBUS BLUE JACKETS ", "COLUMBUS BLUE JACKETS "], "GA": [0, 0, 0, 0, 0, 0, 0, 0, 0, 0, 0, 0, 0, 0, 0, 0, 0, 0, 0.0, "0", 0, 0, 0, 0, 0, 0, 0, 0, 0, 0, 0, 0, 0, 0, 0, 0, 0, 0, 0, "4"], "SA": [0, 0, 0, 0, 0, 0, 0, 0, 0, 0, 0, 0, 0, 0, 0, 0, 0, 0, 0.0, "19", 0, 0, 0, 0, 0, 0, 0, 0, 0, 0, 0, 0, 0, 0, 0, 0, 0, 0, 0, "29"]}}