{"game_info": {"date": "2014-02-01", "visitor": "NASHVILLE PREDATORS ", "home": "ST. LOUIS BLUES ", "game_id": 830, "status": "final"}, "player_stats": {"number": ["3", "4", "5", "6", "11", "12", "15", "16", "21", "24", "27", "28", "33", "41", "42", "57", "59", "84", "30", "40", "5", "9", "10", "12", "19", "20", "21", "22", "25", "27", "28", "40", "42", "46", "56", "74", "75", "91", "1", "41", 0], "position": ["D", "D", "D", "D", "C", "C", "C", "L", "C", "L", "R", "C", "C", "L", "D", "L", "D", "C", "G", "G", "D", "C", "L", "C", "D", "L", "C", "D", "R", "D", "D", "C", "R", "D", "L", "C", "R", "R", "G", "G", 0], "name": ["JONES, SETH", "ELLIS, RYAN", "DEL ZOTTO, MICHAEL", "WEBER, SHEA", "LEGWAND, DAVID", "FISHER, MIKE", "SMITH, CRAIG", "CLUNE, RICH", "MOSER, SIMON", "NYSTROM, ERIC", "HORNQVIST, PATRIC", "GAUSTAD, PAUL", "WILSON, COLIN", "BECK, TAYLOR", "EKHOLM, MATTIAS", "BOURQUE, GABRIEL", "JOSI, ROMAN", "SISSONS, COLTON", "HUTTON, CARTER", "DUBNYK, DEVAN", "JACKMAN, BARRET", "SCHWARTZ, JADEN", "MORROW, BRENDEN", "ROY, DEREK", "BOUWMEESTER, JAY", "STEEN, ALEXANDER", "BERGLUND, PATRIK", "SHATTENKIRK, KEVIN", "STEWART, CHRIS", "PIETRANGELO, ALEX", "COLE, IAN", "LAPIERRE, MAXIM", "BACKES, DAVID", "POLAK, ROMAN", "PAAJARVI, MAGNUS", "OSHIE, T.J.", "REAVES, RYAN", "TARASENKO, VLADIMIR", "ELLIOTT, BRIAN", "HALAK, JAROSLAV", "TEAM PENALTY"], "G": [0, 0, 0, 0, 0, "1", 0, 0, 0, 0, 0, "1", 0, 0, 0, 0, "1", 0, 0, 0, 0, "1", 0, 0, 0, 0, 0, 0, 0, 0, 0, 0, "1", 0, 0, 0, 0, "1", 0, 0, 0], "A": [0, 0, 0, 0, "1", 0, "1", 0, 0, "1", "1", 0, 0, 0, 0, 0, 0, 0, 0, 0, 0, 0, 0, "1", "1", 0, 0, 0, "1", "1", 0, 0, 0, 0, 0, 0, 0, "1", "1", 0, 0], "P": [0, 0, 0, 0, "1", "1", "1", 0, 0, "1", "1", "1", 0, 0, 0, 0, "1", 0, 0, 0, 0, "1", 0, "1", "1", 0, 0, 0, "1", "1", 0, 0, "1", 0, 0, 0, 0, "2", "1", 0, 0], "+/-": ["-2", 0, "-1", "+2", 0, 0, "+1", "+1", 0, 0, 0, 0, 0, 0, 0, "+1", "+2", "+1", 0, 0, "-1", "+1", "-1", "+2", 0, "-1", "-1", "-1", "-1", "+1", "-1", "-1", 0, 0, 0, "-1", "-1", "+1", 0, 0, 0], "PN": ["1", 0, 0, "1", 0, 0, 0, 0, 0, 0, 0, 0, 0, 0, "1", 0, 0, 0, 0, 0, 0, 0, 0, 0, 0, 0, 0, 0, 0, 0, 0, 0, 0, 0, 0, 0, 0, 0, 0, 0, "1"], "PIM": ["2", 0, 0, "2", 0, 0, 0, 0, 0, 0, 0, 0, 0, 0, "2", 0, 0, 0, 0, 0, 0, 0, 0, 0, 0, 0, 0, 0, 0, 0, 0, 0, 0, 0, 0, 0, 0, 0, 0, 0, "2"], "TOT": ["19:38", "15:32", "20:23", "26:34", "19:39", "22:36", "19:48", "08:29", "10:21", "19:07", "17:10", "14:17", "14:32", "13:58", "17:28", "16:47", "30:32", "08:00", "65:00", 0, "20:34", "18:51", "10:45", "16:23", "23:57", "21:18", "17:09", "24:04", "15:53", "26:14", "14:58", "11:42", "20:41", "17:01", "13:44", "18:49", "10:10", "16:04", "64:43", 0, 0], "SHF": ["26", "21", "26", "37", "25", "31", "24", "16", "16", "26", "23", "23", "20", "21", "23", "21", "36", "15", 0, 0, "26", "25", "15", "26", "30", "27", "25", "27", "23", "30", "18", "18", "26", "21", "17", "26", "13", "23", 0, 0, 0], "AVG TOI/SH": ["00:45", "00:44", "00:47", "00:43", "00:47", "00:43", "00:49", "00:31", "00:38", "00:44", "00:44", "00:37", "00:43", "00:39", "00:45", "00:47", "00:50", "00:32", 0, 0, "00:47", "00:45", "00:43", "00:37", "00:47", "00:47", "00:41", "00:53", "00:41", "00:52", "00:49", "00:39", "00:47", "00:48", "00:48", "00:43", "00:46", "00:41", 0, 0, 0], "PP": ["01:10", "00:11", "00:00", "00:50", "01:34", "01:49", "00:11", "00:00", "00:00", "00:00", "01:34", "00:00", "00:26", "00:26", "00:00", "00:00", "01:49", "00:00", "02:00", 0, "00:00", "01:38", "00:00", "02:30", "00:45", "04:16", "00:00", "04:32", "01:33", "01:49", "00:00", "00:00", "03:36", "00:00", "00:17", "03:03", "00:00", "01:49", "05:06", 0, 0], "SH": ["01:03", "00:00", "01:34", "02:54", "00:14", "02:16", "00:00", "00:17", "00:00", "03:05", "00:00", "02:56", "00:00", "00:28", "01:13", "01:02", "03:34", "00:00", "05:09", 0, "00:53", "00:26", "00:00", "00:00", "01:07", "00:41", "00:53", "00:00", "00:00", "01:07", "00:00", "00:26", "00:41", "00:53", "00:00", "00:53", "00:00", "00:00", "02:00", 0, 0], "EV": ["17:25", "15:21", "18:49", "22:50", "17:51", "18:31", "19:37", "08:12", "10:21", "16:02", "15:36", "11:21", "14:06", "13:04", "16:15", "15:45", "25:09", "08:00", "57:51", 0, "19:41", "16:47", "10:45", "13:53", "22:05", "16:21", "16:16", "19:32", "14:20", "23:18", "14:58", "11:16", "16:24", "16:08", "13:27", "14:53", "10:10", "14:15", "57:37", 0, 0], "S": ["1", "2", "2", "1", "1", "4", "3", "1", 0, "1", "7", "3", "1", 0, 0, "2", "2", 0, 0, 0, 0, "4", "1", "1", "3", "4", "1", "2", "2", "2", "1", "1", "3", "2", "1", "3", 0, "3", 0, 0, 0], "A/B": [0, 0, "2", "1", 0, 0, "4", 0, "1", "2", "2", "1", 0, 0, 0, 0, "1", 0, 0, 0, "2", "1", 0, 0, 0, 0, "4", "4", "2", 0, "1", 0, "1", "1", 0, 0, 0, 0, 0, 0, 0], "MS": ["3", 0, 0, "3", 0, "1", "4", 0, 0, "1", "1", 0, "1", "1", 0, 0, 0, "2", 0, 0, "1", "2", "1", "1", "1", "2", 0, 0, 0, "2", "1", 0, 0, 0, 0, 0, 0, "1", 0, 0, 0], "HT": [0, 0, "2", 0, "1", 0, "1", "2", "2", "3", 0, "1", "1", 0, "2", "1", "1", "1", 0, 0, "2", 0, "2", 0, 0, "1", "2", 0, "1", 0, 0, 0, "1", 0, "1", "1", "5", 0, 0, 0, 0], "GV": ["1", 0, 0, 0, 0, 0, "1", 0, 0, 0, 0, 0, 0, 0, 0, "1", 0, 0, "2", 0, 0, 0, 0, 0, 0, "1", 0, "1", "1", 0, "1", 0, 0, 0, 0, 0, "1", 0, 0, 0, 0], "TK": ["1", 0, 0, 0, "2", "1", 0, "2", 0, "1", 0, 0, 0, 0, 0, 0, 0, 0, 0, 0, "2", 0, 0, 0, "2", "1", 0, "1", "1", 0, 0, "1", "1", "1", 0, "1", "1", "1", 0, 0, 0], "BS": ["1", "2", "2", "1", 0, 0, 0, 0, 0, 0, "1", 0, 0, "1", "1", "4", "3", 0, 0, 0, "4", 0, 0, 0, 0, 0, 0, "2", "1", "3", "2", 0, 0, "1", "1", 0, 0, 0, 0, 0, 0], "FW": [0, 0, 0, 0, "8", "16", "0", 0, 0, 0, 0, "4", "5", 0, 0, 0, 0, "3", 0, 0, 0, "0", "0", "4", 0, "4", "3", 0, 0, 0, 0, "2", "10", 0, 0, "1", "0", 0, 0, 0, 0], "FL": [0, 0, 0, 0, "9", "4", "1", 0, 0, 0, 0, "6", "3", 0, 0, 0, 0, "1", 0, 0, 0, "3", "1", "8", 0, "5", "6", 0, 0, 0, 0, "4", "7", 0, 0, "1", "1", 0, 0, 0, 0], "F%": [0, 0, 0, 0, "47", "80", "0", 0, 0, 0, 0, "40", "63", 0, 0, 0, 0, "75", 0, 0, 0, "0", "0", "33", 0, "44", "33", 0, 0, 0, 0, "33", "59", 0, 0, "50", "0", 0, 0, 0, 0], "team": ["NASHVILLE PREDATORS ", "NASHVILLE PREDATORS ", "NASHVILLE PREDATORS ", "NASHVILLE PREDATORS ", "NASHVILLE PREDATORS ", "NASHVILLE PREDATORS ", "NASHVILLE PREDATORS ", "NASHVILLE PREDATORS ", "NASHVILLE PREDATORS ", "NASHVILLE PREDATORS ", "NASHVILLE PREDATORS ", "NASHVILLE PREDATORS ", "NASHVILLE PREDATORS ", "NASHVILLE PREDATORS ", "NASHVILLE PREDATORS ", "NASHVILLE PREDATORS ", "NASHVILLE PREDATORS ", "NASHVILLE PREDATORS ", "NASHVILLE PREDATORS ", "NASHVILLE PREDATORS ", "ST. LOUIS BLUES ", "ST. LOUIS BLUES ", "ST. LOUIS BLUES ", "ST. LOUIS BLUES ", "ST. LOUIS BLUES ", "ST. LOUIS BLUES ", "ST. LOUIS BLUES ", "ST. LOUIS BLUES ", "ST. LOUIS BLUES ", "ST. LOUIS BLUES ", "ST. LOUIS BLUES ", "ST. LOUIS BLUES ", "ST. LOUIS BLUES ", "ST. LOUIS BLUES ", "ST. LOUIS BLUES ", "ST. LOUIS BLUES ", "ST. LOUIS BLUES ", "ST. LOUIS BLUES ", "ST. LOUIS BLUES ", "ST. LOUIS BLUES ", "ST. LOUIS BLUES "], "GA": [0, 0, 0, 0, 0, 0, 0, 0, 0, 0, 0, 0, 0, 0, 0, 0, 0, 0, "3", 0, 0, 0, 0, 0, 0, 0, 0, 0, 0, 0, 0, 0, 0, 0, 0, 0, 0, 0, "3", 0, 0], "SA": [0, 0, 0, 0, 0, 0, 0, 0, 0, 0, 0, 0, 0, 0, 0, 0, 0, 0, "34", 0, 0, 0, 0, 0, 0, 0, 0, 0, 0, 0, 0, 0, 0, 0, 0, 0, 0, 0, "31", 0, 0]}}