{"game_info": {"date": "2013-12-07", "visitor": "CALGARY FLAMES ", "home": "EDMONTON OILERS ", "game_id": 447, "status": "final"}, "player_stats": {"number": ["3", "4", "5", "7", "8", "11", "13", "16", "17", "18", "19", "22", "24", "32", "44", "47", "54", "55", "29", "31", "2", "4", "14", "15", "19", "20", "21", "26", "28", "36", "51", "57", "64", "83", "85", "89", "93", "94", "1", "40"], "position": ["D", "D", "D", "D", "C", "C", "L", "R", "L", "C", "C", "R", "C", "C", "D", "L", "R", "D", "G", "G", "D", "L", "C", "D", "D", "L", "D", "R", "L", "D", "C", "L", "R", "R", "D", "C", "C", "L", "G", "G"], "name": ["SMID, LADISLAV", "RUSSELL, KRIS", "GIORDANO, MARK", "BRODIE, TJ", "COLBORNE, JOE", "BACKLUND, MIKAEL", "CAMMALLERI, MIKE", "MCGRATTAN, BRIAN", "BOUMA, LANCE", "STAJAN, MATT", "JONES, BLAIR", "STEMPNIAK, LEE", "HUDLER, JIRI", "BYRON, PAUL", "BUTLER, CHRIS", "BAERTSCHI, SVEN", "JONES, DAVID", "O'BRIEN, SHANE", "BERRA, RETO", "RAMO, KARRI", "PETRY, JEFF", "HALL, TAYLOR", "EBERLE, JORDAN", "SCHULTZ, NICK", "SCHULTZ, JUSTIN", "GAZDIC, LUKE", "FERENCE, ANDREW", "ARCOBELLO, MARK", "JONES, RYAN", "LARSEN, PHILIP", "LANDER, ANTON", "PERRON, DAVID", "YAKUPOV, NAIL", "HEMSKY, ALES", "MARINCIN, MARTIN", "GAGNER, SAM", "NUGENT-HOPKINS, RYAN", "SMYTH, RYAN", "LABARBERA, JASON", "DUBNYK, DEVAN"], "G": [0, 0, 0, 0, 0, 0, 0, 0, 0, 0, 0, "1", "1", 0, 0, 0, 0, 0, 0, 0, 0, "1", 0, 0, 0, 0, 0, 0, 0, 0, 0, 0, 0, 0, 0, 0, 0, 0, 0, 0], "A": [0, "1", 0, 0, 0, 0, 0, 0, 0, "1", 0, 0, 0, 0, 0, 0, 0, 0, 0, 0, 0, 0, 0, 0, 0, 0, 0, 0, 0, 0, 0, "1", 0, "1", 0, 0, 0, 0, 0, 0], "P": [0, "1", 0, 0, 0, 0, 0, 0, 0, "1", 0, "1", "1", 0, 0, 0, 0, 0, 0, 0, 0, "1", 0, 0, 0, 0, 0, 0, 0, 0, 0, "1", 0, "1", 0, 0, 0, 0, 0, 0], "+/-": [0, "+2", 0, "+1", 0, "+1", "+1", 0, "-1", 0, "-1", "+1", "+1", 0, "-1", 0, 0, 0, 0, 0, 0, "+1", "-1", 0, "-1", 0, "-1", 0, 0, "-1", 0, 0, 0, "+1", "-1", "+1", "-1", 0, 0, 0], "PN": [0, 0, "1", 0, "2", 0, 0, 0, "1", "1", "1", 0, 0, 0, 0, 0, 0, 0, 0, 0, 0, 0, 0, 0, 0, 0, 0, 0, 0, 0, 0, "1", 0, "1", 0, 0, 0, 0, 0, 0], "PIM": [0, 0, "2", 0, "4", 0, 0, 0, "2", "2", "2", 0, 0, 0, 0, 0, 0, 0, 0, 0, 0, 0, 0, 0, 0, 0, 0, 0, 0, 0, 0, "2", 0, "2", 0, 0, 0, 0, 0, 0], "TOT": ["18:00", "21:36", "26:20", "23:53", "13:15", "18:39", "17:11", "04:42", "15:51", "22:29", "13:34", "20:42", "18:27", "06:33", "28:44", "10:48", "12:01", "08:11", "63:14", 0, "06:19", "23:38", "23:57", "18:07", "27:47", "01:59", "22:21", "14:21", "05:57", "23:42", "06:21", "22:07", "13:57", "19:42", "15:58", "23:41", "23:56", "16:17", 0, "62:03"], "SHF": ["28", "30", "36", "35", "24", "32", "22", "8", "31", "31", "22", "33", "26", "12", "34", "16", "21", "12", 0, 0, "9", "32", "30", "26", "31", "4", "29", "22", "8", "30", "10", "27", "20", "24", "21", "30", "29", "22", 0, 0], "AVG TOI/SH": ["00:38", "00:43", "00:43", "00:40", "00:33", "00:34", "00:46", "00:35", "00:30", "00:43", "00:37", "00:37", "00:42", "00:32", "00:50", "00:40", "00:34", "00:40", 0, 0, "00:42", "00:44", "00:47", "00:41", "00:53", "00:29", "00:46", "00:39", "00:44", "00:47", "00:38", "00:49", "00:41", "00:49", "00:45", "00:47", "00:49", "00:44", 0, 0], "PP": ["00:00", "02:18", "02:41", "00:41", "00:13", "00:36", "02:05", "00:00", "00:05", "00:00", "00:00", "00:47", "02:18", "00:00", "00:08", "00:36", "02:02", "00:00", "02:54", 0, "00:12", "05:46", "05:33", "00:01", "05:13", "00:00", "00:10", "00:22", "00:12", "05:35", "00:12", "05:57", "03:44", "05:00", "01:27", "05:07", "05:28", "04:34", 0, "10:51"], "SH": ["03:51", "00:22", "06:45", "03:10", "00:01", "04:00", "00:00", "00:00", "05:49", "04:48", "01:59", "03:26", "00:01", "01:44", "07:40", "00:00", "00:00", "00:00", "10:54", 0, "00:55", "00:03", "00:00", "01:58", "00:52", "00:00", "02:00", "01:52", "00:51", "00:03", "00:23", "00:00", "00:00", "00:00", "00:00", "00:11", "00:00", "02:28", 0, "02:54"], "EV": ["14:09", "18:56", "16:54", "20:02", "13:01", "14:03", "15:06", "04:42", "09:57", "17:41", "11:35", "16:29", "16:08", "04:49", "20:56", "10:12", "09:59", "08:11", "49:26", 0, "05:12", "17:49", "18:24", "16:08", "21:42", "01:59", "20:11", "12:07", "04:54", "18:04", "05:46", "16:10", "10:13", "14:42", "14:31", "18:23", "18:28", "09:15", 0, "48:18"], "S": [0, 0, 0, "2", "1", 0, "4", "3", "4", 0, "1", "4", "2", "1", "1", "1", "3", 0, 0, 0, 0, "7", "3", "1", "2", 0, "1", "2", "2", "1", 0, "3", "3", "1", 0, "2", "1", "2", 0, 0], "A/B": [0, 0, "1", 0, 0, 0, "3", "1", 0, 0, "1", "2", 0, 0, 0, 0, 0, 0, 0, 0, 0, "3", "2", 0, "3", 0, "1", 0, 0, "5", 0, "2", "1", "3", 0, 0, "3", "1", 0, 0], "MS": ["1", "1", "2", 0, 0, "1", "1", 0, "1", 0, "1", "1", 0, 0, "1", 0, 0, "1", 0, 0, 0, "1", "1", "1", "3", 0, 0, 0, 0, "2", "1", "1", "3", 0, 0, "1", "2", 0, 0, 0], "HT": ["2", 0, "3", 0, "1", "2", 0, 0, "4", "1", "4", "2", 0, "1", "2", "2", "1", 0, 0, 0, 0, "2", 0, 0, 0, 0, "1", "2", "2", "2", "2", 0, "2", 0, "1", "1", "1", "2", 0, 0], "GV": [0, "1", "1", "1", 0, "1", 0, 0, 0, 0, 0, "1", 0, 0, "2", "1", 0, 0, "1", 0, 0, "2", "2", 0, "1", 0, "1", 0, "1", "1", 0, "2", "2", 0, "4", "2", 0, 0, 0, "1"], "TK": [0, 0, "1", "1", 0, 0, "1", 0, "1", "1", 0, "1", 0, 0, 0, "1", 0, 0, 0, 0, 0, "3", "1", 0, "1", 0, 0, 0, 0, 0, 0, "4", 0, "1", "1", 0, 0, 0, 0, 0], "BS": ["3", "6", "4", "1", "1", "1", 0, 0, "2", "1", 0, "1", 0, 0, "2", "2", 0, 0, 0, 0, 0, 0, 0, "3", "1", 0, "2", 0, 0, "1", 0, 0, 0, 0, 0, 0, "1", 0, 0, 0], "FW": [0, 0, 0, 0, "4", "7", 0, 0, 0, "10", "4", 0, 0, "1", 0, 0, 0, 0, 0, 0, 0, "1", 0, 0, 0, 0, 0, "0", 0, 0, "4", "1", 0, 0, 0, "10", "17", "6", 0, 0], "FL": [0, 0, 0, 0, "8", "8", 0, 0, 0, "17", "4", 0, 0, "2", 0, 0, 0, 0, 0, 0, 0, "1", 0, 0, 0, 0, 0, "5", 0, 0, "2", "0", 0, 0, 0, "9", "8", "1", 0, 0], "F%": [0, 0, 0, 0, "33", "47", 0, 0, 0, "37", "50", 0, 0, "33", 0, 0, 0, 0, 0, 0, 0, "50", 0, 0, 0, 0, 0, "0", 0, 0, "67", "100", 0, 0, 0, "53", "68", "86", 0, 0], "team": ["CALGARY FLAMES ", "CALGARY FLAMES ", "CALGARY FLAMES ", "CALGARY FLAMES ", "CALGARY FLAMES ", "CALGARY FLAMES ", "CALGARY FLAMES ", "CALGARY FLAMES ", "CALGARY FLAMES ", "CALGARY FLAMES ", "CALGARY FLAMES ", "CALGARY FLAMES ", "CALGARY FLAMES ", "CALGARY FLAMES ", "CALGARY FLAMES ", "CALGARY FLAMES ", "CALGARY FLAMES ", "CALGARY FLAMES ", "CALGARY FLAMES ", "CALGARY FLAMES ", "EDMONTON OILERS ", "EDMONTON OILERS ", "EDMONTON OILERS ", "EDMONTON OILERS ", "EDMONTON OILERS ", "EDMONTON OILERS ", "EDMONTON OILERS ", "EDMONTON OILERS ", "EDMONTON OILERS ", "EDMONTON OILERS ", "EDMONTON OILERS ", "EDMONTON OILERS ", "EDMONTON OILERS ", "EDMONTON OILERS ", "EDMONTON OILERS ", "EDMONTON OILERS ", "EDMONTON OILERS ", "EDMONTON OILERS ", "EDMONTON OILERS ", "EDMONTON OILERS "], "GA": [0, 0, 0, 0, 0, 0, 0, 0, 0, 0, 0, 0, 0, 0, 0, 0, 0, 0, "1", 0, 0, 0, 0, 0, 0, 0, 0, 0, 0, 0, 0, 0, 0, 0, 0, 0, 0, 0, 0, "2"], "SA": [0, 0, 0, 0, 0, 0, 0, 0, 0, 0, 0, 0, 0, 0, 0, 0, 0, 0, "31", 0, 0, 0, 0, 0, 0, 0, 0, 0, 0, 0, 0, 0, 0, 0, 0, 0, 0, 0, 0, "27"]}}