{"game_info": {"date": "2013-10-22", "visitor": "NASHVILLE PREDATORS ", "home": "MINNESOTA WILD ", "game_id": 134, "status": "final"}, "player_stats": {"number": ["3", "4", "6", "7", "8", "11", "13", "15", "16", "24", "25", "26", "27", "28", "33", "42", "57", "64", "30", "35", "4", "6", "9", "11", "14", "15", "17", "19", "20", "21", "22", "24", "25", "28", "29", "39", "46", "64", "32", "37"], "position": ["D", "D", "D", "C", "D", "C", "C", "C", "L", "L", "L", "C", "R", "C", "C", "D", "L", "D", "G", "G", "D", "D", "C", "L", "R", "L", "C", "L", "D", "C", "R", "L", "D", "C", "R", "D", "D", "C", "G", "G"], "name": ["JONES, SETH", "ELLIS, RYAN", "WEBER, SHEA", "CULLEN, MATT", "KLEIN, KEVIN", "LEGWAND, DAVID", "SPALING, NICK", "SMITH, CRAIG", "CLUNE, RICH", "NYSTROM, ERIC", "STALBERG, VIKTOR", "HENDRICKS, MATT", "HORNQVIST, PATRIC", "GAUSTAD, PAUL", "WILSON, COLIN", "EKHOLM, MATTIAS", "BOURQUE, GABRIEL", "BARTLEY, VICTOR", "HUTTON, CARTER", "RINNE, PEKKA", "STONER, CLAYTON", "SCANDELLA, MARCO", "KOIVU, MIKKO", "PARISE, ZACH", "FONTAINE, JUSTIN", "HEATLEY, DANY", "MITCHELL, TORREY", "VEILLEUX, STEPHANE", "SUTER, RYAN", "BRODZIAK, KYLE", "NIEDERREITER, NINO", "COOKE, MATT", "BRODIN, JONAS", "KONOPKA, ZENON", "POMINVILLE, JASON", "PROSSER, NATE", "SPURGEON, JARED", "GRANLUND, MIKAEL", "BACKSTROM, NIKLAS", "HARDING, JOSH"], "G": [0, 0, 0, 0, 0, 0, 0, 0, 0, 0, 0, 0, 0, 0, 0, 0, 0, 0, 0, 0, 0, 0, 0, 0, "1", 0, 0, 0, 0, 0, 0, 0, 0, 0, "1", 0, 0, 0, 0, 0], "A": [0, 0, 0, 0, 0, 0, 0, 0, 0, 0, 0, 0, 0, 0, 0, 0, 0, 0, 0, 0, "1", 0, "1", "2", 0, 0, 0, 0, 0, 0, 0, 0, 0, 0, 0, 0, 0, 0, 0, 0], "P": [0, 0, 0, 0, 0, 0, 0, 0, 0, 0, 0, 0, 0, 0, 0, 0, 0, 0, 0, 0, "1", 0, "1", "2", "1", 0, 0, 0, 0, 0, 0, 0, 0, 0, "1", 0, 0, 0, 0, 0], "+/-": ["-1", "-1", "-1", "-1", 0, "-1", 0, "-1", 0, "-1", 0, 0, "-1", 0, "-1", "-1", "-1", 0, 0, 0, "+1", "+1", "+2", "+2", "+1", 0, 0, 0, "+1", 0, 0, 0, 0, 0, "+1", "+1", 0, 0, 0, 0], "PN": [0, "1", "1", 0, 0, 0, 0, 0, "1", "1", 0, 0, 0, 0, 0, 0, 0, 0, 0, 0, 0, 0, 0, 0, "1", 0, 0, 0, 0, 0, 0, "1", 0, "1", 0, "1", 0, 0, 0, 0], "PIM": [0, "2", "2", 0, 0, 0, 0, 0, "5", "5", 0, 0, 0, 0, 0, 0, 0, 0, 0, 0, 0, 0, 0, 0, "2", 0, 0, 0, 0, 0, 0, "2", 0, "5", 0, "5", 0, 0, 0, 0], "TOT": ["23:32", "15:17", "25:24", "17:53", "20:43", "16:09", "17:12", "16:46", "06:36", "15:53", "14:53", "11:35", "16:38", "12:05", "15:35", "20:19", "17:03", "13:06", 0, "59:21", "20:57", "21:26", "18:32", "18:05", "16:39", "16:28", "11:28", "09:13", "28:52", "16:17", "14:16", "14:57", "01:01", "09:07", "16:40", "20:29", "24:52", "16:41", 0, "60:00"], "SHF": ["33", "25", "37", "21", "27", "19", "20", "20", "14", "21", "20", "15", "21", "16", "19", "28", "21", "23", 0, 0, "26", "27", "23", "23", "21", "17", "17", "12", "32", "23", "19", "20", "2", "15", "18", "26", "32", "19", 0, 0], "AVG TOI/SH": ["00:42", "00:36", "00:41", "00:51", "00:46", "00:51", "00:51", "00:50", "00:28", "00:45", "00:44", "00:46", "00:47", "00:45", "00:49", "00:43", "00:48", "00:34", 0, 0, "00:48", "00:47", "00:48", "00:47", "00:47", "00:58", "00:40", "00:46", "00:54", "00:42", "00:45", "00:44", "00:30", "00:36", "00:55", "00:47", "00:46", "00:52", 0, 0], "PP": ["01:50", "01:45", "02:30", "01:55", "00:00", "01:54", "00:00", "01:58", "00:16", "00:00", "01:46", "00:16", "01:49", "00:00", "02:06", "00:00", "01:55", "00:00", 0, "04:00", "00:00", "02:17", "01:49", "01:49", "02:11", "02:11", "00:00", "00:00", "01:43", "00:00", "02:11", "00:00", "00:00", "00:00", "01:49", "00:00", "01:49", "02:11", 0, "04:00"], "SH": ["01:48", "00:00", "00:59", "00:59", "02:14", "00:00", "01:41", "00:00", "00:00", "01:36", "00:00", "01:49", "00:00", "01:20", "00:00", "01:46", "00:35", "01:13", 0, "04:00", "01:52", "01:41", "01:27", "01:29", "00:00", "00:00", "01:14", "00:41", "02:08", "01:18", "00:00", "00:33", "00:00", "01:17", "00:00", "00:21", "01:58", "00:01", 0, "04:00"], "EV": ["19:54", "13:32", "21:55", "14:59", "18:29", "14:15", "15:31", "14:48", "06:20", "14:17", "13:07", "09:30", "14:49", "10:45", "13:29", "18:33", "14:33", "11:53", 0, "51:21", "19:05", "17:28", "15:16", "14:47", "14:28", "14:17", "10:14", "08:32", "25:01", "14:59", "12:05", "14:24", "01:01", "07:50", "14:51", "20:08", "21:05", "14:29", 0, "52:00"], "S": [0, "1", "2", "1", 0, "2", "1", "5", "1", "1", 0, "1", "1", 0, 0, 0, 0, 0, 0, 0, 0, "1", "3", "4", "4", "1", "2", "1", "1", "1", "3", "2", 0, 0, "3", 0, "1", "2", 0, 0], "A/B": ["2", "1", "4", "1", "2", 0, "3", 0, 0, 0, "2", "1", "1", "1", 0, "1", 0, 0, 0, 0, "2", "1", 0, "3", "2", "1", 0, "3", "4", 0, "2", 0, 0, 0, "2", 0, 0, "1", 0, 0], "MS": [0, "1", 0, 0, "1", 0, 0, 0, "1", "1", "4", "1", "1", 0, "1", 0, 0, 0, 0, 0, 0, "1", "1", "1", "1", "1", 0, "2", "2", "2", 0, "2", 0, "1", "1", "1", "2", "2", 0, 0], "HT": [0, 0, "1", 0, 0, 0, 0, 0, "3", "4", "1", "3", 0, "1", 0, "1", 0, "1", 0, 0, "3", "3", "1", "2", 0, 0, 0, 0, "1", 0, 0, "1", 0, "1", 0, "1", "3", 0, 0, 0], "GV": [0, 0, 0, 0, 0, "1", 0, 0, 0, 0, 0, 0, 0, 0, 0, 0, 0, 0, 0, "1", 0, "1", 0, 0, "1", 0, 0, 0, "1", 0, 0, 0, 0, 0, 0, "1", 0, 0, 0, "1"], "TK": [0, 0, "1", "1", 0, 0, 0, "1", 0, "1", 0, 0, 0, 0, 0, 0, 0, 0, 0, 0, 0, 0, "1", 0, 0, 0, 0, "2", 0, "1", 0, 0, 0, "1", "2", 0, "1", "2", 0, 0], "BS": ["1", 0, "4", 0, "7", "1", 0, 0, 0, "1", 0, "1", "1", "1", "1", "2", 0, "1", 0, 0, "3", "3", 0, 0, "1", 0, "1", "1", "1", 0, "2", "1", 0, 0, 0, "1", "4", "1", 0, 0], "FW": [0, 0, 0, "10", 0, "8", "6", 0, 0, 0, 0, 0, 0, "7", 0, 0, 0, 0, 0, 0, 0, 0, "6", 0, 0, 0, "0", 0, 0, "8", "0", 0, 0, "7", "0", 0, 0, "4", 0, 0], "FL": [0, 0, 0, "7", 0, "6", "9", 0, 0, 0, 0, 0, 0, "3", 0, 0, 0, 0, 0, 0, 0, 0, "8", 0, 0, 0, "1", 0, 0, "11", "1", 0, 0, "2", "3", 0, 0, "5", 0, 0], "F%": [0, 0, 0, "59", 0, "57", "40", 0, 0, 0, 0, 0, 0, "70", 0, 0, 0, 0, 0, 0, 0, 0, "43", 0, 0, 0, "0", 0, 0, "42", "0", 0, 0, "78", "0", 0, 0, "44", 0, 0], "team": ["NASHVILLE PREDATORS ", "NASHVILLE PREDATORS ", "NASHVILLE PREDATORS ", "NASHVILLE PREDATORS ", "NASHVILLE PREDATORS ", "NASHVILLE PREDATORS ", "NASHVILLE PREDATORS ", "NASHVILLE PREDATORS ", "NASHVILLE PREDATORS ", "NASHVILLE PREDATORS ", "NASHVILLE PREDATORS ", "NASHVILLE PREDATORS ", "NASHVILLE PREDATORS ", "NASHVILLE PREDATORS ", "NASHVILLE PREDATORS ", "NASHVILLE PREDATORS ", "NASHVILLE PREDATORS ", "NASHVILLE PREDATORS ", "NASHVILLE PREDATORS ", "NASHVILLE PREDATORS ", "MINNESOTA WILD ", "MINNESOTA WILD ", "MINNESOTA WILD ", "MINNESOTA WILD ", "MINNESOTA WILD ", "MINNESOTA WILD ", "MINNESOTA WILD ", "MINNESOTA WILD ", "MINNESOTA WILD ", "MINNESOTA WILD ", "MINNESOTA WILD ", "MINNESOTA WILD ", "MINNESOTA WILD ", "MINNESOTA WILD ", "MINNESOTA WILD ", "MINNESOTA WILD ", "MINNESOTA WILD ", "MINNESOTA WILD ", "MINNESOTA WILD ", "MINNESOTA WILD "], "GA": [0, 0, 0, 0, 0, 0, 0, 0, 0, 0, 0, 0, 0, 0, 0, 0, 0, 0, 0.0, "1", 0, 0, 0, 0, 0, 0, 0, 0, 0, 0, 0, 0, 0, 0, 0, 0, 0, 0, 0, "0"], "SA": [0, 0, 0, 0, 0, 0, 0, 0, 0, 0, 0, 0, 0, 0, 0, 0, 0, 0, 0.0, "28", 0, 0, 0, 0, 0, 0, 0, 0, 0, 0, 0, 0, 0, 0, 0, 0, 0, 0, 0, "16"]}}