{"game_info": {"date": "2014-03-30", "visitor": "NEW YORK RANGERS ", "home": "EDMONTON OILERS ", "game_id": 1124, "status": "final"}, "player_stats": {"number": ["4", "5", "6", "8", "13", "15", "16", "18", "19", "21", "22", "26", "27", "28", "36", "61", "62", "67", "30", "33", 0, "2", "4", "5", "14", "19", "20", "23", "27", "36", "51", "57", "68", "77", "84", "85", "89", "93", "94", "30", "35"], "position": ["D", "D", "D", "D", "L", "R", "C", "D", "C", "C", "C", "R", "D", "C", "C", "L", "L", "L", "G", "G", 0, "D", "L", "D", "C", "D", "L", "C", "C", "D", "C", "L", "C", "D", "D", "D", "C", "C", "L", "G", "G"], "name": ["DIAZ, RAPHAEL", "GIRARDI, DAN", "STRALMAN, ANTON", "KLEIN, KEVIN", "CARCILLO, DANIEL", "DORSETT, DEREK", "BRASSARD, DERICK", "STAAL, MARC", "RICHARDS, BRAD", "STEPAN, DEREK", "BOYLE, BRIAN", "ST. LOUIS, MARTIN", "MCDONAGH, RYAN", "MOORE, DOMINIC", "ZUCCARELLO, MATS", "NASH, RICK", "HAGELIN, CARL", "POULIOT, BENOIT", "LUNDQVIST, HENRIK", "TALBOT, CAM", "TEAM PENALTY", "PETRY, JEFF", "HALL, TAYLOR", "FRASER, MARK", "EBERLE, JORDAN", "SCHULTZ, JUSTIN", "GAZDIC, LUKE", "HENDRICKS, MATT", "GORDON, BOYD", "LARSEN, PHILIP", "LANDER, ANTON", "PERRON, DAVID", "PITLICK, TYLER", "BELOV, ANTON", "KLEFBOM, OSCAR", "MARINCIN, MARTIN", "GAGNER, SAM", "NUGENT-HOPKINS, RYAN", "SMYTH, RYAN", "SCRIVENS, BEN", "FASTH, VIKTOR"], "G": [0, 0, 0, 0, 0, 0, "1", 0, 0, 0, 0, 0, 0, 0, "2", "2", 0, 0, 0, 0, 0, 0, 0, 0, 0, 0, 0, 0, 0, 0, 0, 0, 0, 0, 0, 0, 0, 0, 0, 0, 0], "A": ["1", 0, "1", 0, 0, 0, 0, "1", 0, "3", 0, 0, 0, 0, "1", 0, 0, "1", 0, 0, 0, 0, 0, 0, 0, 0, 0, 0, 0, 0, 0, 0, 0, 0, 0, 0, 0, 0, 0, 0, 0], "P": ["1", 0, "1", 0, 0, 0, "1", "1", 0, "3", 0, 0, 0, 0, "3", "2", 0, "1", 0, 0, 0, 0, 0, 0, 0, 0, 0, 0, 0, 0, 0, 0, 0, 0, 0, 0, 0, 0, 0, 0, 0], "+/-": ["+1", "+1", "+1", "+2", "+1", 0, "+1", "+1", 0, "+3", 0, 0, "+2", 0, "+2", "+2", 0, "+1", 0, 0, 0, 0, "-2", "-2", "-1", "-1", 0, "-1", 0, "-2", "-2", "-3", 0, "-1", 0, 0, "-3", "-1", "-1", 0, 0], "PN": ["2", 0, "1", 0, "1", 0, 0, 0, 0, 0, 0, 0, 0, 0, 0, 0, 0, 0, 0, 0, "1", 0, 0, 0, 0, 0, "1", 0, "1", 0, 0, "2", 0, 0, 0, 0, "1", 0, "1", 0, 0], "PIM": ["4", 0, "2", 0, "2", 0, 0, 0, 0, 0, 0, 0, 0, 0, 0, 0, 0, 0, 0, 0, "2", 0, 0, 0, 0, 0, "2", 0, "4", 0, 0, "4", 0, 0, 0, 0, "2", 0, "2", 0, 0], "TOT": ["15:02", "22:07", "20:07", "12:37", "10:55", "09:40", "14:35", "21:10", "18:31", "14:07", "14:31", "19:56", "24:29", "13:23", "15:12", "14:50", "15:47", "13:30", 0, "59:31", 0, "24:38", "20:33", "17:40", "17:53", "20:23", "03:04", "20:44", "15:38", "07:55", "15:45", "15:25", "06:38", "11:49", "14:30", "22:24", "15:20", "22:34", "13:12", "59:57", 0], "SHF": ["23", "26", "24", "19", "16", "16", "19", "26", "18", "21", "19", "22", "28", "20", "22", "21", "17", "18", 0, 0, 0, "26", "24", "24", "21", "26", "6", "28", "24", "11", "22", "21", "9", "19", "19", "26", "20", "30", "20", 0, 0], "AVG TOI/SH": ["00:39", "00:51", "00:50", "00:39", "00:40", "00:36", "00:46", "00:48", "01:01", "00:40", "00:45", "00:54", "00:52", "00:40", "00:41", "00:42", "00:55", "00:45", 0, 0, 0, "00:56", "00:51", "00:44", "00:51", "00:47", "00:30", "00:44", "00:39", "00:43", "00:42", "00:44", "00:44", "00:37", "00:45", "00:51", "00:46", "00:45", "00:39", 0, 0], "PP": ["03:44", "03:47", "02:36", "01:33", "00:52", "01:36", "03:55", "02:10", "06:16", "04:32", "01:18", "05:09", "04:59", "02:23", "04:11", "05:08", "00:28", "03:53", 0, "11:42", 0, "02:08", "04:02", "00:03", "03:27", "02:40", "00:00", "03:53", "01:59", "02:56", "03:20", "03:04", "00:04", "00:00", "00:28", "01:50", "02:50", "03:34", "02:22", "07:44", 0], "SH": ["00:00", "05:18", "02:09", "00:09", "00:00", "00:00", "00:00", "03:41", "00:04", "00:49", "04:24", "01:39", "04:07", "02:27", "00:13", "01:21", "05:04", "00:00", 0, "07:15", 0, "06:01", "00:14", "05:41", "00:17", "05:17", "00:00", "07:11", "04:58", "00:00", "02:39", "00:00", "00:00", "00:00", "00:24", "06:01", "00:00", "04:31", "03:34", "11:42", 0], "EV": ["11:18", "13:02", "15:22", "10:55", "10:03", "08:04", "10:40", "15:19", "12:11", "08:46", "08:49", "13:08", "15:23", "08:33", "10:48", "08:21", "10:15", "09:37", 0, "40:34", 0, "16:29", "16:17", "11:56", "14:09", "12:26", "03:04", "09:40", "08:41", "04:59", "09:46", "12:21", "06:34", "11:49", "13:38", "14:33", "12:30", "14:29", "07:16", "40:31", 0], "S": ["4", "1", "2", "1", 0, 0, "2", 0, "2", "2", "2", "3", "3", "3", "3", "4", 0, 0, 0, 0, 0, "3", "3", 0, "2", 0, 0, "1", "1", "2", "2", "2", 0, "2", 0, "1", "3", "4", 0, 0, 0], "A/B": [0, "2", 0, 0, 0, 0, "3", 0, "4", 0, 0, "2", 0, "1", 0, 0, "1", 0, 0, 0, 0, "3", "1", 0, "1", "1", 0, 0, 0, "1", 0, 0, "1", 0, "1", 0, 0, "1", 0, 0, 0], "MS": ["2", 0, "1", 0, 0, "1", 0, "3", "3", "2", 0, 0, "1", 0, "1", "4", "2", "1", 0, 0, 0, 0, "1", "2", "2", "1", 0, 0, 0, 0, "1", 0, 0, 0, 0, "1", "3", 0, 0, 0, 0], "HT": [0, "1", "3", "2", 0, "3", 0, "1", 0, 0, 0, "2", 0, 0, 0, 0, 0, "1", 0, 0, 0, "2", 0, "4", 0, 0, 0, "4", "1", "1", 0, "3", "2", "2", 0, "1", "1", "2", "1", 0, 0], "GV": [0, 0, 0, 0, 0, 0, 0, "1", 0, 0, "1", 0, 0, 0, 0, "1", "1", 0, 0, "1", 0, "1", 0, 0, 0, "2", 0, 0, "2", 0, 0, 0, 0, "1", 0, "3", 0, "2", "1", "2", 0], "TK": [0, 0, "1", 0, 0, 0, 0, 0, "2", 0, 0, "1", "2", 0, 0, 0, 0, "1", 0, 0, 0, 0, "1", 0, "1", "1", 0, 0, 0, 0, 0, 0, "1", 0, 0, "1", 0, "2", 0, 0, 0], "BS": [0, "1", 0, "1", 0, "1", 0, 0, 0, "1", 0, "2", "3", 0, 0, 0, "1", 0, 0, 0, 0, "2", 0, "4", 0, "3", 0, 0, 0, 0, "1", "1", 0, "1", "1", 0, 0, 0, 0, 0, 0], "FW": [0, 0, 0, 0, 0, 0, "6", 0, "5", "2", "2", 0, 0, "7", 0, 0, 0, 0, 0, 0, 0, 0, 0, 0, "0", 0, 0, "1", "12", 0, "0", 0, 0, 0, 0, 0, "9", "9", "2", 0, 0], "FL": [0, 0, 0, 0, 0, 0, "5", 0, "8", "11", "3", 0, 0, "6", 0, 0, 0, 0, 0, 0, 0, 0, 0, 0, "1", 0, 0, "0", "6", 0, "2", 0, 0, 0, 0, 0, "4", "6", "3", 0, 0], "F%": [0, 0, 0, 0, 0, 0, "55", 0, "38", "15", "40", 0, 0, "54", 0, 0, 0, 0, 0, 0, 0, 0, 0, 0, "0", 0, 0, "100", "67", 0, "0", 0, 0, 0, 0, 0, "69", "60", "40", 0, 0], "team": ["NEW YORK RANGERS ", "NEW YORK RANGERS ", "NEW YORK RANGERS ", "NEW YORK RANGERS ", "NEW YORK RANGERS ", "NEW YORK RANGERS ", "NEW YORK RANGERS ", "NEW YORK RANGERS ", "NEW YORK RANGERS ", "NEW YORK RANGERS ", "NEW YORK RANGERS ", "NEW YORK RANGERS ", "NEW YORK RANGERS ", "NEW YORK RANGERS ", "NEW YORK RANGERS ", "NEW YORK RANGERS ", "NEW YORK RANGERS ", "NEW YORK RANGERS ", "NEW YORK RANGERS ", "NEW YORK RANGERS ", "NEW YORK RANGERS ", "EDMONTON OILERS ", "EDMONTON OILERS ", "EDMONTON OILERS ", "EDMONTON OILERS ", "EDMONTON OILERS ", "EDMONTON OILERS ", "EDMONTON OILERS ", "EDMONTON OILERS ", "EDMONTON OILERS ", "EDMONTON OILERS ", "EDMONTON OILERS ", "EDMONTON OILERS ", "EDMONTON OILERS ", "EDMONTON OILERS ", "EDMONTON OILERS ", "EDMONTON OILERS ", "EDMONTON OILERS ", "EDMONTON OILERS ", "EDMONTON OILERS ", "EDMONTON OILERS "], "GA": [0, 0, 0, 0, 0, 0, 0, 0, 0, 0, 0, 0, 0, 0, 0, 0, 0, 0, 0.0, "0", 0, 0, 0, 0, 0, 0, 0, 0, 0, 0, 0, 0, 0, 0, 0, 0, 0, 0, 0, "5", 0], "SA": [0, 0, 0, 0, 0, 0, 0, 0, 0, 0, 0, 0, 0, 0, 0, 0, 0, 0, 0.0, "26", 0, 0, 0, 0, 0, 0, 0, 0, 0, 0, 0, 0, 0, 0, 0, 0, 0, 0, 0, "32", 0]}}