{"game_info": {"date": "2014-03-08", "visitor": "COLUMBUS BLUE JACKETS ", "home": "NASHVILLE PREDATORS ", "game_id": 959, "status": "final"}, "player_stats": {"number": ["7", "8", "11", "14", "15", "17", "18", "19", "21", "24", "26", "38", "42", "47", "48", "55", "58", "71", "31", "72", "3", "4", "5", "6", "7", "12", "13", "15", "16", "17", "24", "25", "27", "28", "33", "42", "57", "59", "30", "35"], "position": ["D", "R", "L", "L", "D", "C", "C", "C", "D", "C", "R", "C", "C", "D", "D", "C", "D", "L", "G", "G", "D", "D", "D", "D", "C", "C", "C", "C", "L", "R", "L", "L", "R", "C", "C", "D", "L", "D", "G", "G"], "name": ["JOHNSON, JACK", "HORTON, NATHAN", "CALVERT, MATT", "COMEAU, BLAKE", "SCHULTZ, NICK", "DUBINSKY, BRANDON", "UMBERGER, RJ", "JOHANSEN, RYAN", "WISNIEWSKI, JAMES", "MACKENZIE, DEREK", "TROPP, COREY", "JENNER, BOONE", "ANISIMOV, ARTEM", "PROUT, DALTON", "GOLOUBEF, CODY", "LETESTU, MARK", "SAVARD, DAVID", "FOLIGNO, NICK", "MCELHINNEY, CURTIS", "BOBROVSKY, SERGEI", "JONES, SETH", "ELLIS, RYAN", "DEL ZOTTO, MICHAEL", "WEBER, SHEA", "CULLEN, MATT", "FISHER, MIKE", "SPALING, NICK", "SMITH, CRAIG", "CLUNE, RICH", "EAVES, PATRICK", "NYSTROM, ERIC", "STALBERG, VIKTOR", "HORNQVIST, PATRIC", "GAUSTAD, PAUL", "WILSON, COLIN", "EKHOLM, MATTIAS", "BOURQUE, GABRIEL", "JOSI, ROMAN", "HUTTON, CARTER", "RINNE, PEKKA"], "G": [0, 0, 0, 0, 0, 0, 0, 0, 0, 0, 0, 0, "1", 0, 0, 0, 0, 0, 0, 0, 0, 0, 0, 0, 0, 0, 0, 0, 0, 0, 0, 0, 0, 0, 0, 0, 0, 0, 0, 0], "A": [0, 0, 0, 0, 0, 0, 0, 0, "1", 0, "1", 0, 0, 0, 0, 0, 0, 0, 0, 0, 0, 0, 0, 0, 0, 0, 0, 0, 0, 0, 0, 0, 0, 0, 0, 0, 0, 0, 0, 0], "P": [0, 0, 0, 0, 0, 0, 0, 0, "1", 0, "1", 0, "1", 0, 0, 0, 0, 0, 0, 0, 0, 0, 0, 0, 0, 0, 0, 0, 0, 0, 0, 0, 0, 0, 0, 0, 0, 0, 0, 0], "+/-": [0, 0, 0, 0, 0, 0, "+1", 0, "+1", 0, "+1", 0, "+1", "+1", 0, 0, 0, 0, 0, 0, "-1", 0, 0, 0, 0, 0, 0, "-1", 0, 0, 0, 0, 0, 0, "-1", "-1", "-1", 0, 0, 0], "PN": ["1", 0, 0, 0, 0, 0, 0, 0, 0, 0, "1", 0, 0, 0, 0, 0, 0, 0, 0, 0, "1", 0, 0, 0, 0, "1", 0, 0, 0, 0, "1", "1", "1", 0, 0, 0, 0, 0, 0, 0], "PIM": ["2", 0, 0, 0, 0, 0, 0, 0, 0, 0, "5", 0, 0, 0, 0, 0, 0, 0, 0, 0, "2", 0, 0, 0, 0, "2", 0, 0, 0, 0, "5", "4", "2", 0, 0, 0, 0, 0, 0, 0], "TOT": ["27:48", "16:26", "15:47", "10:19", "09:53", "17:11", "14:52", "19:23", "24:58", "10:57", "09:52", "15:53", "15:34", "20:07", "08:39", "15:48", "25:02", "19:55", 0, "59:36", "13:39", "18:30", "17:08", "29:30", "12:24", "19:43", "19:12", "16:19", "09:16", "12:07", "13:27", "10:06", "15:47", "13:00", "15:21", "13:21", "14:37", "28:03", 0, "58:30"], "SHF": ["28", "23", "22", "14", "15", "24", "20", "24", "27", "15", "16", "21", "21", "25", "13", "19", "28", "23", 0, 0, "19", "23", "22", "29", "17", "23", "24", "19", "14", "18", "18", "15", "18", "23", "20", "21", "20", "27", 0, 0], "AVG TOI/SH": ["00:59", "00:42", "00:43", "00:44", "00:39", "00:42", "00:44", "00:48", "00:55", "00:43", "00:37", "00:45", "00:44", "00:48", "00:39", "00:49", "00:53", "00:51", 0, 0, "00:43", "00:48", "00:46", "01:01", "00:43", "00:51", "00:48", "00:51", "00:39", "00:40", "00:44", "00:40", "00:52", "00:33", "00:46", "00:38", "00:43", "01:02", 0, 0], "PP": ["06:22", "03:51", "03:28", "00:02", "00:02", "03:59", "02:43", "05:50", "06:12", "00:01", "00:01", "01:37", "03:18", "00:19", "00:00", "03:56", "03:25", "04:54", 0, "10:00", "01:07", "00:54", "00:00", "01:06", "01:03", "00:31", "01:03", "01:13", "00:00", "00:00", "00:16", "00:16", "00:41", "00:16", "00:41", "00:00", "00:00", "00:53", 0, "02:00"], "SH": ["00:00", "00:00", "00:50", "00:00", "00:20", "00:48", "00:20", "00:28", "01:10", "00:22", "00:00", "00:00", "00:50", "01:12", "00:00", "00:22", "01:18", "00:00", 0, "02:00", "03:10", "00:54", "00:57", "04:59", "00:01", "02:47", "03:49", "00:00", "01:27", "03:03", "01:47", "00:00", "00:00", "04:09", "00:00", "04:35", "02:57", "05:25", 0, "10:00"], "EV": ["21:26", "12:35", "11:29", "10:17", "09:31", "12:24", "11:49", "13:05", "17:36", "10:34", "09:51", "14:16", "11:26", "18:36", "08:39", "11:30", "20:19", "15:01", 0, "47:36", "09:22", "16:42", "16:11", "23:25", "11:20", "16:25", "14:20", "15:06", "07:49", "09:04", "11:24", "09:50", "15:06", "08:35", "14:40", "08:46", "11:40", "21:45", 0, "46:30"], "S": ["2", 0, "4", "1", 0, "3", "3", "5", "1", "1", 0, "2", "3", "1", "2", "4", "1", "3", 0, 0, "2", "1", "1", "3", "1", "4", 0, "1", 0, "1", "3", "1", "2", 0, "3", "1", "2", "2", 0, 0], "A/B": ["1", "1", "1", 0, 0, 0, 0, "2", "2", 0, 0, "1", 0, "1", 0, 0, 0, "2", 0, 0, 0, "3", "3", "5", 0, "1", 0, "2", "1", 0, 0, 0, 0, 0, "1", "2", 0, 0, 0, 0], "MS": ["3", 0, "1", 0, 0, "1", 0, "2", "1", 0, 0, "1", 0, "2", 0, "1", 0, 0, 0, 0, 0, 0, 0, 0, 0, "2", 0, 0, "2", "1", 0, 0, 0, 0, "1", 0, 0, "4", 0, 0], "HT": [0, "3", 0, "3", "2", "3", "1", 0, "1", "2", "2", "4", 0, "2", "1", 0, 0, "1", 0, 0, 0, 0, "1", "2", 0, "1", 0, "1", "4", 0, "2", "1", 0, "2", "1", "1", "2", 0, 0, 0], "GV": ["3", 0, 0, "1", 0, 0, "1", "2", 0, "1", 0, 0, 0, "1", 0, 0, "1", 0, 0, 0, "1", 0, 0, 0, "3", "2", "1", 0, 0, 0, 0, 0, 0, 0, 0, 0, 0, "1", 0, 0], "TK": [0, 0, 0, "1", 0, 0, 0, 0, 0, 0, 0, 0, "1", "2", 0, "1", 0, 0, 0, 0, 0, 0, 0, "1", 0, "2", 0, 0, "2", 0, 0, 0, 0, 0, 0, 0, 0, 0, 0, 0], "BS": [0, "2", 0, 0, "1", 0, "1", "1", "3", 0, "1", "1", "1", "2", "1", "1", "2", "1", 0, 0, "1", 0, "1", "1", 0, "1", "1", "2", 0, 0, 0, 0, "1", 0, 0, 0, "1", "2", 0, 0], "FW": [0, 0, 0, 0, 0, "12", 0, "10", 0, "2", 0, 0, "5", 0, 0, "3", 0, 0, 0, 0, 0, 0, 0, 0, "6", "8", 0, 0, 0, 0, 0, 0, 0, "14", "5", 0, 0, 0, 0, 0], "FL": [0, 0, 0, 0, 0, "10", 0, "7", 0, "5", 0, 0, "8", 0, 0, "3", 0, 0, 0, 0, 0, 0, 0, 0, "6", "9", 0, 0, 0, 0, 0, 0, 0, "9", "8", 0, 0, 0, 0, 0], "F%": [0, 0, 0, 0, 0, "55", 0, "59", 0, "29", 0, 0, "38", 0, 0, "50", 0, 0, 0, 0, 0, 0, 0, 0, "50", "47", 0, 0, 0, 0, 0, 0, 0, "61", "38", 0, 0, 0, 0, 0], "team": ["COLUMBUS BLUE JACKETS ", "COLUMBUS BLUE JACKETS ", "COLUMBUS BLUE JACKETS ", "COLUMBUS BLUE JACKETS ", "COLUMBUS BLUE JACKETS ", "COLUMBUS BLUE JACKETS ", "COLUMBUS BLUE JACKETS ", "COLUMBUS BLUE JACKETS ", "COLUMBUS BLUE JACKETS ", "COLUMBUS BLUE JACKETS ", "COLUMBUS BLUE JACKETS ", "COLUMBUS BLUE JACKETS ", "COLUMBUS BLUE JACKETS ", "COLUMBUS BLUE JACKETS ", "COLUMBUS BLUE JACKETS ", "COLUMBUS BLUE JACKETS ", "COLUMBUS BLUE JACKETS ", "COLUMBUS BLUE JACKETS ", "COLUMBUS BLUE JACKETS ", "COLUMBUS BLUE JACKETS ", "NASHVILLE PREDATORS ", "NASHVILLE PREDATORS ", "NASHVILLE PREDATORS ", "NASHVILLE PREDATORS ", "NASHVILLE PREDATORS ", "NASHVILLE PREDATORS ", "NASHVILLE PREDATORS ", "NASHVILLE PREDATORS ", "NASHVILLE PREDATORS ", "NASHVILLE PREDATORS ", "NASHVILLE PREDATORS ", "NASHVILLE PREDATORS ", "NASHVILLE PREDATORS ", "NASHVILLE PREDATORS ", "NASHVILLE PREDATORS ", "NASHVILLE PREDATORS ", "NASHVILLE PREDATORS ", "NASHVILLE PREDATORS ", "NASHVILLE PREDATORS ", "NASHVILLE PREDATORS "], "GA": [0, 0, 0, 0, 0, 0, 0, 0, 0, 0, 0, 0, 0, 0, 0, 0, 0, 0, 0.0, "0", 0, 0, 0, 0, 0, 0, 0, 0, 0, 0, 0, 0, 0, 0, 0, 0, 0, 0, 0, "1"], "SA": [0, 0, 0, 0, 0, 0, 0, 0, 0, 0, 0, 0, 0, 0, 0, 0, 0, 0, 0.0, "28", 0, 0, 0, 0, 0, 0, 0, 0, 0, 0, 0, 0, 0, 0, 0, 0, 0, 0, 0, "36"]}}