{"game_info": {"date": "2013-11-19", "visitor": "OTTAWA SENATORS ", "home": "PHILADELPHIA FLYERS ", "game_id": 314, "status": "final"}, "player_stats": {"number": ["2", "3", "4", "6", "7", "9", "14", "15", "16", "19", "22", "25", "57", "62", "65", "74", "89", "93", "40", "41", "5", "8", "9", "10", "14", "17", "18", "19", "22", "24", "26", "28", "32", "36", "37", "40", "44", "93", "29", "35"], "position": ["D", "D", "D", "R", "C", "L", "C", "C", "L", "C", "R", "R", "C", "D", "D", "D", "C", "C", "G", "G", "D", "D", "R", "C", "C", "R", "R", "L", "D", "R", "D", "R", "D", "C", "L", "C", "D", "R", "G", "G"], "name": ["COWEN, JARED", "METHOT, MARC", "PHILLIPS, CHRIS", "RYAN, BOBBY", "TURRIS, KYLE", "MICHALEK, MILAN", "GREENING, COLIN", "SMITH, ZACK", "MACARTHUR, CLARKE", "SPEZZA, JASON", "CONDRA, ERIK", "NEIL, CHRIS", "GRANT, DEREK", "GRYBA, ERIC", "KARLSSON, ERIK", "BOROWIECKI, MARK", "CONACHER, CORY", "ZIBANEJAD, MIKA", "LEHNER, ROBIN", "ANDERSON, CRAIG", "COBURN, BRAYDON", "GROSSMANN, NICKLAS", "DOWNIE, STEVE", "SCHENN, BRAYDEN", "COUTURIER, SEAN", "SIMMONDS, WAYNE", "HALL, ADAM", "HARTNELL, SCOTT", "SCHENN, LUKE", "READ, MATT", "GUSTAFSSON, ERIK", "GIROUX, CLAUDE", "STREIT, MARK", "RINALDO, ZAC", "ROSEHILL, JAY", "LECAVALIER, VINCENT", "TIMONEN, KIMMO", "VORACEK, JAKUB", "EMERY, RAY", "MASON, STEVE"], "G": [0, 0, 0, 0, "1", 0, 0, 0, "1", 0, 0, 0, 0, 0, 0, 0, 0, 0, 0, 0, 0, 0, 0, 0, "1", "1", "1", 0, 0, 0, 0, "1", 0, 0, 0, 0, "1", 0, 0, 0], "A": [0, "1", "1", 0, 0, 0, 0, 0, "1", 0, 0, 0, 0, 0, "1", 0, 0, 0, 0, 0, 0, "1", "1", "1", 0, 0, 0, 0, 0, "1", 0, 0, 0, 0, 0, "1", "2", "1", 0, 0], "P": [0, "1", "1", 0, "1", 0, 0, 0, "2", 0, 0, 0, 0, 0, "1", 0, 0, 0, 0, 0, 0, "1", "1", "1", "1", "1", "1", 0, 0, "1", 0, "1", 0, 0, 0, "1", "3", "1", 0, 0], "+/-": ["-2", "-1", 0, "-1", "-1", "-2", "-1", "-1", "-1", "-3", 0, "-1", 0, "-2", "-2", 0, "-2", "-1", 0, 0, "+2", "+1", "+2", "+1", "+2", "+1", "+1", 0, "+1", "+2", "+1", "+1", 0, 0, 0, "+1", "+3", 0, 0, 0], "PN": [0, 0, 0, "1", "1", 0, "1", 0, 0, 0, "1", 0, 0, 0, 0, "1", "1", 0, 0, 0, "1", 0, 0, "2", 0, "1", 0, "1", "1", 0, 0, "1", 0, "1", 0, 0, 0, 0, 0, 0], "PIM": [0, 0, 0, "2", "2", 0, "5", 0, 0, 0, "2", 0, 0, 0, 0, "2", "2", 0, 0, 0, "2", 0, 0, "4", 0, "2", 0, "2", "5", 0, 0, "2", 0, "2", 0, 0, 0, 0, 0, 0], "TOT": ["17:22", "26:09", "16:01", "16:49", "18:03", "16:55", "11:17", "14:00", "18:14", "18:57", "10:39", "11:27", "10:28", "16:05", "33:47", "10:29", "15:07", "10:51", "58:59", 0, "21:59", "19:02", "14:51", "14:32", "18:23", "16:07", "11:11", "18:24", "15:25", "20:03", "17:39", "18:51", "19:57", "07:34", "03:11", "15:41", "22:06", "15:07", 0, "60:00"], "SHF": ["23", "32", "23", "25", "27", "24", "15", "20", "26", "24", "17", "18", "15", "24", "31", "17", "20", "15", 0, 0, "31", "26", "22", "21", "25", "23", "20", "26", "22", "27", "21", "27", "23", "12", "5", "22", "30", "20", 0, 0], "AVG TOI/SH": ["00:45", "00:49", "00:41", "00:40", "00:40", "00:42", "00:45", "00:42", "00:42", "00:47", "00:37", "00:38", "00:41", "00:40", "01:05", "00:37", "00:45", "00:43", 0, 0, "00:42", "00:43", "00:40", "00:41", "00:44", "00:42", "00:33", "00:42", "00:42", "00:44", "00:50", "00:41", "00:52", "00:37", "00:38", "00:42", "00:44", "00:45", 0, 0], "PP": ["00:19", "03:15", "03:56", "02:24", "02:24", "03:35", "00:33", "00:33", "03:37", "04:27", "00:00", "00:33", "00:00", "00:33", "07:12", "00:00", "04:48", "00:51", "07:30", 0, "01:07", "00:00", "01:47", "02:45", "00:20", "02:50", "00:00", "03:36", "00:00", "02:21", "01:27", "03:36", "02:53", "00:00", "00:00", "02:45", "03:23", "02:55", 0, "06:21"], "SH": ["01:27", "02:28", "01:27", "00:00", "01:54", "02:46", "00:00", "00:25", "01:31", "02:09", "01:29", "00:00", "02:28", "02:08", "02:46", "02:26", "00:00", "00:00", "06:21", 0, "04:24", "02:47", "00:00", "00:00", "03:36", "00:15", "03:40", "00:37", "03:06", "03:14", "00:12", "01:02", "00:36", "02:54", "00:00", "00:00", "04:25", "00:00", 0, "07:45"], "EV": ["15:36", "20:26", "10:38", "14:25", "13:45", "10:34", "10:44", "13:02", "13:06", "12:21", "09:10", "10:54", "08:00", "13:24", "23:49", "08:03", "10:19", "10:00", "45:08", 0, "16:28", "16:15", "13:04", "11:47", "14:27", "13:02", "07:31", "14:11", "12:19", "14:28", "16:00", "14:13", "16:28", "04:40", "03:11", "12:56", "14:18", "12:12", 0, "45:54"], "S": ["1", "1", "1", "3", "3", "4", "2", "3", "4", "3", 0, "1", "3", 0, "3", 0, "1", "1", 0, 0, "4", 0, "1", "3", "1", "3", "1", "3", "3", "2", "1", "4", "4", "2", "1", "1", "5", "3", 0, 0], "A/B": ["1", "1", "1", 0, "3", "2", 0, 0, 0, "1", 0, 0, "1", 0, "2", 0, 0, "2", 0, 0, "1", "1", 0, "3", 0, "3", "1", "1", 0, "1", 0, "2", 0, "1", 0, 0, "1", "3", 0, 0], "MS": [0, 0, 0, 0, 0, "1", 0, "1", 0, "1", 0, 0, "1", "1", 0, 0, 0, 0, 0, 0, "1", 0, 0, 0, "2", "1", 0, 0, 0, "2", "2", 0, "1", "1", 0, 0, "1", 0, 0, 0], "HT": [0, "3", "1", "2", 0, "2", "4", "1", "1", 0, "1", "3", "1", "2", 0, "4", 0, 0, 0, 0, 0, "2", "2", 0, "1", "1", "1", "1", "5", "2", 0, 0, 0, 0, "2", "2", "2", 0, 0, 0], "GV": [0, 0, 0, 0, 0, 0, 0, 0, "3", "1", 0, 0, 0, "1", "2", 0, 0, 0, "1", 0, 0, "1", 0, 0, "1", 0, 0, "1", 0, 0, "2", 0, "2", 0, 0, 0, 0, 0, 0, "1"], "TK": [0, 0, 0, "2", "1", 0, 0, 0, "1", 0, 0, 0, 0, "1", 0, 0, 0, 0, 0, 0, 0, 0, "1", "1", 0, 0, 0, "1", "1", 0, "1", "1", 0, 0, 0, 0, 0, 0, 0, 0], "BS": ["3", "4", "1", "1", "2", "1", 0, 0, 0, "1", 0, 0, "2", "1", "1", "1", 0, 0, 0, 0, "3", "1", 0, 0, "1", 0, "1", "1", "1", 0, 0, "1", 0, 0, "1", 0, "3", "1", 0, 0], "FW": [0, 0, 0, 0, "10", 0, 0, "7", 0, "12", 0, 0, "1", 0, 0, 0, 0, "1", 0, 0, 0, 0, 0, 0, "7", 0, "11", 0, 0, 0, 0, "8", 0, 0, 0, "6", 0, 0, 0, 0], "FL": [0, 0, 0, 0, "6", 0, 0, "11", 0, "11", 0, 0, "3", 0, 0, 0, 0, "1", 0, 0, 0, 0, 0, 0, "10", 0, "2", 0, 0, 0, 0, "10", 0, 0, 0, "9", 0, 0, 0, 0], "F%": [0, 0, 0, 0, "63", 0, 0, "39", 0, "52", 0, 0, "25", 0, 0, 0, 0, "50", 0, 0, 0, 0, 0, 0, "41", 0, "85", 0, 0, 0, 0, "44", 0, 0, 0, "40", 0, 0, 0, 0], "team": ["OTTAWA SENATORS ", "OTTAWA SENATORS ", "OTTAWA SENATORS ", "OTTAWA SENATORS ", "OTTAWA SENATORS ", "OTTAWA SENATORS ", "OTTAWA SENATORS ", "OTTAWA SENATORS ", "OTTAWA SENATORS ", "OTTAWA SENATORS ", "OTTAWA SENATORS ", "OTTAWA SENATORS ", "OTTAWA SENATORS ", "OTTAWA SENATORS ", "OTTAWA SENATORS ", "OTTAWA SENATORS ", "OTTAWA SENATORS ", "OTTAWA SENATORS ", "OTTAWA SENATORS ", "OTTAWA SENATORS ", "PHILADELPHIA FLYERS ", "PHILADELPHIA FLYERS ", "PHILADELPHIA FLYERS ", "PHILADELPHIA FLYERS ", "PHILADELPHIA FLYERS ", "PHILADELPHIA FLYERS ", "PHILADELPHIA FLYERS ", "PHILADELPHIA FLYERS ", "PHILADELPHIA FLYERS ", "PHILADELPHIA FLYERS ", "PHILADELPHIA FLYERS ", "PHILADELPHIA FLYERS ", "PHILADELPHIA FLYERS ", "PHILADELPHIA FLYERS ", "PHILADELPHIA FLYERS ", "PHILADELPHIA FLYERS ", "PHILADELPHIA FLYERS ", "PHILADELPHIA FLYERS ", "PHILADELPHIA FLYERS ", "PHILADELPHIA FLYERS "], "GA": [0, 0, 0, 0, 0, 0, 0, 0, 0, 0, 0, 0, 0, 0, 0, 0, 0, 0, "4", 0, 0, 0, 0, 0, 0, 0, 0, 0, 0, 0, 0, 0, 0, 0, 0, 0, 0, 0, 0, "2"], "SA": [0, 0, 0, 0, 0, 0, 0, 0, 0, 0, 0, 0, 0, 0, 0, 0, 0, 0, "41", 0, 0, 0, 0, 0, 0, 0, 0, 0, 0, 0, 0, 0, 0, 0, 0, 0, 0, 0, 0, "34"]}}