{"game_info": {"date": "2014-01-07", "visitor": "SAN JOSE SHARKS ", "home": "NASHVILLE PREDATORS ", "game_id": 650, "status": "final"}, "player_stats": {"number": ["5", "7", "8", "10", "12", "15", "18", "19", "22", "38", "43", "44", "52", "61", "75", "76", "83", "88", "31", "32", "3", "4", "6", "7", "8", "11", "12", "13", "15", "16", "24", "25", "26", "27", "28", "33", "42", "59", "30", "39"], "position": ["D", "D", "C", "C", "C", "C", "R", "C", "D", "C", "L", "D", "D", "D", "C", "R", "L", "R", "G", "G", "D", "D", "D", "C", "D", "C", "C", "C", "C", "L", "L", "L", "C", "R", "C", "C", "D", "D", "G", "G"], "name": ["DEMERS, JASON", "STUART, BRAD", "PAVELSKI, JOE", "DESJARDINS, ANDREW", "MARLEAU, PATRICK", "SHEPPARD, JAMES", "BROWN, MIKE", "THORNTON, JOE", "BOYLE, DAN", "KEARNS, BRACKEN", "MCCARTHY, JOHN", "VLASIC, MARC-EDOUARD", "IRWIN, MATT", "BRAUN, JUSTIN", "HAMILTON, FREDDIE", "HAYES, ERIAH", "NIETO, MATT", "BURNS, BRENT", "NIEMI, ANTTI", "STALOCK, ALEX", "JONES, SETH", "ELLIS, RYAN", "WEBER, SHEA", "CULLEN, MATT", "KLEIN, KEVIN", "LEGWAND, DAVID", "FISHER, MIKE", "SPALING, NICK", "SMITH, CRAIG", "CLUNE, RICH", "NYSTROM, ERIC", "STALBERG, VIKTOR", "HENDRICKS, MATT", "HORNQVIST, PATRIC", "GAUSTAD, PAUL", "WILSON, COLIN", "EKHOLM, MATTIAS", "JOSI, ROMAN", "HUTTON, CARTER", "MAZANEC, MAREK"], "G": [0, 0, "1", 0, "1", 0, 0, 0, 0, 0, 0, 0, 0, 0, 0, 0, 0, 0, 0, 0, 0, 0, 0, 0, 0, "1", 0, 0, 0, 0, 0, 0, 0, 0, 0, 0, "1", "1", 0, 0], "A": ["2", 0, 0, 0, 0, 0, 0, 0, "1", 0, 0, 0, 0, 0, 0, 0, "1", 0, 0, 0, 0, 0, "2", 0, 0, "1", 0, 0, "1", 0, 0, 0, 0, 0, 0, "1", 0, 0, 0, 0], "P": ["2", 0, "1", 0, "1", 0, 0, 0, "1", 0, 0, 0, 0, 0, 0, 0, "1", 0, 0, 0, 0, 0, "2", 0, 0, "2", 0, 0, "1", 0, 0, 0, 0, 0, 0, "1", "1", "1", 0, 0], "+/-": [0, "-1", 0, 0, 0, "+1", 0, "-2", "-1", "-2", 0, 0, "-1", "-1", 0, 0, 0, "-2", 0, 0, "+1", 0, "+1", 0, 0, "+2", 0, "+2", "+2", 0, "-1", 0, "-1", "+1", 0, "+1", "+1", "+1", 0, 0], "PN": [0, 0, 0, 0, 0, 0, "1", "1", 0, 0, 0, 0, 0, 0, 0, 0, 0, 0, 0, 0, 0, 0, "1", "1", 0, 0, 0, "1", 0, "1", 0, 0, 0, 0, 0, 0, "1", 0, 0, 0], "PIM": [0, 0, 0, 0, 0, 0, "2", "2", 0, 0, 0, 0, 0, 0, 0, 0, 0, 0, 0, 0, 0, 0, "2", "2", 0, 0, 0, "2", 0, "2", 0, 0, 0, 0, 0, 0, "2", 0, 0, 0], "TOT": ["20:12", "20:16", "20:25", "13:21", "22:30", "13:51", "09:05", "17:26", "24:39", "15:01", "09:15", "22:58", "10:44", "20:26", "12:45", "09:15", "18:26", "17:24", "58:01", 0, "21:07", "13:43", "24:06", "09:29", "18:27", "17:40", "20:29", "15:57", "15:34", "06:57", "14:01", "12:08", "12:27", "09:05", "20:03", "17:29", "18:56", "23:44", 0, "60:00"], "SHF": ["26", "22", "29", "18", "27", "18", "17", "23", "25", "22", "16", "25", "12", "25", "17", "18", "27", "25", 0, 0, "24", "20", "30", "14", "26", "26", "28", "25", "23", "9", "22", "16", "16", "16", "32", "22", "25", "27", 0, 0], "AVG TOI/SH": ["00:46", "00:55", "00:42", "00:44", "00:50", "00:46", "00:32", "00:45", "00:59", "00:40", "00:34", "00:55", "00:53", "00:49", "00:45", "00:30", "00:40", "00:41", 0, 0, "00:52", "00:41", "00:48", "00:40", "00:42", "00:40", "00:43", "00:38", "00:40", "00:46", "00:38", "00:45", "00:46", "00:34", "00:37", "00:47", "00:45", "00:52", 0, 0], "PP": ["02:59", "00:07", "03:06", "00:00", "04:00", "00:00", "00:07", "04:12", "04:27", "03:13", "00:19", "02:11", "01:06", "02:26", "00:00", "00:07", "02:31", "02:19", "06:38", 0, "01:08", "01:08", "00:52", "01:08", "00:00", "00:52", "00:52", "00:33", "01:08", "00:00", "00:00", "00:00", "00:00", "00:52", "00:00", "00:35", "00:00", "00:52", 0, "02:00"], "SH": ["00:37", "00:37", "00:48", "00:37", "00:48", "00:00", "00:00", "00:00", "00:00", "00:35", "00:37", "01:23", "00:00", "01:23", "00:00", "00:00", "00:35", "00:00", "02:00", 0, "03:21", "00:00", "02:38", "00:00", "03:02", "00:31", "01:35", "01:03", "00:45", "00:00", "01:59", "00:00", "03:22", "00:00", "04:01", "00:00", "00:39", "03:36", 0, "06:38"], "EV": ["16:36", "19:32", "16:31", "12:44", "17:42", "13:51", "08:58", "13:14", "20:12", "11:13", "08:19", "19:24", "09:38", "16:37", "12:45", "09:08", "15:20", "15:05", "49:23", 0, "16:38", "12:35", "20:36", "08:21", "15:25", "16:17", "18:02", "14:21", "13:41", "06:57", "12:02", "12:08", "09:05", "08:13", "16:02", "16:54", "18:17", "19:16", 0, "51:22"], "S": ["3", 0, "3", 0, "4", "1", "3", "1", 0, "1", 0, "2", 0, "1", "1", "2", "1", "5", 0, 0, "1", "5", "3", 0, "1", "3", "2", 0, 0, 0, "1", "1", "1", "3", 0, 0, "2", "5", 0, 0], "A/B": [0, "1", "1", 0, "3", "1", 0, "1", "4", 0, "1", "1", 0, "1", "2", 0, "2", "2", 0, 0, "1", "1", 0, 0, "2", 0, "1", 0, "1", 0, 0, 0, 0, 0, 0, "1", 0, 0, 0, 0], "MS": ["1", 0, "2", 0, "3", 0, 0, 0, "1", 0, "1", "1", 0, 0, "3", 0, 0, 0, 0, 0, "2", "1", "3", 0, 0, "2", 0, "1", "1", 0, 0, 0, 0, 0, 0, 0, 0, "3", 0, 0], "HT": ["2", "3", 0, "1", "1", "1", "5", 0, "2", 0, "1", 0, 0, "3", "2", "2", 0, "1", 0, 0, 0, 0, 0, 0, "4", 0, "1", 0, 0, "4", "2", "1", "2", 0, "1", 0, 0, 0, 0, 0], "GV": [0, 0, 0, 0, 0, "1", 0, 0, "1", 0, 0, 0, "1", "1", "1", 0, 0, 0, 0, 0, 0, "1", "1", 0, 0, "2", 0, 0, 0, 0, 0, 0, 0, 0, 0, 0, "1", 0, 0, 0], "TK": [0, "1", "1", "2", "1", "2", 0, 0, "1", 0, 0, "1", 0, "1", 0, "1", "1", 0, 0, 0, 0, "2", 0, 0, "1", "1", 0, 0, "3", 0, "1", 0, "1", 0, 0, 0, 0, 0, 0, 0], "BS": [0, 0, 0, 0, 0, 0, 0, 0, 0, "1", 0, "3", 0, 0, "1", "2", 0, 0, 0, 0, "2", "1", "3", 0, "3", "1", "1", 0, "1", 0, 0, 0, 0, 0, "3", 0, "2", "3", 0, 0], "FW": [0, 0, "5", "4", "7", 0, 0, "1", 0, "0", "2", 0, 0, 0, 0, "1", 0, 0, 0, 0, 0, 0, 0, "1", 0, "10", "3", 0, 0, 0, 0, 0, "1", "0", "16", "1", 0, 0, 0, 0], "FL": [0, 0, "11", "4", "1", 0, 0, "12", 0, "1", "3", 0, 0, 0, 0, "0", 0, 0, 0, 0, 0, 0, 0, "3", 0, "2", "3", 0, 0, 0, 0, 0, "0", "1", "10", "1", 0, 0, 0, 0], "F%": [0, 0, "31", "50", "88", 0, 0, "8", 0, "0", "40", 0, 0, 0, 0, "100", 0, 0, 0, 0, 0, 0, 0, "25", 0, "83", "50", 0, 0, 0, 0, 0, "100", "0", "62", "50", 0, 0, 0, 0], "team": ["SAN JOSE SHARKS ", "SAN JOSE SHARKS ", "SAN JOSE SHARKS ", "SAN JOSE SHARKS ", "SAN JOSE SHARKS ", "SAN JOSE SHARKS ", "SAN JOSE SHARKS ", "SAN JOSE SHARKS ", "SAN JOSE SHARKS ", "SAN JOSE SHARKS ", "SAN JOSE SHARKS ", "SAN JOSE SHARKS ", "SAN JOSE SHARKS ", "SAN JOSE SHARKS ", "SAN JOSE SHARKS ", "SAN JOSE SHARKS ", "SAN JOSE SHARKS ", "SAN JOSE SHARKS ", "SAN JOSE SHARKS ", "SAN JOSE SHARKS ", "NASHVILLE PREDATORS ", "NASHVILLE PREDATORS ", "NASHVILLE PREDATORS ", "NASHVILLE PREDATORS ", "NASHVILLE PREDATORS ", "NASHVILLE PREDATORS ", "NASHVILLE PREDATORS ", "NASHVILLE PREDATORS ", "NASHVILLE PREDATORS ", "NASHVILLE PREDATORS ", "NASHVILLE PREDATORS ", "NASHVILLE PREDATORS ", "NASHVILLE PREDATORS ", "NASHVILLE PREDATORS ", "NASHVILLE PREDATORS ", "NASHVILLE PREDATORS ", "NASHVILLE PREDATORS ", "NASHVILLE PREDATORS ", "NASHVILLE PREDATORS ", "NASHVILLE PREDATORS "], "GA": [0, 0, 0, 0, 0, 0, 0, 0, 0, 0, 0, 0, 0, 0, 0, 0, 0, 0, "3", 0, 0, 0, 0, 0, 0, 0, 0, 0, 0, 0, 0, 0, 0, 0, 0, 0, 0, 0, 0, "2"], "SA": [0, 0, 0, 0, 0, 0, 0, 0, 0, 0, 0, 0, 0, 0, 0, 0, 0, 0, "28", 0, 0, 0, 0, 0, 0, 0, 0, 0, 0, 0, 0, 0, 0, 0, 0, 0, 0, 0, 0, "28"]}}