{"game_info": {"date": "2014-02-04", "visitor": "WINNIPEG JETS ", "home": "CAROLINA HURRICANES ", "game_id": 846, "status": "final"}, "player_stats": {"number": ["2", "5", "7", "8", "12", "14", "16", "17", "18", "22", "26", "27", "33", "39", "40", "44", "55", "67", "31", "35", 0, "4", "11", "12", "14", "15", "16", "19", "20", "21", "22", "26", "27", "28", "39", "44", "53", "65", "73", "30", "31"], "position": ["D", "D", "D", "D", "C", "R", "L", "C", "C", "R", "R", "L", "D", "D", "R", "D", "C", "R", "G", "G", 0, "D", "C", "C", "C", "R", "C", "C", "C", "L", "C", "D", "D", "R", "R", "D", "C", "D", "D", "G", "G"], "name": ["PARDY, ADAM", "STUART, MARK", "ELLERBY, KEATON", "TROUBA, JACOB", "JOKINEN, OLLI", "PELUSO, ANTHONY", "LADD, ANDREW", "WRIGHT, JAMES", "LITTLE, BRYAN", "THORBURN, CHRIS", "WHEELER, BLAKE", "TANGRADI, ERIC", "BYFUGLIEN, DUSTIN", "ENSTROM, TOBIAS", "SETOGUCHI, DEVIN", "BOGOSIAN, ZACH", "SCHEIFELE, MARK", "FROLIK, MICHAEL", "PAVELEC, ONDREJ", "MONTOYA, AL", "TEAM PENALTY", "SEKERA, ANDREJ", "STAAL, JORDAN", "STAAL, ERIC", "GERBE, NATHAN", "RUUTU, TUOMO", "LINDHOLM, ELIAS", "TLUSTY, JIRI", "NASH, RILEY", "BOWMAN, DRAYSON", "MALHOTRA, MANNY", "LILES, JOHN-MICHAEL", "FAULK, JUSTIN", "SEMIN, ALEXANDER", "DWYER, PATRICK", "HARRISON, JAY", "SKINNER, JEFF", "HAINSEY, RON", "BELLEMORE, BRETT", "WARD, CAM", "KHUDOBIN, ANTON"], "G": [0, 0, 0, 0, 0, 0, "1", 0, 0, "1", 0, 0, 0, 0, 0, 0, 0, 0, 0, 0, 0, 0, 0, 0, 0, 0, 0, 0, "1", 0, 0, 0, 0, 0, 0, 0, 0, 0, 0, 0, 0], "A": [0, 0, 0, "1", 0, 0, 0, 0, "1", 0, "1", 0, 0, 0, 0, 0, 0, "1", 0, 0, 0, 0, 0, 0, 0, "1", 0, 0, 0, "1", 0, 0, 0, 0, 0, 0, 0, 0, 0, 0, 0], "P": [0, 0, 0, "1", 0, 0, "1", 0, "1", "1", "1", 0, 0, 0, 0, 0, 0, "1", 0, 0, 0, 0, 0, 0, 0, "1", 0, 0, "1", "1", 0, 0, 0, 0, 0, 0, 0, 0, 0, 0, 0], "+/-": [0, "+1", "-1", "+1", 0, "-1", "+1", "-1", "+1", "+1", "+1", "-1", 0, "+1", 0, 0, "+1", "+1", 0, 0, 0, 0, 0, 0, "-2", "+1", 0, 0, "+1", "+1", "-2", "-1", 0, 0, "-2", 0, 0, "-1", 0, 0, 0], "PN": [0, 0, 0, 0, 0, 0, 0, 0, "1", 0, 0, 0, 0, 0, "1", "1", 0, 0, 0, 0, "1", 0, 0, "1", 0, 0, 0, 0, 0, 0, 0, 0, 0, 0, 0, 0, 0, 0, 0, 0, 0], "PIM": [0, 0, 0, 0, 0, 0, 0, 0, "2", 0, 0, 0, 0, 0, "2", "2", 0, 0, 0, 0, "2", 0, 0, "2", 0, 0, 0, 0, 0, 0, 0, 0, 0, 0, 0, 0, 0, 0, 0, 0, 0], "TOT": ["14:42", "21:17", "12:56", "24:13", "15:41", "06:16", "18:42", "08:40", "19:23", "13:56", "18:39", "07:21", "14:13", "22:38", "16:35", "25:01", "15:10", "18:08", "60:00", 0, 0, "22:02", "16:22", "20:09", "15:02", "11:48", "17:19", "15:19", "09:56", "12:30", "13:35", "20:12", "23:42", "18:46", "13:53", "16:37", "18:56", "18:35", "15:04", 0, "59:40"], "SHF": ["17", "27", "16", "28", "23", "8", "27", "13", "27", "20", "22", "10", "22", "29", "22", "29", "20", "26", 0, 0, 0, "28", "23", "26", "23", "15", "20", "23", "14", "17", "23", "24", "28", "25", "21", "18", "22", "24", "19", 0, 0], "AVG TOI/SH": ["00:51", "00:47", "00:48", "00:51", "00:40", "00:47", "00:41", "00:40", "00:43", "00:41", "00:50", "00:44", "00:38", "00:46", "00:45", "00:51", "00:45", "00:41", 0, 0, 0, "00:47", "00:42", "00:46", "00:39", "00:47", "00:51", "00:39", "00:42", "00:44", "00:35", "00:50", "00:50", "00:45", "00:39", "00:55", "00:51", "00:46", "00:47", 0, 0], "PP": ["00:00", "00:00", "00:00", "00:00", "00:00", "00:00", "00:00", "00:00", "00:00", "00:00", "00:00", "00:00", "00:00", "00:00", "00:00", "00:00", "00:00", "00:00", "00:00", 0, 0, "00:56", "01:03", "04:06", "01:19", "00:00", "03:43", "01:26", "00:00", "00:05", "00:00", "04:02", "01:15", "03:43", "00:00", "00:11", "03:45", "00:00", "00:11", 0, "05:09"], "SH": ["01:42", "02:47", "00:04", "02:54", "00:40", "00:00", "01:56", "01:14", "02:25", "00:00", "01:11", "00:00", "00:00", "02:11", "00:00", "01:27", "00:00", "01:18", "05:09", 0, 0, "00:00", "00:00", "00:00", "00:00", "00:00", "00:00", "00:00", "00:00", "00:00", "00:00", "00:00", "00:00", "00:00", "00:00", "00:00", "00:00", "00:00", "00:00", 0, "00:00"], "EV": ["13:00", "18:30", "12:52", "21:19", "15:01", "06:16", "16:46", "07:26", "16:58", "13:56", "17:28", "07:21", "14:13", "20:27", "16:35", "23:34", "15:10", "16:50", "54:51", 0, 0, "21:06", "15:19", "16:03", "13:43", "11:48", "13:36", "13:53", "09:56", "12:25", "13:35", "16:10", "22:27", "15:03", "13:53", "16:26", "15:11", "18:35", "14:53", 0, "54:31"], "S": ["1", "3", 0, 0, 0, 0, "3", "1", "5", "1", "1", "1", "4", 0, "1", "3", 0, "3", 0, 0, 0, 0, "1", "1", "2", 0, "2", "1", "2", "2", 0, "3", "1", "6", "1", 0, "5", "1", "1", 0, 0], "A/B": ["1", 0, "2", 0, 0, 0, 0, 0, 0, 0, "1", 0, 0, 0, "1", 0, 0, "2", 0, 0, 0, "2", 0, 0, 0, 0, "1", "2", 0, "1", 0, "3", "1", "2", 0, 0, "2", 0, 0, 0, 0], "MS": [0, 0, 0, "2", "1", "1", "2", "1", 0, 0, 0, 0, 0, 0, "1", "2", "1", "2", 0, 0, 0, 0, "1", "1", 0, 0, 0, "2", 0, "1", "3", "1", 0, "3", "1", 0, "1", 0, "1", 0, 0], "HT": [0, "3", "3", "5", 0, "2", "3", 0, "1", "3", "1", "3", "4", "1", "3", "2", "3", 0, 0, 0, 0, "1", "1", "1", 0, "4", 0, "2", 0, 0, "1", 0, "1", "1", "3", "1", 0, 0, "2", 0, 0], "GV": [0, "1", 0, "2", 0, 0, "1", 0, "1", "1", 0, 0, 0, "5", "2", 0, 0, "1", 0, 0, 0, 0, 0, 0, "3", "1", "1", "1", 0, 0, 0, 0, 0, "2", "1", 0, "1", 0, 0, 0, "1"], "TK": [0, 0, 0, "2", "1", 0, 0, "2", "3", 0, 0, 0, "1", 0, 0, 0, 0, 0, 0, 0, 0, 0, "1", "1", 0, 0, "1", "1", 0, 0, "1", 0, 0, "2", "1", 0, 0, "1", 0, 0, 0], "BS": ["2", "2", 0, "1", "1", 0, 0, 0, 0, "3", "1", 0, 0, "2", 0, "2", 0, 0, 0, 0, 0, "2", 0, 0, 0, 0, 0, "1", "1", "1", 0, 0, "2", 0, 0, 0, 0, 0, 0, 0, 0], "FW": [0, 0, 0, 0, "6", 0, 0, "4", "5", 0, 0, 0, 0, 0, 0, 0, "2", "1", 0, 0, 0, 0, "5", "14", 0, 0, "1", 0, "1", 0, "11", 0, 0, 0, 0, 0, 0, 0, 0, 0, 0], "FL": [0, 0, 0, 0, "9", 0, 0, "1", "14", 0, 0, 0, 0, 0, 0, 0, "8", "0", 0, 0, 0, 0, "4", "6", 0, 0, "0", 0, "4", 0, "4", 0, 0, 0, 0, 0, 0, 0, 0, 0, 0], "F%": [0, 0, 0, 0, "40", 0, 0, "80", "26", 0, 0, 0, 0, 0, 0, 0, "20", "100", 0, 0, 0, 0, "56", "70", 0, 0, "100", 0, "20", 0, "73", 0, 0, 0, 0, 0, 0, 0, 0, 0, 0], "team": ["WINNIPEG JETS ", "WINNIPEG JETS ", "WINNIPEG JETS ", "WINNIPEG JETS ", "WINNIPEG JETS ", "WINNIPEG JETS ", "WINNIPEG JETS ", "WINNIPEG JETS ", "WINNIPEG JETS ", "WINNIPEG JETS ", "WINNIPEG JETS ", "WINNIPEG JETS ", "WINNIPEG JETS ", "WINNIPEG JETS ", "WINNIPEG JETS ", "WINNIPEG JETS ", "WINNIPEG JETS ", "WINNIPEG JETS ", "WINNIPEG JETS ", "WINNIPEG JETS ", "WINNIPEG JETS ", "CAROLINA HURRICANES ", "CAROLINA HURRICANES ", "CAROLINA HURRICANES ", "CAROLINA HURRICANES ", "CAROLINA HURRICANES ", "CAROLINA HURRICANES ", "CAROLINA HURRICANES ", "CAROLINA HURRICANES ", "CAROLINA HURRICANES ", "CAROLINA HURRICANES ", "CAROLINA HURRICANES ", "CAROLINA HURRICANES ", "CAROLINA HURRICANES ", "CAROLINA HURRICANES ", "CAROLINA HURRICANES ", "CAROLINA HURRICANES ", "CAROLINA HURRICANES ", "CAROLINA HURRICANES ", "CAROLINA HURRICANES ", "CAROLINA HURRICANES "], "GA": [0, 0, 0, 0, 0, 0, 0, 0, 0, 0, 0, 0, 0, 0, 0, 0, 0, 0, "1", 0, 0, 0, 0, 0, 0, 0, 0, 0, 0, 0, 0, 0, 0, 0, 0, 0, 0, 0, 0, 0, "2"], "SA": [0, 0, 0, 0, 0, 0, 0, 0, 0, 0, 0, 0, 0, 0, 0, 0, 0, 0, "29", 0, 0, 0, 0, 0, 0, 0, 0, 0, 0, 0, 0, 0, 0, 0, 0, 0, 0, 0, 0, 0, "27"]}}