{"game_info": {"date": "2014-01-18", "visitor": "SAN JOSE SHARKS ", "home": "TAMPA BAY LIGHTNING ", "game_id": 724, "status": "final"}, "player_stats": {"number": ["5", "7", "8", "10", "12", "15", "19", "22", "38", "43", "44", "52", "57", "61", "76", "81", "83", "88", "31", "32", "2", "6", "7", "8", "9", "12", "16", "17", "18", "22", "23", "25", "26", "44", "51", "71", "77", "86", "30", "39"], "position": ["D", "D", "C", "C", "C", "C", "C", "D", "C", "L", "D", "D", "C", "D", "R", "C", "L", "R", "G", "G", "D", "D", "D", "D", "C", "L", "R", "C", "L", "D", "R", "D", "R", "C", "C", "R", "D", "R", "G", "G"], "name": ["DEMERS, JASON", "STUART, BRAD", "PAVELSKI, JOE", "DESJARDINS, ANDREW", "MARLEAU, PATRICK", "SHEPPARD, JAMES", "THORNTON, JOE", "BOYLE, DAN", "KEARNS, BRACKEN", "MCCARTHY, JOHN", "VLASIC, MARC-EDOUARD", "IRWIN, MATT", "WINGELS, TOMMY", "BRAUN, JUSTIN", "HAYES, ERIAH", "KENNEDY, TYLER", "NIETO, MATT", "BURNS, BRENT", "NIEMI, ANTTI", "STALOCK, ALEX", "BREWER, ERIC", "SALO, SAMI", "GUDAS, RADKO", "BARBERIO, MARK", "JOHNSON, TYLER", "MALONE, RYAN", "PURCELL, TEDDY", "KILLORN, ALEX", "PALAT, ONDREJ", "COTE, JEAN-PHILIPPE", "BROWN, J.T.", "CARLE, MATTHEW", "ST. LOUIS, MARTIN", "THOMPSON, NATE", "FILPPULA, VALTTERI", "PANIK, RICHARD", "HEDMAN, VICTOR", "KUCHEROV, NIKITA", "BISHOP, BEN", "LINDBACK, ANDERS"], "G": [0, 0, "3", 0, "1", 0, 0, 0, 0, 0, 0, 0, 0, 0, 0, 0, "1", 0, 0, 0, 0, 0, 0, 0, 0, 0, 0, 0, 0, 0, 0, 0, "4", 0, 0, 0, 0, 0, 0, 0], "A": ["1", 0, 0, 0, "2", 0, "1", "1", 0, 0, 0, "1", "2", 0, 0, "1", "1", 0, 0, 0, 0, 0, 0, "1", "2", 0, "2", 0, 0, "1", "1", 0, 0, 0, 0, 0, 0, 0, "1", 0], "P": ["1", 0, "3", 0, "3", 0, "1", "1", 0, 0, 0, "1", "2", 0, 0, "1", "2", 0, 0, 0, 0, 0, 0, "1", "2", 0, "2", 0, 0, "1", "1", 0, "4", 0, 0, 0, 0, 0, "1", 0], "+/-": ["+2", "-1", "+1", "+1", "+2", 0, "-1", "+1", "+1", 0, "+2", "+1", "+2", "-1", 0, "+1", "+1", "-1", 0, 0, "-1", 0, "-3", "+1", "+1", 0, "-2", "-3", 0, 0, 0, "-2", "+1", 0, "-2", 0, "+1", "-1", 0, 0], "PN": [0, 0, 0, "2", "1", 0, 0, 0, 0, 0, 0, "1", 0, 0, "1", "1", 0, 0, 0, 0, "1", 0, 0, 0, 0, 0, 0, 0, 0, "2", 0, 0, 0, 0, 0, 0, 0, 0, "1", 0], "PIM": [0, 0, 0, "7", "2", 0, 0, 0, 0, 0, 0, "2", 0, 0, "2", "2", 0, 0, 0, 0, "2", 0, 0, 0, 0, 0, 0, 0, 0, "7", 0, 0, 0, 0, 0, 0, 0, 0, "2", 0], "TOT": ["19:12", "22:02", "20:49", "13:20", "17:20", "09:46", "19:38", "20:53", "14:00", "08:50", "18:13", "19:21", "17:28", "20:36", "08:18", "12:40", "14:47", "18:33", "59:39", 0, "17:37", "19:59", "18:13", "17:04", "19:35", "12:21", "15:04", "17:21", "17:00", "06:47", "12:28", "20:57", "24:46", "16:02", "19:48", "11:22", "16:44", "16:20", "58:24", 0], "SHF": ["24", "25", "30", "19", "27", "16", "28", "25", "23", "16", "23", "25", "27", "24", "14", "21", "25", "28", 0, 0, "26", "29", "25", "24", "25", "19", "22", "26", "24", "11", "17", "26", "30", "23", "28", "19", "22", "19", 0, 0], "AVG TOI/SH": ["00:48", "00:52", "00:41", "00:42", "00:38", "00:36", "00:42", "00:50", "00:36", "00:33", "00:47", "00:46", "00:38", "00:51", "00:35", "00:36", "00:35", "00:39", 0, 0, "00:40", "00:41", "00:43", "00:42", "00:47", "00:39", "00:41", "00:40", "00:42", "00:37", "00:44", "00:48", "00:49", "00:41", "00:42", "00:35", "00:45", "00:51", 0, 0], "PP": ["00:50", "00:00", "00:50", "00:00", "00:50", "00:00", "00:50", "00:50", "00:00", "00:00", "00:00", "00:00", "00:00", "00:00", "00:00", "00:00", "00:00", "00:00", "00:50", 0, "00:00", "01:02", "00:00", "00:37", "02:15", "00:00", "02:40", "00:37", "00:37", "00:00", "00:00", "01:23", "02:40", "00:00", "02:40", "00:00", "01:17", "00:37", "03:17", 0], "SH": ["01:53", "01:15", "01:06", "00:23", "01:06", "00:00", "00:05", "00:00", "00:54", "01:07", "02:02", "00:00", "01:13", "01:24", "00:00", "00:00", "00:35", "00:05", "03:17", 0, "00:11", "00:50", "00:00", "00:00", "00:19", "00:00", "00:00", "00:00", "00:19", "00:00", "00:31", "00:00", "00:00", "00:31", "00:00", "00:00", "00:39", "00:00", "00:50", 0], "EV": ["16:29", "20:47", "18:53", "12:57", "15:24", "09:46", "18:43", "20:03", "13:06", "07:43", "16:11", "19:21", "16:15", "19:12", "08:18", "12:40", "14:12", "18:28", "55:32", 0, "17:26", "18:07", "18:13", "16:27", "17:01", "12:21", "12:24", "16:44", "16:04", "06:47", "11:57", "19:34", "22:06", "15:31", "17:08", "11:22", "14:48", "15:43", "54:17", 0], "S": ["1", 0, "5", "2", "5", 0, 0, "3", 0, "2", "3", "1", "1", "1", "1", "2", "3", "2", 0, 0, "1", "1", 0, 0, "2", "1", "2", "1", "3", 0, "2", 0, "6", 0, "2", "2", "2", "4", 0, 0], "A/B": ["1", "2", 0, 0, 0, 0, 0, "3", 0, 0, "1", "1", 0, "2", 0, "2", "1", "2", 0, 0, 0, "1", "2", "3", 0, 0, "1", 0, 0, "1", 0, "1", 0, 0, 0, 0, "1", "3", 0, 0], "MS": ["1", 0, 0, 0, "3", 0, 0, "1", 0, 0, "1", 0, 0, 0, "2", 0, "1", "1", 0, 0, 0, "1", 0, 0, "1", 0, 0, 0, "3", "1", "1", "1", "4", 0, 0, "1", 0, "2", 0, 0], "HT": ["2", "1", 0, 0, "1", "1", 0, 0, "2", 0, "2", "3", "3", "1", "2", "1", 0, 0, 0, 0, "3", "1", "4", "1", 0, "1", 0, 0, "2", "2", "2", "1", 0, "1", 0, "1", 0, 0, 0, 0], "GV": ["1", 0, "1", 0, 0, 0, 0, 0, 0, 0, "1", 0, 0, 0, 0, 0, "1", "1", 0, 0, 0, 0, 0, "1", 0, "1", 0, 0, "1", 0, 0, 0, "1", 0, 0, 0, 0, "1", "1", 0], "TK": ["2", 0, 0, 0, "1", "1", "1", 0, 0, 0, 0, 0, 0, 0, 0, 0, 0, "2", 0, 0, 0, 0, 0, "1", 0, 0, 0, 0, "1", 0, 0, 0, "1", 0, 0, 0, 0, 0, 0, 0], "BS": [0, "4", "2", 0, "1", 0, 0, 0, "1", 0, "1", "1", 0, 0, "1", 0, "2", 0, 0, 0, "2", 0, "2", "1", "1", 0, "1", 0, 0, "1", "2", 0, "1", 0, 0, 0, "2", "2", 0, 0], "FW": [0, 0, "4", "3", "11", 0, "9", 0, 0, "1", 0, 0, "1", 0, "0", 0, 0, "1", 0, 0, 0, 0, 0, 0, "14", 0, 0, "1", "0", 0, "2", 0, "4", "10", "8", 0, 0, 0, 0, 0], "FL": [0, 0, "8", "4", "12", 0, "8", 0, 0, "2", 0, 0, "2", 0, "2", 0, 0, "1", 0, 0, 0, 0, 0, 0, "15", 0, 0, "2", "1", 0, "0", 0, "1", "6", "5", 0, 0, 0, 0, 0], "F%": [0, 0, "33", "43", "48", 0, "53", 0, 0, "33", 0, 0, "33", 0, "0", 0, 0, "50", 0, 0, 0, 0, 0, 0, "48", 0, 0, "33", "0", 0, "100", 0, "80", "63", "62", 0, 0, 0, 0, 0], "team": ["SAN JOSE SHARKS ", "SAN JOSE SHARKS ", "SAN JOSE SHARKS ", "SAN JOSE SHARKS ", "SAN JOSE SHARKS ", "SAN JOSE SHARKS ", "SAN JOSE SHARKS ", "SAN JOSE SHARKS ", "SAN JOSE SHARKS ", "SAN JOSE SHARKS ", "SAN JOSE SHARKS ", "SAN JOSE SHARKS ", "SAN JOSE SHARKS ", "SAN JOSE SHARKS ", "SAN JOSE SHARKS ", "SAN JOSE SHARKS ", "SAN JOSE SHARKS ", "SAN JOSE SHARKS ", "SAN JOSE SHARKS ", "SAN JOSE SHARKS ", "TAMPA BAY LIGHTNING ", "TAMPA BAY LIGHTNING ", "TAMPA BAY LIGHTNING ", "TAMPA BAY LIGHTNING ", "TAMPA BAY LIGHTNING ", "TAMPA BAY LIGHTNING ", "TAMPA BAY LIGHTNING ", "TAMPA BAY LIGHTNING ", "TAMPA BAY LIGHTNING ", "TAMPA BAY LIGHTNING ", "TAMPA BAY LIGHTNING ", "TAMPA BAY LIGHTNING ", "TAMPA BAY LIGHTNING ", "TAMPA BAY LIGHTNING ", "TAMPA BAY LIGHTNING ", "TAMPA BAY LIGHTNING ", "TAMPA BAY LIGHTNING ", "TAMPA BAY LIGHTNING ", "TAMPA BAY LIGHTNING ", "TAMPA BAY LIGHTNING "], "GA": [0, 0, 0, 0, 0, 0, 0, 0, 0, 0, 0, 0, 0, 0, 0, 0, 0, 0, "4", 0, 0, 0, 0, 0, 0, 0, 0, 0, 0, 0, 0, 0, 0, 0, 0, 0, 0, 0, "5", 0], "SA": [0, 0, 0, 0, 0, 0, 0, 0, 0, 0, 0, 0, 0, 0, 0, 0, 0, 0, "29", 0, 0, 0, 0, 0, 0, 0, 0, 0, 0, 0, 0, 0, 0, 0, 0, 0, 0, 0, "32", 0]}}