{"game_info": {"date": "2013-11-21", "visitor": "FLORIDA PANTHERS ", "home": "EDMONTON OILERS ", "game_id": 333, "status": "final"}, "player_stats": {"number": ["7", "11", "12", "14", "16", "17", "18", "19", "21", "22", "24", "27", "44", "51", "57", "77", "82", "97", "30", "34", "2", "4", "6", "14", "15", "19", "20", "21", "27", "41", "44", "57", "64", "77", "83", "89", "93", "94", "40", "80", 0], "position": ["D", "C", "R", "L", "C", "C", "C", "R", "R", "D", "R", "C", "D", "D", "C", "D", "R", "D", "G", "G", "D", "L", "L", "C", "D", "D", "L", "D", "C", "R", "D", "L", "R", "D", "R", "C", "C", "L", "G", "G", 0], "name": ["KULIKOV, DMITRY", "HUBERDEAU, JONATHAN", "HAYES, JIMMY", "FLEISCHMANN, TOMAS", "BARKOV, ALEKSANDER", "WINCHESTER, JESSE", "MATTHIAS, SHAWN", "UPSHALL, SCOTTIE", "BARCH, KRYS", "MOTTAU, MIKE", "BOYES, BRAD", "BJUGSTAD, NICK", "GUDBRANSON, ERIK", "CAMPBELL, BRIAN", "GOC, MARCEL", "GILBERT, TOM", "KOPECKY, TOMAS", "GILROY, MATT", "CLEMMENSEN, SCOTT", "THOMAS, TIM", "PETRY, JEFF", "HALL, TAYLOR", "JOENSUU, JESSE", "EBERLE, JORDAN", "SCHULTZ, NICK", "SCHULTZ, JUSTIN", "GAZDIC, LUKE", "FERENCE, ANDREW", "GORDON, BOYD", "ACTON, WILL", "POTTER, COREY", "PERRON, DAVID", "YAKUPOV, NAIL", "BELOV, ANTON", "HEMSKY, ALES", "GAGNER, SAM", "NUGENT-HOPKINS, RYAN", "SMYTH, RYAN", "DUBNYK, DEVAN", "BRYZGALOV, ILYA", "TEAM PENALTY"], "G": [0, 0, 0, 0, 0, 0, 0, "1", 0, 0, 0, 0, 0, 0, 0, 0, 0, 0, 0, 0, 0, 0, 0, "2", 0, 0, 0, 0, 0, 0, 0, "1", 0, 0, 0, "1", 0, 0, 0, 0, 0], "A": [0, 0, 0, 0, "1", 0, 0, 0, 0, 0, "1", 0, 0, 0, 0, 0, 0, 0, 0, 0, 0, "2", 0, 0, 0, "1", 0, 0, 0, 0, "1", 0, "1", 0, 0, 0, "3", 0, 0, 0, 0], "P": [0, 0, 0, 0, "1", 0, 0, "1", 0, 0, "1", 0, 0, 0, 0, 0, 0, 0, 0, 0, 0, "2", 0, "2", 0, "1", 0, 0, 0, 0, "1", "1", "1", 0, 0, "1", "3", 0, 0, 0, 0], "+/-": [0, "-2", 0, "-1", 0, 0, 0, "+1", 0, 0, "+1", "-2", 0, "-1", "-1", "-1", 0, 0, 0, 0, 0, "+1", 0, "+1", "+1", "+1", 0, "-1", 0, 0, 0, 0, 0, "+1", 0, 0, "+1", 0, 0, 0, 0], "PN": [0, 0, "1", 0, 0, 0, 0, "2", 0, 0, "1", 0, 0, "1", 0, "1", 0, 0, 0, 0, 0, 0, 0, 0, "1", 0, 0, "2", "1", 0, 0, 0, "1", 0, 0, 0, 0, 0, 0, 0, "1"], "PIM": [0, 0, "2", 0, 0, 0, 0, "7", 0, 0, "2", 0, 0, "2", 0, "2", 0, 0, 0, 0, 0, 0, 0, 0, "2", 0, 0, "7", "2", 0, 0, 0, "2", 0, 0, 0, 0, 0, 0, 0, "2"], "TOT": ["20:09", "18:09", "11:24", "17:32", "19:07", "06:35", "18:29", "18:20", "06:07", "13:14", "19:48", "17:25", "21:00", "28:34", "17:57", "24:48", "02:01", "12:10", 0, "59:21", "21:53", "20:59", "06:58", "18:32", "14:18", "19:11", "04:46", "18:41", "14:49", "07:25", "17:00", "18:22", "15:39", "22:00", "15:36", "18:27", "18:52", "16:34", "59:58", 0, 0], "SHF": ["23", "24", "18", "24", "25", "10", "23", "23", "9", "18", "24", "24", "25", "30", "26", "29", "3", "19", 0, 0, "24", "24", "10", "26", "18", "26", "8", "22", "28", "13", "21", "24", "24", "25", "23", "25", "22", "26", 0, 0, 0], "AVG TOI/SH": ["00:52", "00:45", "00:38", "00:43", "00:45", "00:39", "00:48", "00:47", "00:40", "00:44", "00:49", "00:43", "00:50", "00:57", "00:41", "00:51", "00:40", "00:38", 0, 0, "00:54", "00:52", "00:41", "00:42", "00:47", "00:44", "00:35", "00:50", "00:31", "00:34", "00:48", "00:45", "00:39", "00:52", "00:40", "00:44", "00:51", "00:38", 0, 0, 0], "PP": ["02:02", "02:56", "00:06", "02:46", "04:25", "00:19", "01:56", "02:29", "00:06", "00:00", "04:35", "02:56", "00:25", "07:21", "00:25", "04:37", "00:19", "01:07", 0, "07:46", "00:21", "03:16", "00:00", "03:50", "00:00", "01:55", "00:00", "00:25", "00:11", "00:00", "00:00", "03:50", "03:32", "01:21", "02:20", "01:35", "03:50", "01:34", "05:36", 0, 0], "SH": ["00:25", "00:00", "00:00", "01:59", "00:12", "01:20", "02:13", "01:51", "00:00", "03:23", "00:11", "00:09", "04:04", "01:21", "03:17", "01:59", "00:00", "00:00", 0, "05:36", "04:57", "02:33", "00:21", "02:35", "01:58", "00:06", "00:00", "02:45", "01:34", "02:32", "03:21", "00:21", "00:00", "02:25", "00:00", "03:07", "00:00", "02:29", "07:46", 0, 0], "EV": ["17:42", "15:13", "11:18", "12:47", "14:30", "04:56", "14:20", "14:00", "06:01", "09:51", "15:02", "14:20", "16:31", "19:52", "14:15", "18:12", "01:42", "11:03", 0, "45:59", "16:35", "15:10", "06:37", "12:07", "12:20", "17:10", "04:46", "15:31", "13:04", "04:53", "13:39", "14:11", "12:07", "18:14", "13:16", "13:45", "15:02", "12:31", "46:36", 0, 0], "S": ["3", "1", 0, 0, "1", 0, "5", "2", "1", 0, 0, 0, "1", "2", "6", "2", 0, "1", 0, 0, "2", "1", 0, "4", 0, 0, 0, "4", "1", 0, "1", "9", 0, "1", 0, "7", "2", "3", 0, 0, 0], "A/B": [0, 0, 0, 0, 0, "1", "1", "1", 0, 0, 0, "4", "2", "2", "1", "3", 0, "1", 0, 0, 0, 0, 0, 0, 0, "1", 0, 0, "2", 0, 0, "2", 0, 0, "1", 0, "2", 0, 0, 0, 0], "MS": [0, 0, "1", 0, 0, "1", "3", "1", 0, 0, 0, 0, "5", "1", "2", "1", 0, "1", 0, 0, "1", "1", 0, 0, 0, 0, 0, "1", 0, "1", 0, "1", 0, "2", 0, "2", 0, 0, 0, 0, 0], "HT": ["1", "1", "2", 0, 0, "1", "3", "3", "1", 0, 0, 0, "1", 0, "1", "1", "1", 0, 0, 0, "3", 0, "2", "1", "1", 0, 0, 0, 0, "1", "1", 0, "1", "4", "1", "1", "1", "4", 0, 0, 0], "GV": [0, 0, 0, 0, 0, 0, 0, 0, 0, 0, "1", 0, 0, 0, "1", "1", 0, 0, 0, "2", 0, "2", "1", "3", "1", 0, 0, 0, 0, "1", 0, 0, "1", "2", "1", "1", 0, "1", 0, 0, 0], "TK": [0, 0, 0, 0, 0, 0, 0, 0, 0, 0, "1", 0, 0, 0, 0, 0, 0, "1", 0, 0, 0, "2", 0, 0, 0, "1", 0, "1", 0, "1", "1", "1", 0, 0, 0, 0, 0, "2", 0, 0, 0], "BS": ["2", 0, 0, 0, 0, 0, 0, "2", 0, "1", 0, 0, "1", 0, "1", 0, 0, "1", 0, 0, "3", 0, "1", 0, "1", 0, 0, "3", 0, 0, "5", 0, "1", 0, 0, "2", 0, 0, 0, 0, 0], "FW": [0, "1", 0, "0", "8", 0, "2", "0", 0, 0, "0", "4", 0, 0, "9", 0, 0, 0, 0, 0, 0, 0, 0, "0", 0, 0, 0, "0", "15", "1", 0, 0, 0, 0, 0, "3", "9", "0", 0, 0, 0], "FL": [0, "1", 0, "2", "7", 0, "2", "1", 0, 0, "1", "8", 0, 0, "6", 0, 0, 0, 0, 0, 0, 0, 0, "2", 0, 0, 0, "1", "2", "4", 0, 0, 0, 0, 0, "8", "6", "1", 0, 0, 0], "F%": [0, "50", 0, "0", "53", 0, "50", "0", 0, 0, "0", "33", 0, 0, "60", 0, 0, 0, 0, 0, 0, 0, 0, "0", 0, 0, 0, "0", "88", "20", 0, 0, 0, 0, 0, "27", "60", "0", 0, 0, 0], "team": ["FLORIDA PANTHERS ", "FLORIDA PANTHERS ", "FLORIDA PANTHERS ", "FLORIDA PANTHERS ", "FLORIDA PANTHERS ", "FLORIDA PANTHERS ", "FLORIDA PANTHERS ", "FLORIDA PANTHERS ", "FLORIDA PANTHERS ", "FLORIDA PANTHERS ", "FLORIDA PANTHERS ", "FLORIDA PANTHERS ", "FLORIDA PANTHERS ", "FLORIDA PANTHERS ", "FLORIDA PANTHERS ", "FLORIDA PANTHERS ", "FLORIDA PANTHERS ", "FLORIDA PANTHERS ", "FLORIDA PANTHERS ", "FLORIDA PANTHERS ", "EDMONTON OILERS ", "EDMONTON OILERS ", "EDMONTON OILERS ", "EDMONTON OILERS ", "EDMONTON OILERS ", "EDMONTON OILERS ", "EDMONTON OILERS ", "EDMONTON OILERS ", "EDMONTON OILERS ", "EDMONTON OILERS ", "EDMONTON OILERS ", "EDMONTON OILERS ", "EDMONTON OILERS ", "EDMONTON OILERS ", "EDMONTON OILERS ", "EDMONTON OILERS ", "EDMONTON OILERS ", "EDMONTON OILERS ", "EDMONTON OILERS ", "EDMONTON OILERS ", "EDMONTON OILERS "], "GA": [0, 0, 0, 0, 0, 0, 0, 0, 0, 0, 0, 0, 0, 0, 0, 0, 0, 0, 0.0, "3", 0, 0, 0, 0, 0, 0, 0, 0, 0, 0, 0, 0, 0, 0, 0, 0, 0, 0, "1", 0, 0], "SA": [0, 0, 0, 0, 0, 0, 0, 0, 0, 0, 0, 0, 0, 0, 0, 0, 0, 0, 0.0, "34", 0, 0, 0, 0, 0, 0, 0, 0, 0, 0, 0, 0, 0, 0, 0, 0, 0, 0, "25", 0, 0]}}