{"game_info": {"date": "2014-03-12", "visitor": "VANCOUVER CANUCKS ", "home": "WINNIPEG JETS ", "game_id": 986, "status": "final"}, "player_stats": {"number": ["2", "3", "5", "6", "7", "8", "14", "17", "18", "20", "23", "27", "29", "33", "36", "45", "46", "49", "31", "35", 0, "2", "5", "7", "8", "9", "12", "14", "16", "18", "19", "22", "26", "33", "39", "40", "44", "58", "67", "31", "35"], "position": ["D", "D", "D", "D", "L", "D", "L", "C", "D", "L", "D", "C", "L", "C", "R", "C", "L", "R", "G", "G", 0, "D", "D", "D", "D", "L", "C", "R", "L", "C", "C", "R", "R", "D", "D", "R", "D", "C", "R", "G", "G"], "name": ["HAMHUIS, DAN", "BIEKSA, KEVIN", "GARRISON, JASON", "WEBER, YANNICK", "BOOTH, DAVID", "TANEV, CHRISTOPHER", "BURROWS, ALEXANDRE", "KESLER, RYAN", "STANTON, RYAN", "HIGGINS, CHRIS", "EDLER, ALEXANDER", "MATTHIAS, SHAWN", "SESTITO, TOM", "SEDIN, HENRIK", "HANSEN, JANNIK", "SCHROEDER, JORDAN", "JENSEN, NICKLAS", "ARCHIBALD, DARREN", "LACK, EDDIE", "MARKSTROM, JACOB", "TEAM PENALTY", "PARDY, ADAM", "STUART, MARK", "ELLERBY, KEATON", "TROUBA, JACOB", "KANE, EVANDER", "JOKINEN, OLLI", "PELUSO, ANTHONY", "LADD, ANDREW", "LITTLE, BRYAN", "SLATER, JIM", "THORBURN, CHRIS", "WHEELER, BLAKE", "BYFUGLIEN, DUSTIN", "ENSTROM, TOBIAS", "SETOGUCHI, DEVIN", "BOGOSIAN, ZACH", "O'DELL, ERIC", "FROLIK, MICHAEL", "PAVELEC, ONDREJ", "MONTOYA, AL"], "G": [0, 0, 0, 0, 0, 0, "2", 0, 0, 0, 0, 0, 0, 0, 0, 0, 0, 0, 0, 0, 0, 0, 0, 0, 0, 0, 0, 0, "1", 0, 0, 0, 0, 0, 0, 0, 0, 0, "1", 0, 0], "A": [0, 0, "1", 0, 0, 0, 0, 0, 0, 0, 0, 0, 0, 0, "1", "1", 0, 0, 0, 0, 0, 0, 0, "1", "1", 0, "1", 0, 0, "1", 0, 0, 0, 0, 0, 0, 0, 0, 0, 0, 0], "P": [0, 0, "1", 0, 0, 0, "2", 0, 0, 0, 0, 0, 0, 0, "1", "1", 0, 0, 0, 0, 0, 0, 0, "1", "1", 0, "1", 0, "1", "1", 0, 0, 0, 0, 0, 0, 0, 0, "1", 0, 0], "+/-": ["+1", 0, 0, 0, "-1", 0, "+2", "-1", 0, "-1", "-1", 0, 0, 0, "+1", "+1", 0, "-1", 0, 0, 0, 0, "+1", "-1", "+1", "-1", 0, 0, "+1", 0, 0, 0, 0, 0, 0, "-2", "-1", 0, "+2", 0, 0], "PN": [0, 0, 0, 0, 0, 0, "1", 0, 0, 0, "2", 0, "1", 0, 0, 0, "1", 0, 0, 0, "1", 0, 0, 0, 0, "1", "1", "1", "1", "2", "1", 0, 0, 0, 0, 0, 0, 0, 0, 0, 0], "PIM": [0, 0, 0, 0, 0, 0, "2", 0, 0, 0, "4", 0, "5", 0, 0, 0, "2", 0, 0, 0, "2", 0, 0, 0, 0, "2", "2", "5", "2", "4", "2", 0, 0, 0, 0, 0, 0, 0, 0, 0, 0], "TOT": ["22:55", "26:23", "16:38", "05:20", "13:43", "23:27", "20:57", "12:34", "13:20", "23:10", "24:21", "18:35", "02:42", "24:02", "20:14", "10:38", "19:57", "11:10", "65:00", 0, 0, "13:21", "21:34", "11:07", "27:43", "20:15", "19:33", "01:56", "23:34", "22:35", "16:53", "02:06", "23:44", "21:54", "25:54", "11:46", "23:02", "02:12", "18:51", "65:00", 0], "SHF": ["33", "29", "23", "9", "17", "34", "29", "16", "20", "30", "29", "27", "7", "26", "27", "17", "25", "15", 0, 0, 0, "17", "26", "16", "35", "28", "32", "4", "30", "30", "27", "4", "29", "25", "35", "20", "33", "5", "26", 0, 0], "AVG TOI/SH": ["00:41", "00:54", "00:43", "00:35", "00:48", "00:41", "00:43", "00:47", "00:40", "00:46", "00:50", "00:41", "00:23", "00:55", "00:44", "00:37", "00:47", "00:44", 0, 0, 0, "00:47", "00:49", "00:41", "00:47", "00:43", "00:36", "00:29", "00:47", "00:45", "00:37", "00:31", "00:49", "00:52", "00:44", "00:35", "00:41", "00:26", "00:43", 0, 0], "PP": ["00:10", "05:45", "02:52", "02:40", "00:24", "00:13", "03:32", "03:26", "00:00", "03:47", "05:36", "00:04", "00:00", "05:41", "02:53", "01:50", "04:04", "00:13", "08:38", 0, 0, "00:00", "00:00", "00:00", "03:31", "02:14", "02:13", "00:00", "04:03", "03:46", "00:45", "00:00", "04:29", "04:38", "03:16", "01:30", "02:18", "00:00", "00:27", "06:38", 0], "SH": ["04:08", "02:50", "01:48", "00:00", "00:00", "03:06", "02:12", "01:44", "00:42", "03:38", "00:42", "02:51", "00:00", "01:41", "01:10", "00:00", "00:00", "00:00", "06:38", 0, 0, "00:04", "05:35", "00:04", "05:11", "01:40", "01:57", "00:00", "04:11", "03:42", "02:06", "00:00", "02:04", "00:00", "03:23", "00:08", "02:59", "00:00", "01:28", "08:38", 0], "EV": ["18:37", "17:48", "11:58", "02:40", "13:19", "20:08", "15:13", "07:24", "12:38", "15:45", "18:03", "15:40", "02:42", "16:40", "16:11", "08:48", "15:53", "10:57", "49:44", 0, 0, "13:17", "15:59", "11:03", "19:01", "16:21", "15:23", "01:56", "15:20", "15:07", "14:02", "02:06", "17:11", "17:16", "19:15", "10:08", "17:45", "02:12", "16:56", "49:44", 0], "S": ["4", "1", "2", 0, "2", "1", "6", "2", "1", "3", "4", "1", 0, "1", "3", 0, "1", "1", 0, 0, 0, "1", "2", 0, "1", "2", "3", 0, "3", "2", 0, 0, "4", "3", 0, "4", "5", 0, "4", 0, 0], "A/B": [0, "2", "1", 0, 0, 0, "2", 0, 0, "1", "3", 0, 0, "1", "4", 0, 0, 0, 0, 0, 0, 0, "2", "2", "2", "2", 0, 0, "2", 0, 0, 0, "2", 0, "2", "1", "2", 0, "1", 0, 0], "MS": [0, 0, "2", "1", 0, 0, "3", 0, 0, 0, "2", "3", 0, "1", "1", "1", 0, 0, 0, 0, 0, 0, 0, 0, "1", "3", 0, 0, "2", "1", "1", 0, "2", "2", 0, 0, 0, 0, "1", 0, 0], "HT": ["1", "3", 0, 0, "3", 0, "5", 0, "2", "1", "2", "2", "1", 0, 0, "2", "1", "2", 0, 0, 0, "4", "5", "3", "1", "4", "2", 0, "4", "2", "4", "2", "1", "5", "1", "2", "1", 0, 0, 0, 0], "GV": ["1", "1", 0, "1", "1", "1", 0, 0, 0, 0, "1", "1", 0, "1", 0, 0, 0, 0, "1", 0, 0, 0, "1", "1", "1", "1", "1", 0, 0, "1", 0, 0, 0, 0, "1", 0, "1", 0, "1", 0, 0], "TK": [0, "2", "1", 0, "1", 0, 0, "1", 0, "1", "1", "1", 0, 0, 0, 0, 0, 0, 0, 0, 0, 0, "1", 0, 0, "3", 0, 0, "2", "1", "1", 0, 0, "1", 0, "2", 0, 0, "1", 0, 0], "BS": ["6", "2", "3", 0, "1", "1", 0, 0, "1", 0, 0, "1", 0, "1", "1", 0, 0, "1", 0, 0, 0, 0, "2", 0, "1", "1", 0, 0, 0, 0, 0, 0, "1", "1", "3", 0, "3", 0, "2", 0, 0], "FW": [0, 0, 0, 0, 0, 0, "0", "7", 0, "0", 0, "11", 0, "14", 0, "7", 0, 0, 0, 0, 0, 0, 0, 0, 0, "0", "13", 0, "1", "11", "10", 0, "0", 0, 0, 0, 0, "1", "0", 0, 0], "FL": [0, 0, 0, 0, 0, 0, "1", "6", 0, "2", 0, "15", 0, "8", 0, "4", 0, 0, 0, 0, 0, 0, 0, 0, 0, "2", "14", 0, "1", "9", "8", 0, "1", 0, 0, 0, 0, "2", "2", 0, 0], "F%": [0, 0, 0, 0, 0, 0, "0", "54", 0, "0", 0, "42", 0, "64", 0, "64", 0, 0, 0, 0, 0, 0, 0, 0, 0, "0", "48", 0, "50", "55", "56", 0, "0", 0, 0, 0, 0, "33", "0", 0, 0], "team": ["VANCOUVER CANUCKS ", "VANCOUVER CANUCKS ", "VANCOUVER CANUCKS ", "VANCOUVER CANUCKS ", "VANCOUVER CANUCKS ", "VANCOUVER CANUCKS ", "VANCOUVER CANUCKS ", "VANCOUVER CANUCKS ", "VANCOUVER CANUCKS ", "VANCOUVER CANUCKS ", "VANCOUVER CANUCKS ", "VANCOUVER CANUCKS ", "VANCOUVER CANUCKS ", "VANCOUVER CANUCKS ", "VANCOUVER CANUCKS ", "VANCOUVER CANUCKS ", "VANCOUVER CANUCKS ", "VANCOUVER CANUCKS ", "VANCOUVER CANUCKS ", "VANCOUVER CANUCKS ", "VANCOUVER CANUCKS ", "WINNIPEG JETS ", "WINNIPEG JETS ", "WINNIPEG JETS ", "WINNIPEG JETS ", "WINNIPEG JETS ", "WINNIPEG JETS ", "WINNIPEG JETS ", "WINNIPEG JETS ", "WINNIPEG JETS ", "WINNIPEG JETS ", "WINNIPEG JETS ", "WINNIPEG JETS ", "WINNIPEG JETS ", "WINNIPEG JETS ", "WINNIPEG JETS ", "WINNIPEG JETS ", "WINNIPEG JETS ", "WINNIPEG JETS ", "WINNIPEG JETS ", "WINNIPEG JETS "], "GA": [0, 0, 0, 0, 0, 0, 0, 0, 0, 0, 0, 0, 0, 0, 0, 0, 0, 0, "2", 0, 0, 0, 0, 0, 0, 0, 0, 0, 0, 0, 0, 0, 0, 0, 0, 0, 0, 0, 0, "2", 0], "SA": [0, 0, 0, 0, 0, 0, 0, 0, 0, 0, 0, 0, 0, 0, 0, 0, 0, 0, "34", 0, 0, 0, 0, 0, 0, 0, 0, 0, 0, 0, 0, 0, 0, 0, 0, 0, 0, 0, 0, "33", 0]}}