{"game_info": {"date": "2014-03-22", "visitor": "NEW YORK RANGERS ", "home": "NEW JERSEY DEVILS ", "game_id": 1061, "status": "final"}, "player_stats": {"number": ["4", "5", "6", "8", "13", "16", "18", "19", "20", "21", "22", "26", "27", "28", "36", "61", "62", "67", "30", "33", "2", "6", "7", "8", "11", "14", "15", "16", "17", "18", "19", "20", "24", "26", "28", "29", "34", "68", "30", "35"], "position": ["D", "D", "D", "D", "L", "C", "D", "C", "C", "C", "C", "R", "D", "C", "C", "L", "L", "L", "G", "G", "D", "D", "D", "C", "R", "C", "R", "C", "R", "R", "C", "C", "D", "L", "D", "L", "D", "R", "G", "G"], "name": ["DIAZ, RAPHAEL", "GIRARDI, DAN", "STRALMAN, ANTON", "KLEIN, KEVIN", "CARCILLO, DANIEL", "BRASSARD, DERICK", "STAAL, MARC", "RICHARDS, BRAD", "KREIDER, CHRIS", "STEPAN, DEREK", "BOYLE, BRIAN", "ST. LOUIS, MARTIN", "MCDONAGH, RYAN", "MOORE, DOMINIC", "ZUCCARELLO, MATS", "NASH, RICK", "HAGELIN, CARL", "POULIOT, BENOIT", "LUNDQVIST, HENRIK", "TALBOT, CAM", "ZIDLICKY, MAREK", "GREENE, ANDY", "FAYNE, MARK", "ZUBRUS, DAINIUS", "GIONTA, STEPHEN", "HENRIQUE, ADAM", "RUUTU, TUOMO", "JOSEFSON, JACOB", "RYDER, MICHAEL", "BERNIER, STEVE", "ZAJAC, TRAVIS", "CARTER, RYAN", "SALVADOR, BRYCE", "ELIAS, PATRIK", "VOLCHENKOV, ANTON", "CLOWE, RYANE", "MERRILL, JON", "JAGR, JAROMIR", "BRODEUR, MARTIN", "SCHNEIDER, CORY"], "G": [0, 0, 0, 0, 0, 0, 0, 0, 0, "1", 0, 0, 0, 0, 0, "1", 0, 0, 0, 0, 0, 0, 0, 0, 0, 0, 0, 0, 0, 0, 0, 0, 0, 0, 0, 0, 0, 0, 0, 0], "A": [0, 0, 0, 0, 0, 0, 0, 0, "1", "1", 0, 0, "1", 0, 0, 0, 0, 0, "1", 0, 0, 0, 0, 0, 0, 0, 0, 0, 0, 0, 0, 0, 0, 0, 0, 0, 0, 0, 0, 0], "P": [0, 0, 0, 0, 0, 0, 0, 0, "1", "2", 0, 0, "1", 0, 0, "1", 0, 0, "1", 0, 0, 0, 0, 0, 0, 0, 0, 0, 0, 0, 0, 0, 0, 0, 0, 0, 0, 0, 0, 0], "+/-": ["+1", 0, "+1", 0, 0, 0, 0, 0, "+1", "+1", 0, 0, 0, 0, 0, "+1", 0, 0, 0, 0, 0, "-1", "-1", "-1", 0, 0, 0, "-1", 0, 0, 0, 0, 0, 0, 0, "-1", 0, 0, 0, 0], "PN": [0, 0, 0, 0, "1", 0, 0, 0, 0, 0, 0, 0, 0, 0, "1", 0, 0, 0, 0, 0, 0, "1", 0, 0, 0, 0, 0, 0, 0, 0, 0, 0, "2", 0, 0, 0, 0, "1", 0, 0], "PIM": [0, 0, 0, 0, "2", 0, 0, 0, 0, 0, 0, 0, 0, 0, "2", 0, 0, 0, 0, 0, 0, "2", 0, 0, 0, 0, 0, 0, 0, 0, 0, 0, "4", 0, 0, 0, 0, "2", 0, 0], "TOT": ["16:20", "24:26", "17:51", "12:23", "09:21", "16:55", "21:49", "16:55", "09:53", "17:08", "10:49", "21:08", "25:08", "12:36", "15:35", "17:54", "14:50", "14:59", "60:00", 0, "23:37", "23:50", "22:21", "15:03", "12:00", "18:56", "14:00", "12:07", "15:16", "06:48", "20:18", "07:42", "20:21", "19:24", "07:00", "13:55", "21:36", "19:10", "58:41", 0], "SHF": ["25", "33", "28", "22", "15", "22", "32", "21", "19", "24", "15", "22", "36", "16", "23", "27", "18", "21", 0, 0, "28", "30", "31", "20", "21", "24", "20", "16", "21", "13", "25", "15", "29", "24", "10", "17", "27", "24", 0, 0], "AVG TOI/SH": ["00:39", "00:44", "00:38", "00:33", "00:37", "00:46", "00:40", "00:48", "00:31", "00:42", "00:43", "00:57", "00:41", "00:47", "00:40", "00:39", "00:49", "00:42", 0, 0, "00:50", "00:47", "00:43", "00:45", "00:34", "00:47", "00:42", "00:45", "00:43", "00:31", "00:48", "00:30", "00:42", "00:48", "00:42", "00:49", "00:48", "00:47", 0, 0], "PP": ["04:06", "04:24", "00:00", "00:00", "00:00", "01:52", "00:00", "01:54", "00:00", "04:03", "00:05", "05:33", "01:26", "00:17", "00:05", "04:10", "00:00", "01:40", "05:55", 0, "00:40", "01:20", "00:00", "00:00", "00:00", "00:53", "00:27", "00:00", "00:53", "00:00", "00:40", "00:00", "00:10", "01:07", "00:00", "01:20", "01:20", "00:40", "02:00", 0], "SH": ["00:00", "00:38", "01:07", "00:00", "00:08", "00:00", "01:22", "00:00", "00:00", "01:22", "00:38", "00:00", "00:53", "00:00", "00:00", "00:22", "01:00", "00:00", "02:00", 0, "01:22", "03:05", "02:49", "00:36", "01:56", "03:49", "00:00", "01:36", "00:14", "00:00", "01:26", "00:10", "01:29", "03:22", "01:31", "00:00", "00:29", "01:05", "04:36", 0], "EV": ["12:14", "19:24", "16:44", "12:23", "09:13", "15:03", "20:27", "15:01", "09:53", "11:43", "10:06", "15:35", "22:49", "12:19", "15:30", "13:22", "13:50", "13:19", "52:05", 0, "21:35", "19:25", "19:32", "14:27", "10:04", "14:14", "13:33", "10:31", "14:09", "06:48", "18:12", "07:32", "18:42", "14:55", "05:29", "12:35", "19:47", "17:25", "52:05", 0], "S": ["1", 0, "3", 0, 0, "2", "2", "3", 0, "4", "1", 0, "2", 0, "2", "4", "2", "1", 0, 0, 0, "2", 0, "1", "1", "1", "3", 0, "1", 0, "3", 0, "2", 0, "1", "2", 0, "4", 0, 0], "A/B": ["1", 0, 0, "2", 0, "2", 0, 0, 0, 0, 0, "1", "1", 0, 0, 0, 0, 0, 0, 0, 0, "2", "1", 0, 0, "2", "3", 0, 0, 0, "1", 0, 0, 0, "1", 0, "2", "2", 0, 0], "MS": [0, 0, 0, 0, 0, 0, "1", 0, "1", "2", 0, 0, "1", "1", 0, 0, 0, 0, 0, 0, "2", "2", "2", 0, "2", 0, 0, 0, "1", "1", "1", 0, 0, 0, 0, 0, 0, "2", 0, 0], "HT": [0, "3", "1", "1", "2", 0, "2", 0, "1", 0, "3", "1", "3", "1", "3", 0, 0, "4", 0, 0, "2", 0, "1", "1", "1", "2", "3", 0, "1", "2", "1", 0, 0, 0, 0, "5", 0, "1", 0, 0], "GV": [0, 0, "1", "3", 0, 0, "2", 0, 0, 0, 0, 0, "1", 0, "1", 0, 0, "1", 0, 0, "2", 0, "1", 0, "1", 0, 0, 0, 0, 0, "1", 0, "2", "1", 0, "1", 0, 0, "1", 0], "TK": [0, "1", 0, 0, 0, "2", "1", 0, 0, "2", 0, 0, 0, "1", 0, "1", "1", "2", 0, 0, "2", "1", 0, "1", 0, 0, "1", 0, 0, 0, 0, "1", 0, 0, 0, 0, "1", "1", 0, 0], "BS": ["2", "1", 0, "2", "2", 0, 0, "1", 0, 0, 0, "1", "1", "1", "1", 0, "1", "1", 0, 0, "1", "2", "1", 0, 0, 0, 0, 0, 0, 0, 0, 0, 0, "1", 0, "1", "1", 0, 0, 0], "FW": [0, 0, 0, 0, 0, "5", 0, "9", 0, "9", "1", "0", 0, "4", 0, 0, 0, "1", 0, 0, 0, 0, 0, "0", "2", "7", 0, "2", 0, 0, "16", 0, 0, "0", 0, 0, 0, 0, 0, 0], "FL": [0, 0, 0, 0, 0, "6", 0, "3", 0, "13", "1", "1", 0, "3", 0, 0, 0, "0", 0, 0, 0, 0, 0, "1", "6", "10", 0, "2", 0, 0, "6", 0, 0, "4", 0, 0, 0, 0, 0, 0], "F%": [0, 0, 0, 0, 0, "45", 0, "75", 0, "41", "50", "0", 0, "57", 0, 0, 0, "100", 0, 0, 0, 0, 0, "0", "25", "41", 0, "50", 0, 0, "73", 0, 0, "0", 0, 0, 0, 0, 0, 0], "team": ["NEW YORK RANGERS ", "NEW YORK RANGERS ", "NEW YORK RANGERS ", "NEW YORK RANGERS ", "NEW YORK RANGERS ", "NEW YORK RANGERS ", "NEW YORK RANGERS ", "NEW YORK RANGERS ", "NEW YORK RANGERS ", "NEW YORK RANGERS ", "NEW YORK RANGERS ", "NEW YORK RANGERS ", "NEW YORK RANGERS ", "NEW YORK RANGERS ", "NEW YORK RANGERS ", "NEW YORK RANGERS ", "NEW YORK RANGERS ", "NEW YORK RANGERS ", "NEW YORK RANGERS ", "NEW YORK RANGERS ", "NEW JERSEY DEVILS ", "NEW JERSEY DEVILS ", "NEW JERSEY DEVILS ", "NEW JERSEY DEVILS ", "NEW JERSEY DEVILS ", "NEW JERSEY DEVILS ", "NEW JERSEY DEVILS ", "NEW JERSEY DEVILS ", "NEW JERSEY DEVILS ", "NEW JERSEY DEVILS ", "NEW JERSEY DEVILS ", "NEW JERSEY DEVILS ", "NEW JERSEY DEVILS ", "NEW JERSEY DEVILS ", "NEW JERSEY DEVILS ", "NEW JERSEY DEVILS ", "NEW JERSEY DEVILS ", "NEW JERSEY DEVILS ", "NEW JERSEY DEVILS ", "NEW JERSEY DEVILS "], "GA": [0, 0, 0, 0, 0, 0, 0, 0, 0, 0, 0, 0, 0, 0, 0, 0, 0, 0, "0", 0, 0, 0, 0, 0, 0, 0, 0, 0, 0, 0, 0, 0, 0, 0, 0, 0, 0, 0, "1", 0], "SA": [0, 0, 0, 0, 0, 0, 0, 0, 0, 0, 0, 0, 0, 0, 0, 0, 0, 0, "21", 0, 0, 0, 0, 0, 0, 0, 0, 0, 0, 0, 0, 0, 0, 0, 0, 0, 0, 0, "26", 0]}}