{"game_info": {"date": "2013-11-12", "visitor": "ANAHEIM DUCKS ", "home": "FLORIDA PANTHERS ", "game_id": 271, "status": "final"}, "player_stats": {"number": ["4", "5", "6", "7", "8", "10", "13", "17", "22", "23", "34", "45", "47", "55", "62", "65", "67", "77", "1", "31", "7", "11", "14", "16", "18", "19", "20", "21", "22", "24", "27", "32", "43", "44", "51", "57", "77", "82", "30", "34", 0], "position": ["D", "D", "D", "C", "R", "R", "C", "R", "C", "D", "C", "D", "D", "D", "L", "R", "R", "R", "G", "G", "D", "C", "L", "C", "C", "R", "L", "R", "D", "R", "C", "R", "D", "D", "D", "C", "D", "R", "G", "G", 0], "name": ["FOWLER, CAM", "SBISA, LUCA", "LOVEJOY, BEN", "COGLIANO, ANDREW", "SELANNE, TEEMU", "PERRY, COREY", "BONINO, NICK", "PENNER, DUSTIN", "PERREAULT, MATHIEU", "BEAUCHEMIN, FRANCOIS", "WINNIK, DANIEL", "VATANEN, SAMI", "LINDHOLM, HAMPUS", "ALLEN, BRYAN", "MAROON, PATRICK", "ETEM, EMERSON", "RAKELL, RICKARD", "SMITH-PELLY, DEVANTE", "HILLER, JONAS", "ANDERSEN, FREDERIK", "KULIKOV, DMITRY", "HUBERDEAU, JONATHAN", "FLEISCHMANN, TOMAS", "BARKOV, ALEKSANDER", "MATTHIAS, SHAWN", "UPSHALL, SCOTTIE", "BERGENHEIM, SEAN", "BARCH, KRYS", "MOTTAU, MIKE", "BOYES, BRAD", "BJUGSTAD, NICK", "VERSTEEG, KRIS", "WEAVER, MIKE", "GUDBRANSON, ERIK", "CAMPBELL, BRIAN", "GOC, MARCEL", "GILBERT, TOM", "KOPECKY, TOMAS", "CLEMMENSEN, SCOTT", "THOMAS, TIM", "TEAM PENALTY"], "G": [0, 0, 0, "1", 0, 0, 0, 0, 0, 0, 0, 0, "1", 0, 0, 0, 0, 0, 0, 0, 0, 0, 0, 0, "1", "1", 0, 0, 0, "1", 0, 0, 0, 0, 0, 0, 0, 0, 0, 0, 0], "A": [0, 0, 0, 0, 0, 0, "1", 0, 0, 0, "1", 0, 0, 0, 0, "1", 0, "1", 0, 0, 0, "1", 0, 0, 0, "1", 0, "1", 0, 0, 0, 0, 0, "1", "1", 0, 0, 0, 0, 0, 0], "P": [0, 0, 0, "1", 0, 0, "1", 0, 0, 0, "1", 0, "1", 0, 0, "1", 0, "1", 0, 0, 0, "1", 0, 0, "1", "2", 0, "1", 0, "1", 0, 0, 0, "1", "1", 0, 0, 0, 0, 0, 0], "+/-": ["+1", "-1", 0, 0, "+1", "-2", "+1", "-2", "-2", "-1", 0, 0, "-1", 0, 0, "+1", 0, 0, 0, 0, 0, 0, 0, "+1", 0, "+1", 0, 0, 0, "+2", 0, "-1", 0, "+1", 0, 0, "+1", 0, 0, 0, 0], "PN": [0, 0, 0, 0, 0, 0, 0, 0, 0, "1", 0, "1", "1", "1", 0, 0, 0, 0, 0, 0, 0, 0, 0, 0, 0, "1", 0, 0, 0, 0, 0, 0, "1", 0, 0, 0, 0, 0, 0, 0, "1"], "PIM": [0, 0, 0, 0, 0, 0, 0, 0, 0, "2", 0, "2", "2", "2", 0, 0, 0, 0, 0, 0, 0, 0, 0, 0, 0, "2", 0, 0, 0, 0, 0, 0, "2", 0, 0, 0, 0, 0, 0, 0, "2"], "TOT": ["22:26", "11:21", "12:40", "15:01", "14:21", "23:41", "20:24", "17:43", "17:29", "21:21", "14:49", "16:27", "17:30", "18:30", "11:45", "16:53", "10:04", "11:11", 0, "58:24", "18:34", "17:25", "18:47", "16:11", "08:52", "19:39", "06:42", "07:20", "15:58", "14:10", "18:44", "11:46", "15:54", "22:09", "25:29", "16:47", "22:15", "17:25", 0, "59:57", 0], "SHF": ["28", "17", "19", "21", "18", "26", "25", "19", "20", "26", "18", "20", "23", "25", "14", "23", "13", "13", 0, 0, "24", "22", "25", "21", "18", "27", "13", "13", "23", "22", "26", "18", "23", "28", "29", "25", "23", "24", 0, 0, 0], "AVG TOI/SH": ["00:48", "00:40", "00:40", "00:42", "00:47", "00:54", "00:48", "00:55", "00:52", "00:49", "00:49", "00:49", "00:45", "00:44", "00:50", "00:44", "00:46", "00:51", 0, 0, "00:46", "00:47", "00:45", "00:46", "00:29", "00:43", "00:30", "00:33", "00:41", "00:38", "00:43", "00:39", "00:41", "00:47", "00:52", "00:40", "00:58", "00:43", 0, 0, 0], "PP": ["03:36", "00:00", "00:00", "00:00", "01:38", "03:36", "03:25", "02:27", "01:38", "01:43", "00:00", "03:20", "01:27", "00:00", "00:51", "00:58", "00:36", "00:15", 0, "04:48", "02:34", "03:16", "03:45", "02:50", "00:00", "02:15", "00:00", "00:00", "00:11", "01:11", "03:36", "01:39", "00:00", "02:58", "04:22", "00:36", "04:09", "02:13", 0, "07:07", 0], "SH": ["03:44", "01:58", "01:47", "03:16", "00:00", "01:18", "02:51", "00:00", "00:04", "03:17", "04:11", "00:00", "00:00", "03:28", "00:00", "02:12", "00:23", "00:00", 0, "07:06", "01:30", "00:00", "01:35", "00:00", "02:07", "01:39", "00:00", "00:00", "01:15", "00:00", "00:44", "00:00", "01:32", "02:55", "01:56", "02:12", "00:58", "01:49", 0, "05:03", 0], "EV": ["15:06", "09:23", "10:53", "11:45", "12:43", "18:47", "14:08", "15:16", "15:47", "16:21", "10:38", "13:07", "16:03", "15:02", "10:54", "13:43", "09:05", "10:56", 0, "46:30", "14:30", "14:09", "13:27", "13:21", "06:45", "15:45", "06:42", "07:20", "14:32", "12:59", "14:24", "10:07", "14:22", "16:16", "19:11", "13:59", "17:08", "13:23", 0, "47:47", 0], "S": ["3", 0, "2", "3", "2", "3", 0, "4", "1", "1", 0, 0, "4", "1", 0, "6", "2", "2", 0, 0, "2", "2", 0, "1", "2", "4", 0, 0, 0, "4", "1", 0, "1", "2", "1", "2", "3", 0, 0, 0, 0], "A/B": ["1", "2", 0, "1", 0, "1", "2", 0, "1", 0, 0, 0, "1", 0, 0, "1", 0, 0, 0, 0, 0, "1", "1", 0, "1", "2", 0, 0, 0, 0, "1", "3", 0, "3", "2", 0, "2", "1", 0, 0, 0], "MS": [0, 0, 0, 0, 0, "2", 0, "1", 0, "1", 0, 0, 0, 0, 0, 0, 0, 0, 0, 0, 0, 0, "3", 0, 0, "1", 0, 0, 0, 0, "1", "2", 0, "1", "1", 0, 0, 0, 0, 0, 0], "HT": ["2", "2", 0, 0, 0, "1", 0, "2", "1", "4", 0, "2", 0, "6", "2", "3", 0, "2", 0, 0, "4", 0, 0, 0, "2", "5", "3", 0, "1", 0, "2", 0, "4", "2", 0, "1", 0, 0, 0, 0, 0], "GV": [0, "1", 0, 0, 0, 0, 0, 0, 0, "2", 0, "1", 0, 0, 0, 0, 0, 0, 0, 0, 0, 0, 0, 0, 0, 0, 0, 0, 0, 0, "1", 0, 0, 0, 0, 0, 0, "1", 0, 0, 0], "TK": [0, 0, "1", 0, 0, 0, 0, 0, 0, 0, 0, "1", 0, 0, "1", 0, "1", 0, 0, 0, "1", "1", "1", 0, 0, "1", 0, "1", "1", 0, 0, 0, 0, 0, 0, "1", 0, 0, 0, 0, 0], "BS": ["2", "2", "3", 0, 0, 0, 0, 0, 0, "2", "2", "2", "1", "2", 0, "1", 0, 0, 0, 0, "1", "1", 0, 0, 0, "2", 0, 0, "1", 0, 0, 0, 0, "3", 0, "1", 0, "1", 0, 0, 0], "FW": [0, 0, 0, "1", "1", 0, "7", 0, "5", 0, "4", 0, 0, 0, "0", 0, "5", 0, 0, 0, 0, "1", 0, "6", "3", "1", 0, 0, 0, "1", "9", "0", 0, 0, 0, "18", 0, 0, 0, 0, 0], "FL": [0, 0, 0, "1", "2", 0, "18", 0, "9", 0, "5", 0, 0, 0, "1", 0, "3", 0, 0, 0, 0, "0", 0, "6", "2", "1", 0, 0, 0, "0", "8", "1", 0, 0, 0, "5", 0, 0, 0, 0, 0], "F%": [0, 0, 0, "50", "33", 0, "28", 0, "36", 0, "44", 0, 0, 0, "0", 0, "63", 0, 0, 0, 0, "100", 0, "50", "60", "50", 0, 0, 0, "100", "53", "0", 0, 0, 0, "78", 0, 0, 0, 0, 0], "team": ["ANAHEIM DUCKS ", "ANAHEIM DUCKS ", "ANAHEIM DUCKS ", "ANAHEIM DUCKS ", "ANAHEIM DUCKS ", "ANAHEIM DUCKS ", "ANAHEIM DUCKS ", "ANAHEIM DUCKS ", "ANAHEIM DUCKS ", "ANAHEIM DUCKS ", "ANAHEIM DUCKS ", "ANAHEIM DUCKS ", "ANAHEIM DUCKS ", "ANAHEIM DUCKS ", "ANAHEIM DUCKS ", "ANAHEIM DUCKS ", "ANAHEIM DUCKS ", "ANAHEIM DUCKS ", "ANAHEIM DUCKS ", "ANAHEIM DUCKS ", "FLORIDA PANTHERS ", "FLORIDA PANTHERS ", "FLORIDA PANTHERS ", "FLORIDA PANTHERS ", "FLORIDA PANTHERS ", "FLORIDA PANTHERS ", "FLORIDA PANTHERS ", "FLORIDA PANTHERS ", "FLORIDA PANTHERS ", "FLORIDA PANTHERS ", "FLORIDA PANTHERS ", "FLORIDA PANTHERS ", "FLORIDA PANTHERS ", "FLORIDA PANTHERS ", "FLORIDA PANTHERS ", "FLORIDA PANTHERS ", "FLORIDA PANTHERS ", "FLORIDA PANTHERS ", "FLORIDA PANTHERS ", "FLORIDA PANTHERS ", "FLORIDA PANTHERS "], "GA": [0, 0, 0, 0, 0, 0, 0, 0, 0, 0, 0, 0, 0, 0, 0, 0, 0, 0, 0.0, "3", 0, 0, 0, 0, 0, 0, 0, 0, 0, 0, 0, 0, 0, 0, 0, 0, 0, 0, 0, "2", 0], "SA": [0, 0, 0, 0, 0, 0, 0, 0, 0, 0, 0, 0, 0, 0, 0, 0, 0, 0, 0.0, "25", 0, 0, 0, 0, 0, 0, 0, 0, 0, 0, 0, 0, 0, 0, 0, 0, 0, 0, 0, "34", 0]}}