{"game_info": {"date": "2014-01-12", "visitor": "BUFFALO SABRES ", "home": "WASHINGTON CAPITALS ", "game_id": 685, "status": "final"}, "player_stats": {"number": ["3", "4", "6", "9", "10", "17", "19", "23", "24", "26", "27", "28", "37", "44", "52", "63", "65", "82", "1", "30", "4", "8", "16", "19", "20", "21", "24", "25", "27", "42", "43", "52", "58", "74", "81", "83", "84", "90", "31", "70"], "position": ["D", "D", "D", "C", "D", "L", "C", "L", "C", "L", "R", "C", "L", "D", "D", "C", "C", "L", "G", "G", "D", "L", "R", "C", "R", "C", "L", "L", "D", "R", "R", "D", "D", "D", "D", "C", "C", "C", "G", "G"], "name": ["PYSYK, MARK", "MCBAIN, JAMIE", "WEBER, MIKE", "OTT, STEVE", "EHRHOFF, CHRISTIAN", "OMARK, LINUS", "HODGSON, CODY", "LEINO, VILLE", "KONOPKA, ZENON", "MOULSON, MATT", "D'AGOSTINI, MATT", "GIRGENSONS, ZEMGUS", "ELLIS, MATT", "MCNABB, BRAYDEN", "SULZER, ALEXANDER", "ENNIS, TYLER", "FLYNN, BRIAN", "FOLIGNO, MARCUS", "ENROTH, JHONAS", "MILLER, RYAN", "ERSKINE, JOHN", "OVECHKIN, ALEX", "FEHR, ERIC", "BACKSTROM, NICKLAS", "BROUWER, TROY", "LAICH, BROOKS", "VOLPATTI, AARON", "CHIMERA, JASON", "ALZNER, KARL", "WARD, JOEL", "WILSON, TOM", "GREEN, MIKE", "CARRICK, CONNOR", "CARLSON, JOHN", "ORLOV, DMITRY", "BEAGLE, JAY", "GRABOVSKI, MIKHAIL", "JOHANSSON, MARCUS", "GRUBAUER, PHILIPP", "HOLTBY, BRADEN"], "G": [0, 0, 0, 0, 0, 0, 0, 0, 0, 0, 0, 0, 0, 0, 0, "1", 0, 0, 0, 0, 0, 0, 0, 0, 0, 0, 0, "1", 0, 0, 0, 0, 0, 0, 0, 0, 0, 0, 0, 0], "A": [0, 0, 0, 0, "1", 0, "1", 0, 0, 0, 0, 0, 0, 0, 0, 0, 0, 0, 0, 0, 0, 0, 0, 0, 0, 0, 0, 0, 0, "1", 0, 0, "1", 0, 0, 0, 0, 0, 0, 0], "P": [0, 0, 0, 0, "1", 0, "1", 0, 0, 0, 0, 0, 0, 0, 0, "1", 0, 0, 0, 0, 0, 0, 0, 0, 0, 0, 0, "1", 0, "1", 0, 0, "1", 0, 0, 0, 0, 0, 0, 0], "+/-": ["-1", 0, 0, 0, "-1", "-1", 0, "-1", 0, 0, 0, 0, 0, 0, 0, 0, "-1", 0, 0, 0, "+1", 0, 0, 0, 0, 0, 0, "+1", 0, "+1", 0, 0, "+1", 0, 0, 0, 0, "+1", 0, 0], "PN": [0, 0, "1", 0, 0, 0, 0, 0, "1", 0, 0, 0, 0, 0, 0, 0, 0, 0, 0, 0, 0, 0, 0, "1", "2", 0, 0, 0, 0, 0, "1", 0, 0, "1", 0, 0, 0, 0, 0, 0], "PIM": [0, 0, "2", 0, 0, 0, 0, 0, "2", 0, 0, 0, 0, 0, 0, 0, 0, 0, 0, 0, 0, 0, 0, "2", "4", 0, 0, 0, 0, 0, "2", 0, 0, "2", 0, 0, 0, 0, 0, 0], "TOT": ["18:17", "19:52", "21:26", "18:15", "25:59", "14:38", "17:16", "15:49", "11:55", "19:23", "17:24", "15:51", "11:28", "18:13", "22:08", "20:04", "14:03", "13:59", 0, "65:00", "19:28", "21:24", "16:49", "18:13", "20:09", "20:32", "07:37", "13:28", "20:17", "15:35", "07:01", "24:10", "19:30", "21:39", "21:49", "09:17", "18:34", "15:47", "65:00", 0], "SHF": ["24", "25", "25", "24", "31", "16", "24", "16", "23", "26", "20", "23", "19", "22", "25", "25", "18", "21", 0, 0, "22", "23", "21", "24", "25", "26", "10", "21", "26", "22", "10", "24", "20", "28", "23", "13", "20", "21", 0, 0], "AVG TOI/SH": ["00:45", "00:47", "00:51", "00:45", "00:50", "00:54", "00:43", "00:59", "00:31", "00:44", "00:52", "00:41", "00:36", "00:49", "00:53", "00:48", "00:46", "00:39", 0, 0, "00:53", "00:55", "00:48", "00:45", "00:48", "00:47", "00:45", "00:38", "00:46", "00:42", "00:42", "01:00", "00:58", "00:46", "00:56", "00:42", "00:55", "00:45", 0, 0], "PP": ["00:00", "04:18", "00:06", "03:20", "04:59", "03:10", "05:27", "03:10", "00:06", "05:21", "03:37", "00:00", "00:00", "03:36", "00:06", "04:58", "00:00", "00:04", 0, "08:41", "00:05", "03:26", "00:05", "02:27", "02:27", "01:28", "00:00", "00:05", "00:00", "01:28", "00:00", "01:39", "00:05", "02:16", "00:29", "00:05", "01:28", "02:27", "04:00", 0], "SH": ["01:27", "00:00", "01:05", "01:39", "02:13", "00:00", "00:00", "00:00", "00:27", "00:00", "00:00", "01:30", "01:17", "00:42", "02:33", "00:05", "01:32", "01:30", 0, "04:00", "02:08", "00:00", "01:13", "00:54", "02:07", "04:38", "00:00", "03:09", "06:33", "03:18", "00:00", "00:22", "02:41", "05:38", "00:00", "00:56", "00:00", "00:00", "08:41", 0], "EV": ["16:50", "15:34", "20:15", "13:16", "18:47", "11:28", "11:49", "12:39", "11:22", "14:02", "13:47", "14:21", "10:11", "13:55", "19:29", "15:01", "12:31", "12:25", 0, "52:19", "17:15", "17:58", "15:31", "14:52", "15:35", "14:26", "07:37", "10:14", "13:44", "10:49", "07:01", "22:09", "16:44", "13:45", "21:20", "08:16", "17:06", "13:20", "52:19", 0], "S": ["2", "2", "2", "3", "2", "1", "1", "1", 0, "3", "3", 0, 0, "1", "5", "3", "1", "1", 0, 0, "1", "6", "2", "2", "1", "2", 0, "3", "2", 0, 0, "1", "2", "3", "2", "1", "1", 0, 0, 0], "A/B": [0, "3", "1", "2", "1", 0, "1", 0, 0, 0, "4", "1", "1", "2", "1", "2", 0, 0, 0, 0, 0, "4", "1", "2", "1", "1", 0, 0, "1", "1", 0, "2", 0, "3", "1", 0, "1", "1", 0, 0], "MS": [0, 0, "1", 0, 0, "2", "1", 0, 0, "2", "1", 0, "2", 0, "1", 0, 0, "1", 0, 0, 0, "2", 0, 0, "1", "1", "1", "2", "2", "1", 0, 0, 0, "1", 0, 0, 0, 0, 0, 0], "HT": [0, "1", "5", "2", 0, 0, "3", "1", "3", "1", "2", "3", 0, "2", "1", "2", 0, "3", 0, 0, "3", 0, "1", "5", "2", "2", "6", "3", 0, "1", "2", "1", "1", 0, 0, "1", 0, "1", 0, 0], "GV": ["2", 0, 0, 0, 0, 0, "1", 0, 0, 0, 0, "1", 0, "1", 0, "1", 0, 0, 0, "2", 0, "1", 0, "1", "1", 0, 0, "2", "1", 0, 0, 0, "2", "2", "1", 0, 0, 0, 0, 0], "TK": ["1", 0, "1", 0, "2", "2", 0, 0, 0, 0, "1", 0, "1", 0, 0, 0, "1", 0, 0, 0, 0, 0, "1", 0, "1", 0, 0, 0, "1", "1", 0, 0, 0, "2", 0, 0, "3", 0, 0, 0], "BS": [0, "2", "2", "2", "3", 0, 0, 0, "2", "1", "1", "1", 0, 0, "4", 0, 0, "1", 0, 0, "5", 0, 0, "1", "1", 0, 0, "2", "3", 0, 0, "3", "1", "2", "1", 0, 0, 0, 0, 0], "FW": [0, 0, 0, "10", 0, 0, "2", "3", "11", 0, 0, "0", "1", 0, 0, "5", 0, "1", 0, 0, 0, 0, 0, "7", "2", "3", 0, "1", 0, "1", 0, 0, 0, 0, 0, "5", "9", "2", 0, 0], "FL": [0, 0, 0, "9", 0, 0, "1", "1", "6", 0, 0, "2", "0", 0, 0, "10", 0, "1", 0, 0, 0, 0, 0, "4", "4", "4", 0, "1", 0, "1", 0, 0, 0, 0, 0, "6", "7", "6", 0, 0], "F%": [0, 0, 0, "53", 0, 0, "67", "75", "65", 0, 0, "0", "100", 0, 0, "33", 0, "50", 0, 0, 0, 0, 0, "64", "33", "43", 0, "50", 0, "50", 0, 0, 0, 0, 0, "45", "56", "25", 0, 0], "team": ["BUFFALO SABRES ", "BUFFALO SABRES ", "BUFFALO SABRES ", "BUFFALO SABRES ", "BUFFALO SABRES ", "BUFFALO SABRES ", "BUFFALO SABRES ", "BUFFALO SABRES ", "BUFFALO SABRES ", "BUFFALO SABRES ", "BUFFALO SABRES ", "BUFFALO SABRES ", "BUFFALO SABRES ", "BUFFALO SABRES ", "BUFFALO SABRES ", "BUFFALO SABRES ", "BUFFALO SABRES ", "BUFFALO SABRES ", "BUFFALO SABRES ", "BUFFALO SABRES ", "WASHINGTON CAPITALS ", "WASHINGTON CAPITALS ", "WASHINGTON CAPITALS ", "WASHINGTON CAPITALS ", "WASHINGTON CAPITALS ", "WASHINGTON CAPITALS ", "WASHINGTON CAPITALS ", "WASHINGTON CAPITALS ", "WASHINGTON CAPITALS ", "WASHINGTON CAPITALS ", "WASHINGTON CAPITALS ", "WASHINGTON CAPITALS ", "WASHINGTON CAPITALS ", "WASHINGTON CAPITALS ", "WASHINGTON CAPITALS ", "WASHINGTON CAPITALS ", "WASHINGTON CAPITALS ", "WASHINGTON CAPITALS ", "WASHINGTON CAPITALS ", "WASHINGTON CAPITALS "], "GA": [0, 0, 0, 0, 0, 0, 0, 0, 0, 0, 0, 0, 0, 0, 0, 0, 0, 0, 0.0, "1", 0, 0, 0, 0, 0, 0, 0, 0, 0, 0, 0, 0, 0, 0, 0, 0, 0, 0, "1", 0], "SA": [0, 0, 0, 0, 0, 0, 0, 0, 0, 0, 0, 0, 0, 0, 0, 0, 0, 0, 0.0, "29", 0, 0, 0, 0, 0, 0, 0, 0, 0, 0, 0, 0, 0, 0, 0, 0, 0, 0, "31", 0]}}