{"game_info": {"date": "2014-01-20", "visitor": "ST. LOUIS BLUES ", "home": "DETROIT RED WINGS ", "game_id": 742, "status": "final"}, "player_stats": {"number": ["5", "9", "10", "12", "17", "19", "20", "21", "22", "25", "27", "33", "42", "46", "56", "74", "75", "79", "1", "41", "2", "4", "8", "14", "15", "17", "20", "21", "23", "26", "27", "40", "41", "43", "44", "55", "65", "71", "34", "35"], "position": ["D", "C", "L", "C", "C", "D", "L", "C", "D", "R", "D", "D", "R", "D", "L", "C", "R", "R", "G", "G", "D", "D", "L", "C", "C", "R", "L", "C", "D", "R", "D", "L", "C", "C", "R", "D", "D", "R", "G", "G"], "name": ["JACKMAN, BARRET", "SCHWARTZ, JADEN", "MORROW, BRENDEN", "ROY, DEREK", "SOBOTKA, VLADIMIR", "BOUWMEESTER, JAY", "STEEN, ALEXANDER", "BERGLUND, PATRIK", "SHATTENKIRK, KEVIN", "STEWART, CHRIS", "PIETRANGELO, ALEX", "LEOPOLD, JORDAN", "BACKES, DAVID", "POLAK, ROMAN", "PAAJARVI, MAGNUS", "OSHIE, T.J.", "REAVES, RYAN", "CRACKNELL, ADAM", "ELLIOTT, BRIAN", "HALAK, JAROSLAV", "SMITH, BRENDAN", "KINDL, JAKUB", "ABDELKADER, JUSTIN", "NYQUIST, GUSTAV", "SHEAHAN, RILEY", "EAVES, PATRICK", "MILLER, DREW", "TATAR, TOMAS", "LASHOFF, BRIAN", "JURCO, TOMAS", "QUINCEY, KYLE", "ZETTERBERG, HENRIK", "GLENDENING, LUKE", "HELM, DARREN", "BERTUZZI, TODD", "KRONWALL, NIKLAS", "DEKEYSER, DANNY", "CLEARY, DANIEL", "MRAZEK, PETR", "HOWARD, JIMMY"], "G": ["1", 0, 0, 0, 0, "1", 0, 0, "1", 0, 0, 0, 0, 0, "1", 0, 0, 0, 0, 0, 0, 0, 0, "1", 0, 0, 0, 0, 0, 0, 0, 0, 0, 0, 0, 0, 0, 0, 0, 0], "A": [0, 0, 0, "1", 0, 0, "2", 0, 0, "1", "1", 0, 0, "1", 0, 0, "1", 0, 0, 0, 0, 0, 0, 0, "1", 0, 0, 0, 0, 0, 0, "1", 0, 0, 0, 0, 0, 0, 0, 0], "P": ["1", 0, 0, "1", 0, "1", "2", 0, "1", "1", "1", 0, 0, "1", "1", 0, "1", 0, 0, 0, 0, 0, 0, "1", "1", 0, 0, 0, 0, 0, 0, "1", 0, 0, 0, 0, 0, 0, 0, 0], "+/-": ["+1", 0, "+1", "+1", "+1", "+1", "+1", 0, "+1", "+1", "+1", "+1", 0, "+1", "+1", 0, "+1", "+1", 0, 0, 0, "-2", 0, 0, "-3", 0, 0, "-1", "-1", "-1", "-1", 0, 0, "-1", "-2", 0, "-2", 0, 0, 0], "PN": [0, 0, "1", 0, 0, 0, "1", "1", 0, 0, 0, 0, "1", "1", 0, 0, "1", 0, 0, 0, 0, 0, 0, 0, 0, 0, "1", "1", 0, "1", 0, "1", 0, "1", 0, 0, 0, 0, 0, 0], "PIM": [0, 0, "2", 0, 0, 0, "2", "2", 0, 0, 0, 0, "2", "2", 0, 0, "2", 0, 0, 0, 0, 0, 0, 0, 0, 0, "2", "2", 0, "2", 0, "2", 0, "2", 0, 0, 0, 0, 0, 0], "TOT": ["18:13", "16:52", "10:42", "14:33", "17:16", "22:00", "17:44", "14:22", "19:26", "16:24", "23:09", "15:59", "16:38", "17:42", "12:31", "17:16", "09:33", "09:26", 0, "59:48", "19:29", "14:46", "16:04", "18:34", "11:55", "13:21", "13:52", "14:30", "15:17", "10:16", "18:43", "22:12", "12:08", "15:00", "14:05", "26:25", "18:45", "15:03", "29:16", "30:44"], "SHF": ["23", "24", "13", "17", "24", "32", "28", "21", "25", "18", "31", "23", "26", "26", "16", "22", "13", "11", 0, 0, "26", "20", "19", "21", "19", "15", "19", "17", "22", "15", "24", "21", "20", "22", "17", "29", "26", "21", 0, 0], "AVG TOI/SH": ["00:47", "00:42", "00:49", "00:51", "00:43", "00:41", "00:38", "00:41", "00:46", "00:54", "00:44", "00:41", "00:38", "00:40", "00:46", "00:47", "00:44", "00:51", 0, 0, "00:44", "00:44", "00:50", "00:53", "00:37", "00:53", "00:43", "00:51", "00:41", "00:41", "00:46", "01:03", "00:36", "00:40", "00:49", "00:54", "00:43", "00:43", 0, 0], "PP": ["00:00", "03:09", "00:00", "04:50", "03:06", "03:21", "03:51", "00:13", "03:21", "04:28", "04:28", "00:35", "03:09", "00:00", "00:22", "03:12", "00:00", "00:00", 0, "07:37", "00:00", "00:56", "00:25", "05:40", "01:26", "01:56", "00:14", "03:30", "00:00", "01:00", "00:00", "06:05", "00:00", "00:35", "04:27", "05:56", "01:05", "01:50", "01:02", "05:59"], "SH": ["03:06", "01:49", "00:47", "00:15", "02:25", "04:00", "01:28", "01:06", "00:25", "00:12", "03:55", "00:00", "01:59", "02:36", "00:00", "02:34", "00:00", "00:00", 0, "07:01", "00:00", "00:00", "00:00", "00:00", "00:00", "01:45", "02:52", "00:00", "04:33", "00:00", "04:47", "00:42", "03:25", "02:46", "00:00", "02:50", "03:04", "03:44", "01:02", "06:35"], "EV": ["15:07", "11:54", "09:55", "09:28", "11:45", "14:39", "12:25", "13:03", "15:40", "11:44", "14:46", "15:24", "11:30", "15:06", "12:09", "11:30", "09:33", "09:26", 0, "45:10", "19:29", "13:50", "15:39", "12:54", "10:29", "09:40", "10:46", "11:00", "10:44", "09:16", "13:56", "15:25", "08:43", "11:39", "09:38", "17:39", "14:36", "09:29", "27:12", "18:10"], "S": ["1", "2", 0, "2", "2", "2", "7", 0, "4", "3", 0, "2", "3", "5", "2", "2", 0, "2", 0, 0, "1", 0, "2", "2", 0, "2", "1", "1", 0, 0, 0, 0, 0, "6", "2", "2", 0, "4", 0, 0], "A/B": [0, 0, 0, "2", "1", "1", "2", "2", "2", "1", 0, "1", "2", 0, 0, "1", 0, 0, 0, 0, "1", "1", 0, "1", 0, 0, 0, "1", 0, "1", 0, "1", 0, "3", 0, "3", "1", 0, 0, 0], "MS": [0, "1", "1", "1", 0, 0, "2", 0, "1", 0, "1", 0, 0, "1", "2", 0, 0, 0, 0, 0, 0, 0, "1", 0, 0, "1", "1", "3", 0, "2", 0, "3", 0, 0, 0, "2", "1", 0, 0, 0], "HT": ["2", 0, 0, 0, 0, 0, 0, "2", "2", "2", 0, 0, "1", "4", "2", 0, "1", "2", 0, 0, "1", 0, "1", 0, 0, "1", "1", "1", 0, "3", "1", "1", "3", "1", "1", "2", 0, 0, 0, 0], "GV": [0, 0, 0, 0, 0, 0, 0, 0, "1", 0, "1", 0, 0, 0, 0, 0, 0, 0, 0, "2", "1", 0, 0, 0, 0, 0, 0, 0, 0, 0, 0, "1", 0, "1", 0, "1", 0, 0, 0, 0], "TK": [0, 0, "1", 0, 0, 0, "1", "1", 0, "1", 0, 0, 0, 0, 0, "2", 0, 0, 0, 0, 0, 0, 0, "1", 0, 0, 0, "1", "1", 0, 0, 0, 0, 0, 0, "1", 0, "1", 0, 0], "BS": ["1", 0, 0, 0, "1", 0, 0, 0, "1", 0, "1", "4", "1", 0, 0, "1", "1", "2", 0, 0, "1", 0, 0, 0, 0, 0, "1", 0, "1", 0, "2", "1", "1", 0, 0, "5", "1", "2", 0, 0], "FW": [0, 0, 0, "2", "6", 0, "2", "1", 0, "1", 0, 0, "6", 0, 0, "1", "1", "5", 0, 0, 0, 0, 0, 0, "5", 0, 0, "1", 0, 0, 0, "15", "8", "9", 0, 0, 0, "1", 0, 0], "FL": [0, 0, 0, "4", "9", 0, "4", "5", 0, "0", 0, 0, "13", 0, 0, "2", "0", "2", 0, 0, 0, 0, 0, 0, "7", 0, 0, "0", 0, 0, 0, "7", "6", "3", 0, 0, 0, "2", 0, 0], "F%": [0, 0, 0, "33", "40", 0, "33", "17", 0, "100", 0, 0, "32", 0, 0, "33", "100", "71", 0, 0, 0, 0, 0, 0, "42", 0, 0, "100", 0, 0, 0, "68", "57", "75", 0, 0, 0, "33", 0, 0], "team": ["ST. LOUIS BLUES ", "ST. LOUIS BLUES ", "ST. LOUIS BLUES ", "ST. LOUIS BLUES ", "ST. LOUIS BLUES ", "ST. LOUIS BLUES ", "ST. LOUIS BLUES ", "ST. LOUIS BLUES ", "ST. LOUIS BLUES ", "ST. LOUIS BLUES ", "ST. LOUIS BLUES ", "ST. LOUIS BLUES ", "ST. LOUIS BLUES ", "ST. LOUIS BLUES ", "ST. LOUIS BLUES ", "ST. LOUIS BLUES ", "ST. LOUIS BLUES ", "ST. LOUIS BLUES ", "ST. LOUIS BLUES ", "ST. LOUIS BLUES ", "DETROIT RED WINGS ", "DETROIT RED WINGS ", "DETROIT RED WINGS ", "DETROIT RED WINGS ", "DETROIT RED WINGS ", "DETROIT RED WINGS ", "DETROIT RED WINGS ", "DETROIT RED WINGS ", "DETROIT RED WINGS ", "DETROIT RED WINGS ", "DETROIT RED WINGS ", "DETROIT RED WINGS ", "DETROIT RED WINGS ", "DETROIT RED WINGS ", "DETROIT RED WINGS ", "DETROIT RED WINGS ", "DETROIT RED WINGS ", "DETROIT RED WINGS ", "DETROIT RED WINGS ", "DETROIT RED WINGS "], "GA": [0, 0, 0, 0, 0, 0, 0, 0, 0, 0, 0, 0, 0, 0, 0, 0, 0, 0, 0.0, "1", 0, 0, 0, 0, 0, 0, 0, 0, 0, 0, 0, 0, 0, 0, 0, 0, 0, 0, "1", "3"], "SA": [0, 0, 0, 0, 0, 0, 0, 0, 0, 0, 0, 0, 0, 0, 0, 0, 0, 0, 0.0, "23", 0, 0, 0, 0, 0, 0, 0, 0, 0, 0, 0, 0, 0, 0, 0, 0, 0, 0, "14", "25"]}}