{"game_info": {"date": "2013-11-19", "visitor": "COLUMBUS BLUE JACKETS ", "home": "EDMONTON OILERS ", "game_id": 319, "status": "final"}, "player_stats": {"number": ["6", "7", "13", "14", "17", "18", "19", "21", "24", "27", "38", "39", "40", "42", "51", "55", "58", "71", "31", "72", "2", "4", "6", "14", "15", "19", "20", "21", "27", "41", "44", "57", "64", "77", "83", "89", "93", "94", "40", "80"], "position": ["D", "D", "R", "L", "C", "C", "C", "D", "C", "D", "C", "C", "R", "C", "D", "C", "D", "L", "G", "G", "D", "L", "L", "C", "D", "D", "L", "D", "C", "R", "D", "L", "R", "D", "R", "C", "C", "L", "G", "G"], "name": ["NIKITIN, NIKITA", "JOHNSON, JACK", "ATKINSON, CAM", "COMEAU, BLAKE", "DUBINSKY, BRANDON", "UMBERGER, RJ", "JOHANSEN, RYAN", "WISNIEWSKI, JAMES", "MACKENZIE, DEREK", "MURRAY, RYAN", "JENNER, BOONE", "CHAPUT, MICHAEL", "BOLL, JARED", "ANISIMOV, ARTEM", "TYUTIN, FEDOR", "LETESTU, MARK", "SAVARD, DAVID", "FOLIGNO, NICK", "MCELHINNEY, CURTIS", "BOBROVSKY, SERGEI", "PETRY, JEFF", "HALL, TAYLOR", "JOENSUU, JESSE", "EBERLE, JORDAN", "SCHULTZ, NICK", "SCHULTZ, JUSTIN", "GAZDIC, LUKE", "FERENCE, ANDREW", "GORDON, BOYD", "ACTON, WILL", "POTTER, COREY", "PERRON, DAVID", "YAKUPOV, NAIL", "BELOV, ANTON", "HEMSKY, ALES", "GAGNER, SAM", "NUGENT-HOPKINS, RYAN", "SMYTH, RYAN", "DUBNYK, DEVAN", "BRYZGALOV, ILYA"], "G": [0, 0, 0, 0, 0, 0, 0, 0, 0, 0, 0, 0, 0, 0, 0, 0, 0, 0, 0, 0, 0, "1", 0, "1", 0, "1", 0, 0, 0, 0, 0, "2", "1", 0, 0, 0, 0, "1", 0, 0], "A": [0, 0, 0, 0, 0, 0, 0, 0, 0, 0, 0, 0, 0, 0, 0, 0, 0, 0, 0, 0, 0, 0, 0, "1", 0, 0, 0, 0, "1", 0, "1", "2", "1", 0, "1", "1", "2", "2", 0, 0], "P": [0, 0, 0, 0, 0, 0, 0, 0, 0, 0, 0, 0, 0, 0, 0, 0, 0, 0, 0, 0, 0, "1", 0, "2", 0, "1", 0, 0, "1", 0, "1", "4", "2", 0, "1", "1", "2", "3", 0, 0], "+/-": ["-2", "-1", "-1", "-1", "-1", "-1", "-1", "-1", "-1", "-1", "-1", "-1", "-1", "-1", "-1", "-1", "-2", "-1", 0, 0, "+1", "+1", 0, "+2", "+1", "+2", "+1", "+1", "+2", 0, "+1", "+2", 0, "+2", 0, 0, "+2", "+2", 0, 0], "PN": ["1", "1", 0, 0, 0, 0, 0, 0, 0, 0, "1", 0, "1", 0, 0, 0, "1", "1", 0, 0, 0, 0, 0, 0, 0, 0, "2", "1", 0, 0, 0, 0, 0, 0, 0, 0, 0, 0, 0, 0], "PIM": ["2", "2", 0, 0, 0, 0, 0, 0, 0, 0, "2", 0, "5", 0, 0, 0, "2", "2", 0, 0, 0, 0, 0, 0, 0, 0, "7", "2", 0, 0, 0, 0, 0, 0, 0, 0, 0, 0, 0, 0], "TOT": ["17:36", "23:02", "18:38", "13:58", "12:30", "15:50", "14:53", "19:36", "13:18", "19:10", "17:28", "11:32", "11:02", "15:10", "23:09", "14:09", "17:27", "15:23", "31:30", "28:30", "21:58", "17:19", "12:14", "17:07", "15:24", "20:35", "11:20", "21:14", "12:18", "10:25", "18:15", "17:05", "16:51", "19:51", "14:44", "17:35", "17:11", "14:34", "60:00", 0], "SHF": ["21", "27", "22", "21", "16", "21", "19", "25", "21", "24", "21", "15", "16", "21", "27", "21", "21", "20", 0, 0, "28", "23", "17", "23", "20", "26", "16", "28", "20", "16", "21", "24", "22", "26", "21", "21", "21", "23", 0, 0], "AVG TOI/SH": ["00:50", "00:51", "00:50", "00:39", "00:46", "00:45", "00:47", "00:47", "00:38", "00:47", "00:49", "00:46", "00:41", "00:43", "00:51", "00:40", "00:49", "00:46", 0, 0, "00:47", "00:45", "00:43", "00:44", "00:46", "00:47", "00:42", "00:45", "00:36", "00:39", "00:52", "00:42", "00:45", "00:45", "00:42", "00:50", "00:49", "00:38", 0, 0], "PP": ["00:00", "00:52", "01:08", "00:00", "00:52", "00:52", "00:52", "01:08", "00:00", "01:08", "01:08", "00:00", "00:00", "00:00", "00:52", "00:00", "00:00", "01:08", "00:00", "02:00", "00:53", "01:50", "00:00", "01:47", "00:16", "01:36", "00:00", "00:16", "00:33", "00:00", "00:53", "02:15", "02:20", "01:36", "01:31", "01:49", "01:47", "01:23", "04:09", 0], "SH": ["00:00", "01:54", "00:00", "00:43", "01:17", "00:44", "00:14", "02:15", "01:11", "01:43", "00:00", "00:43", "00:00", "02:15", "02:26", "01:11", "00:00", "00:00", "02:32", "01:37", "01:13", "00:42", "00:00", "00:31", "00:47", "00:00", "00:00", "01:13", "00:47", "00:31", "00:47", "00:00", "00:00", "00:00", "00:00", "00:42", "00:00", "00:47", "02:00", 0], "EV": ["17:36", "20:16", "17:30", "13:15", "10:21", "14:14", "13:47", "16:13", "12:07", "16:19", "16:20", "10:49", "11:02", "12:55", "19:51", "12:58", "17:27", "14:15", "28:58", "24:53", "19:52", "14:47", "12:14", "14:49", "14:21", "18:59", "11:20", "19:45", "10:58", "09:54", "16:35", "14:50", "14:31", "18:15", "13:13", "15:04", "15:24", "12:24", "53:51", 0], "S": ["1", 0, 0, "3", 0, 0, "3", 0, 0, "1", "2", 0, 0, 0, "3", "1", 0, 0, 0, 0, 0, "1", "1", "3", 0, "2", "2", "1", 0, "2", "4", "5", "3", "1", "2", "3", "1", "1", 0, 0], "A/B": ["1", 0, "1", "2", "1", 0, "1", "4", "1", 0, 0, 0, "1", "1", 0, 0, "1", "1", 0, 0, "1", "2", 0, "1", "1", 0, 0, 0, "1", "1", 0, 0, "2", 0, "1", 0, "1", 0, 0, 0], "MS": [0, 0, "2", "1", 0, "1", "1", "1", "1", "1", 0, 0, 0, 0, "1", "2", 0, "1", 0, 0, 0, "1", 0, 0, 0, "1", 0, "1", 0, "2", 0, 0, "3", "1", 0, 0, "1", "1", 0, 0], "HT": ["6", "3", 0, "4", "5", "4", "1", 0, "3", 0, "3", "2", "3", "1", "3", "3", "1", "3", 0, 0, 0, 0, "5", "1", "1", "1", "2", 0, "1", 0, "2", "2", 0, "2", "2", 0, 0, 0, 0, 0], "GV": [0, "1", 0, 0, 0, 0, "1", "1", "1", 0, 0, 0, 0, 0, 0, "1", 0, 0, 0, 0, 0, "2", "1", "2", "1", "1", 0, "2", 0, 0, 0, "3", "1", 0, 0, 0, "1", "1", "1", 0], "TK": [0, 0, 0, "1", "1", 0, "1", "1", 0, "1", "1", 0, 0, "1", 0, 0, 0, 0, 0, 0, "1", "1", "1", 0, 0, 0, 0, 0, 0, "1", 0, 0, 0, 0, "2", 0, 0, 0, 0, 0], "BS": ["2", "3", 0, 0, "1", 0, "1", "1", 0, 0, 0, 0, 0, 0, "1", "1", "1", 0, 0, 0, "1", 0, "1", 0, "2", 0, 0, "4", "1", "1", "1", 0, "1", "1", 0, "1", 0, "1", 0, 0], "FW": [0, 0, 0, 0, "5", 0, "9", 0, "3", 0, 0, "1", 0, "6", 0, "6", 0, 0, 0, 0, 0, "0", 0, 0, 0, 0, 0, 0, "8", "9", 0, 0, 0, 0, 0, "6", "4", "1", 0, 0], "FL": [0, 0, 0, 0, "4", 0, "6", 0, "2", 0, 0, "2", 0, "9", 0, "5", 0, 0, 0, 0, 0, "1", 0, 0, 0, 0, 0, 0, "6", "0", 0, 0, 0, 0, 0, "12", "11", "0", 0, 0], "F%": [0, 0, 0, 0, "56", 0, "60", 0, "60", 0, 0, "33", 0, "40", 0, "55", 0, 0, 0, 0, 0, "0", 0, 0, 0, 0, 0, 0, "57", "100", 0, 0, 0, 0, 0, "33", "27", "100", 0, 0], "team": ["COLUMBUS BLUE JACKETS ", "COLUMBUS BLUE JACKETS ", "COLUMBUS BLUE JACKETS ", "COLUMBUS BLUE JACKETS ", "COLUMBUS BLUE JACKETS ", "COLUMBUS BLUE JACKETS ", "COLUMBUS BLUE JACKETS ", "COLUMBUS BLUE JACKETS ", "COLUMBUS BLUE JACKETS ", "COLUMBUS BLUE JACKETS ", "COLUMBUS BLUE JACKETS ", "COLUMBUS BLUE JACKETS ", "COLUMBUS BLUE JACKETS ", "COLUMBUS BLUE JACKETS ", "COLUMBUS BLUE JACKETS ", "COLUMBUS BLUE JACKETS ", "COLUMBUS BLUE JACKETS ", "COLUMBUS BLUE JACKETS ", "COLUMBUS BLUE JACKETS ", "COLUMBUS BLUE JACKETS ", "EDMONTON OILERS ", "EDMONTON OILERS ", "EDMONTON OILERS ", "EDMONTON OILERS ", "EDMONTON OILERS ", "EDMONTON OILERS ", "EDMONTON OILERS ", "EDMONTON OILERS ", "EDMONTON OILERS ", "EDMONTON OILERS ", "EDMONTON OILERS ", "EDMONTON OILERS ", "EDMONTON OILERS ", "EDMONTON OILERS ", "EDMONTON OILERS ", "EDMONTON OILERS ", "EDMONTON OILERS ", "EDMONTON OILERS ", "EDMONTON OILERS ", "EDMONTON OILERS "], "GA": [0, 0, 0, 0, 0, 0, 0, 0, 0, 0, 0, 0, 0, 0, 0, 0, 0, 0, "3", "4", 0, 0, 0, 0, 0, 0, 0, 0, 0, 0, 0, 0, 0, 0, 0, 0, 0, 0, "0", 0], "SA": [0, 0, 0, 0, 0, 0, 0, 0, 0, 0, 0, 0, 0, 0, 0, 0, 0, 0, "14", "18", 0, 0, 0, 0, 0, 0, 0, 0, 0, 0, 0, 0, 0, 0, 0, 0, 0, 0, "14", 0]}}