{"game_info": {"date": "2013-12-19", "visitor": "BOSTON BRUINS ", "home": "BUFFALO SABRES ", "game_id": 523, "status": "final"}, "player_stats": {"number": ["11", "12", "17", "18", "25", "32", "33", "34", "37", "38", "43", "44", "46", "47", "51", "55", "63", "79", "30", "40", "4", "6", "9", "10", "12", "19", "20", "21", "23", "26", "27", "28", "37", "52", "57", "63", "65", "82", "1", "30"], "position": ["C", "R", "L", "R", "R", "R", "D", "C", "C", "R", "D", "D", "C", "D", "C", "D", "C", "D", "G", "G", "D", "D", "C", "D", "C", "C", "D", "R", "L", "L", "R", "C", "L", "D", "D", "C", "C", "L", "G", "G"], "name": ["CAMPBELL, GREGORY", "IGINLA, JAROME", "LUCIC, MILAN", "SMITH, REILLY", "FRASER, MATT", "JOHNSON, NICK", "CHARA, ZDENO", "SODERBERG, CARL", "BERGERON, PATRICE", "CARON, JORDAN", "BARTKOWSKI, MATT", "SEIDENBERG, DENNIS", "KREJCI, DAVID", "KRUG, TOREY", "SPOONER, RYAN", "BOYCHUK, JOHNNY", "MARCHAND, BRAD", "WARSOFSKY, DAVID", "JOHNSON, CHAD", "RASK, TUUKKA", "MCBAIN, JAMIE", "WEBER, MIKE", "OTT, STEVE", "EHRHOFF, CHRISTIAN", "PORTER, KEVIN", "HODGSON, CODY", "TALLINDER, HENRIK", "STAFFORD, DREW", "LEINO, VILLE", "MOULSON, MATT", "D'AGOSTINI, MATT", "GIRGENSONS, ZEMGUS", "ELLIS, MATT", "SULZER, ALEXANDER", "MYERS, TYLER", "ENNIS, TYLER", "FLYNN, BRIAN", "FOLIGNO, MARCUS", "ENROTH, JHONAS", "MILLER, RYAN"], "G": [0, 0, 0, 0, 0, 0, 0, 0, 0, 0, 0, 0, 0, 0, 0, 0, "2", 0, 0, 0, 0, 0, 0, 0, 0, 0, 0, "1", 0, 0, 0, 0, 0, 0, "1", 0, "1", "1", 0, 0], "A": [0, 0, 0, 0, 0, 0, 0, 0, "1", 0, 0, 0, 0, 0, 0, "1", 0, 0, 0, 0, "1", 0, "1", "1", 0, 0, 0, 0, "1", 0, "1", 0, 0, "1", 0, 0, "1", "1", 0, 0], "P": [0, 0, 0, 0, 0, 0, 0, 0, "1", 0, 0, 0, 0, 0, 0, "1", "2", 0, 0, 0, "1", 0, "1", "1", 0, 0, 0, "1", "1", 0, "1", 0, 0, "1", "1", 0, "2", "2", 0, 0], "+/-": ["-1", "-1", "-1", 0, "-1", "-1", "-1", "-2", "+1", "-1", 0, "-1", "-1", 0, "-2", 0, "+2", "-1", 0, 0, 0, "-1", "+2", "+1", 0, 0, "+1", 0, "+1", "-2", "+2", "-1", 0, "+2", "+1", "-2", "+3", "+2", 0, 0], "PN": [0, 0, "2", 0, "1", 0, 0, 0, "2", 0, 0, 0, 0, "1", 0, 0, 0, 0, 0, 0, 0, "2", 0, 0, 0, 0, 0, 0, 0, 0, 0, 0, 0, 0, 0, "1", 0, "1", 0, 0], "PIM": [0, 0, "4", 0, "5", 0, 0, 0, "4", 0, 0, 0, 0, "2", 0, 0, 0, 0, 0, 0, 0, "4", 0, 0, 0, 0, 0, 0, 0, 0, 0, 0, 0, 0, 0, "2", 0, "5", 0, 0], "TOT": ["11:25", "19:15", "18:33", "15:08", "10:32", "08:32", "25:09", "11:47", "17:36", "08:58", "18:32", "23:17", "20:45", "19:07", "14:22", "21:45", "17:04", "12:29", "57:44", 0, "18:01", "14:01", "22:26", "24:17", "10:43", "04:30", "20:08", "20:20", "21:26", "17:59", "14:25", "10:39", "08:56", "19:54", "22:04", "14:23", "15:25", "16:20", 0, "60:00"], "SHF": ["16", "19", "18", "19", "13", "9", "24", "14", "23", "13", "26", "29", "21", "22", "18", "24", "22", "14", 0, 0, "20", "18", "24", "27", "13", "6", "25", "21", "23", "25", "22", "17", "14", "26", "26", "22", "21", "23", 0, 0], "AVG TOI/SH": ["00:42", "01:00", "01:01", "00:47", "00:48", "00:56", "01:02", "00:50", "00:45", "00:41", "00:42", "00:48", "00:59", "00:52", "00:47", "00:54", "00:46", "00:53", 0, 0, "00:54", "00:46", "00:56", "00:53", "00:49", "00:45", "00:48", "00:58", "00:55", "00:43", "00:39", "00:37", "00:38", "00:45", "00:50", "00:39", "00:44", "00:42", 0, 0], "PP": ["00:10", "01:04", "00:00", "00:50", "00:00", "00:06", "01:25", "00:50", "01:15", "00:21", "00:21", "00:10", "01:04", "01:14", "01:11", "00:54", "01:10", "00:00", "02:25", 0, "02:14", "00:00", "02:36", "03:16", "00:08", "01:35", "00:00", "03:16", "02:36", "03:24", "00:00", "00:00", "00:08", "02:19", "02:36", "02:22", "00:00", "02:11", 0, "06:00"], "SH": ["03:21", "00:10", "00:00", "00:00", "00:00", "00:00", "03:24", "00:00", "00:37", "02:15", "02:01", "03:02", "01:57", "00:00", "00:58", "03:23", "01:01", "00:10", "06:00", 0, "00:09", "00:00", "00:53", "01:31", "00:36", "00:00", "00:45", "00:00", "00:09", "00:00", "00:00", "01:01", "00:25", "01:31", "00:54", "00:00", "01:12", "00:34", 0, "02:25"], "EV": ["07:54", "18:01", "18:33", "14:18", "10:32", "08:26", "20:20", "10:57", "15:44", "06:22", "16:10", "20:05", "17:44", "17:53", "12:13", "17:28", "14:53", "12:19", "49:19", 0, "15:38", "14:01", "18:57", "19:30", "09:59", "02:55", "19:23", "17:04", "18:41", "14:35", "14:25", "09:38", "08:23", "16:04", "18:34", "12:01", "14:13", "13:35", 0, "51:35"], "S": ["1", "5", "1", "1", "2", 0, "5", "3", "2", "1", "1", "3", "2", "3", "1", 0, "5", 0, 0, 0, "1", "1", "1", "1", 0, 0, "1", "2", "1", "2", "2", "1", "3", 0, "3", 0, "2", "2", 0, 0], "A/B": ["1", "3", 0, 0, "1", 0, "5", "1", "2", 0, "3", 0, 0, "3", 0, "1", "1", 0, 0, 0, "1", "2", "1", "2", 0, "2", "1", 0, "1", "1", "1", 0, 0, "2", 0, "1", 0, 0, 0, 0], "MS": [0, "2", "1", 0, 0, 0, "2", "2", 0, 0, 0, 0, 0, "2", 0, "1", "2", "1", 0, 0, "1", 0, 0, 0, 0, 0, 0, "1", "1", "1", "1", "1", 0, 0, 0, 0, 0, "1", 0, 0], "HT": [0, "1", "1", 0, "2", "1", "1", 0, "1", "1", "1", "3", 0, "2", "1", "1", "1", 0, 0, 0, 0, "3", "4", "1", "3", 0, 0, "1", "1", 0, "1", "2", "1", 0, "1", 0, "1", "1", 0, 0], "GV": [0, "1", 0, 0, 0, 0, "1", 0, 0, 0, "1", "2", 0, 0, 0, 0, 0, 0, 0, 0, "1", 0, 0, "2", 0, 0, "2", 0, 0, "1", 0, 0, 0, 0, "2", 0, 0, 0, 0, 0], "TK": [0, 0, 0, 0, 0, "1", 0, 0, 0, 0, 0, 0, 0, 0, 0, 0, 0, 0, 0, 0, 0, "1", 0, 0, 0, 0, "1", 0, 0, "1", 0, "1", "1", 0, 0, 0, 0, "2", 0, 0], "BS": [0, 0, 0, 0, 0, "2", 0, 0, "2", 0, "1", "4", "2", "2", 0, "1", 0, "1", 0, 0, "1", "2", "1", "2", "2", "1", 0, 0, "4", "1", "1", 0, 0, "3", "1", "1", 0, "1", 0, 0], "FW": ["5", 0, "0", 0, 0, 0, 0, 0, "14", 0, 0, 0, "10", 0, "5", 0, 0, 0, 0, 0, 0, 0, "10", 0, "0", "3", 0, "0", "1", 0, 0, "0", "1", 0, 0, "7", "9", "0", 0, 0], "FL": ["8", 0, "1", 0, 0, 0, 0, 0, "8", 0, 0, 0, "9", 0, "5", 0, 0, 0, 0, 0, 0, 0, "9", 0, "1", "4", 0, "1", "1", 0, 0, "1", "3", 0, 0, "7", "5", "2", 0, 0], "F%": ["38", 0, "0", 0, 0, 0, 0, 0, "64", 0, 0, 0, "53", 0, "50", 0, 0, 0, 0, 0, 0, 0, "53", 0, "0", "43", 0, "0", "50", 0, 0, "0", "25", 0, 0, "50", "64", "0", 0, 0], "team": ["BOSTON BRUINS ", "BOSTON BRUINS ", "BOSTON BRUINS ", "BOSTON BRUINS ", "BOSTON BRUINS ", "BOSTON BRUINS ", "BOSTON BRUINS ", "BOSTON BRUINS ", "BOSTON BRUINS ", "BOSTON BRUINS ", "BOSTON BRUINS ", "BOSTON BRUINS ", "BOSTON BRUINS ", "BOSTON BRUINS ", "BOSTON BRUINS ", "BOSTON BRUINS ", "BOSTON BRUINS ", "BOSTON BRUINS ", "BOSTON BRUINS ", "BOSTON BRUINS ", "BUFFALO SABRES ", "BUFFALO SABRES ", "BUFFALO SABRES ", "BUFFALO SABRES ", "BUFFALO SABRES ", "BUFFALO SABRES ", "BUFFALO SABRES ", "BUFFALO SABRES ", "BUFFALO SABRES ", "BUFFALO SABRES ", "BUFFALO SABRES ", "BUFFALO SABRES ", "BUFFALO SABRES ", "BUFFALO SABRES ", "BUFFALO SABRES ", "BUFFALO SABRES ", "BUFFALO SABRES ", "BUFFALO SABRES ", "BUFFALO SABRES ", "BUFFALO SABRES "], "GA": [0, 0, 0, 0, 0, 0, 0, 0, 0, 0, 0, 0, 0, 0, 0, 0, 0, 0, "4", 0, 0, 0, 0, 0, 0, 0, 0, 0, 0, 0, 0, 0, 0, 0, 0, 0, 0, 0, 0, "2"], "SA": [0, 0, 0, 0, 0, 0, 0, 0, 0, 0, 0, 0, 0, 0, 0, 0, 0, 0, "23", 0, 0, 0, 0, 0, 0, 0, 0, 0, 0, 0, 0, 0, 0, 0, 0, 0, 0, 0, 0, "36"]}}