{"game_info": {"date": "2013-12-30", "visitor": "LOS ANGELES KINGS ", "home": "CHICAGO BLACKHAWKS ", "game_id": 596, "status": "final"}, "player_stats": {"number": ["2", "6", "8", "10", "11", "13", "14", "22", "23", "24", "26", "28", "33", "44", "71", "73", "74", "77", "31", "54", "2", "4", "7", "8", "10", "16", "19", "20", "23", "26", "27", "28", "29", "32", "52", "65", "81", "88", "30", "31", 0], "position": ["D", "D", "D", "C", "C", "L", "R", "C", "L", "C", "D", "C", "D", "D", "C", "C", "L", "C", "G", "G", "D", "D", "D", "D", "R", "C", "C", "L", "R", "C", "D", "R", "L", "D", "L", "C", "R", "R", "G", "G", 0], "name": ["GREENE, MATT", "MUZZIN, JAKE", "DOUGHTY, DREW", "RICHARDS, MIKE", "KOPITAR, ANZE", "CLIFFORD, KYLE", "WILLIAMS, JUSTIN", "LEWIS, TREVOR", "BROWN, DUSTIN", "FRASER, COLIN", "VOYNOV, SLAVA", "STOLL, JARRET", "MITCHELL, WILLIE", "REGEHR, ROBYN", "NOLAN, JORDAN", "TOFFOLI, TYLER", "KING, DWIGHT", "CARTER, JEFF", "JONES, MARTIN", "SCRIVENS, BEN", "KEITH, DUNCAN", "HJALMARSSON, NIKLAS", "SEABROOK, BRENT", "LEDDY, NICK", "SHARP, PATRICK", "KRUGER, MARCUS", "TOEWS, JONATHAN", "SAAD, BRANDON", "VERSTEEG, KRIS", "HANDZUS, MICHAL", "ODUYA, JOHNNY", "SMITH, BEN", "BICKELL, BRYAN", "ROZSIVAL, MICHAL", "BOLLIG, BRANDON", "SHAW, ANDREW", "HOSSA, MARIAN", "KANE, PATRICK", "LABARBERA, JASON", "RAANTA, ANTTI", "TEAM PENALTY"], "G": [0, 0, 0, 0, 0, 0, 0, 0, 0, 0, 0, 0, 0, 0, 0, 0, 0, 0, 0, 0, 0, 0, 0, 0, 0, 0, 0, "1", 0, 0, 0, 0, 0, 0, 0, 0, 0, 0, 0, 0, 0], "A": [0, 0, 0, 0, 0, 0, 0, 0, 0, 0, 0, 0, 0, 0, 0, 0, 0, 0, 0, 0, "1", 0, 0, 0, 0, 0, 0, 0, 0, 0, 0, 0, "1", 0, 0, 0, 0, 0, 0, 0, 0], "P": [0, 0, 0, 0, 0, 0, 0, 0, 0, 0, 0, 0, 0, 0, 0, 0, 0, 0, 0, 0, "1", 0, 0, 0, 0, 0, 0, "1", 0, 0, 0, 0, "1", 0, 0, 0, 0, 0, 0, 0, 0], "+/-": ["-1", "-1", 0, "-1", 0, 0, "-1", 0, "-1", 0, 0, 0, 0, 0, 0, 0, 0, 0, 0, 0, "+1", 0, "+1", 0, 0, 0, 0, "+1", 0, 0, 0, 0, "+1", 0, 0, "+1", 0, 0, 0, 0, 0], "PN": [0, 0, "1", 0, 0, 0, 0, 0, 0, 0, "1", 0, 0, 0, 0, 0, 0, "1", 0, 0, 0, 0, 0, 0, 0, 0, 0, 0, "1", 0, 0, 0, 0, 0, 0, 0, 0, 0, 0, 0, "1"], "PIM": [0, 0, "2", 0, 0, 0, 0, 0, 0, 0, "2", 0, 0, 0, 0, 0, 0, "2", 0, 0, 0, 0, 0, 0, 0, 0, 0, 0, "2", 0, 0, 0, 0, 0, 0, 0, 0, 0, 0, 0, "2"], "TOT": ["14:49", "15:46", "25:44", "18:37", "21:44", "08:58", "17:45", "11:03", "17:31", "08:29", "19:47", "15:39", "22:09", "20:02", "07:43", "11:40", "16:46", "20:24", "59:24", 0, "21:44", "20:34", "22:21", "16:54", "19:27", "15:12", "19:47", "12:49", "13:06", "13:40", "21:45", "12:30", "10:09", "14:27", "11:59", "13:02", "17:09", "19:25", 0, "60:00", 0], "SHF": ["24", "23", "36", "27", "25", "10", "23", "18", "26", "12", "27", "24", "31", "29", "12", "18", "23", "25", 0, 0, "31", "28", "32", "20", "21", "20", "24", "17", "18", "20", "28", "15", "14", "18", "16", "16", "21", "22", 0, 0, 0], "AVG TOI/SH": ["00:37", "00:41", "00:42", "00:41", "00:52", "00:53", "00:46", "00:36", "00:40", "00:42", "00:43", "00:39", "00:42", "00:41", "00:38", "00:38", "00:43", "00:48", 0, 0, "00:42", "00:44", "00:41", "00:50", "00:55", "00:45", "00:49", "00:45", "00:43", "00:41", "00:46", "00:50", "00:43", "00:48", "00:44", "00:48", "00:49", "00:52", 0, 0, 0], "PP": ["00:00", "02:04", "02:16", "02:31", "02:31", "00:00", "01:11", "00:02", "01:29", "00:00", "01:47", "01:44", "00:09", "00:00", "00:00", "01:29", "00:18", "02:29", "04:00", 0, "02:30", "00:00", "02:43", "03:34", "03:21", "00:00", "03:03", "02:25", "01:48", "00:00", "00:00", "00:00", "00:00", "00:30", "00:00", "02:50", "02:50", "03:16", 0, "05:46", 0], "SH": ["02:17", "00:00", "02:18", "02:01", "02:02", "00:00", "01:19", "00:45", "00:34", "00:33", "01:15", "01:50", "02:32", "03:14", "00:00", "00:00", "01:17", "00:53", "05:46", 0, "02:15", "02:15", "01:45", "00:00", "00:07", "02:00", "01:27", "00:22", "00:00", "01:42", "01:45", "01:02", "00:00", "00:00", "00:00", "00:00", "01:20", "00:00", 0, "04:00", 0], "EV": ["12:32", "13:42", "21:10", "14:05", "17:11", "08:58", "15:15", "10:16", "15:28", "07:56", "16:45", "12:05", "19:28", "16:48", "07:43", "10:11", "15:11", "17:02", "49:38", 0, "16:59", "18:19", "17:53", "13:20", "15:59", "13:12", "15:17", "10:02", "11:18", "11:58", "20:00", "11:28", "10:09", "13:57", "11:59", "10:12", "12:59", "16:09", 0, "50:14", 0], "S": ["1", "1", "3", "3", "3", 0, "2", 0, "4", 0, 0, "1", 0, 0, "2", 0, "2", "4", 0, 0, "2", 0, 0, "1", "5", 0, "2", "1", 0, 0, "1", "1", "1", 0, "2", "3", "6", "5", 0, 0, 0], "A/B": [0, "2", "1", 0, "2", 0, 0, "1", "2", 0, 0, 0, "2", "2", 0, 0, 0, "1", 0, 0, 0, 0, 0, 0, "2", 0, "1", 0, 0, 0, 0, 0, "2", "1", 0, "1", "1", 0, 0, 0, 0], "MS": ["1", 0, 0, 0, "2", 0, 0, "1", "1", 0, "1", "1", "2", 0, 0, 0, 0, "1", 0, 0, 0, 0, 0, 0, "2", 0, 0, 0, "2", "1", 0, 0, 0, 0, "1", 0, 0, "1", 0, 0, 0], "HT": ["7", "4", "2", "2", "1", "5", "2", "5", "5", "1", "1", "1", 0, "3", 0, "1", "2", "3", 0, 0, 0, 0, "4", 0, 0, 0, 0, "1", "2", 0, "2", "2", "2", "4", "2", "9", "1", "1", 0, 0, 0], "GV": [0, 0, 0, 0, 0, 0, 0, 0, 0, 0, 0, 0, "2", 0, 0, 0, 0, 0, 0, 0, "1", 0, 0, 0, 0, "1", 0, 0, 0, 0, "4", 0, 0, 0, 0, "1", 0, "1", 0, 0, 0], "TK": [0, 0, "1", 0, "1", 0, 0, 0, 0, 0, 0, 0, 0, 0, 0, 0, 0, 0, 0, 0, "1", "1", 0, 0, 0, 0, "2", "1", 0, 0, "1", 0, 0, "1", 0, 0, "1", 0, 0, 0, 0], "BS": ["2", 0, "3", 0, 0, 0, 0, "1", 0, 0, 0, 0, 0, "1", "1", 0, 0, 0, 0, 0, "2", "2", "1", 0, 0, "2", "1", 0, 0, "1", "1", "2", 0, 0, 0, 0, 0, "1", 0, 0, 0], "FW": ["0", 0, 0, "5", "9", 0, 0, 0, 0, "2", 0, "5", 0, 0, 0, 0, 0, "6", 0, 0, 0, 0, 0, 0, 0, "9", "16", "1", 0, "5", 0, "5", 0, 0, 0, "5", 0, 0, 0, 0, 0], "FL": ["1", 0, 0, "4", "14", 0, 0, 0, 0, "7", 0, "8", 0, 0, 0, 0, 0, "7", 0, 0, 0, 0, 0, 0, 0, "3", "8", "0", 0, "6", 0, "5", 0, 0, 0, "5", 0, 0, 0, 0, 0], "F%": ["0", 0, 0, "56", "39", 0, 0, 0, 0, "22", 0, "38", 0, 0, 0, 0, 0, "46", 0, 0, 0, 0, 0, 0, 0, "75", "67", "100", 0, "45", 0, "50", 0, 0, 0, "50", 0, 0, 0, 0, 0], "team": ["LOS ANGELES KINGS ", "LOS ANGELES KINGS ", "LOS ANGELES KINGS ", "LOS ANGELES KINGS ", "LOS ANGELES KINGS ", "LOS ANGELES KINGS ", "LOS ANGELES KINGS ", "LOS ANGELES KINGS ", "LOS ANGELES KINGS ", "LOS ANGELES KINGS ", "LOS ANGELES KINGS ", "LOS ANGELES KINGS ", "LOS ANGELES KINGS ", "LOS ANGELES KINGS ", "LOS ANGELES KINGS ", "LOS ANGELES KINGS ", "LOS ANGELES KINGS ", "LOS ANGELES KINGS ", "LOS ANGELES KINGS ", "LOS ANGELES KINGS ", "CHICAGO BLACKHAWKS ", "CHICAGO BLACKHAWKS ", "CHICAGO BLACKHAWKS ", "CHICAGO BLACKHAWKS ", "CHICAGO BLACKHAWKS ", "CHICAGO BLACKHAWKS ", "CHICAGO BLACKHAWKS ", "CHICAGO BLACKHAWKS ", "CHICAGO BLACKHAWKS ", "CHICAGO BLACKHAWKS ", "CHICAGO BLACKHAWKS ", "CHICAGO BLACKHAWKS ", "CHICAGO BLACKHAWKS ", "CHICAGO BLACKHAWKS ", "CHICAGO BLACKHAWKS ", "CHICAGO BLACKHAWKS ", "CHICAGO BLACKHAWKS ", "CHICAGO BLACKHAWKS ", "CHICAGO BLACKHAWKS ", "CHICAGO BLACKHAWKS ", "CHICAGO BLACKHAWKS "], "GA": [0, 0, 0, 0, 0, 0, 0, 0, 0, 0, 0, 0, 0, 0, 0, 0, 0, 0, "1", 0, 0, 0, 0, 0, 0, 0, 0, 0, 0, 0, 0, 0, 0, 0, 0, 0, 0, 0, 0, "0", 0], "SA": [0, 0, 0, 0, 0, 0, 0, 0, 0, 0, 0, 0, 0, 0, 0, 0, 0, 0, "30", 0, 0, 0, 0, 0, 0, 0, 0, 0, 0, 0, 0, 0, 0, 0, 0, 0, 0, 0, 0, "26", 0]}}