{"game_info": {"date": "2014-03-27", "visitor": "LOS ANGELES KINGS ", "home": "PITTSBURGH PENGUINS ", "game_id": 1094, "status": "final"}, "player_stats": {"number": ["6", "8", "10", "11", "12", "13", "14", "22", "23", "26", "27", "28", "33", "44", "70", "71", "73", "77", "31", "32", "2", "3", "4", "5", "14", "15", "16", "17", "18", "22", "27", "36", "41", "44", "49", "57", "59", "87", "29", "37"], "position": ["D", "D", "C", "C", "R", "L", "R", "C", "L", "D", "D", "C", "D", "D", "L", "C", "C", "C", "G", "G", "D", "D", "D", "D", "L", "L", "C", "L", "L", "R", "R", "L", "D", "D", "C", "C", "C", "C", "G", "G"], "name": ["MUZZIN, JAKE", "DOUGHTY, DREW", "RICHARDS, MIKE", "KOPITAR, ANZE", "GABORIK, MARIAN", "CLIFFORD, KYLE", "WILLIAMS, JUSTIN", "LEWIS, TREVOR", "BROWN, DUSTIN", "VOYNOV, SLAVA", "MARTINEZ, ALEC", "STOLL, JARRET", "MITCHELL, WILLIE", "REGEHR, ROBYN", "PEARSON, TANNER", "NOLAN, JORDAN", "TOFFOLI, TYLER", "CARTER, JEFF", "JONES, MARTIN", "QUICK, JONATHAN", "NISKANEN, MATT", "MAATTA, OLLI", "SCUDERI, ROB", "ENGELLAND, DERYK", "KUNITZ, CHRIS", "GLASS, TANNER", "SUTTER, BRANDON", "PYATT, TAYLOR", "NEAL, JAMES", "STEMPNIAK, LEE", "ADAMS, CRAIG", "JOKINEN, JUSSI", "BORTUZZO, ROBERT", "ORPIK, BROOKS", "GIBBONS, BRIAN", "GOC, MARCEL", "MEGNA, JAYSON", "CROSBY, SIDNEY", "FLEURY, MARC-ANDRE", "ZATKOFF, JEFF"], "G": [0, "1", 0, 0, 0, 0, 0, 0, 0, 0, "1", 0, 0, 0, 0, 0, 0, "1", 0, 0, 0, 0, 0, 0, "1", 0, 0, "1", 0, 0, 0, 0, 0, 0, 0, 0, 0, 0, 0, 0], "A": [0, 0, 0, "1", "1", 0, 0, 0, "1", 0, 0, "1", 0, 0, "1", 0, "1", 0, 0, 0, 0, 0, 0, 0, 0, 0, 0, 0, 0, 0, 0, 0, 0, 0, "1", "1", "1", "1", 0, 0], "P": [0, "1", 0, "1", "1", 0, 0, 0, "1", 0, "1", "1", 0, 0, "1", 0, "1", "1", 0, 0, 0, 0, 0, 0, "1", 0, 0, "1", 0, 0, 0, 0, 0, 0, "1", "1", "1", "1", 0, 0], "+/-": ["+1", 0, "-1", "-1", "-1", 0, "-1", 0, "+1", "-1", "+1", "+2", 0, "-1", "+2", 0, 0, "-1", 0, 0, "+1", "+1", "-2", "-1", "+1", "-1", 0, "+1", 0, 0, "-1", 0, "+1", 0, "-1", 0, 0, "+1", 0, 0], "PN": ["1", "1", 0, 0, "1", "1", 0, 0, 0, 0, "1", "1", "1", 0, 0, 0, 0, 0, 0, 0, "1", 0, 0, 0, 0, "1", 0, 0, 0, 0, "1", 0, 0, 0, 0, 0, 0, 0, 0, 0], "PIM": ["2", "2", 0, 0, "2", "2", 0, 0, 0, 0, "2", "2", "2", 0, 0, 0, 0, 0, 0, 0, "2", 0, 0, 0, 0, "2", 0, 0, 0, 0, "2", 0, 0, 0, 0, 0, 0, 0, 0, 0], "TOT": ["14:58", "25:59", "17:37", "22:19", "14:51", "08:12", "16:08", "11:46", "14:24", "24:50", "14:17", "15:39", "19:45", "20:58", "10:07", "07:04", "08:10", "18:56", "60:00", 0, "23:01", "23:53", "15:21", "13:50", "23:40", "08:12", "16:57", "10:45", "20:32", "18:18", "08:07", "18:42", "16:39", "20:42", "13:04", "08:22", "09:41", "25:48", 0, "58:34"], "SHF": ["23", "32", "24", "27", "19", "13", "21", "21", "20", "33", "23", "27", "27", "32", "14", "11", "13", "24", 0, 0, "20", "25", "24", "20", "22", "13", "23", "18", "22", "19", "12", "19", "20", "24", "21", "16", "15", "21", 0, 0], "AVG TOI/SH": ["00:39", "00:48", "00:44", "00:49", "00:46", "00:37", "00:46", "00:33", "00:43", "00:45", "00:37", "00:34", "00:43", "00:39", "00:43", "00:38", "00:37", "00:47", 0, 0, "01:09", "00:57", "00:38", "00:41", "01:04", "00:37", "00:44", "00:35", "00:56", "00:57", "00:40", "00:59", "00:49", "00:51", "00:37", "00:31", "00:38", "01:13", 0, 0], "PP": ["00:35", "04:17", "01:38", "03:00", "02:49", "00:00", "01:27", "00:00", "01:27", "02:58", "01:43", "00:36", "00:00", "00:00", "00:25", "00:00", "00:25", "03:00", "04:52", 0, "09:57", "08:56", "00:05", "00:00", "10:03", "00:00", "03:34", "00:00", "08:36", "04:29", "00:09", "07:03", "00:09", "00:50", "00:00", "00:06", "00:00", "11:03", 0, "13:00"], "SH": ["00:00", "05:22", "05:15", "03:47", "00:00", "00:00", "01:24", "04:41", "01:58", "07:19", "00:59", "03:58", "05:37", "06:43", "00:00", "00:00", "00:00", "04:57", "13:00", 0, "00:00", "01:57", "02:55", "01:15", "00:00", "00:53", "01:59", "00:00", "00:00", "01:51", "02:10", "00:00", "00:42", "02:55", "00:56", "01:55", "00:00", "00:00", 0, "04:52"], "EV": ["14:23", "16:20", "10:44", "15:32", "12:02", "08:12", "13:17", "07:05", "10:59", "14:33", "11:35", "11:05", "14:08", "14:15", "09:42", "07:04", "07:45", "10:59", "42:08", 0, "13:04", "13:00", "12:21", "12:35", "13:37", "07:19", "11:24", "10:45", "11:56", "11:58", "05:48", "11:39", "15:48", "16:57", "12:08", "06:21", "09:41", "14:45", 0, "40:42"], "S": [0, "2", "2", "3", "2", 0, "4", "1", "3", "3", "3", "1", 0, "1", "1", "1", "2", "3", 0, 0, "7", "1", 0, "1", "2", "1", "3", "3", "4", "3", 0, "3", "2", 0, 0, "1", "1", "5", 0, 0], "A/B": [0, "2", 0, "1", 0, 0, "1", 0, 0, "1", "2", 0, "1", 0, 0, 0, 0, "2", 0, 0, "3", "2", "1", 0, "1", "1", "1", "2", "2", "1", 0, "2", 0, 0, 0, 0, 0, 0, 0, 0], "MS": [0, "2", "2", "1", "2", 0, 0, 0, "1", "1", 0, 0, 0, 0, 0, "1", 0, 0, 0, 0, "3", 0, 0, "1", "2", 0, "1", 0, "1", 0, 0, "1", 0, 0, 0, 0, 0, "2", 0, 0], "HT": ["2", "1", "1", 0, "1", "1", 0, "3", "5", 0, "1", "4", "1", "2", "1", "3", "2", "1", 0, 0, "1", 0, "3", "1", "5", "5", 0, "1", 0, "1", "4", "1", "5", "5", "1", "1", "2", "1", 0, 0], "GV": [0, 0, 0, 0, 0, 0, 0, 0, 0, 0, 0, 0, 0, 0, 0, 0, 0, 0, 0, 0, "1", "2", 0, 0, 0, 0, "1", 0, "1", 0, 0, 0, 0, 0, 0, 0, 0, 0, 0, "1"], "TK": [0, 0, 0, 0, 0, 0, 0, 0, 0, 0, 0, 0, 0, 0, 0, 0, 0, 0, 0, 0, 0, 0, 0, 0, 0, 0, 0, 0, 0, 0, 0, 0, 0, 0, 0, 0, 0, 0, 0, 0], "BS": [0, "3", "1", "1", "1", 0, 0, "1", 0, "2", "2", "2", "2", "1", 0, 0, 0, 0, 0, 0, 0, 0, "1", "1", 0, 0, "1", 0, "2", "1", 0, 0, "2", "1", 0, 0, 0, "1", 0, 0], "FW": [0, 0, "5", "8", 0, 0, "0", "1", 0, 0, 0, "13", 0, 0, 0, 0, 0, "3", 0, 0, 0, 0, 0, 0, "0", 0, "6", 0, 0, "1", "2", "2", 0, 0, 0, "6", 0, "11", 0, 0], "FL": [0, 0, "6", "7", 0, 0, "1", "4", 0, 0, 0, "6", 0, 0, 0, 0, 0, "4", 0, 0, 0, 0, 0, 0, "1", 0, "6", 0, 0, "0", "1", "3", 0, 0, 0, "2", 0, "17", 0, 0], "F%": [0, 0, "45", "53", 0, 0, "0", "20", 0, 0, 0, "68", 0, 0, 0, 0, 0, "43", 0, 0, 0, 0, 0, 0, "0", 0, "50", 0, 0, "100", "67", "40", 0, 0, 0, "75", 0, "39", 0, 0], "team": ["LOS ANGELES KINGS ", "LOS ANGELES KINGS ", "LOS ANGELES KINGS ", "LOS ANGELES KINGS ", "LOS ANGELES KINGS ", "LOS ANGELES KINGS ", "LOS ANGELES KINGS ", "LOS ANGELES KINGS ", "LOS ANGELES KINGS ", "LOS ANGELES KINGS ", "LOS ANGELES KINGS ", "LOS ANGELES KINGS ", "LOS ANGELES KINGS ", "LOS ANGELES KINGS ", "LOS ANGELES KINGS ", "LOS ANGELES KINGS ", "LOS ANGELES KINGS ", "LOS ANGELES KINGS ", "LOS ANGELES KINGS ", "LOS ANGELES KINGS ", "PITTSBURGH PENGUINS ", "PITTSBURGH PENGUINS ", "PITTSBURGH PENGUINS ", "PITTSBURGH PENGUINS ", "PITTSBURGH PENGUINS ", "PITTSBURGH PENGUINS ", "PITTSBURGH PENGUINS ", "PITTSBURGH PENGUINS ", "PITTSBURGH PENGUINS ", "PITTSBURGH PENGUINS ", "PITTSBURGH PENGUINS ", "PITTSBURGH PENGUINS ", "PITTSBURGH PENGUINS ", "PITTSBURGH PENGUINS ", "PITTSBURGH PENGUINS ", "PITTSBURGH PENGUINS ", "PITTSBURGH PENGUINS ", "PITTSBURGH PENGUINS ", "PITTSBURGH PENGUINS ", "PITTSBURGH PENGUINS "], "GA": [0, 0, 0, 0, 0, 0, 0, 0, 0, 0, 0, 0, 0, 0, 0, 0, 0, 0, "2", 0, 0, 0, 0, 0, 0, 0, 0, 0, 0, 0, 0, 0, 0, 0, 0, 0, 0, 0, 0, "3"], "SA": [0, 0, 0, 0, 0, 0, 0, 0, 0, 0, 0, 0, 0, 0, 0, 0, 0, 0, "37", 0, 0, 0, 0, 0, 0, 0, 0, 0, 0, 0, 0, 0, 0, 0, 0, 0, 0, 0, 0, "32"]}}