{"game_info": {"date": "2014-03-31", "visitor": "CAROLINA HURRICANES ", "home": "OTTAWA SENATORS ", "game_id": 1125, "status": "final"}, "player_stats": {"number": ["4", "8", "11", "12", "14", "16", "19", "20", "21", "22", "26", "27", "28", "39", "44", "53", "65", "73", "30", "31", "3", "4", "5", "7", "9", "15", "16", "22", "25", "28", "44", "46", "61", "62", "65", "68", "83", "93", "40", "41"], "position": ["D", "C", "C", "C", "C", "C", "C", "C", "L", "C", "D", "D", "R", "R", "D", "C", "D", "D", "G", "G", "D", "D", "D", "C", "L", "C", "L", "R", "R", "L", "C", "D", "R", "D", "D", "C", "R", "C", "G", "G"], "name": ["SEKERA, ANDREJ", "LOKTIONOV, ANDREI", "STAAL, JORDAN", "STAAL, ERIC", "GERBE, NATHAN", "LINDHOLM, ELIAS", "TLUSTY, JIRI", "NASH, RILEY", "BOWMAN, DRAYSON", "MALHOTRA, MANNY", "LILES, JOHN-MICHAEL", "FAULK, JUSTIN", "SEMIN, ALEXANDER", "DWYER, PATRICK", "HARRISON, JAY", "SKINNER, JEFF", "HAINSEY, RON", "BELLEMORE, BRETT", "WARD, CAM", "KHUDOBIN, ANTON", "METHOT, MARC", "PHILLIPS, CHRIS", "CECI, CODY", "TURRIS, KYLE", "MICHALEK, MILAN", "SMITH, ZACK", "MACARTHUR, CLARKE", "CONDRA, ERIK", "NEIL, CHRIS", "KASSIAN, MATT", "PAGEAU, JEAN-GABRIEL", "WIERCIOCH, PATRICK", "STONE, MARK", "GRYBA, ERIC", "KARLSSON, ERIK", "HOFFMAN, MIKE", "HEMSKY, ALES", "ZIBANEJAD, MIKA", "LEHNER, ROBIN", "ANDERSON, CRAIG"], "G": [0, 0, 0, 0, 0, 0, 0, 0, 0, 0, 0, 0, 0, 0, 0, "1", 0, 0, 0, 0, 0, 0, 0, 0, 0, 0, 0, 0, 0, 0, 0, 0, 0, 0, 0, 0, 0, "1", 0, 0], "A": [0, 0, 0, 0, 0, 0, 0, 0, 0, 0, 0, 0, 0, 0, 0, 0, 0, 0, 0, 0, 0, 0, 0, 0, 0, 0, 0, 0, 0, 0, 0, "1", 0, 0, 0, 0, "1", 0, 0, 0], "P": [0, 0, 0, 0, 0, 0, 0, 0, 0, 0, 0, 0, 0, 0, 0, "1", 0, 0, 0, 0, 0, 0, 0, 0, 0, 0, 0, 0, 0, 0, 0, "1", 0, 0, 0, 0, "1", "1", 0, 0], "+/-": ["+1", 0, 0, 0, 0, "+1", 0, 0, 0, 0, 0, 0, 0, "-1", "-1", 0, 0, 0, 0, 0, "-1", 0, 0, 0, 0, 0, 0, 0, 0, 0, 0, "+1", 0, 0, 0, 0, 0, 0, 0, 0], "PN": [0, 0, 0, 0, "1", 0, 0, 0, "1", 0, 0, 0, 0, 0, 0, 0, 0, 0, "1", 0, 0, 0, 0, "1", 0, 0, 0, 0, 0, 0, "1", 0, 0, "2", 0, 0, 0, 0, 0, 0], "PIM": [0, 0, 0, 0, "2", 0, 0, 0, "2", 0, 0, 0, 0, 0, 0, 0, 0, 0, "2", 0, 0, 0, 0, "2", 0, 0, 0, 0, 0, 0, "2", 0, 0, "4", 0, 0, 0, 0, 0, 0], "TOT": ["24:12", "13:50", "17:23", "25:36", "12:45", "17:07", "10:32", "17:01", "12:10", "08:10", "23:54", "22:51", "23:35", "10:33", "20:45", "18:33", "22:12", "12:51", "65:00", 0, "25:31", "23:42", "16:11", "22:23", "19:38", "17:59", "19:40", "08:03", "13:13", "04:54", "06:38", "16:31", "16:09", "20:29", "27:22", "15:46", "16:54", "20:57", 0, "65:00"], "SHF": ["32", "17", "25", "29", "23", "26", "13", "23", "18", "17", "31", "34", "30", "18", "27", "27", "29", "19", 0, 0, "30", "29", "20", "31", "28", "26", "30", "13", "22", "7", "13", "24", "24", "30", "29", "22", "26", "29", 0, 0], "AVG TOI/SH": ["00:45", "00:48", "00:41", "00:52", "00:33", "00:39", "00:48", "00:44", "00:40", "00:28", "00:46", "00:40", "00:47", "00:35", "00:46", "00:41", "00:45", "00:40", 0, 0, "00:51", "00:49", "00:48", "00:43", "00:42", "00:41", "00:39", "00:37", "00:36", "00:42", "00:30", "00:41", "00:40", "00:40", "00:56", "00:43", "00:39", "00:43", 0, 0], "PP": ["03:47", "01:50", "02:58", "03:28", "00:00", "02:32", "00:00", "02:35", "00:49", "00:00", "03:19", "00:21", "03:28", "00:00", "02:02", "02:32", "00:19", "00:00", "06:00", 0, "00:52", "00:45", "00:44", "02:13", "01:53", "00:00", "02:07", "00:00", "00:00", "00:00", "00:00", "01:59", "01:53", "00:00", "03:16", "01:02", "01:23", "01:53", 0, "04:00"], "SH": ["01:22", "00:00", "01:18", "00:34", "00:34", "00:00", "00:40", "00:56", "00:27", "01:21", "00:45", "01:31", "00:29", "01:41", "00:36", "00:00", "02:38", "01:08", "04:00", 0, "02:07", "04:03", "03:10", "01:22", "02:24", "02:01", "01:29", "01:57", "00:00", "00:00", "00:22", "01:01", "00:00", "01:39", "00:00", "00:00", "00:00", "02:25", 0, "06:00"], "EV": ["19:03", "12:00", "13:07", "21:34", "12:11", "14:35", "09:52", "13:30", "10:54", "06:49", "19:50", "20:59", "19:38", "08:52", "18:07", "16:01", "19:15", "11:43", "55:00", 0, "22:32", "18:54", "12:17", "18:48", "15:21", "15:58", "16:04", "06:06", "13:13", "04:54", "06:16", "13:31", "14:16", "18:50", "24:06", "14:44", "15:31", "16:39", 0, "55:00"], "S": ["2", "1", "1", "3", "3", "2", "1", 0, 0, 0, "2", "5", "3", 0, "2", "2", "3", "1", 0, 0, "5", "1", "1", 0, "2", "2", "3", 0, "2", 0, 0, 0, 0, "2", "2", "2", "4", "3", 0, 0], "A/B": [0, 0, 0, "3", 0, 0, 0, 0, "1", 0, 0, "2", "1", 0, "1", 0, 0, "1", 0, 0, "1", 0, 0, "2", "1", "1", "2", 0, 0, 0, "1", "2", 0, 0, "3", "3", "1", "1", 0, 0], "MS": ["1", 0, 0, "1", 0, "2", "1", "2", "1", "1", 0, 0, "4", 0, "1", 0, "2", "1", 0, 0, 0, 0, "1", "3", "2", "2", "1", "3", "3", 0, 0, "1", "3", 0, "3", "1", 0, 0, 0, 0], "HT": ["3", "1", "6", "4", "2", "3", "3", 0, 0, "1", "3", "2", 0, "1", "3", "2", "3", "2", 0, 0, "4", "2", "1", 0, "2", 0, "3", "1", "4", "3", "1", 0, 0, "3", "3", "1", 0, "1", 0, 0], "GV": ["1", 0, 0, 0, 0, "1", 0, "1", 0, 0, "1", "2", 0, 0, 0, 0, "2", "1", 0, 0, "1", 0, 0, 0, 0, 0, 0, 0, "1", 0, 0, 0, 0, "1", "4", 0, 0, 0, 0, "1"], "TK": [0, "1", "1", "2", "1", "1", 0, 0, 0, 0, "1", 0, 0, 0, "1", 0, 0, 0, 0, 0, "1", "1", 0, "1", "1", "1", "1", 0, 0, 0, "1", 0, "2", 0, 0, "1", "2", 0, 0, 0], "BS": ["1", 0, 0, "3", 0, "1", 0, 0, "2", "1", "2", "2", 0, 0, "2", 0, "4", 0, 0, 0, "1", 0, "2", 0, 0, "1", 0, 0, 0, 0, 0, 0, "1", 0, "1", "1", 0, "2", 0, 0], "FW": [0, 0, "8", "9", 0, 0, 0, "5", 0, "9", 0, 0, 0, 0, 0, "0", 0, 0, 0, 0, 0, 0, 0, "9", 0, "12", 0, 0, 0, 0, "2", 0, 0, 0, 0, 0, 0, "8", 0, 0], "FL": [0, 0, "8", "9", 0, 0, 0, "8", 0, "5", 0, 0, 0, 0, 0, "1", 0, 0, 0, 0, 0, 0, 0, "4", 0, "13", 0, 0, 0, 0, "4", 0, 0, 0, 0, 0, 0, "10", 0, 0], "F%": [0, 0, "50", "50", 0, 0, 0, "38", 0, "64", 0, 0, 0, 0, 0, "0", 0, 0, 0, 0, 0, 0, 0, "69", 0, "48", 0, 0, 0, 0, "33", 0, 0, 0, 0, 0, 0, "44", 0, 0], "team": ["CAROLINA HURRICANES ", "CAROLINA HURRICANES ", "CAROLINA HURRICANES ", "CAROLINA HURRICANES ", "CAROLINA HURRICANES ", "CAROLINA HURRICANES ", "CAROLINA HURRICANES ", "CAROLINA HURRICANES ", "CAROLINA HURRICANES ", "CAROLINA HURRICANES ", "CAROLINA HURRICANES ", "CAROLINA HURRICANES ", "CAROLINA HURRICANES ", "CAROLINA HURRICANES ", "CAROLINA HURRICANES ", "CAROLINA HURRICANES ", "CAROLINA HURRICANES ", "CAROLINA HURRICANES ", "CAROLINA HURRICANES ", "CAROLINA HURRICANES ", "OTTAWA SENATORS ", "OTTAWA SENATORS ", "OTTAWA SENATORS ", "OTTAWA SENATORS ", "OTTAWA SENATORS ", "OTTAWA SENATORS ", "OTTAWA SENATORS ", "OTTAWA SENATORS ", "OTTAWA SENATORS ", "OTTAWA SENATORS ", "OTTAWA SENATORS ", "OTTAWA SENATORS ", "OTTAWA SENATORS ", "OTTAWA SENATORS ", "OTTAWA SENATORS ", "OTTAWA SENATORS ", "OTTAWA SENATORS ", "OTTAWA SENATORS ", "OTTAWA SENATORS ", "OTTAWA SENATORS "], "GA": [0, 0, 0, 0, 0, 0, 0, 0, 0, 0, 0, 0, 0, 0, 0, 0, 0, 0, "1", 0, 0, 0, 0, 0, 0, 0, 0, 0, 0, 0, 0, 0, 0, 0, 0, 0, 0, 0, 0, "1"], "SA": [0, 0, 0, 0, 0, 0, 0, 0, 0, 0, 0, 0, 0, 0, 0, 0, 0, 0, "29", 0, 0, 0, 0, 0, 0, 0, 0, 0, 0, 0, 0, 0, 0, 0, 0, 0, 0, 0, 0, "31"]}}