{"game_info": {"date": "2013-11-25", "visitor": "PHILADELPHIA FLYERS ", "home": "FLORIDA PANTHERS ", "game_id": 359, "status": "final"}, "player_stats": {"number": ["5", "8", "9", "10", "14", "17", "18", "19", "22", "24", "26", "28", "32", "36", "37", "40", "44", "93", "29", "35", "4", "7", "11", "12", "14", "16", "18", "19", "20", "21", "23", "24", "27", "43", "44", "51", "57", "77", "30", "34"], "position": ["D", "D", "R", "C", "C", "R", "R", "L", "D", "R", "D", "R", "D", "C", "L", "C", "D", "R", "G", "G", "D", "D", "C", "R", "L", "C", "C", "R", "L", "R", "C", "R", "C", "D", "D", "D", "C", "D", "G", "G"], "name": ["COBURN, BRAYDON", "GROSSMANN, NICKLAS", "DOWNIE, STEVE", "SCHENN, BRAYDEN", "COUTURIER, SEAN", "SIMMONDS, WAYNE", "HALL, ADAM", "HARTNELL, SCOTT", "SCHENN, LUKE", "READ, MATT", "GUSTAFSSON, ERIK", "GIROUX, CLAUDE", "STREIT, MARK", "RINALDO, ZAC", "ROSEHILL, JAY", "LECAVALIER, VINCENT", "TIMONEN, KIMMO", "VORACEK, JAKUB", "EMERY, RAY", "MASON, STEVE", "OLSEN, DYLAN", "KULIKOV, DMITRY", "HUBERDEAU, JONATHAN", "HAYES, JIMMY", "FLEISCHMANN, TOMAS", "BARKOV, ALEKSANDER", "MATTHIAS, SHAWN", "UPSHALL, SCOTTIE", "BERGENHEIM, SEAN", "BARCH, KRYS", "GOMEZ, SCOTT", "BOYES, BRAD", "BJUGSTAD, NICK", "WEAVER, MIKE", "GUDBRANSON, ERIK", "CAMPBELL, BRIAN", "GOC, MARCEL", "GILBERT, TOM", "CLEMMENSEN, SCOTT", "THOMAS, TIM"], "G": [0, 0, 0, 0, 0, "1", 0, 0, 0, 0, 0, 0, 0, 0, 0, 0, 0, 0, 0, 0, 0, 0, 0, 0, 0, 0, 0, 0, "2", 0, 0, 0, 0, 0, "1", 0, 0, 0, 0, 0], "A": [0, 0, 0, 0, 0, 0, 0, "1", 0, 0, 0, "1", 0, 0, 0, 0, 0, 0, 0, 0, "1", 0, 0, "1", 0, 0, 0, "1", 0, 0, 0, "1", 0, 0, "1", 0, "1", 0, 0, 0], "P": [0, 0, 0, 0, 0, "1", 0, "1", 0, 0, 0, "1", 0, 0, 0, 0, 0, 0, 0, 0, "1", 0, 0, "1", 0, 0, 0, "1", "2", 0, 0, "1", 0, 0, "2", 0, "1", 0, 0, 0], "+/-": [0, "-1", 0, 0, "-1", 0, "-2", 0, "-1", "-1", "-1", 0, "-1", "-1", "-1", 0, 0, 0, 0, 0, "+2", 0, 0, "+1", 0, "+1", "+1", "+1", "+1", 0, 0, "+1", 0, 0, "+2", 0, 0, 0, 0, 0], "PN": ["1", 0, 0, 0, 0, 0, 0, 0, 0, 0, 0, "1", 0, 0, "1", 0, 0, 0, 0, 0, 0, "1", 0, 0, 0, 0, 0, 0, 0, "3", "1", 0, 0, 0, "1", 0, 0, 0, 0, 0], "PIM": ["2", 0, 0, 0, 0, 0, 0, 0, 0, 0, 0, "2", 0, 0, "5", 0, 0, 0, 0, 0, 0, "2", 0, 0, 0, 0, 0, 0, 0, "17", "2", 0, 0, 0, "2", 0, 0, 0, 0, 0], "TOT": ["20:52", "15:45", "17:17", "16:36", "19:15", "17:48", "07:08", "19:38", "16:30", "17:16", "17:54", "22:31", "18:41", "06:46", "04:13", "17:03", "23:14", "19:36", 0, "58:13", "19:10", "13:24", "16:00", "07:14", "15:14", "17:53", "09:46", "19:52", "14:36", "03:44", "16:14", "15:31", "17:13", "15:51", "19:44", "28:41", "19:23", "23:18", 0, "60:00"], "SHF": ["29", "24", "18", "20", "24", "21", "14", "24", "23", "22", "24", "24", "25", "11", "8", "19", "31", "23", 0, 0, "30", "20", "24", "14", "26", "27", "18", "30", "23", "6", "25", "23", "27", "23", "31", "31", "29", "27", 0, 0], "AVG TOI/SH": ["00:43", "00:39", "00:57", "00:49", "00:48", "00:50", "00:30", "00:49", "00:43", "00:47", "00:44", "00:56", "00:44", "00:36", "00:31", "00:53", "00:44", "00:51", 0, 0, "00:38", "00:40", "00:40", "00:31", "00:35", "00:39", "00:32", "00:39", "00:38", "00:37", "00:38", "00:40", "00:38", "00:41", "00:38", "00:55", "00:40", "00:51", 0, 0], "PP": ["00:19", "00:00", "01:13", "01:13", "00:23", "03:23", "00:00", "04:36", "00:00", "01:06", "00:00", "04:36", "01:13", "00:00", "00:00", "02:03", "04:36", "04:24", 0, "05:49", "00:00", "02:03", "01:15", "00:13", "01:15", "02:08", "00:00", "01:47", "00:34", "00:00", "01:39", "00:29", "01:15", "00:00", "00:57", "02:39", "00:13", "01:33", 0, "03:36"], "SH": ["01:31", "01:44", "00:00", "00:00", "02:39", "00:00", "01:48", "00:00", "01:26", "01:48", "00:00", "00:28", "00:39", "00:21", "00:00", "00:00", "01:52", "00:00", 0, "03:36", "01:44", "00:00", "00:00", "00:00", "00:45", "00:00", "01:34", "03:30", "00:00", "00:00", "00:13", "00:07", "00:37", "03:53", "01:17", "04:05", "03:29", "00:39", 0, "05:49"], "EV": ["19:02", "14:01", "16:04", "15:23", "16:13", "14:25", "05:20", "15:02", "15:04", "14:22", "17:54", "17:27", "16:49", "06:25", "04:13", "15:00", "16:46", "15:12", 0, "48:48", "17:26", "11:21", "14:45", "07:01", "13:14", "15:45", "08:12", "14:35", "14:02", "03:44", "14:22", "14:55", "15:21", "11:58", "17:30", "21:57", "15:41", "21:06", 0, "50:35"], "S": ["1", 0, "2", "2", "3", "5", 0, "4", "2", "2", 0, "6", "1", "1", "1", "2", "2", "5", 0, 0, "1", "1", "2", "1", "1", "2", "1", "2", "4", "1", 0, "2", "2", 0, "4", "2", "3", "2", 0, 0], "A/B": ["1", "2", 0, 0, "1", "3", "1", 0, 0, "1", "1", "1", "1", "1", 0, 0, "1", "3", 0, 0, 0, "1", 0, 0, 0, "1", 0, "1", "2", 0, "1", "1", "1", "1", 0, "1", "1", 0, 0, 0], "MS": [0, "1", "1", 0, 0, "1", 0, "2", 0, 0, 0, "1", 0, "2", 0, 0, "1", "1", 0, 0, "1", 0, 0, 0, 0, 0, 0, 0, "3", 0, 0, 0, 0, 0, 0, 0, "2", "1", 0, 0], "HT": ["1", "2", "1", "3", "1", 0, "3", "3", "3", 0, 0, 0, 0, "2", "2", "3", "1", 0, 0, 0, "3", 0, "3", 0, "4", "2", "1", "1", 0, "1", "1", "2", 0, 0, "1", 0, "2", 0, 0, 0], "GV": [0, 0, 0, 0, "1", 0, 0, 0, "1", 0, 0, 0, 0, "1", 0, 0, 0, 0, 0, 0, 0, 0, 0, 0, 0, 0, 0, 0, 0, 0, 0, 0, 0, 0, "1", 0, 0, "1", 0, 0], "TK": ["1", 0, 0, 0, 0, "1", 0, 0, 0, "1", 0, 0, "1", "1", 0, 0, "1", 0, 0, 0, 0, 0, 0, 0, "2", 0, 0, 0, 0, "1", "1", 0, "1", "1", 0, 0, "1", "1", 0, 0], "BS": ["2", 0, 0, 0, 0, "1", 0, 0, "2", 0, 0, 0, "2", 0, 0, "3", "1", 0, 0, 0, "2", 0, 0, 0, "1", "1", 0, "1", 0, 0, "1", "1", 0, "3", "1", "2", "2", "2", 0, 0], "FW": [0, 0, 0, "2", "10", 0, "3", "0", 0, 0, 0, "9", 0, 0, 0, "5", 0, 0, 0, 0, 0, 0, 0, 0, 0, "11", "3", 0, 0, 0, "2", 0, "6", 0, 0, 0, "8", 0, 0, 0], "FL": [0, 0, 0, "1", "4", 0, "4", "1", 0, 0, 0, "11", 0, 0, 0, "9", 0, 0, 0, 0, 0, 0, 0, 0, 0, "9", "2", 0, 0, 0, "6", 0, "8", 0, 0, 0, "4", 0, 0, 0], "F%": [0, 0, 0, "67", "71", 0, "43", "0", 0, 0, 0, "45", 0, 0, 0, "36", 0, 0, 0, 0, 0, 0, 0, 0, 0, "55", "60", 0, 0, 0, "25", 0, "43", 0, 0, 0, "67", 0, 0, 0], "team": ["PHILADELPHIA FLYERS ", "PHILADELPHIA FLYERS ", "PHILADELPHIA FLYERS ", "PHILADELPHIA FLYERS ", "PHILADELPHIA FLYERS ", "PHILADELPHIA FLYERS ", "PHILADELPHIA FLYERS ", "PHILADELPHIA FLYERS ", "PHILADELPHIA FLYERS ", "PHILADELPHIA FLYERS ", "PHILADELPHIA FLYERS ", "PHILADELPHIA FLYERS ", "PHILADELPHIA FLYERS ", "PHILADELPHIA FLYERS ", "PHILADELPHIA FLYERS ", "PHILADELPHIA FLYERS ", "PHILADELPHIA FLYERS ", "PHILADELPHIA FLYERS ", "PHILADELPHIA FLYERS ", "PHILADELPHIA FLYERS ", "FLORIDA PANTHERS ", "FLORIDA PANTHERS ", "FLORIDA PANTHERS ", "FLORIDA PANTHERS ", "FLORIDA PANTHERS ", "FLORIDA PANTHERS ", "FLORIDA PANTHERS ", "FLORIDA PANTHERS ", "FLORIDA PANTHERS ", "FLORIDA PANTHERS ", "FLORIDA PANTHERS ", "FLORIDA PANTHERS ", "FLORIDA PANTHERS ", "FLORIDA PANTHERS ", "FLORIDA PANTHERS ", "FLORIDA PANTHERS ", "FLORIDA PANTHERS ", "FLORIDA PANTHERS ", "FLORIDA PANTHERS ", "FLORIDA PANTHERS "], "GA": [0, 0, 0, 0, 0, 0, 0, 0, 0, 0, 0, 0, 0, 0, 0, 0, 0, 0, 0.0, "3", 0, 0, 0, 0, 0, 0, 0, 0, 0, 0, 0, 0, 0, 0, 0, 0, 0, 0, 0, "1"], "SA": [0, 0, 0, 0, 0, 0, 0, 0, 0, 0, 0, 0, 0, 0, 0, 0, 0, 0, 0.0, "31", 0, 0, 0, 0, 0, 0, 0, 0, 0, 0, 0, 0, 0, 0, 0, 0, 0, 0, 0, "39"]}}