{"game_info": {"date": "2013-10-05", "visitor": "EDMONTON OILERS ", "home": "VANCOUVER CANUCKS ", "game_id": 30, "status": "final"}, "player_stats": {"number": ["2", "4", "5", "6", "13", "14", "15", "19", "20", "21", "26", "27", "41", "57", "64", "77", "83", "94", "1", "40", "2", "3", "5", "6", "7", "8", "15", "17", "18", "20", "21", "22", "23", "25", "29", "32", "33", "36", "1", "31"], "position": ["D", "L", "D", "L", "R", "C", "D", "D", "L", "D", "R", "C", "R", "L", "R", "D", "R", "L", "G", "G", "D", "D", "D", "D", "L", "D", "R", "C", "D", "L", "C", "L", "D", "C", "L", "R", "C", "R", "G", "G"], "name": ["PETRY, JEFF", "HALL, TAYLOR", "SMID, LADISLAV", "JOENSUU, JESSE", "BROWN, MIKE", "EBERLE, JORDAN", "SCHULTZ, NICK", "SCHULTZ, JUSTIN", "GAZDIC, LUKE", "FERENCE, ANDREW", "ARCOBELLO, MARK", "GORDON, BOYD", "ACTON, WILL", "PERRON, DAVID", "YAKUPOV, NAIL", "BELOV, ANTON", "HEMSKY, ALES", "SMYTH, RYAN", "LABARBERA, JASON", "DUBNYK, DEVAN", "HAMHUIS, DAN", "BIEKSA, KEVIN", "GARRISON, JASON", "WEBER, YANNICK", "BOOTH, DAVID", "TANEV, CHRISTOPHER", "RICHARDSON, BRAD", "KESLER, RYAN", "STANTON, RYAN", "HIGGINS, CHRIS", "DALPE, ZAC", "SEDIN, DANIEL", "EDLER, ALEXANDER", "SANTORELLI, MIKE", "SESTITO, TOM", "WEISE, DALE", "SEDIN, HENRIK", "HANSEN, JANNIK", "LUONGO, ROBERTO", "LACK, EDDIE"], "G": ["1", 0, 0, 0, 0, 0, 0, 0, 0, 0, 0, "1", 0, 0, 0, 0, 0, 0, 0, 0, "1", 0, "1", 0, 0, 0, "1", "1", 0, 0, 0, "1", 0, 0, 0, 0, 0, "1", 0, 0], "A": [0, 0, "1", 0, 0, 0, 0, 0, 0, 0, 0, 0, 0, "1", 0, 0, "1", 0, 0, 0, 0, 0, "1", 0, 0, 0, 0, 0, 0, 0, 0, "1", "1", 0, 0, 0, "3", 0, 0, 0], "P": ["1", 0, "1", 0, 0, 0, 0, 0, 0, 0, 0, "1", 0, "1", 0, 0, "1", 0, 0, 0, "1", 0, "2", 0, 0, 0, "1", "1", 0, 0, 0, "2", "1", 0, 0, 0, "3", "1", 0, 0], "+/-": ["-1", "-4", "-2", 0, 0, "-1", "+1", "-2", 0, "-1", "-1", "+1", 0, 0, "-2", "+1", "-2", "-4", 0, 0, "+2", "+1", "+1", 0, "-1", "+2", "+2", 0, 0, "+1", 0, "+2", 0, 0, 0, 0, "+2", "+2", 0, 0], "PN": [0, "1", "1", 0, "2", 0, 0, 0, "1", "1", 0, 0, "2", "3", 0, "2", 0, 0, 0, 0, 0, "1", 0, 0, 0, 0, 0, "1", "1", 0, 0, 0, "1", 0, "2", 0, 0, "3", 0, 0], "PIM": [0, "2", "2", 0, "12", 0, 0, 0, "5", "2", 0, 0, "7", "6", 0, "4", 0, 0, 0, 0, 0, "2", 0, 0, 0, 0, 0, "5", "2", 0, 0, 0, "2", 0, "7", 0, 0, "6", 0, 0], "TOT": ["21:49", "20:02", "18:31", "06:33", "07:02", "21:06", "16:31", "22:20", "06:12", "21:04", "16:28", "16:34", "11:20", "20:53", "16:13", "14:29", "16:27", "11:25", "24:13", "33:56", "22:38", "21:57", "22:21", "06:11", "16:57", "17:47", "12:17", "18:57", "11:30", "18:15", "06:21", "20:10", "23:53", "15:38", "06:22", "10:15", "20:32", "15:55", "59:56", 0], "SHF": ["30", "32", "27", "9", "11", "28", "23", "27", "10", "24", "23", "26", "20", "28", "23", "22", "27", "15", 0, 0, "28", "30", "30", "12", "22", "26", "17", "22", "20", "25", "13", "25", "32", "20", "12", "16", "25", "24", 0, 0], "AVG TOI/SH": ["00:43", "00:37", "00:41", "00:43", "00:38", "00:45", "00:43", "00:49", "00:37", "00:52", "00:42", "00:38", "00:34", "00:44", "00:42", "00:39", "00:36", "00:45", 0, 0, "00:48", "00:43", "00:44", "00:30", "00:46", "00:41", "00:43", "00:51", "00:34", "00:43", "00:29", "00:48", "00:44", "00:46", "00:31", "00:38", "00:49", "00:39", 0, 0], "PP": ["00:00", "03:10", "00:00", "00:45", "00:00", "03:12", "00:17", "03:49", "00:00", "00:20", "02:42", "02:15", "00:15", "03:12", "04:05", "02:19", "02:41", "03:25", "00:17", "04:00", "03:01", "03:23", "07:24", "00:00", "03:21", "00:05", "00:21", "05:40", "00:12", "03:21", "00:00", "07:10", "07:39", "01:42", "00:00", "00:21", "07:10", "03:30", "10:52", 0], "SH": ["06:12", "02:41", "06:04", "01:12", "00:00", "02:02", "03:44", "01:04", "00:00", "04:40", "00:00", "06:34", "04:36", "00:35", "00:00", "00:00", "04:04", "00:00", "04:00", "06:52", "02:37", "02:08", "02:54", "00:00", "00:17", "02:05", "02:13", "02:46", "00:17", "02:28", "00:00", "01:05", "02:15", "01:36", "00:00", "00:00", "00:52", "00:55", "06:08", 0], "EV": ["15:37", "14:11", "12:27", "04:36", "07:02", "15:52", "12:30", "17:27", "06:12", "16:04", "13:46", "07:45", "06:29", "17:06", "12:08", "12:10", "09:42", "08:00", "19:56", "23:04", "17:00", "16:26", "12:03", "06:11", "13:19", "15:37", "09:43", "10:31", "11:01", "12:26", "06:21", "11:55", "13:59", "12:20", "06:22", "09:54", "12:30", "11:30", "42:56", 0], "S": ["3", "2", "1", 0, 0, "2", 0, "1", 0, "1", "4", "1", 0, "5", "1", "1", 0, "1", 0, 0, "1", "3", "6", 0, "1", "1", "1", "9", "1", "3", "1", "6", "3", "2", "2", "1", "2", "1", 0, 0], "A/B": ["1", "2", "1", 0, 0, 0, 0, 0, "1", 0, "2", 0, "1", 0, "1", "1", 0, 0, 0, 0, "2", "5", "2", "1", "3", 0, 0, 0, "1", 0, 0, 0, "1", "1", 0, 0, "1", "2", 0, 0], "MS": [0, "1", 0, 0, "1", "1", 0, "2", 0, 0, "1", "1", 0, "1", "3", 0, 0, "1", 0, 0, "1", "1", "1", 0, "1", 0, "1", "2", 0, 0, 0, 0, "2", 0, "2", 0, 0, 0, 0, 0], "HT": ["3", "1", "6", "1", "5", "2", 0, 0, "2", 0, "7", 0, "3", "3", "3", "1", 0, "1", 0, 0, 0, 0, 0, "2", "2", 0, "1", "1", "2", "2", 0, "1", "2", 0, "3", "1", "1", "4", 0, 0], "GV": ["1", "1", "1", "1", 0, 0, "1", "1", 0, "1", 0, 0, 0, 0, 0, 0, 0, 0, 0, 0, "2", "1", 0, 0, 0, "1", 0, 0, 0, 0, 0, 0, 0, 0, 0, 0, 0, 0, 0, 0], "TK": ["1", "1", 0, 0, 0, "1", 0, 0, 0, 0, "1", "1", 0, 0, 0, 0, "1", 0, 0, 0, "1", 0, 0, 0, 0, "1", 0, "1", 0, 0, 0, 0, 0, "3", 0, "1", 0, "1", 0, 0], "BS": ["1", "1", "4", "1", "1", 0, "2", "2", 0, "1", 0, "4", 0, 0, 0, 0, "1", "1", 0, 0, "1", 0, "2", 0, 0, "2", 0, 0, "3", 0, 0, 0, "1", 0, 0, 0, 0, "1", 0, 0], "FW": [0, "10", 0, 0, 0, "1", 0, 0, 0, 0, "5", "10", "4", "1", 0, 0, "0", "0", 0, 0, 0, 0, 0, 0, 0, 0, "4", "10", 0, 0, "1", 0, 0, "3", "0", 0, "7", "1", 0, 0], "FL": [0, "6", 0, 0, 0, "2", 0, 0, 0, 0, "5", "6", "5", "0", 0, 0, "1", "1", 0, 0, 0, 0, 0, 0, 0, 0, "1", "11", 0, 0, "2", 0, 0, "2", "1", 0, "12", "2", 0, 0], "F%": [0, "63", 0, 0, 0, "33", 0, 0, 0, 0, "50", "63", "44", "100", 0, 0, "0", "0", 0, 0, 0, 0, 0, 0, 0, 0, "80", "48", 0, 0, "33", 0, 0, "60", "0", 0, "37", "33", 0, 0], "team": ["EDMONTON OILERS ", "EDMONTON OILERS ", "EDMONTON OILERS ", "EDMONTON OILERS ", "EDMONTON OILERS ", "EDMONTON OILERS ", "EDMONTON OILERS ", "EDMONTON OILERS ", "EDMONTON OILERS ", "EDMONTON OILERS ", "EDMONTON OILERS ", "EDMONTON OILERS ", "EDMONTON OILERS ", "EDMONTON OILERS ", "EDMONTON OILERS ", "EDMONTON OILERS ", "EDMONTON OILERS ", "EDMONTON OILERS ", "EDMONTON OILERS ", "EDMONTON OILERS ", "VANCOUVER CANUCKS ", "VANCOUVER CANUCKS ", "VANCOUVER CANUCKS ", "VANCOUVER CANUCKS ", "VANCOUVER CANUCKS ", "VANCOUVER CANUCKS ", "VANCOUVER CANUCKS ", "VANCOUVER CANUCKS ", "VANCOUVER CANUCKS ", "VANCOUVER CANUCKS ", "VANCOUVER CANUCKS ", "VANCOUVER CANUCKS ", "VANCOUVER CANUCKS ", "VANCOUVER CANUCKS ", "VANCOUVER CANUCKS ", "VANCOUVER CANUCKS ", "VANCOUVER CANUCKS ", "VANCOUVER CANUCKS ", "VANCOUVER CANUCKS ", "VANCOUVER CANUCKS "], "GA": [0, 0, 0, 0, 0, 0, 0, 0, 0, 0, 0, 0, 0, 0, 0, 0, 0, 0, "0", "5", 0, 0, 0, 0, 0, 0, 0, 0, 0, 0, 0, 0, 0, 0, 0, 0, 0, 0, "2", 0], "SA": [0, 0, 0, 0, 0, 0, 0, 0, 0, 0, 0, 0, 0, 0, 0, 0, 0, 0, "12", "31", 0, 0, 0, 0, 0, 0, 0, 0, 0, 0, 0, 0, 0, 0, 0, 0, 0, 0, "23", 0]}}