{"game_info": {"date": "2014-02-06", "visitor": "COLUMBUS BLUE JACKETS ", "home": "LOS ANGELES KINGS ", "game_id": 866, "status": "final"}, "player_stats": {"number": ["6", "7", "8", "11", "13", "17", "18", "19", "21", "24", "26", "27", "38", "42", "51", "55", "58", "71", "31", "72", "2", "6", "8", "10", "11", "13", "14", "21", "22", "23", "26", "28", "33", "44", "71", "73", "74", "77", "31", "32", 0], "position": ["D", "D", "R", "L", "R", "C", "C", "C", "D", "C", "R", "D", "C", "C", "D", "C", "D", "L", "G", "G", "D", "D", "D", "C", "C", "L", "R", "R", "C", "L", "D", "C", "D", "D", "C", "C", "L", "C", "G", "G", 0], "name": ["NIKITIN, NIKITA", "JOHNSON, JACK", "HORTON, NATHAN", "CALVERT, MATT", "ATKINSON, CAM", "DUBINSKY, BRANDON", "UMBERGER, RJ", "JOHANSEN, RYAN", "WISNIEWSKI, JAMES", "MACKENZIE, DEREK", "TROPP, COREY", "MURRAY, RYAN", "JENNER, BOONE", "ANISIMOV, ARTEM", "TYUTIN, FEDOR", "LETESTU, MARK", "SAVARD, DAVID", "FOLIGNO, NICK", "MCELHINNEY, CURTIS", "BOBROVSKY, SERGEI", "GREENE, MATT", "MUZZIN, JAKE", "DOUGHTY, DREW", "RICHARDS, MIKE", "KOPITAR, ANZE", "CLIFFORD, KYLE", "WILLIAMS, JUSTIN", "FRATTIN, MATT", "LEWIS, TREVOR", "BROWN, DUSTIN", "VOYNOV, SLAVA", "STOLL, JARRET", "MITCHELL, WILLIE", "REGEHR, ROBYN", "NOLAN, JORDAN", "TOFFOLI, TYLER", "KING, DWIGHT", "CARTER, JEFF", "JONES, MARTIN", "QUICK, JONATHAN", "TEAM PENALTY"], "G": [0, "1", 0, 0, 0, 0, 0, 0, 0, 0, 0, 0, 0, 0, 0, 0, 0, 0, 0, 0, 0, "1", 0, 0, 0, 0, 0, 0, 0, 0, 0, 0, 0, "1", 0, 0, 0, 0, 0, 0, 0], "A": [0, 0, 0, 0, 0, 0, 0, "1", "1", 0, 0, 0, 0, 0, 0, 0, 0, 0, 0, 0, 0, 0, "1", "1", "1", 0, 0, 0, 0, 0, 0, 0, 0, 0, 0, 0, 0, "1", 0, 0, 0], "P": [0, "1", 0, 0, 0, 0, 0, "1", "1", 0, 0, 0, 0, 0, 0, 0, 0, 0, 0, 0, 0, "1", "1", "1", "1", 0, 0, 0, 0, 0, 0, 0, 0, "1", 0, 0, 0, "1", 0, 0, 0], "+/-": ["-1", "-1", 0, 0, "-1", "-1", 0, 0, 0, 0, 0, 0, 0, "-1", "-1", "-1", "-1", 0, 0, 0, 0, "+1", "+1", "+1", "+1", 0, 0, 0, 0, 0, "+1", 0, 0, "+1", 0, 0, 0, "+2", 0, 0, 0], "PN": ["1", 0, 0, 0, 0, "1", "1", "1", 0, 0, 0, 0, 0, 0, "1", 0, "1", 0, 0, 0, 0, 0, 0, 0, 0, 0, 0, 0, 0, "1", "1", 0, 0, 0, 0, "2", 0, 0, 0, 0, "2"], "PIM": ["2", 0, 0, 0, 0, "2", "2", "2", 0, 0, 0, 0, 0, 0, "2", 0, "2", 0, 0, 0, 0, 0, 0, 0, 0, 0, 0, 0, 0, "2", "2", 0, 0, 0, 0, "4", 0, 0, 0, 0, "4"], "TOT": ["17:18", "31:01", "16:22", "16:14", "14:21", "18:21", "15:02", "19:57", "23:43", "09:18", "06:52", "12:05", "10:57", "17:35", "25:17", "13:53", "15:42", "14:18", 0, "62:29", "17:38", "16:43", "27:00", "16:56", "25:15", "08:11", "15:12", "09:36", "11:35", "15:53", "20:24", "13:52", "24:04", "17:34", "06:29", "16:53", "11:21", "25:00", 0, "62:33", 0], "SHF": ["22", "27", "19", "27", "23", "28", "25", "23", "23", "15", "11", "16", "14", "25", "27", "19", "17", "23", 0, 0, "26", "23", "36", "25", "29", "13", "22", "14", "19", "22", "31", "24", "35", "29", "12", "21", "18", "30", 0, 0, 0], "AVG TOI/SH": ["00:47", "01:08", "00:51", "00:36", "00:37", "00:39", "00:36", "00:52", "01:01", "00:37", "00:37", "00:45", "00:46", "00:42", "00:56", "00:43", "00:55", "00:37", 0, 0, "00:40", "00:43", "00:45", "00:40", "00:52", "00:37", "00:41", "00:41", "00:36", "00:43", "00:39", "00:34", "00:41", "00:36", "00:32", "00:48", "00:37", "00:50", 0, 0, 0], "PP": ["01:02", "06:42", "03:59", "01:47", "01:40", "02:27", "02:00", "04:03", "06:05", "00:00", "00:00", "00:00", "00:10", "03:42", "01:39", "01:14", "00:05", "02:05", 0, "07:44", "00:16", "04:02", "06:28", "03:43", "05:21", "00:22", "03:59", "00:04", "00:04", "04:20", "04:58", "01:46", "00:54", "00:00", "00:00", "03:53", "00:00", "05:05", 0, "09:08", 0], "SH": ["01:02", "05:24", "00:00", "02:31", "00:00", "02:09", "01:03", "01:33", "03:34", "02:30", "00:00", "02:17", "00:00", "04:43", "03:56", "03:47", "01:38", "00:00", 0, "09:08", "04:19", "00:00", "03:25", "02:26", "02:08", "00:00", "00:00", "00:00", "03:05", "00:00", "00:00", "03:10", "05:00", "02:44", "00:00", "00:00", "02:01", "02:38", 0, "07:44", 0], "EV": ["15:14", "18:55", "12:23", "11:56", "12:41", "13:45", "11:59", "14:21", "14:04", "06:48", "06:52", "09:48", "10:47", "09:10", "19:42", "08:52", "13:59", "12:13", 0, "45:37", "13:03", "12:41", "17:07", "10:47", "17:46", "07:49", "11:13", "09:32", "08:26", "11:33", "15:26", "08:56", "18:10", "14:50", "06:29", "13:00", "09:20", "17:17", 0, "45:41", 0], "S": [0, "4", "1", "3", "2", "4", "1", "3", "1", 0, 0, "1", "1", "2", 0, "2", 0, 0, 0, 0, 0, "2", "1", "3", "2", 0, "2", 0, "1", "1", 0, "2", 0, "1", "1", "2", 0, "2", 0, 0, 0], "A/B": ["1", 0, "1", 0, "2", 0, 0, "1", "3", "1", 0, 0, 0, 0, 0, 0, 0, 0, 0, 0, 0, "1", "1", 0, "1", "2", "2", "1", 0, "2", 0, 0, 0, "1", "1", 0, 0, "2", 0, 0, 0], "MS": [0, "1", 0, "1", "2", "4", 0, "1", "3", 0, 0, 0, 0, "1", "1", "1", 0, "1", 0, 0, 0, "1", "2", "1", "2", 0, "3", "2", "1", 0, "3", 0, "1", 0, 0, "2", 0, "2", 0, 0, 0], "HT": ["3", 0, 0, "2", "2", "5", 0, 0, "3", "4", "3", "1", 0, "2", "2", 0, "4", "1", 0, 0, "7", "4", "4", "1", "2", "5", 0, "1", "2", "3", 0, "3", "1", "4", 0, "2", 0, 0, 0, 0, 0], "GV": ["1", "2", "1", 0, 0, 0, "2", "1", 0, 0, 0, 0, "1", 0, 0, 0, 0, 0, 0, "1", "1", "2", 0, "2", "2", "1", "3", 0, 0, "1", "1", 0, "2", "2", 0, "1", 0, "2", 0, 0, 0], "TK": [0, 0, 0, 0, 0, 0, 0, 0, 0, 0, 0, 0, 0, 0, 0, 0, 0, "2", 0, 0, 0, 0, 0, 0, "1", 0, 0, "1", 0, 0, 0, 0, 0, 0, 0, "1", 0, 0, 0, 0, 0], "BS": ["1", "4", "1", 0, "1", 0, "1", 0, "3", 0, 0, 0, "1", 0, 0, 0, "1", "1", 0, 0, "1", "3", 0, 0, "1", 0, 0, 0, 0, 0, 0, "1", "1", "1", "1", 0, 0, 0, 0, 0, 0], "FW": [0, 0, 0, 0, 0, "9", "2", "12", 0, "3", 0, 0, 0, "9", 0, "3", 0, 0, 0, 0, 0, 0, 0, "6", "3", 0, 0, 0, "3", 0, 0, "4", 0, 0, "0", 0, "0", "8", 0, 0, 0], "FL": [0, 0, 0, 0, 0, "8", "0", "3", 0, "4", 0, 0, 0, "4", 0, "5", 0, 0, 0, 0, 0, 0, 0, "8", "10", 0, 0, 0, "3", 0, 0, "10", 0, 0, "2", 0, "1", "4", 0, 0, 0], "F%": [0, 0, 0, 0, 0, "53", "100", "80", 0, "43", 0, 0, 0, "69", 0, "38", 0, 0, 0, 0, 0, 0, 0, "43", "23", 0, 0, 0, "50", 0, 0, "29", 0, 0, "0", 0, "0", "67", 0, 0, 0], "team": ["COLUMBUS BLUE JACKETS ", "COLUMBUS BLUE JACKETS ", "COLUMBUS BLUE JACKETS ", "COLUMBUS BLUE JACKETS ", "COLUMBUS BLUE JACKETS ", "COLUMBUS BLUE JACKETS ", "COLUMBUS BLUE JACKETS ", "COLUMBUS BLUE JACKETS ", "COLUMBUS BLUE JACKETS ", "COLUMBUS BLUE JACKETS ", "COLUMBUS BLUE JACKETS ", "COLUMBUS BLUE JACKETS ", "COLUMBUS BLUE JACKETS ", "COLUMBUS BLUE JACKETS ", "COLUMBUS BLUE JACKETS ", "COLUMBUS BLUE JACKETS ", "COLUMBUS BLUE JACKETS ", "COLUMBUS BLUE JACKETS ", "COLUMBUS BLUE JACKETS ", "COLUMBUS BLUE JACKETS ", "LOS ANGELES KINGS ", "LOS ANGELES KINGS ", "LOS ANGELES KINGS ", "LOS ANGELES KINGS ", "LOS ANGELES KINGS ", "LOS ANGELES KINGS ", "LOS ANGELES KINGS ", "LOS ANGELES KINGS ", "LOS ANGELES KINGS ", "LOS ANGELES KINGS ", "LOS ANGELES KINGS ", "LOS ANGELES KINGS ", "LOS ANGELES KINGS ", "LOS ANGELES KINGS ", "LOS ANGELES KINGS ", "LOS ANGELES KINGS ", "LOS ANGELES KINGS ", "LOS ANGELES KINGS ", "LOS ANGELES KINGS ", "LOS ANGELES KINGS ", "LOS ANGELES KINGS "], "GA": [0, 0, 0, 0, 0, 0, 0, 0, 0, 0, 0, 0, 0, 0, 0, 0, 0, 0, 0.0, "2", 0, 0, 0, 0, 0, 0, 0, 0, 0, 0, 0, 0, 0, 0, 0, 0, 0, 0, 0, "1", 0], "SA": [0, 0, 0, 0, 0, 0, 0, 0, 0, 0, 0, 0, 0, 0, 0, 0, 0, 0, 0.0, "20", 0, 0, 0, 0, 0, 0, 0, 0, 0, 0, 0, 0, 0, 0, 0, 0, 0, 0, 0, "25", 0]}}