{"game_info": {"date": "2014-02-28", "visitor": "SAN JOSE SHARKS ", "home": "BUFFALO SABRES ", "game_id": 898, "status": "final"}, "player_stats": {"number": ["5", "8", "9", "10", "12", "15", "18", "19", "22", "27", "37", "39", "44", "52", "57", "61", "81", "88", "31", "32", "4", "6", "8", "10", "19", "20", "21", "23", "24", "26", "27", "28", "32", "37", "52", "57", "65", "82", "1", "35"], "position": ["D", "C", "R", "C", "C", "C", "R", "C", "D", "D", "R", "C", "D", "D", "C", "D", "C", "R", "G", "G", "D", "D", "C", "D", "C", "D", "R", "L", "C", "L", "R", "C", "L", "L", "D", "D", "C", "L", "G", "G"], "name": ["DEMERS, JASON", "PAVELSKI, JOE", "HAVLAT, MARTY", "DESJARDINS, ANDREW", "MARLEAU, PATRICK", "SHEPPARD, JAMES", "BROWN, MIKE", "THORNTON, JOE", "BOYLE, DAN", "HANNAN, SCOTT", "BURISH, ADAM", "COUTURE, LOGAN", "VLASIC, MARC-EDOUARD", "IRWIN, MATT", "WINGELS, TOMMY", "BRAUN, JUSTIN", "KENNEDY, TYLER", "BURNS, BRENT", "NIEMI, ANTTI", "STALOCK, ALEX", "MCBAIN, JAMIE", "WEBER, MIKE", "MCCORMICK, CODY", "EHRHOFF, CHRISTIAN", "HODGSON, CODY", "TALLINDER, HENRIK", "STAFFORD, DREW", "LEINO, VILLE", "KONOPKA, ZENON", "MOULSON, MATT", "D'AGOSTINI, MATT", "GIRGENSONS, ZEMGUS", "SCOTT, JOHN", "ELLIS, MATT", "SULZER, ALEXANDER", "MYERS, TYLER", "FLYNN, BRIAN", "FOLIGNO, MARCUS", "ENROTH, JHONAS", "VINZ, RYAN"], "G": [0, 0, 0, 0, "1", "1", 0, 0, 0, 0, 0, 0, 0, 0, 0, 0, 0, 0, 0, 0, 0, 0, 0, 0, "1", 0, 0, 0, 0, "1", 0, 0, 0, 0, 0, "1", "1", 0, 0, 0], "A": [0, 0, 0, 0, 0, 0, 0, "1", "2", 0, 0, 0, "1", 0, 0, 0, 0, 0, 0, 0, 0, "1", 0, "1", 0, 0, 0, 0, 0, 0, "1", "1", 0, 0, 0, "2", 0, 0, 0, 0], "P": [0, 0, 0, 0, "1", "1", 0, "1", "2", 0, 0, 0, "1", 0, 0, 0, 0, 0, 0, 0, 0, "1", 0, "1", "1", 0, 0, 0, 0, "1", "1", "1", 0, 0, 0, "3", "1", 0, 0, 0], "+/-": [0, 0, 0, 0, 0, "+1", 0, 0, "-1", 0, "-1", 0, "+1", "-2", "-2", 0, "-1", 0, 0, 0, 0, "+3", "-1", "-2", "+1", 0, "-1", "-1", 0, 0, "+1", "+1", 0, "+1", "-2", "+3", "+1", "+1", 0, 0], "PN": [0, 0, 0, "1", 0, 0, 0, 0, 0, 0, 0, 0, 0, 0, 0, 0, "1", 0, 0, 0, 0, 0, 0, 0, 0, 0, 0, 0, 0, 0, 0, 0, 0, 0, "1", 0, 0, "1", 0, 0], "PIM": [0, 0, 0, "2", 0, 0, 0, 0, 0, 0, 0, 0, 0, 0, 0, 0, "2", 0, 0, 0, 0, 0, 0, 0, 0, 0, 0, 0, 0, 0, 0, 0, 0, 0, "2", 0, 0, "2", 0, 0], "TOT": ["19:46", "19:59", "16:34", "12:04", "18:52", "11:44", "10:35", "19:32", "20:37", "19:20", "10:42", "19:21", "19:30", "18:36", "14:29", "18:33", "10:17", "17:43", "58:07", 0, "20:09", "17:24", "11:57", "23:19", "18:56", "17:21", "20:16", "15:38", "07:16", "17:14", "17:44", "16:48", "05:53", "11:59", "21:11", "20:37", "16:03", "16:17", "59:58", 0], "SHF": ["24", "25", "24", "18", "25", "17", "16", "23", "23", "22", "17", "26", "23", "24", "22", "23", "15", "22", 0, 0, "23", "22", "19", "25", "20", "21", "23", "18", "16", "20", "20", "27", "7", "14", "27", "25", "26", "26", 0, 0], "AVG TOI/SH": ["00:49", "00:47", "00:41", "00:40", "00:45", "00:41", "00:39", "00:50", "00:53", "00:52", "00:37", "00:44", "00:50", "00:46", "00:39", "00:48", "00:41", "00:48", 0, 0, "00:52", "00:47", "00:37", "00:55", "00:56", "00:49", "00:52", "00:52", "00:27", "00:51", "00:53", "00:37", "00:50", "00:51", "00:47", "00:49", "00:37", "00:37", 0, 0], "PP": ["00:49", "02:45", "01:28", "00:00", "02:32", "00:00", "00:00", "02:54", "03:11", "00:00", "00:00", "02:32", "00:00", "01:28", "01:15", "00:00", "00:00", "01:06", "04:00", 0, "00:57", "00:00", "00:00", "02:42", "02:42", "00:00", "03:02", "00:00", "00:00", "03:02", "00:57", "00:37", "00:00", "00:37", "00:57", "02:42", "00:00", "00:00", "03:39", 0], "SH": ["01:21", "01:09", "00:31", "00:28", "00:47", "00:00", "00:00", "00:22", "00:00", "01:18", "01:04", "01:26", "02:41", "00:08", "01:31", "01:50", "00:00", "00:00", "03:39", 0, "01:19", "01:47", "01:18", "01:38", "00:00", "01:19", "01:43", "00:00", "01:04", "00:00", "00:05", "01:15", "00:00", "00:57", "00:54", "01:03", "01:15", "00:23", "04:00", 0], "EV": ["17:36", "16:05", "14:35", "11:36", "15:33", "11:44", "10:35", "16:16", "17:26", "18:02", "09:38", "15:23", "16:49", "17:00", "11:43", "16:43", "10:17", "16:37", "50:28", 0, "17:53", "15:37", "10:39", "18:59", "16:14", "16:02", "15:31", "15:38", "06:12", "14:12", "16:42", "14:56", "05:53", "10:25", "19:20", "16:52", "14:48", "15:54", "52:19", 0], "S": [0, "1", "3", "1", "4", "2", "4", "2", "2", "1", 0, "3", "2", "2", "3", 0, "4", "4", 0, 0, 0, 0, 0, 0, "4", 0, "4", 0, 0, "2", "1", "2", 0, "2", 0, "2", "1", "2", 0, 0], "A/B": ["1", 0, "1", "1", "2", "1", "1", 0, "2", 0, 0, "2", 0, "1", "1", 0, "3", "2", 0, 0, "3", 0, 0, "1", "1", 0, "2", 0, 0, "1", 0, 0, "1", 0, 0, "2", 0, 0, 0, 0], "MS": [0, "1", "1", "1", 0, "1", 0, 0, "1", 0, "2", "1", "1", "1", "3", "1", "1", "1", 0, 0, 0, "2", "1", "1", "1", "1", "2", 0, 0, "1", 0, "1", 0, "1", "1", "1", 0, 0, 0, 0], "HT": ["2", 0, 0, 0, 0, "1", "2", 0, 0, 0, "1", 0, "1", "1", "3", 0, 0, 0, 0, 0, 0, 0, "3", 0, "1", "1", 0, 0, "1", 0, "1", "3", 0, "1", 0, 0, "1", "2", 0, 0], "GV": [0, 0, "1", 0, 0, 0, 0, 0, "2", "1", 0, "1", 0, 0, 0, 0, 0, 0, 0, 0, 0, "1", 0, 0, 0, 0, "1", 0, 0, 0, 0, 0, 0, 0, 0, "1", 0, 0, 0, 0], "TK": [0, 0, 0, 0, 0, "1", 0, 0, 0, 0, 0, 0, 0, 0, 0, 0, 0, 0, 0, 0, 0, 0, 0, "1", "1", 0, 0, "2", 0, "1", "1", 0, 0, 0, "1", "1", 0, 0, 0, 0], "BS": ["2", 0, "1", "1", 0, 0, 0, 0, "1", 0, "1", "1", "1", 0, "2", "1", 0, 0, 0, 0, "3", "4", 0, "3", 0, "3", 0, 0, "1", 0, 0, "1", 0, 0, 0, 0, "1", "2", 0, 0], "FW": [0, "7", 0, "4", "1", "0", 0, "8", 0, 0, "3", "4", 0, 0, "1", 0, 0, 0, 0, 0, 0, 0, 0, 0, "10", 0, "1", "6", "7", 0, 0, "6", 0, "0", 0, 0, "4", 0, 0, 0], "FL": [0, "8", 0, "5", "2", "1", 0, "2", 0, 0, "6", "9", 0, 0, "1", 0, 0, 0, 0, 0, 0, 0, 0, 0, "7", 0, "1", "5", "4", 0, 0, "7", 0, "1", 0, 0, "3", 0, 0, 0], "F%": [0, "47", 0, "44", "33", "0", 0, "80", 0, 0, "33", "31", 0, 0, "50", 0, 0, 0, 0, 0, 0, 0, 0, 0, "59", 0, "50", "55", "64", 0, 0, "46", 0, "0", 0, 0, "57", 0, 0, 0], "team": ["SAN JOSE SHARKS ", "SAN JOSE SHARKS ", "SAN JOSE SHARKS ", "SAN JOSE SHARKS ", "SAN JOSE SHARKS ", "SAN JOSE SHARKS ", "SAN JOSE SHARKS ", "SAN JOSE SHARKS ", "SAN JOSE SHARKS ", "SAN JOSE SHARKS ", "SAN JOSE SHARKS ", "SAN JOSE SHARKS ", "SAN JOSE SHARKS ", "SAN JOSE SHARKS ", "SAN JOSE SHARKS ", "SAN JOSE SHARKS ", "SAN JOSE SHARKS ", "SAN JOSE SHARKS ", "SAN JOSE SHARKS ", "SAN JOSE SHARKS ", "BUFFALO SABRES ", "BUFFALO SABRES ", "BUFFALO SABRES ", "BUFFALO SABRES ", "BUFFALO SABRES ", "BUFFALO SABRES ", "BUFFALO SABRES ", "BUFFALO SABRES ", "BUFFALO SABRES ", "BUFFALO SABRES ", "BUFFALO SABRES ", "BUFFALO SABRES ", "BUFFALO SABRES ", "BUFFALO SABRES ", "BUFFALO SABRES ", "BUFFALO SABRES ", "BUFFALO SABRES ", "BUFFALO SABRES ", "BUFFALO SABRES ", "BUFFALO SABRES "], "GA": [0, 0, 0, 0, 0, 0, 0, 0, 0, 0, 0, 0, 0, 0, 0, 0, 0, 0, "3", 0, 0, 0, 0, 0, 0, 0, 0, 0, 0, 0, 0, 0, 0, 0, 0, 0, 0, 0, "2", 0], "SA": [0, 0, 0, 0, 0, 0, 0, 0, 0, 0, 0, 0, 0, 0, 0, 0, 0, 0, "19", 0, 0, 0, 0, 0, 0, 0, 0, 0, 0, 0, 0, 0, 0, 0, 0, 0, 0, 0, "38", 0]}}