{"game_info": {"date": "2014-01-16", "visitor": "WINNIPEG JETS ", "home": "CALGARY FLAMES ", "game_id": 719, "status": "final"}, "player_stats": {"number": ["2", "5", "7", "8", "12", "14", "16", "17", "18", "22", "26", "33", "39", "40", "44", "55", "58", "67", "31", "35", "3", "5", "6", "7", "8", "11", "15", "16", "17", "18", "22", "23", "24", "32", "38", "39", "44", "55", "29", "31"], "position": ["D", "D", "D", "D", "C", "R", "L", "C", "C", "R", "R", "D", "D", "R", "D", "C", "C", "R", "G", "G", "D", "D", "D", "D", "C", "C", "R", "R", "L", "C", "R", "C", "C", "C", "C", "L", "D", "D", "G", "G"], "name": ["PARDY, ADAM", "STUART, MARK", "ELLERBY, KEATON", "TROUBA, JACOB", "JOKINEN, OLLI", "PELUSO, ANTHONY", "LADD, ANDREW", "WRIGHT, JAMES", "LITTLE, BRYAN", "THORBURN, CHRIS", "WHEELER, BLAKE", "BYFUGLIEN, DUSTIN", "ENSTROM, TOBIAS", "SETOGUCHI, DEVIN", "BOGOSIAN, ZACH", "SCHEIFELE, MARK", "O'DELL, ERIC", "FROLIK, MICHAEL", "PAVELEC, ONDREJ", "MONTOYA, AL", "SMID, LADISLAV", "GIORDANO, MARK", "WIDEMAN, DENNIS", "BRODIE, TJ", "COLBORNE, JOE", "BACKLUND, MIKAEL", "WESTGARTH, KEVIN", "MCGRATTAN, BRIAN", "BOUMA, LANCE", "STAJAN, MATT", "STEMPNIAK, LEE", "MONAHAN, SEAN", "HUDLER, JIRI", "BYRON, PAUL", "STREET, BEN", "GALIARDI, TJ", "BUTLER, CHRIS", "O'BRIEN, SHANE", "BERRA, RETO", "RAMO, KARRI"], "G": [0, 0, 0, "1", "1", 0, 0, 0, "1", 0, 0, "1", 0, 0, 0, "1", 0, 0, 0, 0, 0, "1", 0, 0, 0, 0, 0, 0, "1", 0, 0, 0, 0, 0, 0, 0, 0, 0, 0, 0], "A": [0, 0, 0, 0, "1", 0, "2", 0, "1", "2", "2", 0, 0, 0, 0, "1", 0, "1", 0, 0, 0, 0, "1", 0, 0, 0, 0, 0, 0, 0, "1", 0, 0, "1", 0, 0, 0, 0, 0, 0], "P": [0, 0, 0, "1", "2", 0, "2", 0, "2", "2", "2", "1", 0, 0, 0, "2", 0, "1", 0, 0, 0, "1", "1", 0, 0, 0, 0, 0, "1", 0, "1", 0, 0, "1", 0, 0, 0, 0, 0, 0], "+/-": ["+1", 0, "+1", "+1", "-1", 0, "+1", 0, "+1", "+2", "+2", "-1", 0, "-2", "+1", "+2", 0, "+1", 0, 0, "-2", 0, 0, "-1", 0, "-2", "+1", "+1", 0, "-1", "-1", 0, "-2", 0, 0, "-1", "-1", 0, 0, 0], "PN": ["1", 0, 0, 0, "1", "1", 0, 0, 0, 0, 0, 0, 0, 0, "1", 0, 0, 0, 0, 0, "1", 0, "1", 0, "1", 0, 0, "2", "1", 0, 0, 0, 0, 0, 0, 0, 0, 0, 0, 0], "PIM": ["2", 0, 0, 0, "2", "5", 0, 0, 0, 0, 0, 0, 0, 0, "2", 0, 0, 0, 0, 0, "2", 0, "2", 0, "2", 0, 0, "7", "2", 0, 0, 0, 0, 0, 0, 0, 0, 0, 0, 0], "TOT": ["15:40", "20:18", "14:22", "23:25", "17:49", "06:42", "16:45", "09:13", "18:45", "14:16", "17:22", "19:55", "21:33", "14:05", "21:34", "18:22", "06:35", "17:19", "60:00", 0, "21:06", "24:53", "18:28", "21:01", "14:35", "17:40", "09:53", "06:56", "11:25", "19:45", "20:39", "14:26", "18:05", "16:35", "08:33", "12:39", "22:14", "12:41", "60:00", 0], "SHF": ["20", "27", "17", "28", "24", "11", "26", "14", "28", "20", "24", "24", "25", "19", "26", "23", "11", "24", 0, 0, "31", "32", "24", "26", "21", "25", "15", "12", "17", "25", "25", "21", "24", "26", "15", "23", "26", "20", 0, 0], "AVG TOI/SH": ["00:47", "00:45", "00:50", "00:50", "00:44", "00:36", "00:38", "00:39", "00:40", "00:42", "00:43", "00:49", "00:51", "00:44", "00:49", "00:47", "00:35", "00:43", 0, 0, "00:40", "00:46", "00:46", "00:48", "00:41", "00:42", "00:39", "00:34", "00:40", "00:47", "00:49", "00:41", "00:45", "00:38", "00:34", "00:33", "00:51", "00:38", 0, 0], "PP": ["00:00", "00:00", "00:01", "02:00", "02:53", "00:05", "03:04", "00:05", "03:18", "00:15", "03:51", "03:50", "05:42", "01:50", "03:12", "03:42", "00:00", "02:27", "07:15", 0, "00:19", "03:27", "03:22", "01:22", "01:36", "02:11", "00:00", "00:00", "00:00", "00:52", "02:54", "01:46", "03:17", "01:13", "00:19", "00:19", "01:08", "00:00", "04:49", 0], "SH": ["00:33", "02:45", "00:00", "02:26", "00:51", "00:00", "01:28", "01:40", "02:18", "00:33", "00:51", "00:33", "02:23", "00:00", "00:58", "00:33", "00:00", "01:24", "04:49", 0, "02:05", "04:25", "01:03", "02:25", "00:22", "01:47", "00:00", "00:00", "02:24", "03:24", "02:07", "00:37", "00:04", "02:27", "00:00", "01:18", "04:32", "00:00", "07:15", 0], "EV": ["15:07", "17:33", "14:21", "18:59", "14:05", "06:37", "12:13", "07:28", "13:09", "13:28", "12:40", "15:32", "13:28", "12:15", "17:24", "14:07", "06:35", "13:28", "47:56", 0, "18:42", "17:01", "14:03", "17:14", "12:37", "13:42", "09:53", "06:56", "09:01", "15:29", "15:38", "12:03", "14:44", "12:55", "08:14", "11:02", "16:34", "12:41", "47:56", 0], "S": [0, 0, 0, "1", "1", 0, 0, 0, "2", 0, 0, "5", 0, "5", "3", "1", "1", "4", 0, 0, "2", "5", "1", 0, 0, "3", "1", 0, "1", 0, "1", "4", 0, "1", "1", "1", "1", 0, 0, 0], "A/B": ["1", "1", "1", "1", "1", 0, "1", "1", 0, "2", 0, "1", "1", "1", "1", "1", 0, "1", 0, 0, 0, "3", "1", 0, 0, 0, "1", 0, "3", 0, 0, "1", 0, 0, "1", 0, "1", 0, 0, 0], "MS": [0, 0, 0, 0, 0, 0, "1", "2", "1", 0, 0, "1", 0, "1", 0, "1", 0, 0, 0, 0, "1", "1", 0, "1", "2", "1", 0, "1", 0, "1", 0, 0, "1", "2", 0, 0, "1", 0, 0, 0], "HT": ["3", "1", 0, "1", 0, "1", "2", "1", "1", 0, "1", "3", 0, "1", "2", "1", 0, 0, 0, 0, "1", "2", 0, "1", "6", 0, "2", "1", "2", "2", 0, "1", "1", "3", 0, 0, 0, "1", 0, 0], "GV": ["1", "2", 0, "1", 0, 0, 0, 0, 0, 0, "1", "1", "1", 0, 0, "1", 0, 0, "1", 0, "1", "1", "1", "1", 0, 0, "1", "1", 0, 0, "1", 0, 0, 0, 0, 0, 0, 0, 0, 0], "TK": [0, 0, 0, 0, 0, 0, "1", 0, "1", 0, 0, 0, 0, "1", 0, "1", "1", "1", 0, 0, 0, 0, 0, "1", 0, "2", 0, 0, "1", 0, 0, 0, "1", 0, 0, "1", 0, 0, 0, 0], "BS": [0, "2", "2", "3", 0, 0, "1", 0, 0, 0, 0, "1", "1", 0, "1", 0, 0, 0, 0, 0, "1", "4", "1", "1", 0, "1", 0, "1", "1", 0, 0, 0, 0, 0, 0, "1", "4", 0, 0, 0], "FW": [0, 0, 0, 0, "4", 0, 0, 0, "13", 0, "0", 0, 0, 0, 0, "6", "0", "1", 0, 0, 0, 0, 0, 0, 0, "5", 0, 0, "3", "11", "0", "6", "0", 0, "3", "1", 0, 0, 0, 0], "FL": [0, 0, 0, 0, "8", 0, 0, 0, "6", 0, "2", 0, 0, 0, 0, "11", "2", "0", 0, 0, 0, 0, 0, 0, 0, "11", 0, 0, "0", "4", "2", "5", "1", 0, "0", "1", 0, 0, 0, 0], "F%": [0, 0, 0, 0, "33", 0, 0, 0, "68", 0, "0", 0, 0, 0, 0, "35", "0", "100", 0, 0, 0, 0, 0, 0, 0, "31", 0, 0, "100", "73", "0", "55", "0", 0, "100", "50", 0, 0, 0, 0], "team": ["WINNIPEG JETS ", "WINNIPEG JETS ", "WINNIPEG JETS ", "WINNIPEG JETS ", "WINNIPEG JETS ", "WINNIPEG JETS ", "WINNIPEG JETS ", "WINNIPEG JETS ", "WINNIPEG JETS ", "WINNIPEG JETS ", "WINNIPEG JETS ", "WINNIPEG JETS ", "WINNIPEG JETS ", "WINNIPEG JETS ", "WINNIPEG JETS ", "WINNIPEG JETS ", "WINNIPEG JETS ", "WINNIPEG JETS ", "WINNIPEG JETS ", "WINNIPEG JETS ", "CALGARY FLAMES ", "CALGARY FLAMES ", "CALGARY FLAMES ", "CALGARY FLAMES ", "CALGARY FLAMES ", "CALGARY FLAMES ", "CALGARY FLAMES ", "CALGARY FLAMES ", "CALGARY FLAMES ", "CALGARY FLAMES ", "CALGARY FLAMES ", "CALGARY FLAMES ", "CALGARY FLAMES ", "CALGARY FLAMES ", "CALGARY FLAMES ", "CALGARY FLAMES ", "CALGARY FLAMES ", "CALGARY FLAMES ", "CALGARY FLAMES ", "CALGARY FLAMES "], "GA": [0, 0, 0, 0, 0, 0, 0, 0, 0, 0, 0, 0, 0, 0, 0, 0, 0, 0, "2", 0, 0, 0, 0, 0, 0, 0, 0, 0, 0, 0, 0, 0, 0, 0, 0, 0, 0, 0, "5", 0], "SA": [0, 0, 0, 0, 0, 0, 0, 0, 0, 0, 0, 0, 0, 0, 0, 0, 0, 0, "22", 0, 0, 0, 0, 0, 0, 0, 0, 0, 0, 0, 0, 0, 0, 0, 0, 0, 0, 0, "23", 0]}}