{"game_info": {"date": "2013-10-19", "visitor": "COLUMBUS BLUE JACKETS ", "home": "WASHINGTON CAPITALS ", "game_id": 118, "status": "final"}, "player_stats": {"number": ["5", "6", "7", "10", "13", "14", "17", "18", "19", "21", "24", "27", "38", "40", "42", "51", "55", "58", "31", "72", "8", "10", "16", "19", "20", "21", "24", "25", "27", "34", "42", "43", "52", "61", "74", "84", "88", "90", "30", "70"], "position": ["R", "D", "D", "R", "R", "L", "C", "C", "C", "D", "C", "D", "C", "R", "C", "D", "C", "D", "G", "G", "L", "R", "R", "C", "R", "C", "L", "L", "D", "D", "R", "R", "D", "D", "D", "C", "D", "C", "G", "G"], "name": ["SKILLE, JACK", "NIKITIN, NIKITA", "JOHNSON, JACK", "GABORIK, MARIAN", "ATKINSON, CAM", "COMEAU, BLAKE", "DUBINSKY, BRANDON", "UMBERGER, RJ", "JOHANSEN, RYAN", "WISNIEWSKI, JAMES", "MACKENZIE, DEREK", "MURRAY, RYAN", "JENNER, BOONE", "BOLL, JARED", "ANISIMOV, ARTEM", "TYUTIN, FEDOR", "LETESTU, MARK", "SAVARD, DAVID", "MCELHINNEY, CURTIS", "BOBROVSKY, SERGEI", "OVECHKIN, ALEX", "ERAT, MARTIN", "FEHR, ERIC", "BACKSTROM, NICKLAS", "BROUWER, TROY", "LAICH, BROOKS", "VOLPATTI, AARON", "CHIMERA, JASON", "ALZNER, KARL", "URBOM, ALEXANDER", "WARD, JOEL", "WILSON, TOM", "GREEN, MIKE", "OLEKSY, STEVE", "CARLSON, JOHN", "GRABOVSKI, MIKHAIL", "SCHMIDT, NATE", "JOHANSSON, MARCUS", "NEUVIRTH, MICHAL", "HOLTBY, BRADEN"], "G": [0, 0, 0, 0, 0, 0, 0, 0, 0, 0, 0, 0, 0, 0, "1", 0, 0, 0, 0, 0, "1", 0, 0, 0, "1", "1", 0, 0, 0, 0, "1", 0, 0, 0, 0, 0, 0, 0, 0, 0], "A": [0, 0, 0, "1", 0, 0, 0, 0, 0, 0, 0, 0, 0, 0, 0, 0, 0, 0, 0, 0, 0, "3", 0, "1", 0, 0, 0, 0, 0, 0, 0, 0, "1", "1", 0, 0, 0, "1", 0, 0], "P": [0, 0, 0, "1", 0, 0, 0, 0, 0, 0, 0, 0, 0, 0, "1", 0, 0, 0, 0, 0, "1", "3", 0, "1", "1", "1", 0, 0, 0, 0, "1", 0, "1", "1", 0, 0, 0, "1", 0, 0], "+/-": [0, 0, "-2", "+1", 0, "-1", 0, "-1", "-1", 0, "-1", 0, 0, "-1", "+1", "-1", 0, "+1", 0, 0, 0, "+2", 0, 0, "+2", "+2", 0, "-1", "-1", 0, "-1", 0, "+1", "+1", "-1", "-1", "+2", 0, 0, 0], "PN": [0, 0, 0, 0, 0, 0, "4", 0, 0, 0, 0, "1", 0, 0, 0, 0, 0, 0, 0, 0, 0, 0, 0, 0, "1", 0, 0, 0, 0, 0, 0, 0, 0, "1", "1", 0, "1", 0, 0, 0], "PIM": [0, 0, 0, 0, 0, 0, "11", 0, 0, 0, 0, "2", 0, 0, 0, 0, 0, 0, 0, 0, 0, 0, 0, 0, "2", 0, 0, 0, 0, 0, 0, 0, 0, "5", "2", 0, "2", 0, 0, 0], "TOT": ["07:33", "18:40", "21:32", "16:24", "16:19", "14:07", "17:12", "15:01", "15:59", "22:18", "11:14", "18:10", "16:24", "08:01", "18:42", "18:26", "20:00", "18:51", 0, "60:00", "20:14", "17:49", "09:43", "17:25", "17:25", "18:29", "08:25", "13:48", "20:19", "14:44", "15:16", "08:44", "25:02", "16:19", "18:51", "12:40", "21:00", "18:03", 0, "59:44"], "SHF": ["10", "22", "22", "16", "17", "20", "16", "21", "21", "21", "16", "21", "15", "12", "18", "22", "18", "21", 0, 0, "17", "22", "14", "17", "20", "22", "10", "18", "23", "16", "18", "11", "23", "19", "22", "15", "22", "17", 0, 0], "AVG TOI/SH": ["00:45", "00:50", "00:58", "01:01", "00:57", "00:42", "01:04", "00:42", "00:45", "01:03", "00:42", "00:51", "01:05", "00:40", "01:02", "00:50", "01:06", "00:53", 0, 0, "01:11", "00:48", "00:41", "01:01", "00:52", "00:50", "00:50", "00:46", "00:53", "00:55", "00:50", "00:47", "01:05", "00:51", "00:51", "00:50", "00:57", "01:03", 0, 0], "PP": ["00:00", "00:27", "01:57", "03:03", "03:25", "00:00", "02:02", "01:35", "01:35", "02:30", "00:00", "00:29", "00:00", "00:00", "03:30", "02:17", "02:08", "00:27", 0, "05:05", "04:04", "00:54", "00:00", "03:05", "01:38", "00:54", "00:00", "00:13", "00:08", "00:00", "02:27", "00:00", "02:50", "00:00", "01:22", "00:13", "00:07", "03:05", 0, "04:12"], "SH": ["00:00", "01:34", "02:23", "00:01", "00:21", "00:16", "00:19", "00:19", "00:44", "00:19", "02:35", "00:15", "00:00", "00:00", "02:20", "02:05", "01:29", "01:48", 0, "04:12", "00:00", "01:49", "01:08", "00:00", "01:13", "01:51", "00:00", "01:25", "03:11", "01:54", "02:44", "00:00", "00:57", "02:00", "02:08", "00:00", "00:00", "00:00", 0, "05:05"], "EV": ["07:33", "16:39", "17:12", "13:20", "12:33", "13:51", "14:51", "13:07", "13:40", "19:29", "08:39", "17:26", "16:24", "08:01", "12:52", "14:04", "16:23", "16:36", 0, "50:43", "16:10", "15:06", "08:35", "14:20", "14:34", "15:44", "08:25", "12:10", "17:00", "12:50", "10:05", "08:44", "21:15", "14:19", "15:21", "12:27", "20:53", "14:58", 0, "50:27"], "S": ["1", "1", "1", "2", "6", "5", "1", "5", "4", "7", 0, 0, 0, 0, "2", 0, 0, "3", 0, 0, "4", 0, 0, "1", "6", "1", 0, "3", "2", "1", "1", "1", "4", "2", "4", "2", "3", "4", 0, 0], "A/B": [0, "2", 0, "1", 0, 0, 0, "1", "1", "3", 0, "1", 0, "1", 0, 0, "1", "1", 0, 0, "3", 0, 0, 0, "1", "1", "1", "1", "1", 0, "1", 0, 0, "1", "4", "1", 0, 0, 0, 0], "MS": ["2", "1", "3", "1", "1", "1", "2", "1", "1", 0, 0, 0, 0, 0, "2", 0, 0, 0, 0, 0, "3", 0, 0, "1", "4", "1", 0, 0, 0, "1", 0, 0, 0, 0, "1", 0, "1", "1", 0, 0], "HT": ["1", "1", "2", 0, "2", "2", "3", 0, "1", 0, "3", 0, "4", "1", 0, "3", "1", "3", 0, 0, "4", 0, "1", 0, "5", 0, "3", "3", "2", "1", 0, "4", 0, "2", 0, "1", 0, "2", 0, 0], "GV": [0, 0, "3", 0, 0, 0, "1", 0, "1", "1", "2", "1", 0, 0, "1", "1", 0, 0, 0, 0, 0, 0, 0, "1", 0, 0, 0, "1", "1", "2", 0, 0, "1", 0, 0, 0, "2", 0, 0, "1"], "TK": ["1", 0, 0, 0, 0, 0, 0, "1", "1", "1", 0, 0, "1", 0, 0, 0, "1", 0, 0, 0, 0, "2", "1", "3", "1", 0, 0, 0, "1", 0, 0, 0, 0, "1", "1", 0, 0, "1", 0, 0], "BS": [0, "2", "1", 0, 0, "1", 0, "1", 0, "2", "1", "2", 0, "1", 0, 0, "1", "3", 0, 0, 0, 0, "1", 0, 0, "1", "2", 0, 0, "2", 0, 0, 0, "2", "2", "1", "1", 0, 0, 0], "FW": [0, 0, 0, 0, 0, 0, "8", 0, "9", 0, "8", 0, 0, 0, "7", 0, "1", 0, 0, 0, 0, 0, "2", "3", "0", "13", "0", "1", 0, 0, "2", 0, 0, 0, 0, "5", 0, 0, 0, 0], "FL": [0, 0, 0, 0, 0, 0, "5", 0, "7", 0, "3", 0, 0, 0, "9", 0, "2", 0, 0, 0, 0, 0, "3", "9", "1", "12", "1", "0", 0, 0, "2", 0, 0, 0, 0, "5", 0, 0, 0, 0], "F%": [0, 0, 0, 0, 0, 0, "62", 0, "56", 0, "73", 0, 0, 0, "44", 0, "33", 0, 0, 0, 0, 0, "40", "25", "0", "52", "0", "100", 0, 0, "50", 0, 0, 0, 0, "50", 0, 0, 0, 0], "team": ["COLUMBUS BLUE JACKETS ", "COLUMBUS BLUE JACKETS ", "COLUMBUS BLUE JACKETS ", "COLUMBUS BLUE JACKETS ", "COLUMBUS BLUE JACKETS ", "COLUMBUS BLUE JACKETS ", "COLUMBUS BLUE JACKETS ", "COLUMBUS BLUE JACKETS ", "COLUMBUS BLUE JACKETS ", "COLUMBUS BLUE JACKETS ", "COLUMBUS BLUE JACKETS ", "COLUMBUS BLUE JACKETS ", "COLUMBUS BLUE JACKETS ", "COLUMBUS BLUE JACKETS ", "COLUMBUS BLUE JACKETS ", "COLUMBUS BLUE JACKETS ", "COLUMBUS BLUE JACKETS ", "COLUMBUS BLUE JACKETS ", "COLUMBUS BLUE JACKETS ", "COLUMBUS BLUE JACKETS ", "WASHINGTON CAPITALS ", "WASHINGTON CAPITALS ", "WASHINGTON CAPITALS ", "WASHINGTON CAPITALS ", "WASHINGTON CAPITALS ", "WASHINGTON CAPITALS ", "WASHINGTON CAPITALS ", "WASHINGTON CAPITALS ", "WASHINGTON CAPITALS ", "WASHINGTON CAPITALS ", "WASHINGTON CAPITALS ", "WASHINGTON CAPITALS ", "WASHINGTON CAPITALS ", "WASHINGTON CAPITALS ", "WASHINGTON CAPITALS ", "WASHINGTON CAPITALS ", "WASHINGTON CAPITALS ", "WASHINGTON CAPITALS ", "WASHINGTON CAPITALS ", "WASHINGTON CAPITALS "], "GA": [0, 0, 0, 0, 0, 0, 0, 0, 0, 0, 0, 0, 0, 0, 0, 0, 0, 0, 0.0, "4", 0, 0, 0, 0, 0, 0, 0, 0, 0, 0, 0, 0, 0, 0, 0, 0, 0, 0, 0, "1"], "SA": [0, 0, 0, 0, 0, 0, 0, 0, 0, 0, 0, 0, 0, 0, 0, 0, 0, 0, 0.0, "39", 0, 0, 0, 0, 0, 0, 0, 0, 0, 0, 0, 0, 0, 0, 0, 0, 0, 0, 0, "38"]}}