{"game_info": {"date": "2014-01-18", "visitor": "NEW YORK ISLANDERS ", "home": "PHILADELPHIA FLYERS ", "game_id": 729, "status": "final"}, "player_stats": {"number": ["7", "12", "13", "14", "15", "17", "21", "26", "29", "36", "37", "40", "44", "46", "47", "51", "53", "91", "45", "60", "5", "8", "9", "10", "12", "14", "17", "18", "19", "22", "24", "28", "32", "37", "40", "41", "44", "93", "29", "35"], "position": ["D", "C", "R", "D", "R", "L", "R", "L", "C", "L", "D", "R", "D", "D", "D", "C", "C", "C", "G", "G", "D", "D", "R", "C", "L", "C", "R", "R", "L", "D", "R", "R", "D", "L", "C", "D", "D", "R", "G", "G"], "name": ["CARKNER, MATT", "BAILEY, JOSH", "MCDONALD, COLIN", "HICKEY, THOMAS", "CLUTTERBUCK, CAL", "MARTIN, MATT", "OKPOSO, KYLE", "VANEK, THOMAS", "NELSON, BROCK", "BOULTON, ERIC", "STRAIT, BRIAN", "GRABNER, MICHAEL", "DE HAAN, CALVIN", "DONOVAN, MATT", "MACDONALD, ANDREW", "NIELSEN, FRANS", "CIZIKAS, CASEY", "TAVARES, JOHN", "NILSSON, ANDERS", "POULIN, KEVIN", "COBURN, BRAYDON", "GROSSMANN, NICKLAS", "DOWNIE, STEVE", "SCHENN, BRAYDEN", "RAFFL, MICHAEL", "COUTURIER, SEAN", "SIMMONDS, WAYNE", "HALL, ADAM", "HARTNELL, SCOTT", "SCHENN, LUKE", "READ, MATT", "GIROUX, CLAUDE", "STREIT, MARK", "ROSEHILL, JAY", "LECAVALIER, VINCENT", "MESZAROS, ANDREJ", "TIMONEN, KIMMO", "VORACEK, JAKUB", "EMERY, RAY", "MASON, STEVE"], "G": [0, 0, 0, 0, "1", 0, 0, 0, "1", 0, "1", 0, 0, 0, 0, 0, 0, "1", 0, 0, 0, 0, 0, 0, "1", 0, 0, "1", 0, 0, "1", 0, 0, 0, 0, "2", 0, "1", 0, 0], "A": [0, "1", 0, 0, 0, 0, "1", "1", "1", 0, "1", "1", "1", 0, 0, "1", 0, 0, 0, 0, 0, 0, 0, 0, 0, "1", "1", 0, "1", 0, 0, "2", "2", 0, 0, 0, "1", "1", 0, 0], "P": [0, "1", 0, 0, "1", 0, "1", "1", "2", 0, "2", "1", "1", 0, 0, "1", 0, "1", 0, 0, 0, 0, 0, 0, "1", "1", "1", "1", "1", 0, "1", "2", "2", 0, 0, "2", "1", "2", 0, 0], "+/-": [0, "-1", 0, "-1", 0, "-1", "-2", "-2", "+1", 0, "+1", 0, "-2", "-3", "+1", 0, 0, "-3", 0, 0, 0, 0, "+1", "+1", "+1", 0, "+1", "-1", 0, 0, 0, "+1", "+2", "+1", 0, "+1", "+1", "+1", 0, 0], "PN": [0, 0, 0, 0, 0, "1", 0, 0, 0, "2", 0, 0, 0, "1", 0, 0, 0, 0, 0, 0, "1", 0, "1", 0, 0, 0, 0, 0, 0, 0, 0, 0, 0, "2", 0, "1", 0, 0, 0, 0], "PIM": [0, 0, 0, 0, 0, "2", 0, 0, 0, "7", 0, 0, 0, "2", 0, 0, 0, 0, 0, 0, "2", 0, "2", 0, 0, 0, 0, 0, 0, 0, 0, 0, 0, "7", 0, "2", 0, 0, 0, 0], "TOT": ["10:21", "16:50", "12:02", "14:52", "16:45", "08:02", "23:07", "21:33", "11:26", "05:23", "22:36", "13:47", "20:57", "19:18", "28:41", "16:37", "12:00", "22:36", 0, "59:07", "21:12", "18:21", "08:20", "14:18", "15:40", "17:55", "17:11", "10:30", "16:23", "18:27", "18:16", "19:57", "19:20", "05:12", "16:09", "18:53", "20:17", "17:39", "26:00", "34:00"], "SHF": ["17", "24", "19", "22", "26", "15", "25", "25", "18", "12", "29", "21", "27", "25", "33", "27", "19", "24", 0, 0, "27", "28", "12", "20", "22", "22", "24", "18", "22", "27", "21", "28", "28", "8", "24", "28", "29", "28", 0, 0], "AVG TOI/SH": ["00:36", "00:42", "00:38", "00:40", "00:38", "00:32", "00:55", "00:51", "00:38", "00:26", "00:46", "00:39", "00:46", "00:46", "00:52", "00:36", "00:37", "00:56", 0, 0, "00:47", "00:39", "00:41", "00:42", "00:42", "00:48", "00:42", "00:35", "00:44", "00:41", "00:52", "00:42", "00:41", "00:39", "00:40", "00:40", "00:41", "00:37", 0, 0], "PP": ["00:00", "02:43", "00:00", "00:00", "02:43", "00:00", "03:17", "04:01", "01:59", "00:00", "00:00", "00:00", "02:11", "02:37", "03:49", "03:23", "00:00", "03:17", 0, "06:00", "00:12", "00:16", "01:00", "01:00", "00:12", "00:16", "02:44", "00:12", "02:44", "00:00", "01:04", "02:44", "01:04", "00:00", "01:04", "00:00", "02:44", "02:44", "00:00", "04:00"], "SH": ["00:00", "00:00", "00:00", "01:07", "01:41", "00:00", "00:12", "00:00", "00:00", "00:00", "02:53", "02:07", "01:07", "00:00", "02:53", "01:41", "02:07", "00:12", 0, "04:00", "02:31", "02:24", "00:00", "00:00", "02:15", "03:45", "00:00", "02:29", "00:10", "02:34", "03:05", "00:16", "00:00", "00:00", "00:00", "00:56", "03:35", "00:00", "02:00", "04:00"], "EV": ["10:21", "14:07", "12:02", "13:45", "12:21", "08:02", "19:38", "17:32", "09:27", "05:23", "19:43", "11:40", "17:39", "16:41", "21:59", "11:33", "09:53", "19:07", 0, "49:07", "18:29", "15:41", "07:20", "13:18", "13:13", "13:54", "14:27", "07:49", "13:29", "15:53", "14:07", "16:57", "18:16", "05:12", "15:05", "17:57", "13:58", "14:55", "24:00", "26:00"], "S": ["1", "2", 0, "1", "5", "3", "2", "1", "1", 0, "1", "1", 0, "3", "2", 0, "2", "4", 0, 0, "2", "1", "1", "2", "4", 0, "1", "1", "1", "1", "3", "2", 0, 0, "2", "4", "1", "6", 0, 0], "A/B": ["1", "1", "2", "1", "2", 0, "1", "2", 0, 0, 0, "2", "1", "1", "1", 0, 0, 0, 0, 0, "1", 0, 0, "1", "1", "2", 0, 0, "1", "1", "2", "1", "2", 0, "2", "2", 0, "3", 0, 0], "MS": [0, 0, 0, 0, 0, 0, "1", 0, 0, 0, 0, "2", 0, 0, "2", "2", 0, "1", 0, 0, 0, "1", 0, 0, 0, 0, "2", 0, 0, 0, "3", "1", 0, 0, 0, "2", "1", 0, 0, 0], "HT": ["1", "1", "7", "1", "3", "4", "2", 0, "2", "3", "3", "1", "3", "1", 0, "2", "1", "1", 0, 0, 0, "6", "1", "3", "3", "1", 0, "3", "2", "3", "2", "3", "1", "1", 0, "2", "3", 0, 0, 0], "GV": [0, "2", 0, "1", 0, 0, 0, 0, 0, 0, 0, 0, 0, 0, 0, 0, 0, "1", 0, "1", 0, "1", "1", 0, 0, 0, "2", 0, 0, "1", "1", "1", 0, 0, 0, 0, 0, 0, 0, "1"], "TK": [0, 0, 0, 0, 0, 0, "1", 0, 0, 0, 0, "1", 0, 0, 0, 0, 0, 0, 0, 0, "1", 0, 0, 0, 0, 0, 0, 0, 0, 0, 0, 0, "1", 0, 0, 0, "1", "1", 0, 0], "BS": ["1", 0, 0, 0, 0, "1", 0, "1", 0, 0, "2", "1", "6", "2", "4", 0, 0, "1", 0, 0, "1", "3", 0, "1", "1", "1", 0, 0, 0, "1", 0, "1", "4", 0, 0, "1", "1", 0, 0, 0], "FW": [0, "0", 0, 0, 0, 0, "1", 0, "5", 0, 0, 0, 0, 0, 0, "6", "2", "5", 0, 0, 0, 0, 0, "7", 0, "9", 0, "11", "0", 0, 0, "12", 0, 0, "0", 0, 0, 0, 0, 0], "FL": [0, "1", 0, 0, 0, 0, "0", 0, "4", 0, 0, 0, 0, 0, 0, "10", "11", "13", 0, 0, 0, 0, 0, "5", 0, "5", 0, "2", "1", 0, 0, "5", 0, 0, "1", 0, 0, 0, 0, 0], "F%": [0, "0", 0, 0, 0, 0, "100", 0, "56", 0, 0, 0, 0, 0, 0, "38", "15", "28", 0, 0, 0, 0, 0, "58", 0, "64", 0, "85", "0", 0, 0, "71", 0, 0, "0", 0, 0, 0, 0, 0], "team": ["NEW YORK ISLANDERS ", "NEW YORK ISLANDERS ", "NEW YORK ISLANDERS ", "NEW YORK ISLANDERS ", "NEW YORK ISLANDERS ", "NEW YORK ISLANDERS ", "NEW YORK ISLANDERS ", "NEW YORK ISLANDERS ", "NEW YORK ISLANDERS ", "NEW YORK ISLANDERS ", "NEW YORK ISLANDERS ", "NEW YORK ISLANDERS ", "NEW YORK ISLANDERS ", "NEW YORK ISLANDERS ", "NEW YORK ISLANDERS ", "NEW YORK ISLANDERS ", "NEW YORK ISLANDERS ", "NEW YORK ISLANDERS ", "NEW YORK ISLANDERS ", "NEW YORK ISLANDERS ", "PHILADELPHIA FLYERS ", "PHILADELPHIA FLYERS ", "PHILADELPHIA FLYERS ", "PHILADELPHIA FLYERS ", "PHILADELPHIA FLYERS ", "PHILADELPHIA FLYERS ", "PHILADELPHIA FLYERS ", "PHILADELPHIA FLYERS ", "PHILADELPHIA FLYERS ", "PHILADELPHIA FLYERS ", "PHILADELPHIA FLYERS ", "PHILADELPHIA FLYERS ", "PHILADELPHIA FLYERS ", "PHILADELPHIA FLYERS ", "PHILADELPHIA FLYERS ", "PHILADELPHIA FLYERS ", "PHILADELPHIA FLYERS ", "PHILADELPHIA FLYERS ", "PHILADELPHIA FLYERS ", "PHILADELPHIA FLYERS "], "GA": [0, 0, 0, 0, 0, 0, 0, 0, 0, 0, 0, 0, 0, 0, 0, 0, 0, 0, 0.0, "5", 0, 0, 0, 0, 0, 0, 0, 0, 0, 0, 0, 0, 0, 0, 0, 0, 0, 0, "0", "4"], "SA": [0, 0, 0, 0, 0, 0, 0, 0, 0, 0, 0, 0, 0, 0, 0, 0, 0, 0, 0.0, "31", 0, 0, 0, 0, 0, 0, 0, 0, 0, 0, 0, 0, 0, 0, 0, 0, 0, 0, "5", "24"]}}