{"game_info": {"date": "2013-12-20", "visitor": "ANAHEIM DUCKS ", "home": "NEW JERSEY DEVILS ", "game_id": 534, "status": "final"}, "player_stats": {"number": ["4", "6", "7", "8", "10", "11", "13", "15", "17", "18", "21", "22", "23", "28", "33", "34", "47", "55", "1", "31", "2", "6", "7", "8", "11", "12", "14", "15", "17", "18", "19", "21", "22", "23", "26", "28", "34", "68", "30", "35", 0], "position": ["D", "D", "C", "R", "R", "C", "C", "C", "R", "R", "C", "C", "D", "D", "R", "C", "D", "D", "G", "G", "D", "D", "D", "C", "R", "C", "C", "C", "R", "R", "C", "C", "D", "C", "L", "D", "D", "R", "G", "G", 0], "name": ["FOWLER, CAM", "LOVEJOY, BEN", "COGLIANO, ANDREW", "SELANNE, TEEMU", "PERRY, COREY", "KOIVU, SAKU", "BONINO, NICK", "GETZLAF, RYAN", "PENNER, DUSTIN", "JACKMAN, TIM", "PALMIERI, KYLE", "PERREAULT, MATHIEU", "BEAUCHEMIN, FRANCOIS", "FISTRIC, MARK", "SILFVERBERG, JAKOB", "WINNIK, DANIEL", "LINDHOLM, HAMPUS", "ALLEN, BRYAN", "HILLER, JONAS", "ANDERSEN, FREDERIK", "ZIDLICKY, MAREK", "GREENE, ANDY", "FAYNE, MARK", "ZUBRUS, DAINIUS", "GIONTA, STEPHEN", "BRUNNER, DAMIEN", "HENRIQUE, ADAM", "BOUCHER, REID", "RYDER, MICHAEL", "BERNIER, STEVE", "ZAJAC, TRAVIS", "LOKTIONOV, ANDREI", "GELINAS, ERIC", "SESTITO, TIM", "ELIAS, PATRIK", "VOLCHENKOV, ANTON", "MERRILL, JON", "JAGR, JAROMIR", "BRODEUR, MARTIN", "SCHNEIDER, CORY", "TEAM PENALTY"], "G": ["1", 0, 0, 0, 0, 0, 0, 0, 0, 0, "1", "1", 0, 0, 0, 0, 0, 0, 0, 0, 0, "1", 0, 0, 0, 0, 0, 0, "1", 0, 0, 0, 0, 0, 0, 0, 0, 0, 0, 0, 0], "A": ["1", "1", 0, "2", 0, 0, 0, 0, 0, 0, "1", "1", 0, 0, 0, 0, 0, 0, 0, 0, 0, 0, 0, 0, 0, 0, "1", 0, 0, 0, "1", 0, 0, 0, 0, 0, 0, "1", 0, 0, 0], "P": ["2", "1", 0, "2", 0, 0, 0, 0, 0, 0, "2", "2", 0, 0, 0, 0, 0, 0, 0, 0, 0, "1", 0, 0, 0, 0, "1", 0, "1", 0, "1", 0, 0, 0, 0, 0, 0, "1", 0, 0, 0], "+/-": [0, "+1", 0, "+2", 0, 0, "-1", 0, 0, "-1", "+3", "+3", "+1", "+1", 0, "-1", "+1", 0, 0, 0, "-1", "-1", 0, "-2", "-2", 0, 0, 0, 0, 0, 0, 0, "-3", 0, 0, "+1", 0, "-1", 0, 0, 0], "PN": [0, 0, 0, 0, 0, "1", 0, 0, 0, 0, 0, 0, 0, "1", 0, 0, "1", 0, 0, 0, 0, 0, "1", 0, "1", 0, 0, 0, 0, 0, 0, 0, 0, 0, 0, 0, 0, 0, 0, "1", "1"], "PIM": [0, 0, 0, 0, 0, "2", 0, 0, 0, 0, 0, 0, 0, "2", 0, 0, "2", 0, 0, 0, 0, 0, "2", 0, "2", 0, 0, 0, 0, 0, 0, 0, 0, 0, 0, 0, 0, 0, 0, "2", "2"], "TOT": ["25:32", "21:16", "14:36", "16:02", "20:13", "14:41", "13:48", "22:34", "11:44", "06:43", "15:42", "16:00", "23:01", "15:23", "15:36", "16:38", "19:05", "17:09", "62:37", 0, "21:39", "28:26", "21:12", "20:35", "12:40", "04:17", "20:34", "09:30", "15:17", "10:50", "21:47", "08:23", "16:41", "09:45", "23:18", "20:17", "17:05", "20:37", 0, "62:12", 0], "SHF": ["32", "30", "22", "18", "23", "22", "17", "27", "16", "10", "19", "20", "30", "24", "21", "20", "27", "27", 0, 0, "26", "29", "26", "29", "21", "6", "27", "13", "19", "19", "32", "12", "24", "15", "28", "27", "28", "25", 0, 0, 0], "AVG TOI/SH": ["00:47", "00:42", "00:39", "00:53", "00:52", "00:40", "00:48", "00:50", "00:44", "00:40", "00:49", "00:48", "00:46", "00:38", "00:44", "00:49", "00:42", "00:38", 0, 0, "00:49", "00:58", "00:48", "00:42", "00:36", "00:42", "00:45", "00:43", "00:48", "00:34", "00:40", "00:41", "00:41", "00:39", "00:49", "00:45", "00:36", "00:49", 0, 0, 0], "PP": ["03:43", "00:14", "00:10", "04:33", "03:51", "01:17", "03:23", "04:03", "03:33", "00:00", "03:59", "03:01", "04:03", "00:00", "00:10", "00:00", "03:56", "00:04", "08:00", 0, "02:55", "02:21", "00:00", "00:00", "00:00", "00:49", "01:54", "01:05", "01:54", "00:00", "02:51", "00:00", "00:49", "00:00", "02:51", "01:05", "02:20", "02:51", 0, "04:45", 0], "SH": ["02:43", "01:30", "01:49", "00:00", "00:00", "00:53", "01:27", "01:53", "00:00", "00:00", "00:00", "00:00", "03:15", "00:00", "01:03", "02:25", "00:00", "02:02", "04:45", 0, "00:15", "05:33", "02:53", "03:56", "00:32", "00:00", "03:50", "00:00", "00:00", "00:00", "03:34", "00:00", "00:00", "00:28", "03:40", "05:37", "01:42", "00:00", 0, "08:00", 0], "EV": ["19:06", "19:32", "12:37", "11:29", "16:22", "12:31", "08:58", "16:38", "08:11", "06:43", "11:43", "12:59", "15:43", "15:23", "14:23", "14:13", "15:09", "15:03", "49:52", 0, "18:29", "20:32", "18:19", "16:39", "12:08", "03:28", "14:50", "08:25", "13:23", "10:50", "15:22", "08:23", "15:52", "09:17", "16:47", "13:35", "13:03", "17:46", 0, "49:27", 0], "S": ["4", 0, "1", 0, "3", 0, "2", "2", "1", 0, "3", "3", 0, 0, "2", "2", "1", 0, 0, 0, 0, "4", "1", "2", "1", 0, "2", 0, "2", "1", "3", 0, 0, "1", "1", 0, "1", "2", 0, 0, 0], "A/B": [0, 0, 0, 0, 0, 0, 0, "1", 0, 0, 0, 0, 0, "1", 0, "2", "2", "1", 0, 0, "2", 0, "1", 0, 0, 0, "1", 0, 0, 0, 0, 0, "1", 0, "1", 0, "1", 0, 0, 0, 0], "MS": ["1", 0, "1", 0, 0, 0, 0, 0, 0, 0, "1", 0, 0, 0, 0, 0, "1", 0, 0, 0, "1", "1", 0, "1", "1", "1", 0, 0, 0, 0, 0, 0, "1", 0, 0, "1", 0, "1", 0, 0, 0], "HT": ["1", "1", "2", 0, "2", 0, 0, "2", 0, "1", "1", "3", 0, "5", "1", 0, 0, 0, 0, 0, "1", "2", "1", 0, "2", 0, "1", 0, 0, 0, 0, "2", "3", "1", "1", "2", "1", 0, 0, 0, 0], "GV": ["1", 0, "1", "1", 0, 0, 0, 0, 0, 0, 0, 0, 0, "1", 0, "1", 0, 0, 0, 0, 0, "1", 0, "1", 0, 0, "1", 0, 0, "1", 0, 0, 0, 0, 0, 0, 0, "3", 0, 0, 0], "TK": [0, 0, 0, "1", 0, 0, 0, "2", "1", 0, 0, 0, 0, 0, 0, "1", 0, 0, 0, 0, 0, "3", "2", 0, "2", 0, "2", 0, "1", 0, 0, 0, 0, 0, 0, "1", 0, "1", 0, 0, 0], "BS": ["1", "2", 0, 0, 0, 0, "1", "1", 0, 0, 0, 0, "1", 0, 0, 0, 0, "1", 0, 0, "1", 0, 0, "1", 0, 0, 0, "1", 0, 0, 0, 0, 0, 0, 0, "3", "1", 0, 0, 0, 0], "FW": [0, 0, "0", "3", 0, "8", "6", "13", 0, 0, 0, "8", 0, 0, 0, 0, 0, 0, 0, 0, 0, 0, 0, "2", "3", 0, "3", 0, 0, 0, "9", "2", 0, "1", "5", 0, 0, 0, 0, 0, 0], "FL": [0, 0, "1", "0", 0, "5", "9", "9", 0, 0, 0, "1", 0, 0, 0, 0, 0, 0, 0, 0, 0, 0, 0, "2", "6", 0, "1", 0, 0, 0, "14", "4", 0, "0", "11", 0, 0, 0, 0, 0, 0], "F%": [0, 0, "0", "100", 0, "62", "40", "59", 0, 0, 0, "89", 0, 0, 0, 0, 0, 0, 0, 0, 0, 0, 0, "50", "33", 0, "75", 0, 0, 0, "39", "33", 0, "100", "31", 0, 0, 0, 0, 0, 0], "team": ["ANAHEIM DUCKS ", "ANAHEIM DUCKS ", "ANAHEIM DUCKS ", "ANAHEIM DUCKS ", "ANAHEIM DUCKS ", "ANAHEIM DUCKS ", "ANAHEIM DUCKS ", "ANAHEIM DUCKS ", "ANAHEIM DUCKS ", "ANAHEIM DUCKS ", "ANAHEIM DUCKS ", "ANAHEIM DUCKS ", "ANAHEIM DUCKS ", "ANAHEIM DUCKS ", "ANAHEIM DUCKS ", "ANAHEIM DUCKS ", "ANAHEIM DUCKS ", "ANAHEIM DUCKS ", "ANAHEIM DUCKS ", "ANAHEIM DUCKS ", "NEW JERSEY DEVILS ", "NEW JERSEY DEVILS ", "NEW JERSEY DEVILS ", "NEW JERSEY DEVILS ", "NEW JERSEY DEVILS ", "NEW JERSEY DEVILS ", "NEW JERSEY DEVILS ", "NEW JERSEY DEVILS ", "NEW JERSEY DEVILS ", "NEW JERSEY DEVILS ", "NEW JERSEY DEVILS ", "NEW JERSEY DEVILS ", "NEW JERSEY DEVILS ", "NEW JERSEY DEVILS ", "NEW JERSEY DEVILS ", "NEW JERSEY DEVILS ", "NEW JERSEY DEVILS ", "NEW JERSEY DEVILS ", "NEW JERSEY DEVILS ", "NEW JERSEY DEVILS ", "NEW JERSEY DEVILS "], "GA": [0, 0, 0, 0, 0, 0, 0, 0, 0, 0, 0, 0, 0, 0, 0, 0, 0, 0, "2", 0, 0, 0, 0, 0, 0, 0, 0, 0, 0, 0, 0, 0, 0, 0, 0, 0, 0, 0, 0, "3", 0], "SA": [0, 0, 0, 0, 0, 0, 0, 0, 0, 0, 0, 0, 0, 0, 0, 0, 0, 0, "21", 0, 0, 0, 0, 0, 0, 0, 0, 0, 0, 0, 0, 0, 0, 0, 0, 0, 0, 0, 0, "24", 0]}}