{"game_info": {"date": "2013-12-30", "visitor": "DETROIT RED WINGS ", "home": "NASHVILLE PREDATORS ", "game_id": 597, "status": "final"}, "player_stats": {"number": ["2", "4", "8", "13", "14", "17", "18", "20", "21", "23", "26", "27", "40", "43", "44", "55", "65", "71", "34", "35", "3", "4", "6", "7", "8", "11", "12", "13", "15", "24", "25", "26", "27", "28", "33", "42", "57", "59", "30", "39"], "position": ["D", "D", "L", "C", "C", "R", "C", "L", "C", "D", "R", "D", "L", "C", "R", "D", "D", "R", "G", "G", "D", "D", "D", "C", "D", "C", "C", "C", "C", "L", "L", "C", "R", "C", "C", "D", "L", "D", "G", "G"], "name": ["SMITH, BRENDAN", "KINDL, JAKUB", "ABDELKADER, JUSTIN", "DATSYUK, PAVEL", "NYQUIST, GUSTAV", "EAVES, PATRICK", "ANDERSSON, JOAKIM", "MILLER, DREW", "TATAR, TOMAS", "LASHOFF, BRIAN", "JURCO, TOMAS", "QUINCEY, KYLE", "ZETTERBERG, HENRIK", "HELM, DARREN", "BERTUZZI, TODD", "KRONWALL, NIKLAS", "DEKEYSER, DANNY", "CLEARY, DANIEL", "MRAZEK, PETR", "HOWARD, JIMMY", "JONES, SETH", "ELLIS, RYAN", "WEBER, SHEA", "CULLEN, MATT", "KLEIN, KEVIN", "LEGWAND, DAVID", "FISHER, MIKE", "SPALING, NICK", "SMITH, CRAIG", "NYSTROM, ERIC", "STALBERG, VIKTOR", "HENDRICKS, MATT", "HORNQVIST, PATRIC", "GAUSTAD, PAUL", "WILSON, COLIN", "EKHOLM, MATTIAS", "BOURQUE, GABRIEL", "JOSI, ROMAN", "HUTTON, CARTER", "MAZANEC, MAREK"], "G": [0, 0, "1", "1", 0, "1", 0, 0, 0, 0, 0, "1", 0, 0, 0, 0, 0, 0, 0, 0, 0, 0, 0, 0, 0, 0, "1", "1", "1", 0, 0, 0, 0, 0, "2", 0, 0, "1", 0, 0], "A": [0, 0, 0, 0, 0, 0, 0, "1", 0, 0, 0, 0, "2", "1", 0, "2", 0, 0, 0, 0, "2", 0, 0, "1", 0, 0, "2", 0, "1", 0, 0, 0, "1", "1", "1", 0, 0, 0, 0, 0], "P": [0, 0, "1", "1", 0, "1", 0, "1", 0, 0, 0, "1", "2", "1", 0, "2", 0, 0, 0, 0, "2", 0, 0, "1", 0, 0, "3", "1", "2", 0, 0, 0, "1", "1", "3", 0, 0, "1", 0, 0], "+/-": ["-2", 0, "-1", "-2", "-2", 0, "-1", "+1", "-2", 0, 0, 0, "+1", "+2", "-1", "-2", 0, "-1", 0, 0, "+2", 0, "-1", "-1", "-1", "+1", "+2", "+1", "+2", 0, "-1", 0, "+1", 0, "+2", "+3", "-1", "+1", 0, 0], "PN": [0, 0, "1", 0, "1", 0, 0, "1", 0, 0, 0, "1", 0, 0, "1", 0, 0, 0, 0, 0, 0, 0, 0, "1", 0, 0, "2", 0, 0, 0, 0, 0, 0, 0, 0, 0, 0, 0, 0, 0], "PIM": [0, 0, "5", 0, "2", 0, 0, "4", 0, 0, 0, "2", 0, 0, "2", 0, 0, 0, 0, 0, 0, 0, 0, "2", 0, 0, "7", 0, 0, 0, 0, 0, 0, 0, 0, 0, 0, 0, 0, 0], "TOT": ["18:43", "16:33", "16:50", "21:18", "10:09", "15:20", "15:16", "12:59", "11:29", "17:04", "08:35", "19:02", "16:48", "15:35", "17:01", "23:46", "23:38", "10:45", 0, "59:22", "16:42", "14:08", "30:36", "16:06", "14:32", "20:52", "17:40", "17:01", "19:03", "09:24", "11:31", "10:12", "17:35", "13:18", "13:53", "15:00", "10:58", "29:02", 0, "60:00"], "SHF": ["29", "23", "23", "26", "17", "22", "23", "18", "18", "24", "11", "27", "26", "27", "23", "31", "30", "17", 0, 0, "21", "17", "28", "23", "18", "26", "21", "25", "25", "14", "19", "15", "22", "21", "19", "19", "18", "27", 0, 0], "AVG TOI/SH": ["00:38", "00:43", "00:43", "00:49", "00:35", "00:41", "00:39", "00:43", "00:38", "00:42", "00:46", "00:42", "00:38", "00:34", "00:44", "00:46", "00:47", "00:37", 0, 0, "00:47", "00:49", "01:05", "00:42", "00:48", "00:48", "00:50", "00:40", "00:45", "00:40", "00:36", "00:40", "00:47", "00:38", "00:43", "00:47", "00:36", "01:04", 0, 0], "PP": ["00:00", "01:08", "00:00", "01:48", "00:39", "01:15", "00:00", "00:00", "00:35", "00:00", "00:00", "00:00", "01:48", "00:00", "01:44", "01:20", "01:03", "00:35", 0, "02:23", "03:00", "03:07", "06:36", "03:55", "00:00", "05:48", "05:46", "02:33", "03:31", "00:00", "00:04", "00:00", "05:44", "00:41", "01:03", "00:00", "00:04", "06:43", 0, "09:43"], "SH": ["01:43", "00:00", "02:28", "01:47", "00:00", "03:16", "03:19", "01:49", "00:00", "03:50", "00:00", "03:16", "01:28", "04:16", "00:00", "05:25", "05:12", "01:41", 0, "09:05", "00:00", "00:00", "01:26", "00:00", "00:57", "00:00", "00:34", "00:00", "00:00", "00:34", "00:00", "01:49", "00:00", "01:49", "00:00", "00:57", "00:00", "01:26", 0, "02:23"], "EV": ["17:00", "15:25", "14:22", "17:43", "09:30", "10:49", "11:57", "11:10", "10:54", "13:14", "08:35", "15:46", "13:32", "11:19", "15:17", "17:01", "17:23", "08:29", 0, "47:54", "13:42", "11:01", "22:34", "12:11", "13:35", "15:04", "11:20", "14:28", "15:32", "08:50", "11:27", "08:23", "11:51", "10:48", "12:50", "14:03", "10:54", "20:53", 0, "47:54"], "S": ["2", 0, "1", "5", 0, "5", 0, "2", "1", 0, "1", "2", "3", "2", 0, 0, "1", 0, 0, 0, "2", 0, "1", "2", 0, "2", "2", "2", "3", 0, "2", 0, "2", 0, "6", "1", "1", "3", 0, 0], "A/B": ["1", "2", 0, "2", 0, "2", 0, "1", "1", "1", 0, "1", 0, "2", "1", 0, "2", 0, 0, 0, "1", 0, "1", 0, 0, 0, "1", "1", "3", 0, "1", 0, 0, 0, 0, 0, 0, "2", 0, 0], "MS": ["1", "2", "2", 0, 0, 0, 0, "3", "1", 0, 0, 0, "2", 0, "1", "1", "1", 0, 0, 0, 0, 0, 0, "2", "2", "3", 0, 0, 0, "1", 0, 0, "1", 0, "1", 0, "1", "1", 0, 0], "HT": ["2", "1", "4", 0, 0, "1", 0, 0, 0, "1", "2", 0, "1", "2", 0, "2", "2", "1", 0, 0, 0, 0, "2", 0, "2", "1", "2", 0, 0, 0, 0, "3", 0, "4", "1", "1", 0, "1", 0, 0], "GV": [0, "1", 0, 0, 0, 0, 0, 0, 0, 0, "1", "1", 0, 0, "1", "2", "1", 0, 0, 0, "1", "1", "1", 0, 0, "2", "2", 0, 0, 0, 0, 0, 0, 0, 0, 0, 0, 0, 0, "2"], "TK": [0, 0, 0, "2", 0, "2", 0, "1", "3", 0, 0, "1", "2", 0, "2", 0, 0, 0, 0, 0, 0, 0, "1", 0, 0, "1", 0, 0, 0, 0, 0, 0, 0, "1", "4", 0, "1", 0, 0, 0], "BS": ["1", "3", 0, 0, 0, 0, 0, 0, 0, "3", 0, 0, "1", 0, 0, 0, "2", 0, 0, 0, 0, "3", "3", 0, "1", "1", "1", 0, 0, 0, 0, "2", 0, "1", 0, "1", "1", "2", 0, 0], "FW": [0, 0, "1", "13", "0", 0, "6", "2", 0, 0, 0, 0, "2", "5", 0, 0, 0, 0, 0, 0, 0, 0, 0, "8", 0, "9", "12", 0, "0", 0, 0, "1", 0, "10", 0, 0, 0, 0, 0, 0], "FL": [0, 0, "0", "11", "2", 0, "12", "0", 0, 0, 0, 0, "9", "6", 0, 0, 0, 0, 0, 0, 0, 0, 0, "6", 0, "10", "4", 0, "1", 0, 0, "0", 0, "8", 0, 0, 0, 0, 0, 0], "F%": [0, 0, "100", "54", "0", 0, "33", "100", 0, 0, 0, 0, "18", "45", 0, 0, 0, 0, 0, 0, 0, 0, 0, "57", 0, "47", "75", 0, "0", 0, 0, "100", 0, "56", 0, 0, 0, 0, 0, 0], "team": ["DETROIT RED WINGS ", "DETROIT RED WINGS ", "DETROIT RED WINGS ", "DETROIT RED WINGS ", "DETROIT RED WINGS ", "DETROIT RED WINGS ", "DETROIT RED WINGS ", "DETROIT RED WINGS ", "DETROIT RED WINGS ", "DETROIT RED WINGS ", "DETROIT RED WINGS ", "DETROIT RED WINGS ", "DETROIT RED WINGS ", "DETROIT RED WINGS ", "DETROIT RED WINGS ", "DETROIT RED WINGS ", "DETROIT RED WINGS ", "DETROIT RED WINGS ", "DETROIT RED WINGS ", "DETROIT RED WINGS ", "NASHVILLE PREDATORS ", "NASHVILLE PREDATORS ", "NASHVILLE PREDATORS ", "NASHVILLE PREDATORS ", "NASHVILLE PREDATORS ", "NASHVILLE PREDATORS ", "NASHVILLE PREDATORS ", "NASHVILLE PREDATORS ", "NASHVILLE PREDATORS ", "NASHVILLE PREDATORS ", "NASHVILLE PREDATORS ", "NASHVILLE PREDATORS ", "NASHVILLE PREDATORS ", "NASHVILLE PREDATORS ", "NASHVILLE PREDATORS ", "NASHVILLE PREDATORS ", "NASHVILLE PREDATORS ", "NASHVILLE PREDATORS ", "NASHVILLE PREDATORS ", "NASHVILLE PREDATORS "], "GA": [0, 0, 0, 0, 0, 0, 0, 0, 0, 0, 0, 0, 0, 0, 0, 0, 0, 0, 0.0, "5", 0, 0, 0, 0, 0, 0, 0, 0, 0, 0, 0, 0, 0, 0, 0, 0, 0, 0, 0, "4"], "SA": [0, 0, 0, 0, 0, 0, 0, 0, 0, 0, 0, 0, 0, 0, 0, 0, 0, 0, 0.0, "28", 0, 0, 0, 0, 0, 0, 0, 0, 0, 0, 0, 0, 0, 0, 0, 0, 0, 0, 0, "25"]}}