{"game_info": {"date": "2014-01-28", "visitor": "DETROIT RED WINGS ", "home": "PHILADELPHIA FLYERS ", "game_id": 797, "status": "final"}, "player_stats": {"number": ["2", "8", "11", "14", "15", "17", "18", "20", "21", "23", "26", "27", "41", "43", "52", "55", "65", "71", "35", "50", "5", "8", "9", "10", "12", "14", "17", "18", "19", "22", "24", "26", "28", "32", "40", "44", "76", "93", "29", "35"], "position": ["D", "L", "R", "C", "C", "R", "C", "L", "C", "D", "R", "D", "C", "C", "D", "D", "D", "R", "G", "G", "D", "D", "R", "C", "L", "C", "R", "R", "L", "D", "R", "D", "R", "D", "C", "D", "C", "R", "G", "G"], "name": ["SMITH, BRENDAN", "ABDELKADER, JUSTIN", "ALFREDSSON, DANIEL", "NYQUIST, GUSTAV", "SHEAHAN, RILEY", "EAVES, PATRICK", "ANDERSSON, JOAKIM", "MILLER, DREW", "TATAR, TOMAS", "LASHOFF, BRIAN", "JURCO, TOMAS", "QUINCEY, KYLE", "GLENDENING, LUKE", "HELM, DARREN", "ERICSSON, JONATHAN", "KRONWALL, NIKLAS", "DEKEYSER, DANNY", "CLEARY, DANIEL", "HOWARD, JIMMY", "GUSTAVSSON, JONAS", "COBURN, BRAYDON", "GROSSMANN, NICKLAS", "DOWNIE, STEVE", "SCHENN, BRAYDEN", "RAFFL, MICHAEL", "COUTURIER, SEAN", "SIMMONDS, WAYNE", "HALL, ADAM", "HARTNELL, SCOTT", "SCHENN, LUKE", "READ, MATT", "GUSTAFSSON, ERIK", "GIROUX, CLAUDE", "STREIT, MARK", "LECAVALIER, VINCENT", "TIMONEN, KIMMO", "VANDEVELDE, CHRIS", "VORACEK, JAKUB", "EMERY, RAY", "MASON, STEVE"], "G": [0, 0, 0, 0, 0, 0, 0, 0, 0, 0, 0, 0, 0, 0, 0, 0, 0, 0, 0, 0, 0, 0, 0, 0, 0, "1", 0, "1", "2", 0, 0, 0, "1", 0, 0, 0, 0, 0, 0, 0], "A": [0, 0, 0, 0, 0, 0, 0, 0, 0, 0, 0, 0, 0, 0, 0, 0, 0, 0, 0, 0, 0, 0, 0, 0, "1", 0, 0, 0, "1", 0, 0, "1", "2", "2", 0, "1", 0, "1", 0, 0], "P": [0, 0, 0, 0, 0, 0, 0, 0, 0, 0, 0, 0, 0, 0, 0, 0, 0, 0, 0, 0, 0, 0, 0, 0, "1", "1", 0, "1", "3", 0, 0, "1", "3", "2", 0, "1", 0, "1", 0, 0], "+/-": [0, 0, 0, 0, "-2", "-1", 0, "-1", "-2", "-1", "-2", "-1", "-2", 0, "-4", "-2", 0, "-2", 0, 0, "+1", 0, "+1", 0, "+1", "+1", 0, "+1", "+2", "+3", "+1", "+2", "+2", "+2", 0, 0, "+1", "+2", 0, 0], "PN": ["1", 0, 0, 0, 0, 0, 0, 0, 0, "1", 0, 0, 0, "1", 0, 0, "1", 0, 0, 0, 0, "2", 0, "1", 0, 0, "1", 0, 0, 0, 0, 0, 0, 0, 0, "1", "1", 0, 0, 0], "PIM": ["2", 0, 0, 0, 0, 0, 0, 0, 0, "2", 0, 0, 0, "2", 0, 0, "2", 0, 0, 0, 0, "4", 0, "2", 0, 0, "2", 0, 0, 0, 0, 0, 0, 0, 0, "2", "2", 0, 0, 0], "TOT": ["15:12", "13:21", "18:16", "18:32", "16:32", "12:14", "16:24", "12:01", "15:00", "13:45", "11:48", "20:25", "12:17", "17:32", "21:58", "22:51", "19:39", "15:49", 0, "60:00", "22:34", "19:47", "12:16", "16:16", "10:12", "18:22", "18:52", "11:06", "13:20", "20:59", "17:59", "22:52", "14:46", "25:20", "15:33", "07:20", "07:05", "13:21", 0, "60:00"], "SHF": ["20", "16", "23", "21", "20", "17", "20", "18", "19", "20", "15", "29", "19", "24", "30", "35", "29", "22", 0, 0, "32", "28", "17", "20", "16", "27", "19", "19", "22", "29", "26", "28", "22", "31", "19", "17", "12", "22", 0, 0], "AVG TOI/SH": ["00:45", "00:50", "00:47", "00:52", "00:49", "00:43", "00:49", "00:40", "00:47", "00:41", "00:47", "00:42", "00:38", "00:43", "00:43", "00:39", "00:40", "00:43", 0, 0, "00:42", "00:42", "00:43", "00:48", "00:38", "00:40", "00:59", "00:35", "00:36", "00:43", "00:41", "00:49", "00:40", "00:49", "00:49", "00:25", "00:35", "00:36", 0, 0], "PP": ["00:00", "01:39", "04:28", "03:45", "04:18", "02:46", "01:43", "00:00", "04:18", "00:00", "02:37", "00:59", "00:08", "03:18", "00:50", "04:03", "03:25", "00:27", 0, "08:00", "00:00", "00:00", "01:02", "00:54", "00:00", "00:22", "01:30", "00:00", "01:22", "00:00", "00:00", "00:45", "01:22", "02:00", "01:02", "00:24", "00:00", "01:17", 0, "02:24"], "SH": ["00:00", "00:00", "00:14", "00:00", "00:00", "00:26", "01:01", "01:13", "00:00", "00:56", "00:00", "01:04", "01:09", "00:14", "01:28", "01:20", "00:00", "00:31", 0, "02:24", "05:27", "01:45", "00:00", "00:16", "02:31", "03:40", "00:16", "04:27", "00:00", "03:25", "03:17", "03:25", "00:07", "01:51", "00:00", "00:10", "00:00", "00:07", 0, "08:00"], "EV": ["15:12", "11:42", "13:34", "14:47", "12:14", "09:02", "13:40", "10:48", "10:42", "12:49", "09:11", "18:22", "11:00", "14:00", "19:40", "17:28", "16:14", "14:51", 0, "49:36", "17:07", "18:02", "11:14", "15:06", "07:41", "14:20", "17:06", "06:39", "11:58", "17:34", "14:42", "18:42", "13:17", "21:29", "14:31", "06:46", "07:05", "11:57", 0, "49:36"], "S": ["2", "6", "1", "4", 0, "5", 0, "2", "2", "1", 0, 0, "4", "5", "1", 0, 0, 0, 0, 0, 0, "1", 0, "5", "2", "2", "2", "2", "5", 0, "2", "1", "3", 0, "1", "1", 0, "1", 0, 0], "A/B": ["2", 0, "3", "3", "1", "1", "1", 0, 0, 0, "1", "1", 0, "2", "1", "1", "1", "2", 0, 0, "1", "1", 0, "1", 0, "1", 0, 0, "1", 0, 0, "1", 0, "1", 0, 0, "1", "1", 0, 0], "MS": ["1", 0, 0, "1", 0, 0, 0, 0, "4", 0, 0, "2", 0, "1", "1", "2", 0, 0, 0, 0, 0, 0, 0, 0, 0, "1", "1", 0, "2", 0, 0, "3", "1", 0, "1", 0, 0, 0, 0, 0], "HT": ["2", "1", "1", "1", 0, 0, 0, "3", 0, "1", "4", "1", "1", "3", "2", "1", "1", "1", 0, 0, "1", "6", "3", "2", "3", 0, "2", "2", "2", "6", "2", "1", "1", 0, "2", "2", "1", 0, 0, 0], "GV": [0, 0, "1", "1", "1", 0, 0, 0, 0, 0, 0, "1", 0, "1", "1", "1", 0, 0, 0, "2", "1", 0, 0, 0, 0, "1", 0, 0, 0, 0, 0, 0, 0, "1", 0, 0, 0, 0, 0, 0], "TK": [0, 0, 0, 0, 0, 0, 0, "2", 0, 0, "2", 0, 0, 0, 0, 0, 0, 0, 0, 0, 0, 0, 0, "1", "2", "1", "1", 0, "1", 0, 0, 0, 0, 0, 0, 0, 0, "1", 0, 0], "BS": ["1", "1", 0, 0, 0, 0, 0, 0, "1", "1", 0, "1", "1", 0, "1", "1", "1", 0, 0, 0, "3", "6", 0, 0, "1", 0, 0, 0, "1", "4", 0, 0, 0, "2", "1", "2", 0, 0, 0, 0], "FW": [0, 0, 0, 0, "8", 0, "6", 0, 0, 0, 0, 0, "5", "9", 0, 0, 0, 0, 0, 0, 0, 0, "0", "5", 0, "6", 0, "4", 0, 0, 0, 0, "7", 0, "2", 0, 0, 0, 0, 0], "FL": [0, 0, 0, 0, "4", 0, "6", 0, 0, 0, 0, 0, "5", "9", 0, 0, 0, 0, 0, 0, 0, 0, "1", "7", 0, "11", 0, "4", 0, 0, 0, 0, "4", 0, "1", 0, 0, 0, 0, 0], "F%": [0, 0, 0, 0, "67", 0, "50", 0, 0, 0, 0, 0, "50", "50", 0, 0, 0, 0, 0, 0, 0, 0, "0", "42", 0, "35", 0, "50", 0, 0, 0, 0, "64", 0, "67", 0, 0, 0, 0, 0], "team": ["DETROIT RED WINGS ", "DETROIT RED WINGS ", "DETROIT RED WINGS ", "DETROIT RED WINGS ", "DETROIT RED WINGS ", "DETROIT RED WINGS ", "DETROIT RED WINGS ", "DETROIT RED WINGS ", "DETROIT RED WINGS ", "DETROIT RED WINGS ", "DETROIT RED WINGS ", "DETROIT RED WINGS ", "DETROIT RED WINGS ", "DETROIT RED WINGS ", "DETROIT RED WINGS ", "DETROIT RED WINGS ", "DETROIT RED WINGS ", "DETROIT RED WINGS ", "DETROIT RED WINGS ", "DETROIT RED WINGS ", "PHILADELPHIA FLYERS ", "PHILADELPHIA FLYERS ", "PHILADELPHIA FLYERS ", "PHILADELPHIA FLYERS ", "PHILADELPHIA FLYERS ", "PHILADELPHIA FLYERS ", "PHILADELPHIA FLYERS ", "PHILADELPHIA FLYERS ", "PHILADELPHIA FLYERS ", "PHILADELPHIA FLYERS ", "PHILADELPHIA FLYERS ", "PHILADELPHIA FLYERS ", "PHILADELPHIA FLYERS ", "PHILADELPHIA FLYERS ", "PHILADELPHIA FLYERS ", "PHILADELPHIA FLYERS ", "PHILADELPHIA FLYERS ", "PHILADELPHIA FLYERS ", "PHILADELPHIA FLYERS ", "PHILADELPHIA FLYERS "], "GA": [0, 0, 0, 0, 0, 0, 0, 0, 0, 0, 0, 0, 0, 0, 0, 0, 0, 0, 0.0, "5", 0, 0, 0, 0, 0, 0, 0, 0, 0, 0, 0, 0, 0, 0, 0, 0, 0, 0, 0, "0"], "SA": [0, 0, 0, 0, 0, 0, 0, 0, 0, 0, 0, 0, 0, 0, 0, 0, 0, 0, 0.0, "28", 0, 0, 0, 0, 0, 0, 0, 0, 0, 0, 0, 0, 0, 0, 0, 0, 0, 0, 0, "33"]}}