{"game_info": {"date": "2014-04-01", "visitor": "COLORADO AVALANCHE ", "home": "COLUMBUS BLUE JACKETS ", "game_id": 1134, "status": "final"}, "player_stats": {"number": ["2", "4", "5", "6", "7", "8", "11", "16", "24", "25", "26", "28", "29", "42", "55", "58", "90", "92", "1", "35", "6", "7", "11", "13", "14", "17", "19", "21", "24", "26", "38", "40", "42", "47", "51", "55", "58", "71", "31", "72"], "position": ["D", "D", "D", "D", "C", "D", "L", "D", "R", "C", "C", "C", "C", "C", "L", "L", "C", "L", "G", "G", "D", "D", "L", "R", "L", "C", "C", "D", "C", "R", "C", "R", "C", "D", "D", "C", "D", "L", "G", "G"], "name": ["HOLDEN, NICK", "BARRIE, TYSON", "GUENIN, NATE", "JOHNSON, ERIK", "MITCHELL, JOHN", "HEJDA, JAN", "MCGINN, JAMIE", "SARICH, CORY", "CLICHE, MARC-ANDRE", "TALBOT, MAXIME", "STASTNY, PAUL", "CAREY, PAUL", "MACKINNON, NATHAN", "MALONE, BRAD", "MCLEOD, CODY", "BORDELEAU, PATRICK", "O'REILLY, RYAN", "LANDESKOG, GABRIEL", "VARLAMOV, SEMYON", "GIGUERE, JEAN-SEBASTIEN", "NIKITIN, NIKITA", "JOHNSON, JACK", "CALVERT, MATT", "ATKINSON, CAM", "COMEAU, BLAKE", "DUBINSKY, BRANDON", "JOHANSEN, RYAN", "WISNIEWSKI, JAMES", "MACKENZIE, DEREK", "TROPP, COREY", "JENNER, BOONE", "BOLL, JARED", "ANISIMOV, ARTEM", "PROUT, DALTON", "TYUTIN, FEDOR", "LETESTU, MARK", "SAVARD, DAVID", "FOLIGNO, NICK", "MCELHINNEY, CURTIS", "BOBROVSKY, SERGEI"], "G": [0, 0, 0, 0, 0, 0, 0, 0, 0, 0, 0, 0, 0, "1", 0, 0, 0, "2", 0, 0, 0, 0, 0, "1", "1", 0, 0, 0, 0, 0, 0, 0, 0, 0, 0, 0, 0, 0, 0, 0], "A": ["1", "1", 0, 0, 0, 0, 0, 0, "1", 0, "1", 0, "2", 0, 0, 0, 0, 0, 0, 0, 0, 0, 0, 0, 0, "1", 0, 0, 0, 0, 0, 0, 0, 0, "1", 0, 0, "1", 0, 0], "P": ["1", "1", 0, 0, 0, 0, 0, 0, "1", 0, "1", 0, "2", "1", 0, 0, 0, "2", 0, 0, 0, 0, 0, "1", "1", "1", 0, 0, 0, 0, 0, 0, 0, 0, "1", 0, 0, "1", 0, 0], "+/-": ["+1", "-1", "-2", 0, "-1", "+1", "-1", "+1", "+1", 0, 0, "+1", 0, "+1", 0, 0, "-1", 0, 0, 0, "-1", 0, 0, 0, 0, 0, 0, "+1", 0, 0, 0, 0, 0, 0, "+1", 0, "-1", 0, 0, 0], "PN": [0, 0, 0, 0, "2", 0, 0, 0, 0, 0, 0, 0, 0, "1", 0, 0, 0, 0, 0, 0, 0, 0, 0, 0, 0, 0, 0, 0, "1", 0, 0, 0, "1", 0, 0, 0, 0, 0, 0, 0], "PIM": [0, 0, 0, 0, "4", 0, 0, 0, 0, 0, 0, 0, 0, "5", 0, 0, 0, 0, 0, 0, 0, 0, 0, 0, 0, 0, 0, 0, "5", 0, 0, 0, "2", 0, 0, 0, 0, 0, 0, 0], "TOT": ["18:57", "25:15", "17:26", "24:00", "19:36", "26:37", "16:59", "16:39", "13:43", "17:46", "20:09", "05:46", "19:03", "05:51", "16:06", "08:11", "22:15", "19:29", "64:27", 0, "14:10", "26:24", "17:55", "18:15", "12:39", "17:50", "21:56", "24:27", "07:38", "10:48", "18:39", "06:46", "17:00", "20:53", "24:50", "22:50", "16:22", "16:38", 0, "64:27"], "SHF": ["26", "28", "26", "32", "25", "35", "22", "23", "21", "22", "25", "9", "25", "8", "21", "12", "26", "24", 0, 0, "14", "29", "26", "26", "18", "27", "23", "24", "13", "15", "22", "11", "24", "23", "26", "27", "17", "22", 0, 0], "AVG TOI/SH": ["00:43", "00:54", "00:40", "00:45", "00:47", "00:45", "00:46", "00:43", "00:39", "00:48", "00:48", "00:38", "00:45", "00:43", "00:46", "00:40", "00:51", "00:48", 0, 0, "01:00", "00:54", "00:41", "00:42", "00:42", "00:39", "00:57", "01:01", "00:35", "00:43", "00:50", "00:36", "00:42", "00:54", "00:57", "00:50", "00:57", "00:45", 0, 0], "PP": ["00:55", "01:48", "00:00", "00:53", "00:00", "00:00", "00:00", "00:00", "00:00", "00:00", "00:55", "00:00", "00:53", "00:00", "00:00", "00:00", "00:55", "00:53", "01:48", 0, "00:00", "03:10", "00:36", "02:05", "00:00", "01:29", "02:31", "02:45", "00:00", "00:00", "00:50", "00:00", "01:07", "00:00", "00:50", "02:17", "01:15", "01:05", 0, "04:00"], "SH": ["01:05", "00:00", "02:46", "00:00", "00:00", "02:55", "00:00", "01:14", "01:24", "01:41", "00:57", "00:00", "00:00", "00:00", "01:18", "00:00", "01:39", "01:01", "04:00", 0, "00:00", "00:54", "00:57", "00:00", "00:00", "00:51", "00:00", "00:00", "00:37", "00:00", "00:00", "00:00", "00:00", "00:00", "00:54", "01:11", "00:00", "00:00", 0, "01:48"], "EV": ["16:57", "23:27", "14:40", "23:07", "19:36", "23:42", "16:59", "15:25", "12:19", "16:05", "18:17", "05:46", "18:10", "05:51", "14:48", "08:11", "19:41", "17:35", "58:39", 0, "14:10", "22:20", "16:22", "16:10", "12:39", "15:30", "19:25", "21:42", "07:01", "10:48", "17:49", "06:46", "15:53", "20:53", "23:06", "19:22", "15:07", "15:33", 0, "58:39"], "S": ["1", "1", "1", "2", "1", 0, "6", 0, "2", "1", "3", "1", "2", "1", 0, "1", "3", "2", 0, 0, 0, 0, "1", "1", "5", "6", "3", "2", 0, 0, "2", "2", "1", "1", 0, "2", 0, 0, 0, 0], "A/B": [0, "2", 0, "2", "1", 0, 0, "1", "1", "1", 0, 0, 0, 0, 0, 0, "1", "2", 0, 0, 0, "1", "1", "1", "1", 0, "1", "3", 0, 0, "1", 0, 0, "1", 0, 0, "1", "2", 0, 0], "MS": [0, "1", 0, 0, 0, 0, "2", "1", "1", 0, "1", 0, "1", 0, 0, 0, 0, 0, 0, 0, "1", "1", "2", "1", 0, 0, "1", 0, "1", "1", 0, "1", "1", 0, "2", "1", "1", "1", 0, 0], "HT": ["3", "3", "4", 0, "2", "3", 0, "1", "1", "1", "1", "3", "1", "1", "2", "3", 0, "2", 0, 0, "5", "3", "2", "1", "3", "7", "2", "3", "2", "2", "3", "1", 0, "3", "4", "1", "3", "7", 0, 0], "GV": [0, 0, "1", "1", "1", 0, 0, "1", 0, "2", 0, 0, 0, 0, 0, "1", 0, "1", 0, 0, "1", 0, "1", 0, 0, "1", 0, 0, 0, "1", 0, 0, "1", 0, 0, 0, 0, "1", 0, 0], "TK": [0, 0, 0, 0, "1", 0, "1", 0, "1", 0, 0, 0, "1", 0, 0, 0, "1", 0, 0, 0, "1", "2", 0, 0, "1", 0, "1", 0, "1", 0, "1", 0, "1", 0, 0, "3", 0, "1", 0, 0], "BS": [0, "2", "2", 0, 0, "1", 0, "3", "2", 0, 0, 0, 0, 0, "1", 0, "2", 0, 0, 0, "1", "1", 0, 0, 0, 0, "2", 0, 0, 0, "1", 0, 0, "2", 0, 0, "3", "1", 0, 0], "FW": [0, 0, 0, 0, "3", 0, 0, 0, "4", "1", "9", 0, "3", "1", 0, 0, "3", 0, 0, 0, 0, 0, "1", 0, 0, "8", "6", 0, "4", 0, "1", 0, "7", 0, 0, "1", 0, 0, 0, 0], "FL": [0, 0, 0, 0, "3", 0, 0, 0, "6", "2", "6", 0, "6", "1", 0, 0, "4", 0, 0, 0, 0, 0, "0", 0, 0, "12", "6", 0, "2", 0, "0", 0, "3", 0, 0, "1", 0, 0, 0, 0], "F%": [0, 0, 0, 0, "50", 0, 0, 0, "40", "33", "60", 0, "33", "50", 0, 0, "43", 0, 0, 0, 0, 0, "100", 0, 0, "40", "50", 0, "67", 0, "100", 0, "70", 0, 0, "50", 0, 0, 0, 0], "team": ["COLORADO AVALANCHE ", "COLORADO AVALANCHE ", "COLORADO AVALANCHE ", "COLORADO AVALANCHE ", "COLORADO AVALANCHE ", "COLORADO AVALANCHE ", "COLORADO AVALANCHE ", "COLORADO AVALANCHE ", "COLORADO AVALANCHE ", "COLORADO AVALANCHE ", "COLORADO AVALANCHE ", "COLORADO AVALANCHE ", "COLORADO AVALANCHE ", "COLORADO AVALANCHE ", "COLORADO AVALANCHE ", "COLORADO AVALANCHE ", "COLORADO AVALANCHE ", "COLORADO AVALANCHE ", "COLORADO AVALANCHE ", "COLORADO AVALANCHE ", "COLUMBUS BLUE JACKETS ", "COLUMBUS BLUE JACKETS ", "COLUMBUS BLUE JACKETS ", "COLUMBUS BLUE JACKETS ", "COLUMBUS BLUE JACKETS ", "COLUMBUS BLUE JACKETS ", "COLUMBUS BLUE JACKETS ", "COLUMBUS BLUE JACKETS ", "COLUMBUS BLUE JACKETS ", "COLUMBUS BLUE JACKETS ", "COLUMBUS BLUE JACKETS ", "COLUMBUS BLUE JACKETS ", "COLUMBUS BLUE JACKETS ", "COLUMBUS BLUE JACKETS ", "COLUMBUS BLUE JACKETS ", "COLUMBUS BLUE JACKETS ", "COLUMBUS BLUE JACKETS ", "COLUMBUS BLUE JACKETS ", "COLUMBUS BLUE JACKETS ", "COLUMBUS BLUE JACKETS "], "GA": [0, 0, 0, 0, 0, 0, 0, 0, 0, 0, 0, 0, 0, 0, 0, 0, 0, 0, "2", 0, 0, 0, 0, 0, 0, 0, 0, 0, 0, 0, 0, 0, 0, 0, 0, 0, 0, 0, 0, "3"], "SA": [0, 0, 0, 0, 0, 0, 0, 0, 0, 0, 0, 0, 0, 0, 0, 0, 0, 0, "26", 0, 0, 0, 0, 0, 0, 0, 0, 0, 0, 0, 0, 0, 0, 0, 0, 0, 0, 0, 0, "28"]}}