{"game_info": {"date": "2013-10-04", "visitor": "NASHVILLE PREDATORS ", "home": "COLORADO AVALANCHE ", "game_id": 20, "status": "final"}, "player_stats": {"number": ["3", "6", "7", "8", "11", "12", "13", "15", "16", "24", "26", "27", "28", "33", "42", "57", "59", "64", "30", "35", "4", "5", "6", "7", "8", "9", "11", "15", "16", "17", "24", "26", "29", "40", "55", "58", "61", "90", "1", "35", 0], "position": ["D", "D", "C", "D", "C", "C", "C", "C", "L", "L", "C", "R", "C", "C", "D", "L", "D", "D", "G", "G", "D", "D", "D", "C", "D", "C", "L", "R", "D", "R", "R", "C", "C", "L", "L", "L", "D", "C", "G", "G", 0], "name": ["JONES, SETH", "WEBER, SHEA", "CULLEN, MATT", "KLEIN, KEVIN", "LEGWAND, DAVID", "FISHER, MIKE", "SPALING, NICK", "SMITH, CRAIG", "CLUNE, RICH", "NYSTROM, ERIC", "HENDRICKS, MATT", "HORNQVIST, PATRIC", "GAUSTAD, PAUL", "WILSON, COLIN", "EKHOLM, MATTIAS", "BOURQUE, GABRIEL", "JOSI, ROMAN", "BARTLEY, VICTOR", "HUTTON, CARTER", "RINNE, PEKKA", "BARRIE, TYSON", "GUENIN, NATE", "JOHNSON, ERIK", "MITCHELL, JOHN", "HEJDA, JAN", "DUCHENE, MATT", "MCGINN, JAMIE", "PARENTEAU, PA", "SARICH, CORY", "DOWNIE, STEVE", "CLICHE, MARC-ANDRE", "STASTNY, PAUL", "MACKINNON, NATHAN", "TANGUAY, ALEX", "MCLEOD, CODY", "BORDELEAU, PATRICK", "BENOIT, ANDRE", "O'REILLY, RYAN", "VARLAMOV, SEMYON", "GIGUERE, JEAN-SEBASTIEN", "TEAM PENALTY"], "G": [0, 0, 0, 0, 0, 0, 0, 0, 0, 0, 0, 0, "1", 0, 0, 0, 0, 0, 0, 0, 0, 0, 0, 0, 0, 0, 0, "2", 0, 0, 0, 0, 0, 0, 0, "1", 0, 0, 0, 0, 0], "A": [0, 0, 0, 0, 0, "1", 0, "1", 0, 0, 0, 0, 0, 0, 0, 0, 0, 0, 0, 0, 0, "1", 0, "1", 0, 0, "1", 0, 0, 0, "1", "1", "1", 0, 0, 0, 0, 0, 0, 0, 0], "P": [0, 0, 0, 0, 0, "1", 0, "1", 0, 0, 0, 0, "1", 0, 0, 0, 0, 0, 0, 0, 0, "1", 0, "1", 0, 0, "1", "2", 0, 0, "1", "1", "1", 0, 0, "1", 0, 0, 0, 0, 0], "+/-": ["-1", "-1", 0, "+1", 0, "-1", "-1", "+1", "-2", "-1", "-2", "-1", 0, 0, "-2", 0, "-1", 0, 0, 0, "+1", "+1", "+1", "+1", "+1", "-1", "+1", "+2", "+1", "-1", "+1", "+1", 0, 0, "+1", "+1", "-1", 0, 0, 0, 0], "PN": [0, "3", 0, "1", 0, "1", 0, "1", 0, "2", 0, 0, 0, 0, 0, 0, 0, 0, 0, 0, 0, 0, 0, 0, 0, 0, 0, 0, 0, "5", 0, 0, 0, 0, 0, 0, 0, 0, 0, 0, "1"], "PIM": [0, "6", 0, "2", 0, "2", 0, "2", 0, "4", 0, 0, 0, 0, 0, 0, 0, 0, 0, 0, 0, 0, 0, 0, 0, 0, 0, 0, 0, "10", 0, 0, 0, 0, 0, 0, 0, 0, 0, 0, "2"], "TOT": ["25:46", "23:22", "18:44", "19:37", "13:17", "17:13", "15:24", "16:19", "07:53", "16:19", "12:05", "12:23", "14:41", "12:01", "20:09", "13:34", "10:26", "21:41", 0, "59:06", "15:16", "15:24", "22:08", "16:43", "19:06", "18:12", "16:56", "16:14", "18:39", "14:52", "07:00", "21:08", "17:14", "18:33", "09:10", "05:05", "22:51", "19:41", "59:48", 0, 0], "SHF": ["32", "29", "27", "26", "21", "23", "19", "21", "12", "22", "17", "20", "22", "18", "26", "20", "13", "30", 0, 0, "18", "21", "27", "22", "28", "24", "24", "23", "28", "18", "11", "23", "25", "22", "16", "8", "30", "25", 0, 0, 0], "AVG TOI/SH": ["00:48", "00:48", "00:41", "00:45", "00:37", "00:44", "00:48", "00:46", "00:39", "00:44", "00:42", "00:37", "00:40", "00:40", "00:46", "00:40", "00:48", "00:43", 0, 0, "00:50", "00:44", "00:49", "00:45", "00:40", "00:45", "00:42", "00:42", "00:39", "00:49", "00:38", "00:55", "00:41", "00:50", "00:34", "00:38", "00:45", "00:47", 0, 0, 0], "PP": ["02:38", "02:57", "02:34", "00:28", "03:18", "02:05", "00:03", "02:49", "00:00", "00:03", "00:00", "03:52", "00:08", "01:54", "02:35", "01:14", "01:42", "01:40", 0, "06:00", "02:45", "00:00", "05:35", "00:00", "00:20", "04:40", "05:20", "05:00", "00:00", "02:34", "00:00", "05:20", "04:42", "04:19", "00:00", "00:00", "04:45", "04:40", "10:00", 0, 0], "SH": ["05:55", "04:12", "02:37", "03:27", "00:46", "02:27", "03:00", "00:00", "00:00", "02:17", "03:35", "00:00", "04:42", "00:00", "02:39", "00:36", "00:00", "03:47", 0, "10:00", "00:00", "02:55", "00:03", "01:58", "02:54", "00:51", "02:10", "00:40", "03:06", "00:00", "01:18", "00:00", "02:10", "00:00", "02:14", "00:00", "03:02", "00:39", "06:00", 0, 0], "EV": ["17:13", "16:13", "13:33", "15:42", "09:13", "12:41", "12:21", "13:30", "07:53", "13:59", "08:30", "08:31", "09:51", "10:07", "14:55", "11:44", "08:44", "16:14", 0, "43:06", "12:31", "12:29", "16:30", "14:45", "15:52", "12:41", "09:26", "10:34", "15:33", "12:18", "05:42", "15:48", "10:22", "14:14", "06:56", "05:05", "15:04", "14:22", "43:48", 0, 0], "S": ["1", "2", 0, 0, "2", "2", 0, "6", 0, "1", "1", "5", "2", "3", "1", 0, "1", 0, 0, 0, "2", "2", "1", "2", "3", "3", "3", "4", 0, 0, "1", "3", "2", "1", "3", "1", "3", "2", 0, 0, 0], "A/B": [0, 0, "2", 0, 0, "2", 0, 0, 0, "3", 0, "1", 0, "2", "1", 0, 0, 0, 0, 0, "2", "1", "5", "1", 0, 0, "1", "1", "1", 0, "1", 0, 0, "1", 0, 0, 0, 0, 0, 0, 0], "MS": ["1", 0, 0, "1", "1", 0, 0, "3", 0, "1", 0, "2", 0, 0, 0, 0, 0, "1", 0, 0, "1", "1", 0, 0, "1", "3", "1", 0, 0, 0, 0, "1", 0, 0, 0, 0, "1", 0, 0, 0, 0], "HT": [0, "4", 0, "1", "1", 0, 0, 0, "1", "1", "1", 0, "1", 0, "1", "1", 0, "2", 0, 0, "2", "2", "2", "1", "2", "1", "2", 0, "3", "1", "1", "1", 0, 0, 0, "1", 0, 0, 0, 0, 0], "GV": ["1", 0, 0, 0, 0, 0, 0, 0, 0, 0, 0, 0, 0, "1", 0, 0, 0, 0, 0, 0, "1", 0, 0, 0, 0, "1", "1", 0, "1", "3", 0, 0, "1", "1", 0, 0, 0, 0, "2", 0, 0], "TK": ["1", 0, "1", 0, 0, "1", 0, "1", 0, "1", 0, 0, 0, "2", "1", 0, 0, "2", 0, 0, 0, 0, 0, 0, 0, "2", 0, 0, 0, 0, 0, 0, "1", "1", 0, 0, "1", 0, 0, 0, 0], "BS": [0, "1", "1", "3", 0, "3", 0, "1", 0, 0, "2", 0, "1", "1", "1", 0, 0, 0, 0, 0, 0, "1", "2", 0, "1", 0, 0, 0, "2", 0, 0, "1", 0, 0, "1", 0, "3", 0, 0, 0, 0], "FW": [0, 0, "4", 0, "6", "5", "0", 0, 0, 0, 0, 0, "16", 0, 0, 0, 0, 0, 0, 0, 0, 0, 0, "3", 0, "8", "0", 0, 0, 0, "0", "10", "2", 0, 0, 0, 0, "0", 0, 0, 0], "FL": [0, 0, "8", 0, "5", "6", "2", 0, 0, 0, 0, 0, "2", 0, 0, 0, 0, 0, 0, 0, 0, 0, 0, "3", 0, "6", "1", 0, 0, 0, "7", "7", "6", 0, 0, 0, 0, "1", 0, 0, 0], "F%": [0, 0, "33", 0, "55", "45", "0", 0, 0, 0, 0, 0, "89", 0, 0, 0, 0, 0, 0, 0, 0, 0, 0, "50", 0, "57", "0", 0, 0, 0, "0", "59", "25", 0, 0, 0, 0, "0", 0, 0, 0], "team": ["NASHVILLE PREDATORS ", "NASHVILLE PREDATORS ", "NASHVILLE PREDATORS ", "NASHVILLE PREDATORS ", "NASHVILLE PREDATORS ", "NASHVILLE PREDATORS ", "NASHVILLE PREDATORS ", "NASHVILLE PREDATORS ", "NASHVILLE PREDATORS ", "NASHVILLE PREDATORS ", "NASHVILLE PREDATORS ", "NASHVILLE PREDATORS ", "NASHVILLE PREDATORS ", "NASHVILLE PREDATORS ", "NASHVILLE PREDATORS ", "NASHVILLE PREDATORS ", "NASHVILLE PREDATORS ", "NASHVILLE PREDATORS ", "NASHVILLE PREDATORS ", "NASHVILLE PREDATORS ", "COLORADO AVALANCHE ", "COLORADO AVALANCHE ", "COLORADO AVALANCHE ", "COLORADO AVALANCHE ", "COLORADO AVALANCHE ", "COLORADO AVALANCHE ", "COLORADO AVALANCHE ", "COLORADO AVALANCHE ", "COLORADO AVALANCHE ", "COLORADO AVALANCHE ", "COLORADO AVALANCHE ", "COLORADO AVALANCHE ", "COLORADO AVALANCHE ", "COLORADO AVALANCHE ", "COLORADO AVALANCHE ", "COLORADO AVALANCHE ", "COLORADO AVALANCHE ", "COLORADO AVALANCHE ", "COLORADO AVALANCHE ", "COLORADO AVALANCHE ", "COLORADO AVALANCHE "], "GA": [0, 0, 0, 0, 0, 0, 0, 0, 0, 0, 0, 0, 0, 0, 0, 0, 0, 0, 0.0, "2", 0, 0, 0, 0, 0, 0, 0, 0, 0, 0, 0, 0, 0, 0, 0, 0, 0, 0, "1", 0, 0], "SA": [0, 0, 0, 0, 0, 0, 0, 0, 0, 0, 0, 0, 0, 0, 0, 0, 0, 0, 0.0, "35", 0, 0, 0, 0, 0, 0, 0, 0, 0, 0, 0, 0, 0, 0, 0, 0, 0, 0, "27", 0, 0]}}