{"game_info": {"date": "2014-03-01", "visitor": "NEW JERSEY DEVILS ", "home": "NEW YORK ISLANDERS ", "game_id": 903, "status": "final"}, "player_stats": {"number": ["2", "6", "7", "8", "11", "14", "16", "17", "18", "19", "20", "21", "22", "26", "28", "29", "34", "68", "30", "35", "3", "11", "12", "13", "14", "15", "18", "21", "26", "27", "29", "36", "37", "40", "43", "44", "47", "53", "20", "45"], "position": ["D", "D", "D", "C", "R", "C", "C", "R", "R", "C", "C", "C", "D", "L", "D", "L", "D", "R", "G", "G", "D", "D", "C", "R", "D", "R", "C", "R", "L", "C", "C", "L", "D", "R", "L", "D", "D", "C", "G", "G"], "name": ["ZIDLICKY, MAREK", "GREENE, ANDY", "FAYNE, MARK", "ZUBRUS, DAINIUS", "GIONTA, STEPHEN", "HENRIQUE, ADAM", "JOSEFSON, JACOB", "RYDER, MICHAEL", "BERNIER, STEVE", "ZAJAC, TRAVIS", "CARTER, RYAN", "LOKTIONOV, ANDREI", "GELINAS, ERIC", "ELIAS, PATRIK", "VOLCHENKOV, ANTON", "CLOWE, RYANE", "MERRILL, JON", "JAGR, JAROMIR", "BRODEUR, MARTIN", "SCHNEIDER, CORY", "HAMONIC, TRAVIS", "VISNOVSKY, LUBOMIR", "BAILEY, JOSH", "MCDONALD, COLIN", "HICKEY, THOMAS", "CLUTTERBUCK, CAL", "STROME, RYAN", "OKPOSO, KYLE", "VANEK, THOMAS", "LEE, ANDERS", "NELSON, BROCK", "BOULTON, ERIC", "STRAIT, BRIAN", "GRABNER, MICHAEL", "HALMO, MIKE", "DE HAAN, CALVIN", "MACDONALD, ANDREW", "CIZIKAS, CASEY", "NABOKOV, EVGENI", "NILSSON, ANDERS"], "G": ["1", 0, "1", 0, 0, "1", 0, 0, 0, 0, 0, 0, "1", 0, 0, "1", 0, "1", 0, 0, 0, 0, 0, 0, 0, 0, 0, "1", 0, 0, 0, 0, 0, 0, 0, 0, 0, 0, 0, 0], "A": ["1", "1", 0, 0, 0, "1", 0, "1", 0, "1", 0, "1", "1", "2", 0, "1", 0, "1", 0, 0, 0, 0, "1", 0, 0, 0, 0, 0, "1", 0, 0, 0, 0, 0, 0, 0, 0, 0, 0, 0], "P": ["2", "1", "1", 0, 0, "2", 0, "1", 0, "1", 0, "1", "2", "2", 0, "2", 0, "2", 0, 0, 0, 0, "1", 0, 0, 0, 0, "1", "1", 0, 0, 0, 0, 0, 0, 0, 0, 0, 0, 0], "+/-": [0, "+1", "+2", 0, 0, 0, 0, "+1", "-1", 0, 0, "+1", 0, 0, 0, "+1", "-1", "+1", 0, 0, 0, "+1", "+1", "-1", "+1", 0, "-1", 0, 0, "-1", "-1", 0, "-2", 0, 0, 0, "-2", 0, 0, 0], "PN": [0, 0, 0, "1", 0, 0, 0, 0, "1", 0, "1", "1", 0, 0, 0, 0, 0, 0, 0, 0, "5", 0, "1", "1", 0, "1", 0, 0, "1", 0, 0, "2", 0, 0, "2", 0, 0, "1", 0, 0], "PIM": [0, 0, 0, "2", 0, 0, 0, 0, "5", 0, "2", "2", 0, 0, 0, 0, 0, 0, 0, 0, "32", 0, "10", "2", 0, "2", 0, 0, "2", 0, 0, "12", 0, 0, "4", 0, 0, "2", 0, 0], "TOT": ["19:29", "23:21", "17:32", "15:39", "10:53", "15:49", "09:24", "17:52", "11:53", "18:06", "11:03", "13:11", "19:54", "14:30", "18:44", "17:15", "21:00", "18:30", "59:55", 0, "18:05", "20:59", "14:43", "10:13", "20:10", "10:49", "14:50", "20:15", "17:57", "12:05", "17:21", "08:37", "21:02", "14:39", "10:36", "20:14", "19:30", "13:48", "40:00", "20:00"], "SHF": ["24", "30", "25", "23", "17", "25", "15", "23", "19", "24", "18", "19", "25", "21", "26", "22", "27", "22", 0, 0, "25", "22", "20", "17", "22", "19", "18", "21", "20", "18", "23", "14", "26", "24", "15", "27", "26", "18", 0, 0], "AVG TOI/SH": ["00:48", "00:46", "00:42", "00:40", "00:38", "00:37", "00:37", "00:46", "00:37", "00:45", "00:36", "00:41", "00:47", "00:41", "00:43", "00:47", "00:46", "00:50", 0, 0, "00:43", "00:57", "00:44", "00:36", "00:55", "00:34", "00:49", "00:57", "00:53", "00:40", "00:45", "00:36", "00:48", "00:36", "00:42", "00:44", "00:45", "00:46", 0, 0], "PP": ["05:16", "05:33", "00:05", "01:00", "00:04", "04:52", "00:04", "06:40", "01:46", "02:29", "01:14", "02:01", "06:19", "04:15", "00:43", "05:48", "05:10", "04:31", "11:28", 0, "00:31", "03:25", "02:06", "00:00", "01:04", "00:00", "01:48", "03:17", "03:31", "01:24", "02:54", "00:00", "00:00", "00:00", "00:00", "01:39", "03:21", "00:00", "03:00", "02:00"], "SH": ["00:00", "03:39", "01:54", "01:08", "01:54", "01:31", "01:22", "00:00", "00:00", "01:25", "01:16", "00:00", "00:01", "01:23", "03:22", "00:00", "01:04", "00:01", "05:00", 0, "03:07", "01:13", "01:23", "02:52", "04:07", "00:55", "00:10", "01:21", "00:00", "00:47", "02:56", "00:24", "06:15", "04:28", "00:47", "04:15", "04:09", "05:29", "04:56", "06:37"], "EV": ["14:13", "14:09", "15:33", "13:31", "08:55", "09:26", "07:58", "11:12", "10:07", "14:12", "08:33", "11:10", "13:34", "08:52", "14:39", "11:27", "14:46", "13:58", "43:27", 0, "14:27", "16:21", "11:14", "07:21", "14:59", "09:54", "12:52", "15:37", "14:26", "09:54", "11:31", "08:13", "14:47", "10:11", "09:49", "14:20", "12:00", "08:19", "32:04", "11:23"], "S": ["5", 0, "2", 0, 0, "4", "1", "6", "3", "2", 0, "1", "2", 0, "1", "2", "2", "4", 0, 0, "1", 0, "1", 0, "1", "2", "1", "1", "3", "3", 0, "1", "1", 0, "1", 0, "1", "2", 0, 0], "A/B": ["2", "1", "1", 0, 0, 0, 0, 0, "1", "2", 0, "1", 0, "2", "1", "2", "1", "2", 0, 0, "2", "2", "1", 0, "1", "1", "3", "1", "1", "1", 0, 0, "1", 0, "1", 0, 0, 0, 0, 0], "MS": ["2", 0, 0, 0, 0, 0, "1", "1", "1", 0, 0, "2", "1", 0, "1", 0, 0, 0, 0, 0, 0, "1", 0, 0, 0, 0, 0, "2", 0, 0, 0, 0, 0, "1", "1", "1", 0, 0, 0, 0], "HT": ["3", "1", "1", "2", "2", 0, 0, "1", "5", 0, "2", 0, 0, 0, "2", "1", 0, 0, 0, 0, "2", "1", 0, "7", 0, "6", "2", 0, 0, "6", "4", "2", "3", "3", "4", "5", "1", "1", 0, 0], "GV": [0, 0, 0, 0, 0, 0, 0, 0, 0, "1", 0, 0, 0, "1", 0, "1", 0, "2", "2", 0, 0, "1", 0, 0, 0, 0, "1", "1", 0, 0, 0, 0, "1", 0, 0, "1", "1", 0, "1", 0], "TK": [0, "1", 0, 0, 0, 0, "1", 0, 0, 0, 0, 0, 0, "2", 0, "1", 0, 0, 0, 0, "1", "1", "1", 0, 0, "2", 0, "1", 0, 0, "1", 0, 0, 0, 0, 0, "1", 0, 0, 0], "BS": [0, "2", "5", "1", "1", "1", 0, 0, 0, "1", 0, 0, "1", 0, "1", 0, "2", 0, 0, 0, "2", "1", "1", 0, 0, 0, 0, 0, 0, "1", 0, 0, "2", 0, 0, "5", "3", "1", 0, 0], "FW": [0, 0, 0, "2", "0", "2", "2", 0, 0, "16", 0, "8", 0, "7", 0, 0, 0, 0, 0, 0, 0, 0, "10", 0, 0, 0, "6", "3", 0, "1", "5", 0, 0, 0, 0, 0, 0, "10", 0, 0], "FL": [0, 0, 0, "4", "3", "4", "5", 0, 0, "5", 0, "4", 0, "10", 0, 0, 0, 0, 0, 0, 0, 0, "9", 0, 0, 0, "4", "6", 0, "1", "9", 0, 0, 0, 0, 0, 0, "8", 0, 0], "F%": [0, 0, 0, "33", "0", "33", "29", 0, 0, "76", 0, "67", 0, "41", 0, 0, 0, 0, 0, 0, 0, 0, "53", 0, 0, 0, "60", "33", 0, "50", "36", 0, 0, 0, 0, 0, 0, "56", 0, 0], "team": ["NEW JERSEY DEVILS ", "NEW JERSEY DEVILS ", "NEW JERSEY DEVILS ", "NEW JERSEY DEVILS ", "NEW JERSEY DEVILS ", "NEW JERSEY DEVILS ", "NEW JERSEY DEVILS ", "NEW JERSEY DEVILS ", "NEW JERSEY DEVILS ", "NEW JERSEY DEVILS ", "NEW JERSEY DEVILS ", "NEW JERSEY DEVILS ", "NEW JERSEY DEVILS ", "NEW JERSEY DEVILS ", "NEW JERSEY DEVILS ", "NEW JERSEY DEVILS ", "NEW JERSEY DEVILS ", "NEW JERSEY DEVILS ", "NEW JERSEY DEVILS ", "NEW JERSEY DEVILS ", "NEW YORK ISLANDERS ", "NEW YORK ISLANDERS ", "NEW YORK ISLANDERS ", "NEW YORK ISLANDERS ", "NEW YORK ISLANDERS ", "NEW YORK ISLANDERS ", "NEW YORK ISLANDERS ", "NEW YORK ISLANDERS ", "NEW YORK ISLANDERS ", "NEW YORK ISLANDERS ", "NEW YORK ISLANDERS ", "NEW YORK ISLANDERS ", "NEW YORK ISLANDERS ", "NEW YORK ISLANDERS ", "NEW YORK ISLANDERS ", "NEW YORK ISLANDERS ", "NEW YORK ISLANDERS ", "NEW YORK ISLANDERS ", "NEW YORK ISLANDERS ", "NEW YORK ISLANDERS "], "GA": [0, 0, 0, 0, 0, 0, 0, 0, 0, 0, 0, 0, 0, 0, 0, 0, 0, 0, "1", 0, 0, 0, 0, 0, 0, 0, 0, 0, 0, 0, 0, 0, 0, 0, 0, 0, 0, 0, "5", "1"], "SA": [0, 0, 0, 0, 0, 0, 0, 0, 0, 0, 0, 0, 0, 0, 0, 0, 0, 0, "19", 0, 0, 0, 0, 0, 0, 0, 0, 0, 0, 0, 0, 0, 0, 0, 0, 0, 0, 0, "19", "16"]}}