{"game_info": {"date": "2013-11-18", "visitor": "BOSTON BRUINS ", "home": "CAROLINA HURRICANES ", "game_id": 309, "status": "final"}, "player_stats": {"number": ["11", "12", "17", "18", "20", "21", "23", "27", "33", "34", "37", "38", "43", "44", "46", "47", "55", "63", "30", "40", "4", "5", "6", "7", "11", "12", "14", "15", "18", "19", "20", "21", "22", "27", "39", "58", "65", "73", "30", "35"], "position": ["C", "R", "L", "R", "L", "L", "C", "D", "D", "C", "C", "R", "D", "D", "C", "D", "D", "C", "G", "G", "D", "D", "D", "D", "C", "C", "C", "R", "R", "C", "C", "L", "C", "D", "R", "L", "D", "D", "G", "G"], "name": ["CAMPBELL, GREGORY", "IGINLA, JAROME", "LUCIC, MILAN", "SMITH, REILLY", "PAILLE, DANIEL", "ERIKSSON, LOUI", "KELLY, CHRIS", "HAMILTON, DOUGIE", "CHARA, ZDENO", "SODERBERG, CARL", "BERGERON, PATRICE", "CARON, JORDAN", "BARTKOWSKI, MATT", "SEIDENBERG, DENNIS", "KREJCI, DAVID", "KRUG, TOREY", "BOYCHUK, JOHNNY", "MARCHAND, BRAD", "JOHNSON, CHAD", "RASK, TUUKKA", "SEKERA, ANDREJ", "KOMISAREK, MIKE", "GLEASON, TIM", "MURPHY, RYAN", "STAAL, JORDAN", "STAAL, ERIC", "GERBE, NATHAN", "RUUTU, TUOMO", "DVORAK, RADEK", "TLUSTY, JIRI", "NASH, RILEY", "BOWMAN, DRAYSON", "MALHOTRA, MANNY", "FAULK, JUSTIN", "DWYER, PATRICK", "TERRY, CHRIS", "HAINSEY, RON", "BELLEMORE, BRETT", "WARD, CAM", "PETERS, JUSTIN"], "G": [0, 0, "1", "1", 0, 0, 0, 0, 0, "1", 0, 0, 0, 0, 0, 0, "1", 0, 0, 0, 0, 0, 0, 0, 0, 0, 0, "1", 0, 0, 0, 0, 0, 0, 0, 0, 0, 0, 0, 0], "A": [0, "1", 0, "1", 0, "1", 0, 0, 0, "1", 0, 0, 0, "1", 0, 0, 0, 0, 0, 0, 0, 0, 0, 0, 0, "1", 0, 0, 0, 0, 0, "1", 0, 0, 0, 0, 0, 0, 0, 0], "P": [0, "1", "1", "2", 0, "1", 0, 0, 0, "2", 0, 0, 0, "1", 0, 0, "1", 0, 0, 0, 0, 0, 0, 0, 0, "1", 0, "1", 0, 0, 0, "1", 0, 0, 0, 0, 0, 0, 0, 0], "+/-": [0, "+2", "+2", "+1", 0, "-1", "+1", 0, "-1", "+1", "-1", 0, "+2", 0, "+2", "+1", "+2", "-1", 0, 0, 0, 0, "-1", "-1", 0, "-2", "-1", "-1", "-1", "-1", 0, "-1", 0, "-2", 0, 0, 0, 0, 0, 0], "PN": ["1", 0, 0, 0, 0, 0, 0, 0, 0, 0, 0, "1", 0, "1", 0, 0, "1", 0, 0, 0, 0, 0, 0, 0, 0, 0, 0, 0, 0, "2", 0, 0, 0, 0, 0, 0, 0, 0, 0, 0], "PIM": ["2", 0, 0, 0, 0, 0, 0, 0, 0, 0, 0, "2", 0, "2", 0, 0, "2", 0, 0, 0, 0, 0, 0, 0, 0, 0, 0, 0, 0, "4", 0, 0, 0, 0, 0, 0, 0, 0, 0, 0], "TOT": ["09:33", "17:52", "16:47", "14:01", "08:09", "17:53", "14:49", "17:07", "23:23", "14:04", "20:03", "08:31", "17:53", "21:11", "18:46", "16:18", "22:01", "13:39", 0, "60:00", "20:04", "06:32", "13:39", "20:12", "19:52", "19:45", "19:08", "19:13", "14:50", "12:15", "08:47", "18:21", "13:00", "22:44", "16:09", "10:42", "23:09", "19:10", "59:26", 0], "SHF": ["19", "18", "18", "16", "16", "21", "23", "21", "31", "16", "25", "15", "24", "27", "18", "24", "26", "19", 0, 0, "29", "10", "19", "26", "24", "24", "24", "23", "21", "20", "15", "23", "20", "30", "22", "14", "29", "26", 0, 0], "AVG TOI/SH": ["00:30", "00:59", "00:55", "00:52", "00:30", "00:51", "00:38", "00:48", "00:45", "00:52", "00:48", "00:34", "00:44", "00:47", "01:02", "00:40", "00:50", "00:43", 0, 0, "00:41", "00:39", "00:43", "00:46", "00:49", "00:49", "00:47", "00:50", "00:42", "00:36", "00:35", "00:47", "00:39", "00:45", "00:44", "00:45", "00:47", "00:44", 0, 0], "PP": ["00:00", "00:42", "00:50", "02:12", "00:00", "02:12", "00:00", "02:20", "00:50", "02:12", "02:20", "00:00", "00:00", "00:00", "00:50", "00:42", "00:00", "00:00", 0, "03:02", "02:41", "00:00", "00:12", "04:06", "03:03", "03:47", "03:14", "03:36", "00:07", "00:07", "01:02", "03:36", "00:07", "03:10", "00:51", "02:23", "02:31", "00:12", "06:57", 0], "SH": ["01:38", "00:37", "00:00", "00:00", "01:24", "00:57", "02:48", "01:29", "04:47", "00:00", "02:54", "00:00", "02:10", "02:37", "00:46", "00:00", "02:50", "01:48", 0, "06:57", "01:22", "00:00", "00:06", "00:06", "00:59", "00:32", "00:23", "00:00", "01:12", "00:00", "00:45", "00:06", "01:08", "01:22", "00:59", "00:00", "01:34", "01:34", "03:02", 0], "EV": ["07:55", "16:33", "15:57", "11:49", "06:45", "14:44", "12:01", "13:18", "17:46", "11:52", "14:49", "08:31", "15:43", "18:34", "17:10", "15:36", "19:11", "11:51", 0, "50:01", "16:01", "06:32", "13:21", "16:00", "15:50", "15:26", "15:31", "15:37", "13:31", "12:08", "07:00", "14:39", "11:45", "18:12", "14:19", "08:19", "19:04", "17:24", "49:27", 0], "S": ["2", "1", "1", "1", "1", 0, "1", "1", "2", "5", "2", "2", 0, "1", "3", "5", "2", 0, 0, 0, "2", "1", 0, "1", 0, "1", "3", "2", 0, "3", 0, "2", 0, "1", "5", "2", "1", 0, 0, 0], "A/B": [0, "1", "4", 0, "1", 0, 0, "1", "4", 0, 0, "2", "1", "2", 0, "2", "1", "1", 0, 0, "2", 0, 0, 0, 0, "3", "1", 0, 0, "3", 0, 0, 0, 0, 0, 0, "1", 0, 0, 0], "MS": [0, "3", "1", "2", "1", "2", 0, 0, "1", "1", 0, "1", 0, 0, "1", "2", "1", 0, 0, 0, 0, 0, 0, "1", "3", "3", "2", 0, 0, "1", 0, 0, 0, 0, 0, "2", "2", "1", 0, 0], "HT": ["1", 0, "6", 0, 0, 0, "1", "4", "1", "1", 0, 0, "3", "1", "2", "1", "1", "1", 0, 0, "1", "4", "2", "1", "4", "1", "3", "5", "2", "2", 0, "1", "1", "1", 0, 0, "1", "5", 0, 0], "GV": [0, 0, "1", 0, 0, "1", 0, 0, "1", 0, 0, 0, 0, "2", 0, 0, 0, "2", 0, 0, 0, 0, 0, "4", 0, "1", 0, "1", "1", 0, 0, "1", "2", 0, "1", "1", 0, 0, "2", 0], "TK": [0, "1", 0, "1", 0, 0, 0, 0, 0, 0, 0, "1", 0, 0, "3", 0, 0, 0, 0, 0, "4", 0, 0, "1", "1", 0, 0, "1", 0, 0, 0, 0, 0, 0, 0, 0, 0, "1", 0, 0], "BS": ["1", 0, 0, 0, 0, 0, "1", 0, "2", 0, 0, 0, "1", "1", 0, "1", "3", 0, 0, 0, "2", 0, "1", 0, "1", "1", 0, "2", "1", "2", 0, "1", 0, "1", "1", 0, "3", "4", 0, 0], "FW": ["4", 0, 0, 0, 0, 0, "3", 0, 0, 0, "13", 0, 0, 0, "3", 0, 0, 0, 0, 0, 0, 0, 0, 0, "6", "9", 0, 0, 0, 0, "6", 0, "11", 0, 0, 0, 0, 0, 0, 0], "FL": ["8", 0, 0, 0, 0, 0, "9", 0, 0, 0, "9", 0, 0, 0, "6", 0, 0, 0, 0, 0, 0, 0, 0, 0, "6", "8", 0, 0, 0, 0, "2", 0, "7", 0, 0, 0, 0, 0, 0, 0], "F%": ["33", 0, 0, 0, 0, 0, "25", 0, 0, 0, "59", 0, 0, 0, "33", 0, 0, 0, 0, 0, 0, 0, 0, 0, "50", "53", 0, 0, 0, 0, "75", 0, "61", 0, 0, 0, 0, 0, 0, 0], "team": ["BOSTON BRUINS ", "BOSTON BRUINS ", "BOSTON BRUINS ", "BOSTON BRUINS ", "BOSTON BRUINS ", "BOSTON BRUINS ", "BOSTON BRUINS ", "BOSTON BRUINS ", "BOSTON BRUINS ", "BOSTON BRUINS ", "BOSTON BRUINS ", "BOSTON BRUINS ", "BOSTON BRUINS ", "BOSTON BRUINS ", "BOSTON BRUINS ", "BOSTON BRUINS ", "BOSTON BRUINS ", "BOSTON BRUINS ", "BOSTON BRUINS ", "BOSTON BRUINS ", "CAROLINA HURRICANES ", "CAROLINA HURRICANES ", "CAROLINA HURRICANES ", "CAROLINA HURRICANES ", "CAROLINA HURRICANES ", "CAROLINA HURRICANES ", "CAROLINA HURRICANES ", "CAROLINA HURRICANES ", "CAROLINA HURRICANES ", "CAROLINA HURRICANES ", "CAROLINA HURRICANES ", "CAROLINA HURRICANES ", "CAROLINA HURRICANES ", "CAROLINA HURRICANES ", "CAROLINA HURRICANES ", "CAROLINA HURRICANES ", "CAROLINA HURRICANES ", "CAROLINA HURRICANES ", "CAROLINA HURRICANES ", "CAROLINA HURRICANES "], "GA": [0, 0, 0, 0, 0, 0, 0, 0, 0, 0, 0, 0, 0, 0, 0, 0, 0, 0, 0.0, "1", 0, 0, 0, 0, 0, 0, 0, 0, 0, 0, 0, 0, 0, 0, 0, 0, 0, 0, "3", 0], "SA": [0, 0, 0, 0, 0, 0, 0, 0, 0, 0, 0, 0, 0, 0, 0, 0, 0, 0, 0.0, "24", 0, 0, 0, 0, 0, 0, 0, 0, 0, 0, 0, 0, 0, 0, 0, 0, 0, 0, "29", 0]}}