{"game_info": {"date": "2014-01-15", "visitor": "VANCOUVER CANUCKS ", "home": "ANAHEIM DUCKS ", "game_id": 709, "status": "final"}, "player_stats": {"number": ["2", "3", "5", "6", "7", "8", "9", "15", "17", "20", "21", "22", "23", "25", "29", "32", "33", "36", "30", "31", "4", "6", "7", "8", "10", "11", "13", "15", "17", "18", "22", "23", "28", "33", "39", "45", "47", "62", "31", "36"], "position": ["D", "D", "D", "D", "L", "D", "R", "R", "C", "L", "C", "L", "D", "C", "L", "R", "C", "R", "G", "G", "D", "D", "C", "R", "R", "C", "C", "C", "R", "R", "C", "D", "D", "R", "L", "D", "D", "L", "G", "G"], "name": ["HAMHUIS, DAN", "BIEKSA, KEVIN", "GARRISON, JASON", "WEBER, YANNICK", "BOOTH, DAVID", "TANEV, CHRISTOPHER", "KASSIAN, ZACK", "RICHARDSON, BRAD", "KESLER, RYAN", "HIGGINS, CHRIS", "DALPE, ZAC", "SEDIN, DANIEL", "EDLER, ALEXANDER", "SANTORELLI, MIKE", "SESTITO, TOM", "WEISE, DALE", "SEDIN, HENRIK", "HANSEN, JANNIK", "ERIKSSON, JOACIM", "LACK, EDDIE", "FOWLER, CAM", "LOVEJOY, BEN", "COGLIANO, ANDREW", "SELANNE, TEEMU", "PERRY, COREY", "KOIVU, SAKU", "BONINO, NICK", "GETZLAF, RYAN", "PENNER, DUSTIN", "JACKMAN, TIM", "PERREAULT, MATHIEU", "BEAUCHEMIN, FRANCOIS", "FISTRIC, MARK", "SILFVERBERG, JAKOB", "BELESKEY, MATT", "VATANEN, SAMI", "LINDHOLM, HAMPUS", "MAROON, PATRICK", "ANDERSEN, FREDERIK", "GIBSON, JOHN"], "G": [0, 0, 0, 0, 0, 0, "1", 0, 0, 0, 0, 0, 0, 0, 0, 0, 0, 0, 0, 0, 0, 0, "1", "2", "2", 0, "2", 0, 0, 0, 0, 0, 0, "1", 0, "1", 0, 0, 0, 0], "A": [0, 0, 0, 0, "1", 0, 0, 0, 0, 0, 0, 0, "1", 0, 0, 0, 0, 0, 0, 0, 0, "1", 0, "1", "2", "1", 0, "2", 0, 0, "1", "1", "1", "1", "1", "2", "2", "1", 0, 0], "P": [0, 0, 0, 0, "1", 0, "1", 0, 0, 0, 0, 0, "1", 0, 0, 0, 0, 0, 0, 0, 0, "1", "1", "3", "4", "1", "2", "2", 0, 0, "1", "1", "1", "2", "1", "3", "2", "1", 0, 0], "+/-": ["-1", "-1", "-1", "-1", 0, "-1", "-2", 0, "-2", "-3", "-1", 0, "-1", 0, 0, 0, "-1", 0, 0, 0, 0, 0, "+1", 0, "+2", "+1", 0, "+2", "+1", 0, 0, "+2", "+1", "+1", 0, "+1", "+2", "+1", 0, 0], "PN": [0, "2", "1", "1", 0, "1", "2", 0, "1", 0, 0, 0, "1", 0, "4", 0, 0, "3", 0, 0, 0, 0, 0, 0, 0, "2", 0, 0, 0, "2", 0, 0, 0, 0, 0, "1", 0, "1", 0, 0], "PIM": [0, "12", "2", "2", 0, "2", "12", 0, "2", 0, 0, 0, "2", 0, "22", 0, 0, "17", 0, 0, 0, 0, 0, 0, 0, "4", 0, 0, 0, "15", 0, 0, 0, 0, 0, "2", 0, "10", 0, 0], "TOT": ["25:04", "19:05", "18:24", "18:10", "11:44", "20:43", "09:45", "15:04", "14:55", "14:14", "10:19", "16:27", "19:40", "17:38", "08:35", "10:52", "17:31", "12:08", "36:02", "23:58", "18:52", "18:53", "14:07", "16:33", "14:38", "12:54", "16:56", "15:00", "15:27", "10:39", "15:53", "21:29", "18:45", "15:47", "15:15", "21:36", "19:36", "11:44", "59:58", 0], "SHF": ["31", "27", "23", "21", "17", "28", "15", "22", "19", "18", "14", "17", "28", "22", "13", "14", "19", "16", 0, 0, "26", "24", "23", "20", "21", "20", "23", "22", "19", "13", "18", "21", "24", "22", "23", "24", "23", "14", 0, 0], "AVG TOI/SH": ["00:48", "00:42", "00:48", "00:51", "00:41", "00:44", "00:39", "00:41", "00:47", "00:47", "00:44", "00:58", "00:42", "00:48", "00:39", "00:46", "00:55", "00:45", 0, 0, "00:43", "00:47", "00:36", "00:49", "00:41", "00:38", "00:44", "00:40", "00:48", "00:49", "00:52", "01:01", "00:46", "00:43", "00:39", "00:54", "00:51", "00:50", 0, 0], "PP": ["02:08", "03:01", "02:20", "03:24", "00:47", "00:00", "00:57", "00:00", "03:56", "00:00", "00:00", "04:42", "01:41", "01:40", "00:00", "00:00", "04:04", "00:00", "03:58", "01:46", "01:22", "02:49", "03:12", "05:57", "01:10", "03:13", "03:35", "00:58", "03:43", "01:34", "05:53", "02:47", "02:48", "03:22", "02:44", "08:06", "05:18", "01:46", "12:01", 0], "SH": ["07:19", "02:04", "03:00", "01:44", "00:00", "05:46", "00:00", "04:04", "02:59", "03:34", "00:00", "01:01", "04:13", "03:33", "00:00", "00:00", "01:01", "00:29", "10:02", "02:01", "03:15", "02:00", "01:28", "00:00", "01:18", "00:25", "01:50", "02:27", "00:00", "00:00", "00:00", "03:25", "02:40", "02:04", "01:56", "00:08", "00:00", "00:00", "05:44", 0], "EV": ["15:37", "14:00", "13:04", "13:02", "10:57", "14:57", "08:48", "11:00", "08:00", "10:40", "10:19", "10:44", "13:46", "12:25", "08:35", "10:52", "12:26", "11:39", "22:02", "20:11", "14:15", "14:04", "09:27", "10:36", "12:10", "09:16", "11:31", "11:35", "11:44", "09:05", "10:00", "15:17", "13:17", "10:21", "10:35", "13:22", "14:18", "09:58", "42:13", 0], "S": ["6", "2", "1", 0, "4", 0, "1", 0, "3", "1", 0, "3", "3", "4", 0, "1", "1", "2", 0, 0, 0, "4", "5", "5", "3", "1", "5", 0, 0, "3", "2", "1", 0, "3", "2", "6", "2", "2", 0, 0], "A/B": ["1", "1", "1", "1", 0, "2", 0, 0, 0, "1", "1", "2", "1", "2", 0, 0, "1", 0, 0, 0, "1", "3", 0, "1", "2", 0, 0, 0, 0, 0, 0, "2", "1", 0, "1", "1", "2", "2", 0, 0], "MS": [0, "2", 0, "2", "2", "1", 0, 0, "2", "1", "1", "2", 0, 0, "1", "1", 0, "1", 0, 0, 0, 0, "1", "4", "2", 0, "1", "1", "1", 0, "1", "2", "2", "2", 0, "3", 0, 0, 0, 0], "HT": ["2", 0, "1", "1", "3", 0, "1", "2", "4", "1", 0, 0, "4", "2", "1", "2", "2", 0, 0, 0, 0, "3", "1", 0, "2", 0, "1", "2", 0, "2", "1", "3", "3", 0, "1", "2", 0, "4", 0, 0], "GV": [0, 0, "1", 0, "1", "1", "1", 0, "2", "1", 0, "1", 0, "1", "1", 0, 0, 0, 0, 0, 0, 0, "1", "2", "1", 0, "1", "2", 0, "1", "1", "1", 0, 0, 0, 0, 0, "1", "1", 0], "TK": [0, 0, 0, 0, 0, 0, 0, 0, "2", 0, 0, 0, 0, 0, 0, "1", "1", 0, 0, 0, 0, 0, 0, 0, 0, "1", "2", 0, 0, 0, 0, 0, 0, 0, "1", "2", 0, "1", 0, 0], "BS": ["2", "1", "2", 0, 0, "1", 0, "3", 0, "2", 0, 0, "4", 0, 0, "1", 0, 0, 0, 0, "1", "3", "1", 0, 0, 0, "1", 0, 0, 0, "2", "1", "2", 0, 0, "2", "1", 0, 0, 0], "FW": [0, 0, 0, 0, 0, 0, 0, "10", "8", "1", "2", "0", 0, "7", 0, 0, "9", 0, 0, 0, 0, 0, "0", "3", "1", "9", "9", "4", 0, 0, "10", 0, 0, 0, 0, 0, 0, 0, 0, 0], "FL": [0, 0, 0, 0, 0, 0, 0, "8", "9", "1", "3", "1", 0, "10", 0, 0, "4", 0, 0, 0, 0, 0, "1", "2", "0", "11", "8", "12", 0, 0, "3", 0, 0, 0, 0, 0, 0, 0, 0, 0], "F%": [0, 0, 0, 0, 0, 0, 0, "56", "47", "50", "40", "0", 0, "41", 0, 0, "69", 0, 0, 0, 0, 0, "0", "60", "100", "45", "53", "25", 0, 0, "77", 0, 0, 0, 0, 0, 0, 0, 0, 0], "team": ["VANCOUVER CANUCKS ", "VANCOUVER CANUCKS ", "VANCOUVER CANUCKS ", "VANCOUVER CANUCKS ", "VANCOUVER CANUCKS ", "VANCOUVER CANUCKS ", "VANCOUVER CANUCKS ", "VANCOUVER CANUCKS ", "VANCOUVER CANUCKS ", "VANCOUVER CANUCKS ", "VANCOUVER CANUCKS ", "VANCOUVER CANUCKS ", "VANCOUVER CANUCKS ", "VANCOUVER CANUCKS ", "VANCOUVER CANUCKS ", "VANCOUVER CANUCKS ", "VANCOUVER CANUCKS ", "VANCOUVER CANUCKS ", "VANCOUVER CANUCKS ", "VANCOUVER CANUCKS ", "ANAHEIM DUCKS ", "ANAHEIM DUCKS ", "ANAHEIM DUCKS ", "ANAHEIM DUCKS ", "ANAHEIM DUCKS ", "ANAHEIM DUCKS ", "ANAHEIM DUCKS ", "ANAHEIM DUCKS ", "ANAHEIM DUCKS ", "ANAHEIM DUCKS ", "ANAHEIM DUCKS ", "ANAHEIM DUCKS ", "ANAHEIM DUCKS ", "ANAHEIM DUCKS ", "ANAHEIM DUCKS ", "ANAHEIM DUCKS ", "ANAHEIM DUCKS ", "ANAHEIM DUCKS ", "ANAHEIM DUCKS ", "ANAHEIM DUCKS "], "GA": [0, 0, 0, 0, 0, 0, 0, 0, 0, 0, 0, 0, 0, 0, 0, 0, 0, 0, "6", "3", 0, 0, 0, 0, 0, 0, 0, 0, 0, 0, 0, 0, 0, 0, 0, 0, 0, 0, "1", 0], "SA": [0, 0, 0, 0, 0, 0, 0, 0, 0, 0, 0, 0, 0, 0, 0, 0, 0, 0, "31", "13", 0, 0, 0, 0, 0, 0, 0, 0, 0, 0, 0, 0, 0, 0, 0, 0, 0, 0, "32", 0]}}