{"game_info": {"date": "2013-10-26", "visitor": "EDMONTON OILERS ", "home": "PHOENIX COYOTES ", "game_id": 164, "status": "final"}, "player_stats": {"number": ["2", "5", "14", "19", "20", "21", "26", "27", "28", "37", "41", "55", "57", "64", "68", "77", "83", "93", "1", "40", 0, "3", "4", "6", "11", "12", "14", "17", "18", "19", "23", "24", "26", "34", "36", "50", "53", "63", "89", "1", "41"], "position": ["D", "D", "C", "D", "L", "D", "R", "C", "L", "D", "R", "L", "L", "R", "C", "D", "R", "C", "G", "G", 0, "D", "D", "D", "C", "L", "C", "R", "R", "R", "D", "C", "D", "L", "C", "C", "D", "C", "L", "G", "G"], "name": ["PETRY, JEFF", "SMID, LADISLAV", "EBERLE, JORDAN", "SCHULTZ, JUSTIN", "GAZDIC, LUKE", "FERENCE, ANDREW", "ARCOBELLO, MARK", "GORDON, BOYD", "JONES, RYAN", "GREBESHKOV, DENIS", "ACTON, WILL", "EAGER, BEN", "PERRON, DAVID", "YAKUPOV, NAIL", "PITLICK, TYLER", "BELOV, ANTON", "HEMSKY, ALES", "NUGENT-HOPKINS, RYAN", "LABARBERA, JASON", "DUBNYK, DEVAN", "TEAM PENALTY", "YANDLE, KEITH", "MICHALEK, ZBYNEK", "SCHLEMKO, DAVID", "HANZAL, MARTIN", "BISSONNETTE, PAUL", "HALPERN, JEFF", "VRBATA, RADIM", "MOSS, DAVID", "DOAN, SHANE", "EKMAN-LARSSON, OLIVER", "CHIPCHURA, KYLE", "STONE, MICHAEL", "KENNEDY, TIM", "KLINKHAMMER, ROB", "VERMETTE, ANTOINE", "MORRIS, DEREK", "RIBEIRO, MIKE", "BOEDKER, MIKKEL", "GREISS, THOMAS", "SMITH, MIKE"], "G": [0, 0, 0, 0, 0, 0, 0, 0, "1", 0, "1", 0, "1", 0, "1", 0, 0, 0, 0, 0, 0, "1", 0, "1", "1", 0, 0, 0, 0, 0, "1", 0, "1", 0, 0, 0, 0, 0, 0, 0, 0], "A": [0, 0, 0, "1", "1", 0, 0, 0, 0, 0, 0, "1", 0, "1", 0, 0, 0, "2", 0, 0, 0, "1", 0, 0, 0, 0, 0, "3", 0, "1", "2", 0, 0, "1", 0, 0, 0, 0, 0, 0, 0], "P": [0, 0, 0, "1", "1", 0, 0, 0, "1", 0, "1", "1", "1", "1", "1", 0, 0, "2", 0, 0, 0, "2", 0, "1", "1", 0, 0, "3", 0, "1", "3", 0, "1", "1", 0, 0, 0, 0, 0, 0, 0], "+/-": [0, 0, "-1", "+1", "+1", 0, "-2", "+1", "+2", 0, "+1", "+1", "-1", 0, "+1", "+1", "-1", "+1", 0, 0, 0, "-1", "+1", "-1", 0, 0, 0, 0, "-1", "+1", "+1", "-1", "-1", "-1", "+1", 0, "-1", "-1", "-1", 0, 0], "PN": ["1", "1", 0, 0, 0, "1", "1", 0, "1", 0, 0, 0, 0, 0, 0, 0, 0, 0, 0, 0, "1", 0, 0, 0, "1", 0, 0, 0, 0, "1", 0, 0, 0, 0, 0, 0, 0, 0, 0, 0, 0], "PIM": ["2", "2", 0, 0, 0, "2", "2", 0, "2", 0, 0, 0, 0, 0, 0, 0, 0, 0, 0, 0, "2", 0, 0, 0, "2", 0, 0, 0, 0, "2", 0, 0, 0, 0, 0, 0, 0, 0, 0, 0, 0], "TOT": ["24:32", "18:17", "21:46", "20:12", "06:18", "19:25", "18:34", "19:16", "12:58", "16:19", "08:33", "06:44", "20:47", "16:16", "06:08", "19:39", "19:14", "16:49", "57:48", "00:39", 0, "25:35", "18:02", "15:06", "21:53", "02:18", "02:25", "19:34", "15:58", "21:14", "24:50", "03:13", "14:20", "11:47", "15:27", "21:47", "22:07", "22:19", "18:13", 0, "59:52"], "SHF": ["29", "24", "32", "25", "9", "25", "28", "29", "21", "20", "17", "12", "26", "22", "10", "28", "26", "22", 0, 0, 0, "28", "24", "22", "25", "3", "4", "23", "21", "26", "31", "4", "20", "17", "19", "29", "29", "24", "24", 0, 0], "AVG TOI/SH": ["00:50", "00:45", "00:40", "00:48", "00:42", "00:46", "00:39", "00:39", "00:37", "00:48", "00:30", "00:33", "00:47", "00:44", "00:36", "00:42", "00:44", "00:45", 0, 0, 0, "00:54", "00:45", "00:41", "00:52", "00:46", "00:36", "00:51", "00:45", "00:49", "00:48", "00:48", "00:43", "00:41", "00:48", "00:45", "00:45", "00:55", "00:45", 0, 0], "PP": ["01:10", "00:00", "01:54", "01:34", "00:00", "00:00", "00:45", "00:00", "00:40", "00:50", "00:00", "00:00", "01:34", "01:25", "00:10", "00:54", "01:19", "01:25", "02:44", "00:00", 0, "06:01", "00:00", "01:09", "05:48", "00:00", "00:00", "05:48", "00:00", "02:48", "06:57", "00:00", "01:40", "00:00", "00:19", "02:48", "01:25", "06:40", "01:37", 0, "08:36"], "SH": ["04:42", "03:29", "04:10", "01:32", "00:00", "04:22", "02:40", "05:21", "00:00", "00:15", "03:09", "00:00", "00:49", "00:00", "00:00", "02:52", "00:00", "01:03", "08:36", "00:00", 0, "00:00", "01:38", "01:06", "00:48", "00:00", "00:00", "00:00", "01:33", "00:00", "01:38", "00:00", "00:00", "00:00", "00:00", "01:36", "01:06", "00:30", "01:01", 0, "02:44"], "EV": ["18:40", "14:48", "15:42", "17:06", "06:18", "15:03", "15:09", "13:55", "12:18", "15:14", "05:24", "06:44", "18:24", "14:51", "05:58", "15:53", "17:55", "14:21", "46:28", "00:39", 0, "19:34", "16:24", "12:51", "15:17", "02:18", "02:25", "13:46", "14:25", "18:26", "16:15", "03:13", "12:40", "11:47", "15:08", "17:23", "19:36", "15:09", "15:35", 0, "48:32"], "S": ["1", 0, "3", 0, "1", "3", "3", "2", "2", "1", "3", "1", "6", "1", "1", "1", "1", 0, 0, 0, 0, "3", "1", "2", "2", 0, 0, "4", "4", "2", "2", 0, "2", 0, 0, "5", "1", 0, 0, 0, 0], "A/B": ["1", 0, 0, "1", 0, "1", 0, 0, 0, 0, 0, "2", "1", 0, 0, "2", "1", 0, 0, 0, 0, 0, "1", 0, "3", 0, 0, "2", 0, 0, "3", 0, "2", 0, 0, "1", 0, "1", "1", 0, 0], "MS": [0, 0, 0, 0, 0, "1", "3", 0, 0, 0, 0, "1", 0, 0, 0, 0, "1", "1", 0, 0, 0, "2", 0, 0, "1", 0, 0, "1", 0, "1", "3", 0, 0, "1", 0, "1", "1", "1", 0, 0, 0], "HT": ["2", "3", "1", "1", 0, "4", "3", 0, 0, "2", "1", "2", "1", 0, "3", "4", 0, "1", 0, 0, 0, "1", 0, "2", "2", 0, 0, 0, "3", "1", "1", "2", "2", "2", "3", "2", "2", 0, "3", 0, 0], "GV": [0, 0, 0, 0, 0, 0, "1", 0, 0, 0, 0, 0, "1", 0, 0, "1", 0, "1", "1", 0, 0, "1", "1", 0, 0, 0, 0, 0, 0, 0, 0, 0, 0, 0, 0, 0, 0, 0, 0, 0, "1"], "TK": [0, 0, 0, 0, 0, 0, "1", 0, 0, 0, "1", "1", "1", "1", 0, 0, "1", 0, 0, 0, 0, 0, "1", 0, 0, 0, 0, 0, 0, 0, "1", 0, 0, "1", 0, "1", "1", "1", "1", 0, 0], "BS": ["1", "1", "1", "1", 0, "1", 0, "2", "2", "2", "1", 0, 0, 0, 0, "2", 0, 0, 0, 0, 0, "1", 0, "1", "1", 0, "1", 0, 0, 0, 0, 0, "3", 0, 0, 0, "2", 0, 0, 0, 0], "FW": [0, 0, "0", 0, 0, 0, "8", "13", 0, 0, "3", 0, 0, 0, "0", 0, 0, "2", 0, 0, 0, 0, 0, 0, "12", 0, "1", "0", "1", "0", 0, "0", 0, 0, 0, "14", 0, "6", 0, 0, 0], "FL": [0, 0, "1", 0, 0, 0, "8", "11", 0, 0, "5", 0, 0, 0, "1", 0, 0, "8", 0, 0, 0, 0, 0, 0, "7", 0, "0", "1", "0", "1", 0, "1", 0, 0, 0, "10", 0, "6", 0, 0, 0], "F%": [0, 0, "0", 0, 0, 0, "50", "54", 0, 0, "38", 0, 0, 0, "0", 0, 0, "20", 0, 0, 0, 0, 0, 0, "63", 0, "100", "0", "100", "0", 0, "0", 0, 0, 0, "58", 0, "50", 0, 0, 0], "team": ["EDMONTON OILERS ", "EDMONTON OILERS ", "EDMONTON OILERS ", "EDMONTON OILERS ", "EDMONTON OILERS ", "EDMONTON OILERS ", "EDMONTON OILERS ", "EDMONTON OILERS ", "EDMONTON OILERS ", "EDMONTON OILERS ", "EDMONTON OILERS ", "EDMONTON OILERS ", "EDMONTON OILERS ", "EDMONTON OILERS ", "EDMONTON OILERS ", "EDMONTON OILERS ", "EDMONTON OILERS ", "EDMONTON OILERS ", "EDMONTON OILERS ", "EDMONTON OILERS ", "EDMONTON OILERS ", "PHOENIX COYOTES ", "PHOENIX COYOTES ", "PHOENIX COYOTES ", "PHOENIX COYOTES ", "PHOENIX COYOTES ", "PHOENIX COYOTES ", "PHOENIX COYOTES ", "PHOENIX COYOTES ", "PHOENIX COYOTES ", "PHOENIX COYOTES ", "PHOENIX COYOTES ", "PHOENIX COYOTES ", "PHOENIX COYOTES ", "PHOENIX COYOTES ", "PHOENIX COYOTES ", "PHOENIX COYOTES ", "PHOENIX COYOTES ", "PHOENIX COYOTES ", "PHOENIX COYOTES ", "PHOENIX COYOTES "], "GA": [0, 0, 0, 0, 0, 0, 0, 0, 0, 0, 0, 0, 0, 0, 0, 0, 0, 0, "5", "0", 0, 0, 0, 0, 0, 0, 0, 0, 0, 0, 0, 0, 0, 0, 0, 0, 0, 0, 0, 0, "4"], "SA": [0, 0, 0, 0, 0, 0, 0, 0, 0, 0, 0, 0, 0, 0, 0, 0, 0, 0, "27", "1", 0, 0, 0, 0, 0, 0, 0, 0, 0, 0, 0, 0, 0, 0, 0, 0, 0, 0, 0, 0, "30"]}}