{"game_info": {"date": "2014-03-29", "visitor": "NEW JERSEY DEVILS ", "home": "NEW YORK ISLANDERS ", "game_id": 1113, "status": "final"}, "player_stats": {"number": ["2", "6", "7", "8", "10", "11", "12", "14", "15", "17", "18", "19", "20", "22", "26", "29", "34", "68", "30", "35", "3", "7", "12", "13", "14", "15", "17", "18", "24", "27", "28", "29", "43", "44", "46", "51", "53", "56", "20", "45", 0], "position": ["D", "D", "D", "C", "D", "R", "C", "C", "R", "R", "R", "C", "C", "D", "L", "L", "D", "R", "G", "G", "D", "D", "C", "R", "D", "R", "L", "C", "D", "C", "C", "C", "L", "D", "D", "C", "C", "L", "G", "G", 0], "name": ["ZIDLICKY, MAREK", "GREENE, ANDY", "FAYNE, MARK", "ZUBRUS, DAINIUS", "HARROLD, PETER", "GIONTA, STEPHEN", "BRUNNER, DAMIEN", "HENRIQUE, ADAM", "RUUTU, TUOMO", "RYDER, MICHAEL", "BERNIER, STEVE", "ZAJAC, TRAVIS", "CARTER, RYAN", "GELINAS, ERIC", "ELIAS, PATRIK", "CLOWE, RYANE", "MERRILL, JON", "JAGR, JAROMIR", "BRODEUR, MARTIN", "SCHNEIDER, CORY", "HAMONIC, TRAVIS", "CARKNER, MATT", "BAILEY, JOSH", "MCDONALD, COLIN", "HICKEY, THOMAS", "CLUTTERBUCK, CAL", "MARTIN, MATT", "STROME, RYAN", "CZUCZMAN, KEVIN", "LEE, ANDERS", "SUNDSTROM, JOHAN", "NELSON, BROCK", "HALMO, MIKE", "DE HAAN, CALVIN", "DONOVAN, MATT", "NIELSEN, FRANS", "CIZIKAS, CASEY", "PERSSON, JOHN", "NABOKOV, EVGENI", "NILSSON, ANDERS", "TEAM PENALTY"], "G": [0, 0, 0, 0, 0, 0, 0, "1", 0, 0, 0, 0, 0, 0, 0, 0, 0, 0, 0, 0, 0, 0, 0, 0, 0, 0, 0, 0, 0, 0, 0, 0, 0, 0, 0, "1", 0, 0, 0, 0, 0], "A": [0, 0, 0, 0, 0, 0, "1", 0, 0, 0, 0, 0, 0, 0, "1", 0, 0, 0, 0, 0, 0, 0, "1", 0, 0, 0, 0, 0, 0, 0, 0, 0, 0, 0, 0, 0, 0, 0, 0, 0, 0], "P": [0, 0, 0, 0, 0, 0, "1", "1", 0, 0, 0, 0, 0, 0, "1", 0, 0, 0, 0, 0, 0, 0, "1", 0, 0, 0, 0, 0, 0, 0, 0, 0, 0, 0, 0, "1", 0, 0, 0, 0, 0], "+/-": [0, "+1", "+1", 0, "-1", 0, "+1", "+1", "-1", 0, 0, 0, 0, "-1", 0, 0, 0, "-1", 0, 0, "+1", 0, "+1", 0, "-1", "-1", 0, 0, "-1", "+1", 0, "-1", 0, "+1", 0, "+1", 0, "-1", 0, 0, 0], "PN": ["1", 0, 0, 0, 0, 0, 0, 0, 0, 0, 0, 0, "1", 0, 0, 0, 0, 0, 0, 0, 0, 0, 0, 0, "1", 0, 0, 0, 0, "1", 0, 0, 0, 0, 0, 0, 0, 0, 0, 0, "1"], "PIM": ["2", 0, 0, 0, 0, 0, 0, 0, 0, 0, 0, 0, "2", 0, 0, 0, 0, 0, 0, 0, 0, 0, 0, 0, "2", 0, 0, 0, 0, "2", 0, 0, 0, 0, 0, 0, 0, 0, 0, 0, "2"], "TOT": ["24:22", "29:58", "22:15", "16:45", "18:47", "07:44", "13:14", "20:30", "14:53", "16:27", "09:06", "22:44", "08:06", "15:09", "18:22", "18:33", "18:36", "20:29", 0, "65:00", "26:42", "12:35", "16:41", "17:59", "22:10", "18:25", "18:29", "21:05", "19:38", "14:53", "06:56", "18:41", "07:03", "26:11", "20:49", "18:44", "16:26", "10:33", 0, "65:00", 0], "SHF": ["29", "32", "25", "19", "26", "11", "17", "27", "18", "19", "11", "27", "12", "16", "25", "21", "25", "24", 0, 0, "31", "16", "25", "22", "27", "28", "21", "25", "22", "24", "10", "26", "11", "30", "25", "33", "22", "15", 0, 0, 0], "AVG TOI/SH": ["00:50", "00:56", "00:53", "00:52", "00:43", "00:42", "00:46", "00:45", "00:49", "00:51", "00:49", "00:50", "00:40", "00:56", "00:44", "00:53", "00:44", "00:51", 0, 0, "00:51", "00:47", "00:40", "00:49", "00:49", "00:39", "00:52", "00:50", "00:53", "00:37", "00:41", "00:43", "00:38", "00:52", "00:49", "00:34", "00:44", "00:42", 0, 0, 0], "PP": ["02:32", "03:09", "00:00", "00:06", "00:10", "00:00", "01:31", "02:50", "00:10", "01:17", "00:00", "02:51", "00:00", "04:23", "02:33", "02:52", "00:46", "03:15", 0, "05:41", "00:57", "00:00", "01:03", "00:21", "00:41", "00:35", "00:39", "03:06", "00:13", "02:23", "00:00", "02:25", "00:00", "01:07", "02:21", "02:03", "00:18", "00:13", 0, "03:41", 0], "SH": ["00:00", "02:48", "02:33", "02:00", "00:45", "00:40", "00:00", "00:56", "00:17", "00:00", "00:00", "02:05", "00:15", "00:00", "01:09", "00:00", "01:16", "00:00", 0, "03:41", "03:48", "00:00", "00:10", "00:05", "01:18", "03:15", "00:00", "00:05", "00:40", "00:00", "00:00", "02:03", "00:00", "03:41", "01:55", "02:25", "03:19", "00:00", 0, "05:41", 0], "EV": ["21:50", "24:01", "19:42", "14:39", "17:52", "07:04", "11:43", "16:44", "14:26", "15:10", "09:06", "17:48", "07:51", "10:46", "14:40", "15:41", "16:34", "17:14", 0, "55:38", "21:57", "12:35", "15:28", "17:33", "20:11", "14:35", "17:50", "17:54", "18:45", "12:30", "06:56", "14:13", "07:03", "21:23", "16:33", "14:16", "12:49", "10:20", 0, "55:38", 0], "S": ["1", "1", "2", 0, "1", 0, 0, "5", "1", "2", 0, "1", 0, "3", "2", 0, 0, "5", 0, 0, 0, 0, "2", "1", "1", 0, 0, "3", 0, "2", 0, "1", "2", "1", "2", "3", "2", 0, 0, 0, 0], "A/B": ["3", "3", "2", 0, 0, "1", "1", "1", "1", "2", "1", "1", "1", 0, 0, 0, "1", "3", 0, 0, "3", "2", 0, "1", "1", "1", "1", "2", 0, 0, 0, "1", 0, "1", "1", 0, 0, 0, 0, 0, 0], "MS": [0, "2", 0, "1", "2", "1", 0, "1", 0, 0, "1", "4", 0, "1", 0, 0, 0, "1", 0, 0, 0, 0, "1", 0, "1", "2", "1", 0, "3", "1", "2", "2", "1", "1", 0, 0, "1", 0, 0, 0, 0], "HT": ["4", 0, "2", "1", 0, 0, 0, 0, "3", "1", 0, 0, "1", "2", "1", "1", 0, 0, 0, 0, "3", "2", "1", "4", 0, "9", "6", 0, 0, "4", 0, "2", "3", "3", "1", "1", "3", "4", 0, 0, 0], "GV": ["2", 0, "1", 0, 0, 0, "2", "1", 0, "1", 0, 0, 0, 0, "1", 0, 0, "2", 0, "1", "3", 0, "1", 0, "2", "1", 0, "1", 0, 0, 0, 0, 0, "3", 0, 0, 0, 0, 0, "2", 0], "TK": [0, "1", 0, "1", 0, "1", "1", 0, "1", "1", 0, 0, 0, "1", "1", "2", 0, 0, 0, 0, "1", 0, "1", "1", "1", 0, 0, "3", "2", "2", "1", "1", 0, "1", 0, "3", "1", 0, 0, 0, 0], "BS": ["3", "1", "1", "1", "1", 0, 0, "1", 0, 0, "1", 0, 0, 0, 0, "2", "3", 0, 0, 0, "2", 0, "1", "1", "1", 0, "2", "1", 0, 0, 0, "3", 0, "6", "2", "1", 0, "1", 0, 0, 0], "FW": [0, 0, 0, "7", 0, "4", 0, "2", 0, 0, 0, "8", 0, 0, "7", 0, 0, 0, 0, 0, 0, 0, "1", 0, 0, 0, "0", "11", 0, 0, 0, "5", 0, 0, 0, "4", "4", 0, 0, 0, 0], "FL": [0, 0, 0, "4", 0, "3", 0, "6", 0, 0, 0, "5", 0, 0, "7", 0, 0, 0, 0, 0, 0, 0, "0", 0, 0, 0, "1", "8", 0, 0, 0, "7", 0, 0, 0, "5", "7", 0, 0, 0, 0], "F%": [0, 0, 0, "64", 0, "57", 0, "25", 0, 0, 0, "62", 0, 0, "50", 0, 0, 0, 0, 0, 0, 0, "100", 0, 0, 0, "0", "58", 0, 0, 0, "42", 0, 0, 0, "44", "36", 0, 0, 0, 0], "team": ["NEW JERSEY DEVILS ", "NEW JERSEY DEVILS ", "NEW JERSEY DEVILS ", "NEW JERSEY DEVILS ", "NEW JERSEY DEVILS ", "NEW JERSEY DEVILS ", "NEW JERSEY DEVILS ", "NEW JERSEY DEVILS ", "NEW JERSEY DEVILS ", "NEW JERSEY DEVILS ", "NEW JERSEY DEVILS ", "NEW JERSEY DEVILS ", "NEW JERSEY DEVILS ", "NEW JERSEY DEVILS ", "NEW JERSEY DEVILS ", "NEW JERSEY DEVILS ", "NEW JERSEY DEVILS ", "NEW JERSEY DEVILS ", "NEW JERSEY DEVILS ", "NEW JERSEY DEVILS ", "NEW YORK ISLANDERS ", "NEW YORK ISLANDERS ", "NEW YORK ISLANDERS ", "NEW YORK ISLANDERS ", "NEW YORK ISLANDERS ", "NEW YORK ISLANDERS ", "NEW YORK ISLANDERS ", "NEW YORK ISLANDERS ", "NEW YORK ISLANDERS ", "NEW YORK ISLANDERS ", "NEW YORK ISLANDERS ", "NEW YORK ISLANDERS ", "NEW YORK ISLANDERS ", "NEW YORK ISLANDERS ", "NEW YORK ISLANDERS ", "NEW YORK ISLANDERS ", "NEW YORK ISLANDERS ", "NEW YORK ISLANDERS ", "NEW YORK ISLANDERS ", "NEW YORK ISLANDERS ", "NEW YORK ISLANDERS "], "GA": [0, 0, 0, 0, 0, 0, 0, 0, 0, 0, 0, 0, 0, 0, 0, 0, 0, 0, 0.0, "1", 0, 0, 0, 0, 0, 0, 0, 0, 0, 0, 0, 0, 0, 0, 0, 0, 0, 0, 0, "1", 0], "SA": [0, 0, 0, 0, 0, 0, 0, 0, 0, 0, 0, 0, 0, 0, 0, 0, 0, 0, 0.0, "20", 0, 0, 0, 0, 0, 0, 0, 0, 0, 0, 0, 0, 0, 0, 0, 0, 0, 0, 0, "24", 0]}}