{"game_info": {"date": "2013-10-07", "visitor": "NEW YORK RANGERS ", "home": "LOS ANGELES KINGS ", "game_id": 36, "status": "final"}, "player_stats": {"number": ["4", "5", "6", "14", "15", "16", "17", "18", "19", "21", "22", "24", "27", "28", "36", "45", "61", "67", "30", "43", "2", "6", "8", "10", "11", "13", "14", "21", "22", "23", "24", "26", "28", "33", "44", "71", "74", "77", "32", "54"], "position": ["D", "D", "D", "L", "R", "C", "D", "D", "C", "C", "C", "R", "D", "C", "C", "R", "L", "L", "G", "G", "D", "D", "D", "C", "C", "L", "R", "R", "C", "L", "C", "D", "C", "D", "D", "C", "L", "C", "G", "G"], "name": ["DEL ZOTTO, MICHAEL", "GIRARDI, DAN", "STRALMAN, ANTON", "PYATT, TAYLOR", "DORSETT, DEREK", "BRASSARD, DERICK", "MOORE, JOHN", "STAAL, MARC", "RICHARDS, BRAD", "STEPAN, DEREK", "BOYLE, BRIAN", "CALLAHAN, RYAN", "MCDONAGH, RYAN", "MOORE, DOMINIC", "ZUCCARELLO, MATS", "ASHAM, ARRON", "NASH, RICK", "POULIOT, BENOIT", "LUNDQVIST, HENRIK", "BIRON, MARTIN", "GREENE, MATT", "MUZZIN, JAKE", "DOUGHTY, DREW", "RICHARDS, MIKE", "KOPITAR, ANZE", "CLIFFORD, KYLE", "WILLIAMS, JUSTIN", "FRATTIN, MATT", "LEWIS, TREVOR", "BROWN, DUSTIN", "FRASER, COLIN", "VOYNOV, SLAVA", "STOLL, JARRET", "MITCHELL, WILLIE", "REGEHR, ROBYN", "NOLAN, JORDAN", "KING, DWIGHT", "CARTER, JEFF", "QUICK, JONATHAN", "SCRIVENS, BEN"], "G": [0, 0, 0, 0, 0, 0, 0, 0, "2", 0, 0, 0, "1", 0, 0, 0, 0, 0, 0, 0, 0, "1", 0, 0, 0, 0, 0, 0, 0, 0, 0, 0, 0, 0, 0, 0, 0, 0, 0, 0], "A": [0, 0, 0, 0, 0, 0, 0, 0, 0, "1", "1", 0, 0, 0, 0, 0, "2", 0, 0, 0, 0, 0, 0, "1", 0, 0, 0, 0, 0, 0, 0, 0, 0, 0, 0, 0, 0, 0, 0, 0], "P": [0, 0, 0, 0, 0, 0, 0, 0, "2", "1", "1", 0, "1", 0, 0, 0, "2", 0, 0, 0, 0, "1", 0, "1", 0, 0, 0, 0, 0, 0, 0, 0, 0, 0, 0, 0, 0, 0, 0, 0], "+/-": ["+1", "+1", 0, "-1", 0, "+1", 0, "+1", "+1", "+1", "+1", 0, "+1", "+1", 0, 0, "+2", 0, 0, 0, "+1", "-1", "-1", "-1", 0, "-1", 0, "-2", 0, 0, "-1", "-1", "-1", 0, "-1", "-1", 0, "-1", 0, 0], "PN": [0, 0, "1", 0, 0, "1", 0, 0, 0, 0, 0, 0, 0, 0, 0, "1", 0, "1", 0, 0, 0, 0, "3", 0, 0, "1", "1", 0, 0, 0, 0, "1", 0, 0, 0, 0, 0, 0, 0, 0], "PIM": [0, 0, "2", 0, 0, "2", 0, 0, 0, 0, 0, 0, 0, 0, 0, "5", 0, "2", 0, 0, 0, 0, "6", 0, 0, "5", "2", 0, 0, 0, 0, "2", 0, 0, 0, 0, 0, 0, 0, 0], "TOT": ["21:03", "24:40", "15:44", "11:54", "11:03", "15:35", "11:49", "20:56", "17:49", "19:31", "17:52", "11:16", "23:53", "13:40", "16:38", "09:41", "17:55", "13:01", "60:00", 0, "15:25", "17:12", "23:38", "19:06", "19:52", "11:18", "17:53", "16:06", "12:48", "15:10", "09:57", "22:14", "12:11", "20:58", "19:31", "07:50", "11:49", "19:41", "59:21", 0], "SHF": ["26", "31", "23", "19", "17", "23", "17", "29", "26", "26", "25", "16", "28", "21", "22", "14", "26", "21", 0, 0, "23", "24", "34", "22", "26", "17", "25", "21", "17", "21", "14", "31", "18", "28", "30", "13", "16", "22", 0, 0], "AVG TOI/SH": ["00:48", "00:47", "00:41", "00:37", "00:39", "00:40", "00:41", "00:43", "00:41", "00:45", "00:42", "00:42", "00:51", "00:39", "00:45", "00:41", "00:41", "00:37", 0, 0, "00:40", "00:43", "00:41", "00:52", "00:45", "00:39", "00:42", "00:46", "00:45", "00:43", "00:42", "00:43", "00:40", "00:44", "00:39", "00:36", "00:44", "00:53", 0, 0], "PP": ["03:00", "01:56", "02:03", "00:15", "00:00", "02:51", "00:00", "02:34", "02:54", "02:54", "02:16", "00:15", "00:26", "00:00", "02:51", "00:00", "02:54", "02:51", "06:00", 0, "00:15", "02:01", "01:59", "02:29", "01:59", "00:11", "01:31", "01:50", "00:00", "01:05", "00:11", "02:16", "01:44", "00:00", "00:00", "00:11", "00:00", "02:18", "04:00", 0], "SH": ["00:57", "02:08", "00:55", "01:11", "01:20", "00:00", "00:00", "01:38", "00:00", "01:04", "01:36", "00:33", "02:22", "02:16", "00:00", "00:00", "00:00", "00:00", "04:00", 0, "03:34", "00:14", "00:43", "02:00", "01:54", "00:00", "01:28", "00:00", "01:55", "00:17", "00:00", "01:43", "02:06", "03:40", "02:06", "00:00", "00:00", "02:20", "06:00", 0], "EV": ["17:06", "20:36", "12:46", "10:28", "09:43", "12:44", "11:49", "16:44", "14:55", "15:33", "14:00", "10:28", "21:05", "11:24", "13:47", "09:41", "15:01", "10:10", "50:00", 0, "11:36", "14:57", "20:56", "14:37", "15:59", "11:07", "14:54", "14:16", "10:53", "13:48", "09:46", "18:15", "08:21", "17:18", "17:25", "07:39", "11:49", "15:03", "49:21", 0], "S": ["1", "1", "1", "3", 0, "1", "2", "1", "2", "1", "4", 0, "2", "1", "1", 0, "6", "1", 0, 0, "2", "2", "1", "3", "3", 0, "3", "1", 0, "2", "1", 0, "1", "1", "2", "1", 0, "6", 0, 0], "A/B": ["3", "4", "1", 0, 0, 0, "1", "1", 0, 0, 0, 0, "1", 0, 0, 0, "1", 0, 0, 0, 0, 0, 0, "2", 0, 0, 0, "1", 0, 0, "1", "1", "2", "2", "2", 0, "3", "2", 0, 0], "MS": [0, 0, "1", 0, 0, "1", "1", "1", "2", "1", 0, "4", 0, "1", "1", 0, "3", 0, 0, 0, 0, "1", 0, "1", "1", "1", "2", 0, "3", "2", 0, 0, 0, "1", 0, "2", 0, "1", 0, 0], "HT": ["1", "2", "1", 0, "2", "1", "2", "2", 0, "2", "5", "4", "1", "1", "1", "2", "1", 0, 0, 0, "5", "1", 0, "1", "2", "4", "1", "1", "2", "3", "3", "2", "4", 0, 0, "3", "6", "2", 0, 0], "GV": [0, "1", "1", 0, 0, 0, "1", "1", "1", 0, 0, 0, "1", 0, 0, 0, 0, 0, "2", 0, 0, 0, "1", "1", "1", 0, "3", 0, 0, 0, 0, "3", 0, "3", 0, 0, "2", "3", 0, 0], "TK": [0, 0, 0, 0, 0, 0, 0, "1", 0, 0, "1", 0, 0, 0, 0, 0, "2", 0, 0, 0, 0, 0, "1", 0, 0, 0, 0, 0, 0, 0, 0, 0, 0, 0, 0, 0, 0, "2", 0, 0], "BS": ["1", "3", "1", 0, 0, 0, "2", 0, "1", 0, "1", "2", "2", 0, 0, 0, "3", 0, 0, 0, "1", 0, "1", 0, "2", 0, "1", "2", 0, "1", 0, "1", 0, 0, 0, 0, 0, "3", 0, 0], "FW": [0, 0, 0, 0, 0, "4", 0, 0, "6", "6", "8", 0, 0, "8", 0, 0, 0, 0, 0, 0, 0, 0, 0, "3", "8", 0, 0, 0, "1", "0", "4", 0, "6", 0, 0, 0, 0, "3", 0, 0], "FL": [0, 0, 0, 0, 0, "6", 0, 0, "2", "5", "7", 0, 0, "5", 0, 0, 0, 0, 0, 0, 0, 0, 0, "7", "12", 0, 0, 0, "0", "1", "3", 0, "7", 0, 0, 0, 0, "2", 0, 0], "F%": [0, 0, 0, 0, 0, "40", 0, 0, "75", "55", "53", 0, 0, "62", 0, 0, 0, 0, 0, 0, 0, 0, 0, "30", "40", 0, 0, 0, "100", "0", "57", 0, "46", 0, 0, 0, 0, "60", 0, 0], "team": ["NEW YORK RANGERS ", "NEW YORK RANGERS ", "NEW YORK RANGERS ", "NEW YORK RANGERS ", "NEW YORK RANGERS ", "NEW YORK RANGERS ", "NEW YORK RANGERS ", "NEW YORK RANGERS ", "NEW YORK RANGERS ", "NEW YORK RANGERS ", "NEW YORK RANGERS ", "NEW YORK RANGERS ", "NEW YORK RANGERS ", "NEW YORK RANGERS ", "NEW YORK RANGERS ", "NEW YORK RANGERS ", "NEW YORK RANGERS ", "NEW YORK RANGERS ", "NEW YORK RANGERS ", "NEW YORK RANGERS ", "LOS ANGELES KINGS ", "LOS ANGELES KINGS ", "LOS ANGELES KINGS ", "LOS ANGELES KINGS ", "LOS ANGELES KINGS ", "LOS ANGELES KINGS ", "LOS ANGELES KINGS ", "LOS ANGELES KINGS ", "LOS ANGELES KINGS ", "LOS ANGELES KINGS ", "LOS ANGELES KINGS ", "LOS ANGELES KINGS ", "LOS ANGELES KINGS ", "LOS ANGELES KINGS ", "LOS ANGELES KINGS ", "LOS ANGELES KINGS ", "LOS ANGELES KINGS ", "LOS ANGELES KINGS ", "LOS ANGELES KINGS ", "LOS ANGELES KINGS "], "GA": [0, 0, 0, 0, 0, 0, 0, 0, 0, 0, 0, 0, 0, 0, 0, 0, 0, 0, "1", 0, 0, 0, 0, 0, 0, 0, 0, 0, 0, 0, 0, 0, 0, 0, 0, 0, 0, 0, "3", 0], "SA": [0, 0, 0, 0, 0, 0, 0, 0, 0, 0, 0, 0, 0, 0, 0, 0, 0, 0, "29", 0, 0, 0, 0, 0, 0, 0, 0, 0, 0, 0, 0, 0, 0, 0, 0, 0, 0, 0, "28", 0]}}