{"game_info": {"date": "2013-11-15", "visitor": "MONTREAL CANADIENS ", "home": "COLUMBUS BLUE JACKETS ", "game_id": 288, "status": "final"}, "player_stats": {"number": ["6", "8", "14", "17", "21", "26", "27", "32", "48", "49", "51", "53", "55", "61", "67", "76", "79", "81", "30", "31", "6", "7", "13", "14", "17", "18", "19", "21", "24", "27", "39", "40", "42", "43", "51", "55", "58", "71", "31", "72"], "position": ["D", "L", "C", "R", "R", "D", "C", "L", "C", "L", "C", "C", "D", "D", "L", "D", "D", "C", "G", "G", "D", "D", "R", "L", "C", "C", "C", "D", "C", "D", "C", "R", "C", "C", "D", "C", "D", "L", "G", "G"], "name": ["MURRAY, DOUGLAS", "PRUST, BRANDON", "PLEKANEC, TOMAS", "BOURQUE, RENE", "GIONTA, BRIAN", "GORGES, JOSH", "GALCHENYUK, ALEX", "MOEN, TRAVIS", "BRIERE, DANIEL", "BOURNIVAL, MICHAEL", "DESHARNAIS, DAVID", "WHITE, RYAN", "BOUILLON, FRANCIS", "DIAZ, RAPHAEL", "PACIORETTY, MAX", "SUBBAN, P.K.", "MARKOV, ANDREI", "ELLER, LARS", "BUDAJ, PETER", "PRICE, CAREY", "NIKITIN, NIKITA", "JOHNSON, JACK", "ATKINSON, CAM", "COMEAU, BLAKE", "DUBINSKY, BRANDON", "UMBERGER, RJ", "JOHANSEN, RYAN", "WISNIEWSKI, JAMES", "MACKENZIE, DEREK", "MURRAY, RYAN", "CHAPUT, MICHAEL", "BOLL, JARED", "ANISIMOV, ARTEM", "COLLINS, SEAN", "TYUTIN, FEDOR", "LETESTU, MARK", "SAVARD, DAVID", "FOLIGNO, NICK", "MCELHINNEY, CURTIS", "BOBROVSKY, SERGEI"], "G": [0, 0, 0, 0, 0, 0, "1", 0, 0, 0, 0, 0, 0, 0, 0, 0, 0, "1", 0, 0, 0, 0, 0, 0, 0, "1", 0, 0, 0, 0, 0, 0, "1", 0, 0, 0, 0, 0, 0, 0], "A": [0, 0, 0, 0, 0, 0, 0, 0, "1", 0, 0, 0, 0, 0, 0, 0, "1", 0, 0, 0, "1", 0, 0, 0, 0, 0, 0, "1", 0, 0, 0, 0, 0, 0, 0, 0, "1", "1", 0, 0], "P": [0, 0, 0, 0, 0, 0, "1", 0, "1", 0, 0, 0, 0, 0, 0, 0, "1", "1", 0, 0, "1", 0, 0, 0, 0, "1", 0, "1", 0, 0, 0, 0, "1", 0, 0, 0, "1", "1", 0, 0], "+/-": ["-1", 0, "-1", "-1", "-1", "-1", "+1", 0, "-1", "-1", 0, 0, "-1", "-1", "-1", "+1", "+1", "+1", 0, 0, 0, 0, "-1", 0, 0, "+1", "-1", "+1", 0, "+1", "+1", "+1", "+1", "+1", "-1", 0, "+1", "+1", 0, 0], "PN": [0, "2", 0, 0, 0, 0, 0, 0, 0, 0, 0, 0, 0, 0, 0, "2", 0, "1", 0, 0, 0, "1", "1", 0, 0, 0, 0, 0, 0, "1", 0, "1", 0, 0, "1", 0, 0, "1", 0, 0], "PIM": [0, "7", 0, 0, 0, 0, 0, 0, 0, 0, 0, 0, 0, 0, 0, "4", 0, "2", 0, 0, 0, "2", "2", 0, 0, 0, 0, 0, 0, "2", 0, "5", 0, 0, "2", 0, 0, "2", 0, 0], "TOT": ["09:39", "10:48", "17:10", "17:58", "17:11", "23:59", "17:50", "09:45", "12:05", "12:23", "16:06", "08:07", "19:06", "22:36", "20:40", "29:01", "26:16", "21:20", "65:00", 0, "18:25", "23:48", "17:27", "13:32", "22:04", "18:50", "16:37", "23:22", "16:16", "23:29", "12:59", "04:53", "12:36", "06:13", "22:45", "20:23", "18:36", "19:10", "65:00", 0], "SHF": ["12", "17", "23", "21", "19", "28", "22", "13", "14", "13", "21", "10", "23", "27", "25", "35", "34", "26", 0, 0, "22", "27", "21", "18", "28", "25", "22", "28", "22", "28", "20", "9", "19", "11", "28", "26", "21", "27", 0, 0], "AVG TOI/SH": ["00:48", "00:38", "00:44", "00:51", "00:54", "00:51", "00:48", "00:45", "00:51", "00:57", "00:46", "00:48", "00:49", "00:50", "00:49", "00:49", "00:46", "00:49", 0, 0, "00:50", "00:52", "00:49", "00:45", "00:47", "00:45", "00:45", "00:50", "00:44", "00:50", "00:38", "00:32", "00:39", "00:33", "00:48", "00:47", "00:53", "00:42", 0, 0], "PP": ["00:00", "00:00", "00:27", "02:16", "00:27", "00:00", "03:52", "00:00", "03:10", "00:27", "01:56", "00:00", "02:43", "00:59", "02:58", "05:36", "03:52", "04:12", "06:35", 0, "00:00", "03:05", "02:34", "00:00", "03:13", "02:51", "03:13", "03:55", "00:00", "02:20", "00:00", "00:00", "00:00", "00:00", "01:30", "02:12", "00:00", "02:12", "05:25", 0], "SH": ["01:52", "01:39", "01:56", "00:00", "00:00", "03:38", "00:00", "01:56", "00:00", "00:00", "00:00", "01:18", "00:26", "02:25", "01:50", "00:38", "02:03", "01:24", "05:25", 0, "01:34", "03:15", "00:00", "00:00", "02:57", "00:55", "00:21", "01:46", "02:37", "01:46", "00:00", "00:00", "02:34", "00:00", "03:15", "03:06", "01:34", "00:40", "06:35", 0], "EV": ["07:47", "09:09", "14:47", "15:42", "16:44", "20:21", "13:58", "07:49", "08:55", "11:56", "14:10", "06:49", "15:57", "19:12", "15:52", "22:47", "20:21", "15:44", "53:00", 0, "16:51", "17:28", "14:53", "13:32", "15:54", "15:04", "13:03", "17:41", "13:39", "19:23", "12:59", "04:53", "10:02", "06:13", "18:00", "15:05", "17:02", "16:18", "53:00", 0], "S": [0, "1", "1", "5", 0, "1", "5", 0, "2", 0, "1", "1", "1", "1", "8", "2", "3", "8", 0, 0, "3", 0, "2", "4", "3", "2", "3", "2", "3", 0, "1", 0, "1", 0, 0, 0, 0, "1", 0, 0], "A/B": [0, 0, "2", "3", "1", 0, 0, 0, "1", 0, "1", 0, 0, "3", 0, "1", "2", "1", 0, 0, 0, "2", 0, "1", "1", 0, 0, 0, "1", 0, "1", 0, "3", 0, "2", "1", "1", "1", 0, 0], "MS": [0, 0, "1", "1", 0, "1", "1", 0, 0, "1", "1", 0, 0, 0, 0, "3", 0, "3", 0, 0, "1", "3", "1", 0, "1", "1", "1", 0, 0, 0, "1", 0, 0, 0, "1", "2", "1", 0, 0, 0], "HT": ["3", "2", "1", "1", "4", "2", "1", 0, 0, "4", 0, "3", "1", 0, 0, "2", 0, "1", 0, 0, 0, 0, "2", "6", "3", "1", "1", 0, "5", 0, "2", "2", 0, "1", "1", "1", 0, "6", 0, 0], "GV": [0, 0, 0, 0, "1", 0, 0, 0, 0, 0, 0, 0, 0, 0, 0, 0, "1", 0, 0, 0, 0, 0, 0, 0, 0, "1", 0, "1", 0, 0, 0, 0, 0, 0, 0, "1", 0, 0, 0, 0], "TK": [0, 0, 0, 0, 0, 0, "1", 0, 0, 0, 0, 0, 0, 0, 0, "1", "1", 0, 0, 0, 0, 0, 0, "1", "1", "3", 0, "1", 0, 0, 0, 0, "1", "1", 0, 0, 0, "1", 0, 0], "BS": ["2", 0, 0, 0, 0, "1", 0, 0, 0, "1", 0, 0, 0, "6", 0, "3", 0, "1", 0, 0, "2", "2", 0, 0, 0, 0, 0, "2", "1", 0, "1", "1", "1", 0, "2", "1", "1", "1", 0, 0], "FW": [0, 0, "9", 0, 0, 0, 0, 0, "3", 0, "4", 0, 0, 0, "0", 0, 0, "15", 0, 0, 0, 0, 0, 0, "7", "0", "5", 0, "6", 0, "2", 0, "5", 0, 0, "2", 0, 0, 0, 0], "FL": [0, 0, "11", 0, 0, 0, 0, 0, "4", 0, "7", 0, 0, 0, "1", 0, 0, "4", 0, 0, 0, 0, 0, 0, "5", "1", "5", 0, "6", 0, "5", 0, "3", 0, 0, "6", 0, 0, 0, 0], "F%": [0, 0, "45", 0, 0, 0, 0, 0, "43", 0, "36", 0, 0, 0, "0", 0, 0, "79", 0, 0, 0, 0, 0, 0, "58", "0", "50", 0, "50", 0, "29", 0, "63", 0, 0, "25", 0, 0, 0, 0], "team": ["MONTREAL CANADIENS ", "MONTREAL CANADIENS ", "MONTREAL CANADIENS ", "MONTREAL CANADIENS ", "MONTREAL CANADIENS ", "MONTREAL CANADIENS ", "MONTREAL CANADIENS ", "MONTREAL CANADIENS ", "MONTREAL CANADIENS ", "MONTREAL CANADIENS ", "MONTREAL CANADIENS ", "MONTREAL CANADIENS ", "MONTREAL CANADIENS ", "MONTREAL CANADIENS ", "MONTREAL CANADIENS ", "MONTREAL CANADIENS ", "MONTREAL CANADIENS ", "MONTREAL CANADIENS ", "MONTREAL CANADIENS ", "MONTREAL CANADIENS ", "COLUMBUS BLUE JACKETS ", "COLUMBUS BLUE JACKETS ", "COLUMBUS BLUE JACKETS ", "COLUMBUS BLUE JACKETS ", "COLUMBUS BLUE JACKETS ", "COLUMBUS BLUE JACKETS ", "COLUMBUS BLUE JACKETS ", "COLUMBUS BLUE JACKETS ", "COLUMBUS BLUE JACKETS ", "COLUMBUS BLUE JACKETS ", "COLUMBUS BLUE JACKETS ", "COLUMBUS BLUE JACKETS ", "COLUMBUS BLUE JACKETS ", "COLUMBUS BLUE JACKETS ", "COLUMBUS BLUE JACKETS ", "COLUMBUS BLUE JACKETS ", "COLUMBUS BLUE JACKETS ", "COLUMBUS BLUE JACKETS ", "COLUMBUS BLUE JACKETS ", "COLUMBUS BLUE JACKETS "], "GA": [0, 0, 0, 0, 0, 0, 0, 0, 0, 0, 0, 0, 0, 0, 0, 0, 0, 0, "2", 0, 0, 0, 0, 0, 0, 0, 0, 0, 0, 0, 0, 0, 0, 0, 0, 0, 0, 0, "2", 0], "SA": [0, 0, 0, 0, 0, 0, 0, 0, 0, 0, 0, 0, 0, 0, 0, 0, 0, 0, "25", 0, 0, 0, 0, 0, 0, 0, 0, 0, 0, 0, 0, 0, 0, 0, 0, 0, 0, 0, "40", 0]}}