{"game_info": {"date": "2014-02-04", "visitor": "CALGARY FLAMES ", "home": "MONTREAL CANADIENS ", "game_id": 847, "status": "final"}, "player_stats": {"number": ["3", "4", "5", "6", "7", "8", "11", "13", "15", "16", "17", "18", "22", "23", "24", "39", "44", "54", "29", "37", "6", "8", "11", "14", "17", "21", "22", "26", "40", "48", "49", "51", "53", "67", "74", "76", "79", "81", "30", "31"], "position": ["D", "D", "D", "D", "D", "C", "C", "L", "R", "R", "L", "C", "R", "C", "C", "L", "D", "R", "G", "G", "D", "L", "R", "C", "R", "R", "R", "D", "D", "C", "L", "C", "C", "L", "D", "D", "D", "C", "G", "G"], "name": ["SMID, LADISLAV", "RUSSELL, KRIS", "GIORDANO, MARK", "WIDEMAN, DENNIS", "BRODIE, TJ", "COLBORNE, JOE", "BACKLUND, MIKAEL", "CAMMALLERI, MIKE", "WESTGARTH, KEVIN", "MCGRATTAN, BRIAN", "BOUMA, LANCE", "STAJAN, MATT", "STEMPNIAK, LEE", "MONAHAN, SEAN", "HUDLER, JIRI", "GALIARDI, TJ", "BUTLER, CHRIS", "JONES, DAVID", "BERRA, RETO", "ORTIO, JONI", "MURRAY, DOUGLAS", "PRUST, BRANDON", "GALLAGHER, BRENDAN", "PLEKANEC, TOMAS", "BOURQUE, RENE", "GIONTA, BRIAN", "WEISE, DALE", "GORGES, JOSH", "BEAULIEU, NATHAN", "BRIERE, DANIEL", "BOURNIVAL, MICHAEL", "DESHARNAIS, DAVID", "WHITE, RYAN", "PACIORETTY, MAX", "EMELIN, ALEXEI", "SUBBAN, P.K.", "MARKOV, ANDREI", "ELLER, LARS", "BUDAJ, PETER", "PRICE, CAREY"], "G": [0, 0, 0, 0, 0, 0, 0, 0, 0, 0, 0, 0, 0, 0, 0, 0, 0, 0, 0, 0, 0, 0, 0, 0, "1", 0, 0, 0, 0, 0, 0, "1", 0, 0, 0, 0, 0, 0, 0, 0], "A": [0, 0, 0, 0, 0, 0, 0, 0, 0, 0, 0, 0, 0, 0, 0, 0, 0, 0, 0, 0, 0, "1", 0, 0, 0, 0, 0, 0, 0, 0, 0, 0, 0, "1", 0, "1", 0, "1", 0, 0], "P": [0, 0, 0, 0, 0, 0, 0, 0, 0, 0, 0, 0, 0, 0, 0, 0, 0, 0, 0, 0, 0, "1", 0, 0, "1", 0, 0, 0, 0, 0, 0, "1", 0, "1", 0, "1", 0, "1", 0, 0], "+/-": ["-1", 0, 0, "-1", 0, 0, "-1", 0, 0, 0, 0, 0, "-1", 0, "-1", 0, 0, 0, 0, 0, "+1", "+1", 0, 0, "+1", 0, 0, 0, 0, 0, 0, 0, 0, 0, 0, "+1", 0, "+1", 0, 0], "PN": [0, 0, "1", 0, 0, 0, "1", "1", 0, 0, 0, 0, 0, 0, 0, 0, 0, 0, 0, 0, 0, 0, 0, "3", 0, 0, 0, 0, 0, 0, 0, 0, 0, 0, 0, 0, 0, "1", 0, 0], "PIM": [0, 0, "2", 0, 0, 0, "2", "2", 0, 0, 0, 0, 0, 0, 0, 0, 0, 0, 0, 0, 0, 0, 0, "6", 0, 0, 0, 0, 0, 0, 0, 0, 0, 0, 0, 0, 0, "2", 0, 0], "TOT": ["14:10", "23:33", "22:28", "16:36", "24:12", "17:41", "18:40", "18:52", "06:47", "07:25", "14:17", "16:54", "18:08", "17:55", "19:25", "09:04", "19:01", "16:21", "58:11", 0, "16:09", "15:09", "16:06", "16:16", "13:05", "17:41", "12:45", "23:01", "13:30", "14:36", "11:53", "16:01", "13:55", "16:29", "20:23", "24:12", "22:45", "12:04", 0, "60:00"], "SHF": ["21", "27", "32", "25", "34", "24", "26", "24", "12", "13", "23", "25", "26", "24", "26", "16", "25", "23", 0, 0, "20", "19", "20", "20", "19", "23", "16", "25", "19", "19", "13", "20", "16", "23", "25", "28", "28", "18", 0, 0], "AVG TOI/SH": ["00:40", "00:52", "00:42", "00:39", "00:42", "00:44", "00:43", "00:47", "00:33", "00:34", "00:37", "00:40", "00:41", "00:44", "00:44", "00:34", "00:45", "00:42", 0, 0, "00:48", "00:47", "00:48", "00:48", "00:41", "00:46", "00:47", "00:55", "00:42", "00:46", "00:54", "00:48", "00:52", "00:43", "00:48", "00:51", "00:48", "00:40", 0, 0], "PP": ["00:00", "01:29", "01:31", "00:29", "00:31", "00:29", "01:31", "01:31", "00:00", "00:00", "00:00", "00:00", "00:00", "00:29", "01:31", "00:00", "00:00", "00:29", "02:00", 0, "00:00", "00:00", "00:20", "00:00", "00:00", "00:00", "00:00", "00:00", "00:00", "00:00", "00:00", "00:20", "00:00", "00:20", "00:00", "00:20", "00:20", "00:00", 0, "00:20"], "SH": ["00:00", "00:00", "00:20", "00:00", "00:20", "00:00", "00:13", "00:00", "00:00", "00:00", "00:00", "00:20", "00:20", "00:00", "00:00", "00:00", "00:00", "00:00", "00:07", 0, "02:00", "01:31", "00:00", "00:00", "00:00", "00:29", "00:00", "02:00", "00:00", "00:00", "00:00", "00:00", "00:00", "00:00", "00:00", "00:00", "00:00", "00:00", 0, "02:00"], "EV": ["14:10", "22:04", "20:37", "16:07", "23:21", "17:12", "16:56", "17:21", "06:47", "07:25", "14:17", "16:34", "17:48", "17:26", "17:54", "09:04", "19:01", "15:52", "56:04", 0, "14:09", "13:38", "15:46", "16:16", "13:05", "17:12", "12:45", "21:01", "13:30", "14:36", "11:53", "15:41", "13:55", "16:09", "20:23", "23:52", "22:25", "12:04", 0, "57:40"], "S": [0, "3", "4", "2", "1", 0, "3", "3", 0, 0, "2", 0, "2", "2", 0, 0, "1", "4", 0, 0, 0, "2", "2", 0, "3", "3", "3", 0, 0, "3", 0, "1", "6", 0, "1", 0, "1", "2", 0, 0], "A/B": [0, "2", "6", 0, "1", 0, "4", 0, 0, 0, 0, 0, "1", "2", 0, "2", "2", "3", 0, 0, 0, "1", "3", "2", "2", 0, 0, "2", 0, "1", "1", "2", "2", "1", "1", 0, 0, "2", 0, 0], "MS": [0, "3", 0, 0, "1", "3", "1", 0, 0, 0, 0, 0, 0, "1", "1", "1", "1", "1", 0, 0, 0, 0, 0, 0, 0, "1", 0, "1", 0, "2", "1", "1", "1", "5", 0, "3", 0, 0, 0, 0], "HT": ["4", "1", 0, "1", 0, "3", "2", "1", "3", "2", "5", "2", "2", "1", 0, "3", 0, "4", 0, 0, "2", "1", 0, "2", "4", "1", "3", 0, 0, 0, "4", "1", "2", "2", "1", "3", "1", 0, 0, 0], "GV": ["1", "1", "1", 0, 0, "1", 0, 0, "1", 0, 0, "1", 0, 0, 0, 0, 0, 0, 0, 0, 0, 0, "1", 0, 0, 0, 0, "2", "5", "1", 0, 0, "2", 0, "1", "2", "4", "1", 0, "3"], "TK": [0, 0, 0, 0, 0, 0, 0, 0, 0, 0, 0, 0, 0, 0, 0, 0, 0, 0, 0, 0, 0, 0, "1", "1", 0, 0, 0, 0, 0, 0, 0, 0, "1", 0, 0, 0, "1", "1", 0, 0], "BS": ["3", "2", "4", "3", 0, "1", 0, "2", 0, "1", 0, 0, 0, "1", 0, "2", "1", 0, 0, 0, "2", "2", "1", 0, "1", "2", 0, "3", "2", 0, 0, "1", "1", "1", "2", "1", "3", "1", 0, 0], "FW": [0, 0, 0, 0, 0, 0, "11", "0", "0", 0, 0, "9", 0, "5", 0, "3", 0, 0, 0, 0, 0, "3", "2", "9", 0, "1", 0, "0", 0, "1", "1", "3", "5", 0, 0, 0, 0, "7", 0, 0], "FL": [0, 0, 0, 0, 0, 0, "11", "1", "1", 0, 0, "9", 0, "9", 0, "1", 0, 0, 0, 0, 0, "0", "2", "7", 0, "0", 0, "1", 0, "1", "0", "9", "6", 0, 0, 0, 0, "2", 0, 0], "F%": [0, 0, 0, 0, 0, 0, "50", "0", "0", 0, 0, "50", 0, "36", 0, "75", 0, 0, 0, 0, 0, "100", "50", "56", 0, "100", 0, "0", 0, "50", "100", "25", "45", 0, 0, 0, 0, "78", 0, 0], "team": ["CALGARY FLAMES ", "CALGARY FLAMES ", "CALGARY FLAMES ", "CALGARY FLAMES ", "CALGARY FLAMES ", "CALGARY FLAMES ", "CALGARY FLAMES ", "CALGARY FLAMES ", "CALGARY FLAMES ", "CALGARY FLAMES ", "CALGARY FLAMES ", "CALGARY FLAMES ", "CALGARY FLAMES ", "CALGARY FLAMES ", "CALGARY FLAMES ", "CALGARY FLAMES ", "CALGARY FLAMES ", "CALGARY FLAMES ", "CALGARY FLAMES ", "CALGARY FLAMES ", "MONTREAL CANADIENS ", "MONTREAL CANADIENS ", "MONTREAL CANADIENS ", "MONTREAL CANADIENS ", "MONTREAL CANADIENS ", "MONTREAL CANADIENS ", "MONTREAL CANADIENS ", "MONTREAL CANADIENS ", "MONTREAL CANADIENS ", "MONTREAL CANADIENS ", "MONTREAL CANADIENS ", "MONTREAL CANADIENS ", "MONTREAL CANADIENS ", "MONTREAL CANADIENS ", "MONTREAL CANADIENS ", "MONTREAL CANADIENS ", "MONTREAL CANADIENS ", "MONTREAL CANADIENS ", "MONTREAL CANADIENS ", "MONTREAL CANADIENS "], "GA": [0, 0, 0, 0, 0, 0, 0, 0, 0, 0, 0, 0, 0, 0, 0, 0, 0, 0, "1", 0, 0, 0, 0, 0, 0, 0, 0, 0, 0, 0, 0, 0, 0, 0, 0, 0, 0, 0, 0, "0"], "SA": [0, 0, 0, 0, 0, 0, 0, 0, 0, 0, 0, 0, 0, 0, 0, 0, 0, 0, "26", 0, 0, 0, 0, 0, 0, 0, 0, 0, 0, 0, 0, 0, 0, 0, 0, 0, 0, 0, 0, "27"]}}