{"game_info": {"date": "2013-11-23", "visitor": "WASHINGTON CAPITALS ", "home": "TORONTO MAPLE LEAFS ", "game_id": 343, "status": "final"}, "player_stats": {"number": ["8", "16", "19", "20", "21", "23", "24", "25", "27", "34", "42", "43", "46", "52", "74", "84", "88", "90", "30", "70", "2", "3", "4", "11", "12", "19", "21", "22", "24", "28", "36", "38", "41", "43", "44", "51", "71", "81", "34", "45"], "position": ["L", "R", "C", "R", "C", "D", "L", "L", "D", "D", "R", "R", "C", "D", "D", "C", "D", "C", "G", "G", "D", "D", "D", "C", "L", "R", "L", "R", "C", "R", "D", "L", "L", "C", "D", "D", "R", "C", "G", "G"], "name": ["OVECHKIN, ALEX", "FEHR, ERIC", "BACKSTROM, NICKLAS", "BROUWER, TROY", "LAICH, BROOKS", "STRACHAN, TYSON", "VOLPATTI, AARON", "CHIMERA, JASON", "ALZNER, KARL", "URBOM, ALEXANDER", "WARD, JOEL", "WILSON, TOM", "LATTA, MICHAEL", "GREEN, MIKE", "CARLSON, JOHN", "GRABOVSKI, MIKHAIL", "SCHMIDT, NATE", "JOHANSSON, MARCUS", "NEUVIRTH, MICHAL", "HOLTBY, BRADEN", "FRASER, MARK", "PHANEUF, DION", "FRANSON, CODY", "MCCLEMENT, JAY", "RAYMOND, MASON", "LUPUL, JOFFREY", "VAN RIEMSDYK, JAMES", "SMITHSON, JERRED", "HOLLAND, PETER", "ORR, COLTON", "GUNNARSSON, CARL", "MCLAREN, FRAZER", "KULEMIN, NIKOLAI", "KADRI, NAZEM", "RIELLY, MORGAN", "GARDINER, JAKE", "CLARKSON, DAVID", "KESSEL, PHIL", "REIMER, JAMES", "BERNIER, JONATHAN"], "G": ["1", 0, 0, 0, 0, 0, 0, 0, 0, 0, 0, 0, 0, 0, 0, 0, 0, 0, 0, 0, 0, 0, 0, 0, 0, 0, 0, 0, 0, 0, 0, 0, 0, 0, 0, 0, "1", 0, 0, 0], "A": [0, 0, 0, 0, 0, 0, 0, 0, 0, 0, 0, 0, 0, "1", 0, 0, 0, 0, 0, 0, 0, 0, 0, 0, 0, 0, 0, 0, 0, 0, 0, 0, 0, "1", 0, "1", 0, 0, 0, 0], "P": ["1", 0, 0, 0, 0, 0, 0, 0, 0, 0, 0, 0, 0, "1", 0, 0, 0, 0, 0, 0, 0, 0, 0, 0, 0, 0, 0, 0, 0, 0, 0, 0, 0, "1", 0, "1", "1", 0, 0, 0], "+/-": ["+1", 0, "+1", 0, 0, 0, 0, 0, 0, 0, 0, 0, 0, "+1", 0, 0, "+1", "+1", 0, 0, 0, "-1", 0, "-1", 0, 0, "-1", 0, 0, 0, "-1", 0, "-1", 0, 0, 0, 0, 0, 0, 0], "PN": [0, "1", 0, 0, 0, 0, 0, 0, 0, 0, 0, 0, 0, 0, 0, 0, 0, 0, 0, 0, 0, "1", 0, 0, "1", 0, 0, 0, 0, 0, 0, 0, 0, 0, 0, 0, "1", 0, 0, 0], "PIM": [0, "2", 0, 0, 0, 0, 0, 0, 0, 0, 0, 0, 0, 0, 0, 0, 0, 0, 0, 0, 0, "2", 0, 0, "2", 0, 0, 0, 0, 0, 0, 0, 0, 0, 0, 0, "2", 0, 0, 0], "TOT": ["24:44", "16:56", "24:09", "18:19", "18:51", "13:08", "05:28", "17:29", "20:51", "18:21", "18:18", "04:59", "07:48", "24:19", "27:33", "16:18", "19:50", "21:20", 0, "65:00", "19:15", "23:31", "22:18", "20:13", "14:32", "20:58", "18:54", "08:34", "18:01", "03:49", "22:39", "04:00", "18:13", "19:35", "19:25", "23:02", "18:38", "18:23", "65:00", 0], "SHF": ["21", "20", "23", "21", "25", "16", "7", "23", "27", "22", "23", "7", "10", "26", "30", "18", "21", "23", 0, 0, "25", "27", "32", "23", "21", "25", "27", "18", "23", "5", "26", "5", "24", "27", "26", "29", "24", "23", 0, 0], "AVG TOI/SH": ["01:10", "00:50", "01:03", "00:52", "00:45", "00:49", "00:46", "00:45", "00:46", "00:50", "00:47", "00:42", "00:46", "00:56", "00:55", "00:54", "00:56", "00:55", 0, 0, "00:46", "00:52", "00:41", "00:52", "00:41", "00:50", "00:42", "00:28", "00:47", "00:45", "00:52", "00:48", "00:45", "00:43", "00:44", "00:47", "00:46", "00:47", 0, 0], "PP": ["05:48", "00:00", "03:58", "04:04", "02:26", "00:00", "00:00", "00:35", "00:00", "00:00", "01:56", "00:00", "00:00", "01:09", "04:51", "01:27", "00:12", "03:34", 0, "06:00", "00:00", "01:02", "01:02", "00:00", "00:26", "00:53", "00:53", "00:00", "00:00", "00:00", "00:00", "00:00", "00:00", "00:26", "00:17", "00:17", "00:26", "00:53", "01:19", 0], "SH": ["00:00", "00:00", "00:00", "00:55", "00:55", "00:27", "00:00", "00:24", "00:52", "00:27", "00:24", "00:00", "00:00", "00:00", "00:52", "00:00", "00:00", "00:00", 0, "01:19", "02:45", "02:32", "02:06", "04:36", "00:00", "00:00", "01:28", "03:09", "00:00", "00:00", "03:56", "00:00", "02:47", "00:00", "00:01", "00:40", "00:00", "00:00", "06:00", 0], "EV": ["18:56", "16:56", "20:11", "13:20", "15:30", "12:41", "05:28", "16:30", "19:59", "17:54", "15:58", "04:59", "07:48", "23:10", "21:50", "14:51", "19:38", "17:46", 0, "57:41", "16:30", "19:57", "19:10", "15:37", "14:06", "20:05", "16:33", "05:25", "18:01", "03:49", "18:43", "04:00", "15:26", "19:09", "19:07", "22:05", "18:12", "17:30", "57:41", 0], "S": ["6", "5", "4", "5", "3", "1", 0, "5", 0, "1", "4", 0, 0, "3", "7", "2", "2", "2", 0, 0, 0, "2", "1", 0, "1", "1", "2", 0, "1", 0, "1", 0, "1", "5", "2", "1", "4", "6", 0, 0], "A/B": ["2", "4", "1", "1", "3", "3", 0, "3", "3", "1", "2", 0, "1", "1", "2", "1", 0, 0, 0, 0, 0, 0, 0, "1", "2", 0, 0, 0, 0, 0, "1", 0, 0, "2", "2", "2", "2", "1", 0, 0], "MS": ["2", "3", "2", "1", "1", 0, 0, "1", "3", "2", 0, "1", 0, "1", "3", "2", "1", 0, 0, 0, 0, "1", 0, 0, "1", "1", "2", 0, "1", 0, 0, 0, 0, "2", "4", 0, "1", 0, 0, 0], "HT": ["8", 0, "1", "3", "2", "3", 0, "1", "3", "5", "2", "1", 0, "3", "2", "2", "3", "2", 0, 0, "6", "1", "4", "3", 0, 0, "3", 0, "1", "3", "4", "2", "3", "2", "1", "1", "3", "1", 0, 0], "GV": [0, 0, "1", 0, "2", "2", 0, "1", 0, "1", 0, 0, "1", 0, 0, "1", 0, "1", 0, 0, "1", 0, "1", 0, 0, "1", 0, "1", 0, 0, 0, "1", 0, "1", "3", "1", 0, 0, "1", 0], "TK": [0, 0, "1", 0, 0, 0, 0, 0, 0, "1", 0, 0, 0, "2", "1", "1", 0, 0, 0, 0, 0, "1", 0, "1", 0, "2", "1", 0, 0, 0, "1", 0, 0, "1", "1", "1", "1", 0, 0, 0], "BS": [0, "2", "2", "1", "1", "2", 0, 0, "1", 0, 0, 0, 0, "1", "2", 0, "1", 0, 0, 0, "4", "1", "4", 0, 0, "1", 0, 0, "2", 0, "2", "1", 0, "3", "3", "4", "3", 0, 0, 0], "FW": [0, 0, "8", "0", "6", 0, "0", 0, 0, 0, "1", 0, "1", 0, 0, "8", 0, "0", 0, 0, 0, 0, 0, "11", 0, "1", "1", "9", "9", 0, 0, 0, "0", "8", 0, 0, 0, 0, 0, 0], "FL": [0, 0, "11", "5", "9", 0, "1", 0, 0, 0, "0", 0, "5", 0, 0, "7", 0, "1", 0, 0, 0, 0, 0, "4", 0, "1", "1", "3", "7", 0, 0, 0, "1", "7", 0, 0, 0, 0, 0, 0], "F%": [0, 0, "42", "0", "40", 0, "0", 0, 0, 0, "100", 0, "17", 0, 0, "53", 0, "0", 0, 0, 0, 0, 0, "73", 0, "50", "50", "75", "56", 0, 0, 0, "0", "53", 0, 0, 0, 0, 0, 0], "team": ["WASHINGTON CAPITALS ", "WASHINGTON CAPITALS ", "WASHINGTON CAPITALS ", "WASHINGTON CAPITALS ", "WASHINGTON CAPITALS ", "WASHINGTON CAPITALS ", "WASHINGTON CAPITALS ", "WASHINGTON CAPITALS ", "WASHINGTON CAPITALS ", "WASHINGTON CAPITALS ", "WASHINGTON CAPITALS ", "WASHINGTON CAPITALS ", "WASHINGTON CAPITALS ", "WASHINGTON CAPITALS ", "WASHINGTON CAPITALS ", "WASHINGTON CAPITALS ", "WASHINGTON CAPITALS ", "WASHINGTON CAPITALS ", "WASHINGTON CAPITALS ", "WASHINGTON CAPITALS ", "TORONTO MAPLE LEAFS ", "TORONTO MAPLE LEAFS ", "TORONTO MAPLE LEAFS ", "TORONTO MAPLE LEAFS ", "TORONTO MAPLE LEAFS ", "TORONTO MAPLE LEAFS ", "TORONTO MAPLE LEAFS ", "TORONTO MAPLE LEAFS ", "TORONTO MAPLE LEAFS ", "TORONTO MAPLE LEAFS ", "TORONTO MAPLE LEAFS ", "TORONTO MAPLE LEAFS ", "TORONTO MAPLE LEAFS ", "TORONTO MAPLE LEAFS ", "TORONTO MAPLE LEAFS ", "TORONTO MAPLE LEAFS ", "TORONTO MAPLE LEAFS ", "TORONTO MAPLE LEAFS ", "TORONTO MAPLE LEAFS ", "TORONTO MAPLE LEAFS "], "GA": [0, 0, 0, 0, 0, 0, 0, 0, 0, 0, 0, 0, 0, 0, 0, 0, 0, 0, 0.0, "1", 0, 0, 0, 0, 0, 0, 0, 0, 0, 0, 0, 0, 0, 0, 0, 0, 0, 0, "1", 0], "SA": [0, 0, 0, 0, 0, 0, 0, 0, 0, 0, 0, 0, 0, 0, 0, 0, 0, 0, 0.0, "28", 0, 0, 0, 0, 0, 0, 0, 0, 0, 0, 0, 0, 0, 0, 0, 0, 0, 0, "50", 0]}}