{"game_info": {"date": "2014-03-08", "visitor": "MONTREAL CANADIENS ", "home": "SAN JOSE SHARKS ", "game_id": 962, "status": "final"}, "player_stats": {"number": ["6", "11", "14", "17", "20", "21", "24", "27", "32", "43", "48", "51", "53", "67", "74", "76", "79", "81", "30", "35", 0, "5", "8", "10", "12", "13", "15", "19", "22", "27", "37", "39", "44", "52", "57", "61", "81", "83", "88", "31", "32"], "position": ["D", "R", "C", "R", "L", "R", "D", "C", "L", "D", "C", "C", "C", "L", "D", "D", "D", "C", "G", "G", 0, "D", "C", "C", "C", "L", "C", "C", "D", "D", "R", "C", "D", "D", "C", "D", "C", "L", "R", "G", "G"], "name": ["MURRAY, DOUGLAS", "GALLAGHER, BRENDAN", "PLEKANEC, TOMAS", "BOURQUE, RENE", "VANEK, THOMAS", "GIONTA, BRIAN", "TINORDI, JARRED", "GALCHENYUK, ALEX", "MOEN, TRAVIS", "WEAVER, MIKE", "BRIERE, DANIEL", "DESHARNAIS, DAVID", "WHITE, RYAN", "PACIORETTY, MAX", "EMELIN, ALEXEI", "SUBBAN, P.K.", "MARKOV, ANDREI", "ELLER, LARS", "BUDAJ, PETER", "TOKARSKI, DUSTIN", "TEAM PENALTY", "DEMERS, JASON", "PAVELSKI, JOE", "DESJARDINS, ANDREW", "MARLEAU, PATRICK", "TORRES, RAFFI", "SHEPPARD, JAMES", "THORNTON, JOE", "BOYLE, DAN", "HANNAN, SCOTT", "BURISH, ADAM", "COUTURE, LOGAN", "VLASIC, MARC-EDOUARD", "IRWIN, MATT", "WINGELS, TOMMY", "BRAUN, JUSTIN", "KENNEDY, TYLER", "NIETO, MATT", "BURNS, BRENT", "NIEMI, ANTTI", "STALOCK, ALEX"], "G": [0, 0, 0, 0, 0, 0, 0, 0, 0, 0, 0, 0, 0, 0, 0, 0, 0, 0, 0, 0, 0, 0, 0, 0, 0, 0, 0, 0, 0, 0, 0, "1", 0, 0, "2", 0, 0, "1", 0, 0, 0], "A": [0, 0, 0, 0, 0, 0, 0, 0, 0, 0, 0, 0, 0, 0, 0, 0, 0, 0, 0, 0, 0, 0, 0, 0, "1", "1", 0, 0, 0, 0, 0, "2", 0, "1", 0, 0, 0, "1", 0, 0, 0], "P": [0, 0, 0, 0, 0, 0, 0, 0, 0, 0, 0, 0, 0, 0, 0, 0, 0, 0, 0, 0, 0, 0, 0, 0, "1", "1", 0, 0, 0, 0, 0, "3", 0, "1", "2", 0, 0, "2", 0, 0, 0], "+/-": ["-1", "-3", 0, 0, 0, "-1", "-1", "-1", 0, "-1", 0, "-3", 0, "-3", "-1", "-2", "-2", "-1", 0, 0, 0, "+2", 0, 0, "+2", "+1", "+1", 0, "+2", "+1", 0, "+3", "+1", "+2", "+2", 0, 0, "+2", 0, 0, 0], "PN": [0, "1", 0, 0, 0, "2", "4", 0, "1", 0, 0, 0, "1", "1", "1", 0, 0, "2", 0, 0, "1", 0, 0, 0, "1", "2", "4", 0, 0, "1", 0, 0, "2", "1", 0, 0, 0, 0, "1", 0, 0], "PIM": [0, "10", 0, 0, 0, "4", "19", 0, "2", 0, 0, 0, "10", "2", "2", 0, 0, "12", 0, 0, "2", 0, 0, 0, "2", "7", "8", 0, 0, "10", 0, 0, "12", "10", 0, 0, 0, 0, "2", 0, 0], "TOT": ["17:33", "14:00", "19:05", "11:22", "17:54", "15:34", "14:34", "13:50", "10:28", "18:21", "10:50", "16:46", "08:47", "16:06", "22:23", "22:50", "24:38", "12:59", "21:54", "38:06", 0, "20:34", "17:01", "12:37", "18:19", "10:28", "12:32", "17:05", "17:15", "21:40", "12:01", "17:33", "16:06", "17:21", "16:21", "23:26", "10:04", "13:32", "16:05", "60:00", 0], "SHF": ["27", "20", "26", "17", "20", "23", "21", "20", "16", "26", "15", "22", "16", "22", "31", "27", "29", "18", 0, 0, 0, "28", "25", "20", "32", "17", "21", "25", "23", "25", "20", "30", "21", "22", "26", "25", "16", "23", "24", 0, 0], "AVG TOI/SH": ["00:39", "00:42", "00:44", "00:40", "00:53", "00:40", "00:41", "00:41", "00:39", "00:42", "00:43", "00:45", "00:32", "00:43", "00:43", "00:50", "00:50", "00:43", 0, 0, 0, "00:44", "00:40", "00:37", "00:34", "00:36", "00:35", "00:41", "00:45", "00:52", "00:36", "00:35", "00:46", "00:47", "00:37", "00:56", "00:37", "00:35", "00:40", 0, 0], "PP": ["00:00", "01:25", "02:22", "01:42", "04:59", "00:36", "01:18", "02:58", "00:00", "00:36", "02:22", "04:04", "00:00", "03:38", "02:25", "06:14", "05:43", "00:18", "04:00", "04:08", 0, "04:11", "03:30", "00:00", "04:59", "02:50", "01:44", "03:59", "04:29", "00:51", "00:00", "04:28", "00:26", "04:58", "03:41", "01:01", "00:33", "03:37", "03:08", "09:41", 0], "SH": ["04:21", "00:00", "04:16", "00:00", "00:00", "03:01", "02:25", "00:00", "03:28", "04:21", "00:00", "00:31", "02:41", "02:02", "03:02", "01:33", "03:47", "02:49", "05:33", "04:08", 0, "03:14", "02:03", "03:22", "01:54", "00:00", "00:00", "00:14", "01:23", "04:27", "03:17", "02:16", "02:18", "00:28", "02:21", "04:26", "00:00", "00:49", "00:00", "08:08", 0], "EV": ["13:12", "12:35", "12:27", "09:40", "12:55", "11:57", "10:51", "10:52", "07:00", "13:24", "08:28", "12:11", "06:06", "10:26", "16:56", "15:03", "15:08", "09:52", "12:21", "29:50", 0, "13:09", "11:28", "09:15", "11:26", "07:38", "10:48", "12:52", "11:23", "16:22", "08:44", "10:49", "13:22", "11:55", "10:19", "17:59", "09:31", "09:06", "12:57", "42:11", 0], "S": [0, "5", "2", "1", "3", 0, "1", "2", "3", 0, "1", "2", 0, "2", "1", "3", "1", 0, 0, 0, 0, "3", "1", "3", "1", "1", "2", "1", 0, "2", "1", "4", 0, "2", "8", "1", "1", "1", "1", 0, 0], "A/B": [0, 0, 0, 0, "2", "3", 0, "1", 0, "1", 0, "1", "1", "1", "1", "2", "1", 0, 0, 0, 0, "1", 0, "1", "2", "1", 0, "1", "2", 0, 0, "1", 0, "1", 0, "1", "1", 0, 0, 0, 0], "MS": [0, "1", 0, 0, "2", 0, 0, 0, 0, 0, "1", 0, 0, "2", 0, 0, 0, 0, 0, 0, 0, 0, "2", 0, "1", 0, 0, 0, 0, 0, 0, "2", "2", "1", 0, "1", "1", 0, "2", 0, 0], "HT": ["5", 0, "1", 0, "1", 0, 0, 0, "1", 0, "1", 0, "2", 0, "4", 0, "1", "2", 0, 0, 0, 0, 0, 0, "1", "2", "1", "1", 0, 0, "3", 0, 0, "1", 0, "2", "2", 0, "4", 0, 0], "GV": [0, 0, 0, 0, 0, 0, "1", "1", 0, 0, 0, 0, 0, 0, "2", "1", "1", "1", 0, 0, 0, "1", "1", 0, "1", "1", 0, "2", "2", "1", 0, 0, "1", 0, 0, 0, 0, "1", 0, 0, 0], "TK": [0, "2", 0, 0, 0, 0, 0, 0, 0, 0, 0, "2", 0, 0, 0, 0, 0, 0, 0, 0, 0, 0, 0, 0, "2", 0, 0, "1", "1", 0, 0, 0, 0, 0, "1", "1", "1", "1", 0, 0, 0], "BS": ["1", 0, 0, 0, 0, "1", "1", "1", "1", "4", 0, 0, 0, 0, "1", 0, "1", "1", 0, 0, 0, "3", "2", "2", 0, 0, "1", 0, "1", 0, "1", 0, "1", 0, 0, "2", 0, "1", 0, 0, 0], "FW": [0, "0", "11", 0, 0, "1", 0, 0, 0, 0, "3", "8", "1", 0, 0, 0, 0, "5", 0, 0, 0, 0, "5", "2", "0", "1", "5", "7", 0, 0, "5", "8", 0, 0, "0", 0, 0, 0, "2", 0, 0], "FL": [0, "3", "12", 0, 0, "2", 0, 0, 0, 0, "7", "7", "2", 0, 0, 0, 0, "2", 0, 0, 0, 0, "9", "2", "1", "0", "4", "3", 0, 0, "4", "4", 0, 0, "1", 0, 0, 0, "1", 0, 0], "F%": [0, "0", "48", 0, 0, "33", 0, 0, 0, 0, "30", "53", "33", 0, 0, 0, 0, "71", 0, 0, 0, 0, "36", "50", "0", "100", "56", "70", 0, 0, "56", "67", 0, 0, "0", 0, 0, 0, "67", 0, 0], "team": ["MONTREAL CANADIENS ", "MONTREAL CANADIENS ", "MONTREAL CANADIENS ", "MONTREAL CANADIENS ", "MONTREAL CANADIENS ", "MONTREAL CANADIENS ", "MONTREAL CANADIENS ", "MONTREAL CANADIENS ", "MONTREAL CANADIENS ", "MONTREAL CANADIENS ", "MONTREAL CANADIENS ", "MONTREAL CANADIENS ", "MONTREAL CANADIENS ", "MONTREAL CANADIENS ", "MONTREAL CANADIENS ", "MONTREAL CANADIENS ", "MONTREAL CANADIENS ", "MONTREAL CANADIENS ", "MONTREAL CANADIENS ", "MONTREAL CANADIENS ", "MONTREAL CANADIENS ", "SAN JOSE SHARKS ", "SAN JOSE SHARKS ", "SAN JOSE SHARKS ", "SAN JOSE SHARKS ", "SAN JOSE SHARKS ", "SAN JOSE SHARKS ", "SAN JOSE SHARKS ", "SAN JOSE SHARKS ", "SAN JOSE SHARKS ", "SAN JOSE SHARKS ", "SAN JOSE SHARKS ", "SAN JOSE SHARKS ", "SAN JOSE SHARKS ", "SAN JOSE SHARKS ", "SAN JOSE SHARKS ", "SAN JOSE SHARKS ", "SAN JOSE SHARKS ", "SAN JOSE SHARKS ", "SAN JOSE SHARKS ", "SAN JOSE SHARKS "], "GA": [0, 0, 0, 0, 0, 0, 0, 0, 0, 0, 0, 0, 0, 0, 0, 0, 0, 0, "2", "2", 0, 0, 0, 0, 0, 0, 0, 0, 0, 0, 0, 0, 0, 0, 0, 0, 0, 0, 0, "0", 0], "SA": [0, 0, 0, 0, 0, 0, 0, 0, 0, 0, 0, 0, 0, 0, 0, 0, 0, 0, "11", "22", 0, 0, 0, 0, 0, 0, 0, 0, 0, 0, 0, 0, 0, 0, 0, 0, 0, 0, 0, "27", 0]}}