{"game_info": {"date": "2013-12-23", "visitor": "DALLAS STARS ", "home": "LOS ANGELES KINGS ", "game_id": 565, "status": "final"}, "player_stats": {"number": ["4", "10", "13", "14", "16", "17", "20", "21", "22", "23", "24", "33", "36", "38", "43", "72", "73", "91", "30", "32", "2", "6", "8", "10", "11", "13", "14", "17", "22", "24", "26", "27", "28", "44", "71", "73", "74", "77", "31", "54"], "position": ["D", "C", "L", "L", "C", "C", "C", "L", "C", "D", "D", "D", "D", "L", "R", "L", "D", "C", "G", "G", "D", "D", "D", "C", "C", "L", "R", "L", "C", "C", "D", "D", "C", "D", "C", "C", "L", "C", "G", "G"], "name": ["DILLON, BRENDEN", "HORCOFF, SHAWN", "WHITNEY, RAY", "BENN, JAMIE", "GARBUTT, RYAN", "PEVERLEY, RICH", "EAKIN, CODY", "ROUSSEL, ANTOINE", "SCEVIOUR, COLTON", "CONNAUTON, KEVIN", "BENN, JORDIE", "GOLIGOSKI, ALEX", "GAUNCE, CAMERON", "FIDDLER, VERNON", "NICHUSHKIN, VALERI", "COLE, ERIK", "FORTUNUS, MAXIME", "SEGUIN, TYLER", "ELLIS, DAN", "LEHTONEN, KARI", "GREENE, MATT", "MUZZIN, JAKE", "DOUGHTY, DREW", "RICHARDS, MIKE", "KOPITAR, ANZE", "CLIFFORD, KYLE", "WILLIAMS, JUSTIN", "CARCILLO, DANIEL", "LEWIS, TREVOR", "FRASER, COLIN", "VOYNOV, SLAVA", "MARTINEZ, ALEC", "STOLL, JARRET", "REGEHR, ROBYN", "NOLAN, JORDAN", "TOFFOLI, TYLER", "KING, DWIGHT", "CARTER, JEFF", "JONES, MARTIN", "SCRIVENS, BEN"], "G": [0, "1", 0, "1", 0, 0, "1", 0, 0, 0, 0, 0, 0, 0, "1", 0, 0, "1", 0, 0, 0, 0, 0, 0, 0, 0, "1", 0, 0, 0, 0, 0, "1", 0, 0, 0, 0, 0, 0, 0], "A": [0, 0, 0, "2", "1", 0, 0, 0, 0, 0, 0, 0, 0, 0, 0, 0, "1", "1", 0, 0, 0, 0, "1", 0, "1", 0, "1", 0, "1", 0, 0, 0, 0, 0, 0, 0, 0, 0, 0, 0], "P": [0, "1", 0, "3", "1", 0, "1", 0, 0, 0, 0, 0, 0, 0, "1", 0, "1", "2", 0, 0, 0, 0, "1", 0, "1", 0, "2", 0, "1", 0, 0, 0, "1", 0, 0, 0, 0, 0, 0, 0], "+/-": [0, "+1", "+1", "+2", "+1", "-1", "+1", 0, 0, "+1", "+2", 0, 0, "+1", "+1", "-1", "+1", "+1", 0, 0, "+2", "-1", "-2", "-2", "+1", "-1", 0, 0, "+1", "-1", "-3", "+2", "-2", "-2", "-1", 0, "-1", "-1", 0, 0], "PN": [0, 0, 0, "1", 0, 0, 0, 0, 0, 0, 0, "1", 0, "1", 0, 0, 0, 0, 0, 0, "1", 0, 0, 0, 0, 0, 0, 0, 0, 0, 0, 0, "2", "2", 0, 0, 0, 0, 0, 0], "PIM": [0, 0, 0, "5", 0, 0, 0, 0, 0, 0, 0, "2", 0, "2", 0, 0, 0, 0, 0, 0, "2", 0, 0, 0, 0, 0, 0, 0, 0, 0, 0, 0, "4", "7", 0, 0, 0, 0, 0, 0], "TOT": ["25:32", "14:40", "11:53", "15:38", "14:34", "14:17", "16:13", "15:26", "14:43", "16:48", "15:51", "23:53", "16:32", "15:05", "15:17", "15:45", "16:17", "17:36", 0, "60:00", "15:18", "22:06", "24:21", "14:56", "17:59", "12:09", "15:47", "10:02", "15:16", "10:34", "21:47", "17:40", "17:29", "19:07", "10:14", "14:30", "16:26", "17:41", "59:12", 0], "SHF": ["28", "19", "14", "19", "20", "19", "21", "22", "18", "19", "21", "28", "18", "19", "18", "20", "21", "20", 0, 0, "23", "31", "30", "20", "21", "17", "21", "12", "21", "15", "28", "23", "21", "26", "14", "18", "21", "21", 0, 0], "AVG TOI/SH": ["00:54", "00:46", "00:50", "00:49", "00:43", "00:45", "00:46", "00:42", "00:49", "00:53", "00:45", "00:51", "00:55", "00:47", "00:50", "00:47", "00:46", "00:52", 0, 0, "00:39", "00:42", "00:48", "00:44", "00:51", "00:42", "00:45", "00:50", "00:43", "00:42", "00:46", "00:46", "00:49", "00:44", "00:43", "00:48", "00:46", "00:50", 0, 0], "PP": ["00:21", "02:40", "00:58", "02:25", "00:08", "02:55", "03:04", "00:19", "02:49", "03:20", "00:06", "02:06", "00:05", "00:13", "01:46", "02:18", "00:09", "02:23", 0, "05:37", "00:00", "01:04", "01:23", "00:55", "00:55", "00:00", "01:16", "00:00", "00:00", "00:00", "00:48", "01:07", "01:16", "00:00", "00:00", "01:16", "00:00", "00:55", "02:11", 0], "SH": ["01:35", "00:57", "00:00", "00:00", "00:23", "01:13", "00:35", "00:46", "00:00", "00:00", "00:35", "00:11", "01:06", "00:28", "00:00", "00:00", "00:55", "00:00", 0, "02:11", "01:16", "01:22", "02:14", "00:44", "01:50", "01:34", "00:13", "00:00", "01:26", "01:28", "03:26", "00:36", "01:11", "02:20", "00:00", "00:21", "01:55", "00:32", "05:37", 0], "EV": ["23:36", "11:03", "10:55", "13:13", "14:03", "10:09", "12:34", "14:21", "11:54", "13:28", "15:10", "21:36", "15:21", "14:24", "13:31", "13:27", "15:13", "15:13", 0, "52:12", "14:02", "19:40", "20:44", "13:17", "15:14", "10:35", "14:18", "10:02", "13:50", "09:06", "17:33", "15:57", "15:02", "16:47", "10:14", "12:53", "14:31", "16:14", "51:24", 0], "S": [0, "2", "1", "2", "2", 0, "4", "1", "1", 0, "1", 0, "2", "1", "4", 0, 0, "2", 0, 0, "1", "4", "2", "3", "1", "1", "3", 0, "1", "3", "4", "3", "1", 0, "1", "1", "2", "1", 0, 0], "A/B": [0, "1", 0, "1", 0, 0, "1", "1", 0, "1", "1", 0, 0, "1", "1", "1", "1", "1", 0, 0, "1", "1", "1", 0, "2", "2", 0, 0, "1", 0, "1", "1", "1", "1", 0, 0, 0, 0, 0, 0], "MS": [0, 0, 0, 0, "1", 0, 0, 0, "1", 0, "1", "1", 0, "1", "1", 0, "1", "4", 0, 0, 0, "1", "3", "1", "1", 0, "4", "2", "3", 0, 0, "1", "1", "1", "1", "1", 0, "4", 0, 0], "HT": ["3", 0, 0, "1", 0, 0, 0, "4", "1", "1", "1", "2", "2", 0, "1", "2", 0, 0, 0, 0, "3", "3", "2", "4", 0, "3", "1", "2", "5", "2", "1", "3", "1", "1", "2", 0, "1", 0, 0, 0], "GV": ["1", 0, 0, 0, 0, 0, "1", "1", "1", "1", "2", "1", 0, "1", 0, 0, 0, "1", 0, "2", 0, 0, "2", "1", 0, "1", "1", 0, 0, 0, "1", 0, "1", "2", "1", "1", "1", "1", 0, 0], "TK": [0, 0, 0, "1", 0, "1", "1", 0, 0, 0, 0, 0, 0, "1", 0, 0, 0, "1", 0, 0, "1", 0, "1", 0, 0, 0, 0, 0, 0, 0, "1", 0, 0, 0, 0, 0, 0, 0, 0, 0], "BS": ["2", 0, 0, 0, 0, 0, "1", "1", "1", "1", "1", "3", 0, 0, 0, "1", "1", 0, 0, 0, "1", "1", "2", 0, 0, 0, "1", 0, "1", "1", "1", "1", "1", "1", 0, 0, 0, 0, 0, 0], "FW": [0, 0, 0, "3", 0, "5", "7", 0, 0, 0, 0, 0, 0, "6", 0, 0, 0, "3", 0, 0, 0, 0, 0, "8", "3", 0, "0", 0, "1", "2", 0, 0, "9", 0, 0, 0, "1", "3", 0, 0], "FL": [0, 0, 0, "5", 0, "6", "7", 0, 0, 0, 0, 0, 0, "3", 0, 0, 0, "6", 0, 0, 0, 0, 0, "3", "7", 0, "1", 0, "1", "4", 0, 0, "6", 0, 0, 0, "0", "2", 0, 0], "F%": [0, 0, 0, "38", 0, "45", "50", 0, 0, 0, 0, 0, 0, "67", 0, 0, 0, "33", 0, 0, 0, 0, 0, "73", "30", 0, "0", 0, "50", "33", 0, 0, "60", 0, 0, 0, "100", "60", 0, 0], "team": ["DALLAS STARS ", "DALLAS STARS ", "DALLAS STARS ", "DALLAS STARS ", "DALLAS STARS ", "DALLAS STARS ", "DALLAS STARS ", "DALLAS STARS ", "DALLAS STARS ", "DALLAS STARS ", "DALLAS STARS ", "DALLAS STARS ", "DALLAS STARS ", "DALLAS STARS ", "DALLAS STARS ", "DALLAS STARS ", "DALLAS STARS ", "DALLAS STARS ", "DALLAS STARS ", "DALLAS STARS ", "LOS ANGELES KINGS ", "LOS ANGELES KINGS ", "LOS ANGELES KINGS ", "LOS ANGELES KINGS ", "LOS ANGELES KINGS ", "LOS ANGELES KINGS ", "LOS ANGELES KINGS ", "LOS ANGELES KINGS ", "LOS ANGELES KINGS ", "LOS ANGELES KINGS ", "LOS ANGELES KINGS ", "LOS ANGELES KINGS ", "LOS ANGELES KINGS ", "LOS ANGELES KINGS ", "LOS ANGELES KINGS ", "LOS ANGELES KINGS ", "LOS ANGELES KINGS ", "LOS ANGELES KINGS ", "LOS ANGELES KINGS ", "LOS ANGELES KINGS "], "GA": [0, 0, 0, 0, 0, 0, 0, 0, 0, 0, 0, 0, 0, 0, 0, 0, 0, 0, 0.0, "2", 0, 0, 0, 0, 0, 0, 0, 0, 0, 0, 0, 0, 0, 0, 0, 0, 0, 0, "4", 0], "SA": [0, 0, 0, 0, 0, 0, 0, 0, 0, 0, 0, 0, 0, 0, 0, 0, 0, 0, 0.0, "32", 0, 0, 0, 0, 0, 0, 0, 0, 0, 0, 0, 0, 0, 0, 0, 0, 0, 0, "23", 0]}}