{"game_info": {"date": "2014-02-02", "visitor": "WINNIPEG JETS ", "home": "MONTREAL CANADIENS ", "game_id": 836, "status": "final"}, "player_stats": {"number": ["2", "5", "7", "8", "12", "14", "16", "17", "18", "22", "26", "27", "33", "39", "40", "44", "55", "67", "31", "35", "6", "8", "11", "14", "17", "21", "26", "32", "40", "48", "49", "51", "60", "67", "74", "76", "79", "81", "30", "31"], "position": ["D", "D", "D", "D", "C", "R", "L", "C", "C", "R", "R", "L", "D", "D", "R", "D", "C", "R", "G", "G", "D", "L", "R", "C", "R", "R", "D", "L", "D", "C", "L", "C", "L", "L", "D", "D", "D", "C", "G", "G"], "name": ["PARDY, ADAM", "STUART, MARK", "ELLERBY, KEATON", "TROUBA, JACOB", "JOKINEN, OLLI", "PELUSO, ANTHONY", "LADD, ANDREW", "WRIGHT, JAMES", "LITTLE, BRYAN", "THORBURN, CHRIS", "WHEELER, BLAKE", "TANGRADI, ERIC", "BYFUGLIEN, DUSTIN", "ENSTROM, TOBIAS", "SETOGUCHI, DEVIN", "BOGOSIAN, ZACH", "SCHEIFELE, MARK", "FROLIK, MICHAEL", "PAVELEC, ONDREJ", "MONTOYA, AL", "MURRAY, DOUGLAS", "PRUST, BRANDON", "GALLAGHER, BRENDAN", "PLEKANEC, TOMAS", "BOURQUE, RENE", "GIONTA, BRIAN", "GORGES, JOSH", "MOEN, TRAVIS", "BEAULIEU, NATHAN", "BRIERE, DANIEL", "BOURNIVAL, MICHAEL", "DESHARNAIS, DAVID", "THOMAS, CHRISTIAN", "PACIORETTY, MAX", "EMELIN, ALEXEI", "SUBBAN, P.K.", "MARKOV, ANDREI", "ELLER, LARS", "BUDAJ, PETER", "PRICE, CAREY"], "G": [0, 0, 0, 0, 0, 0, 0, 0, 0, 0, 0, 0, 0, "1", 0, 0, 0, "1", 0, 0, 0, 0, 0, 0, 0, "1", 0, 0, 0, 0, 0, 0, 0, 0, 0, 0, 0, 0, 0, 0], "A": [0, 0, 0, 0, 0, 0, "1", 0, 0, "1", "1", 0, 0, 0, 0, 0, 0, 0, 0, 0, 0, 0, 0, "1", 0, 0, 0, 0, 0, 0, 0, 0, 0, 0, 0, 0, "1", 0, 0, 0], "P": [0, 0, 0, 0, 0, 0, "1", 0, 0, "1", "1", 0, 0, "1", 0, 0, 0, "1", 0, 0, 0, 0, 0, "1", 0, "1", 0, 0, 0, 0, 0, 0, 0, 0, 0, 0, "1", 0, 0, 0], "+/-": [0, "+1", 0, 0, 0, 0, 0, 0, 0, "+1", "+1", 0, 0, 0, 0, "+1", "+1", "+1", 0, 0, "-1", 0, "-1", "+1", 0, "+1", 0, "-1", "-1", 0, "-1", "-1", "-1", "-1", 0, 0, 0, 0, 0, 0], "PN": [0, "1", 0, 0, "1", "1", 0, 0, 0, "1", 0, 0, "2", 0, 0, 0, 0, 0, 0, "1", 0, 0, "3", 0, 0, 0, 0, "1", 0, "2", 0, 0, 0, "1", 0, 0, "1", 0, 0, 0], "PIM": [0, "2", 0, 0, "2", "2", 0, 0, 0, "2", 0, 0, "4", 0, 0, 0, 0, 0, 0, "2", 0, 0, "6", 0, 0, 0, 0, "2", 0, "4", 0, 0, 0, "2", 0, 0, "2", 0, 0, 0], "TOT": ["10:28", "18:07", "09:50", "24:31", "19:04", "04:00", "17:57", "07:02", "18:06", "13:33", "20:19", "04:25", "17:26", "26:42", "16:08", "27:30", "20:11", "16:41", 0, "60:00", "15:35", "16:16", "18:35", "20:47", "13:41", "16:32", "20:30", "08:16", "15:36", "15:06", "07:49", "17:50", "06:06", "17:24", "19:24", "26:38", "22:19", "14:36", 0, "59:00"], "SHF": ["13", "26", "13", "32", "26", "6", "23", "12", "24", "18", "26", "7", "22", "33", "22", "30", "23", "23", 0, 0, "20", "18", "23", "22", "14", "22", "27", "12", "17", "19", "10", "24", "9", "23", "24", "24", "28", "18", 0, 0], "AVG TOI/SH": ["00:48", "00:41", "00:45", "00:45", "00:44", "00:40", "00:46", "00:35", "00:45", "00:45", "00:46", "00:37", "00:47", "00:48", "00:44", "00:55", "00:52", "00:43", 0, 0, "00:46", "00:54", "00:48", "00:56", "00:58", "00:45", "00:45", "00:41", "00:55", "00:47", "00:46", "00:44", "00:40", "00:45", "00:48", "01:06", "00:47", "00:48", 0, 0], "PP": ["00:00", "00:00", "00:00", "02:13", "02:08", "00:00", "01:16", "00:00", "01:02", "00:00", "03:21", "00:00", "02:03", "03:39", "01:38", "01:41", "03:30", "00:09", 0, "04:32", "00:00", "00:00", "02:45", "01:47", "00:00", "01:47", "00:00", "00:00", "00:32", "01:47", "00:00", "02:45", "00:00", "02:45", "00:00", "04:32", "04:00", "00:00", 0, "04:32"], "SH": ["00:00", "02:25", "00:00", "02:25", "01:27", "00:00", "00:58", "01:18", "01:47", "00:00", "01:18", "00:00", "00:00", "02:07", "00:00", "02:07", "00:00", "02:16", 0, "04:32", "02:46", "02:41", "00:00", "02:21", "00:00", "01:19", "02:46", "01:36", "00:00", "00:00", "00:00", "00:00", "00:00", "00:00", "01:46", "01:04", "00:42", "01:07", 0, "04:32"], "EV": ["10:28", "15:42", "09:50", "19:53", "15:29", "04:00", "15:43", "05:44", "15:17", "13:33", "15:40", "04:25", "15:23", "20:56", "14:30", "23:42", "16:41", "14:16", 0, "50:56", "12:49", "13:35", "15:50", "16:39", "13:41", "13:26", "17:44", "06:40", "15:04", "13:19", "07:49", "15:05", "06:06", "14:39", "17:38", "21:02", "17:37", "13:29", 0, "49:56"], "S": [0, "5", "2", "1", "2", 0, "3", 0, "3", 0, 0, 0, "4", "1", "2", "6", "2", "4", 0, 0, "1", 0, "2", "3", "2", "3", "2", 0, 0, 0, "1", "3", "1", "3", "3", "3", "2", "2", 0, 0], "A/B": [0, "1", 0, "4", "2", "1", "1", 0, "1", "1", "2", "1", "2", 0, "2", "1", 0, "4", 0, 0, "1", "1", "2", "1", 0, "1", "2", "1", "3", 0, 0, 0, "1", "2", "2", "4", 0, 0, 0, 0], "MS": [0, 0, 0, "1", "2", "1", 0, 0, "1", 0, 0, 0, "3", 0, "1", 0, "2", 0, 0, 0, 0, "1", "2", 0, 0, "2", "1", 0, "1", 0, "2", 0, 0, "1", 0, "1", 0, 0, 0, 0], "HT": [0, "1", "2", "2", "1", "2", 0, 0, "2", "2", "1", 0, "10", 0, "3", "3", 0, 0, 0, 0, "3", "7", 0, 0, 0, "2", "1", "1", 0, 0, 0, "1", "1", 0, "7", "2", 0, "1", 0, 0], "GV": [0, 0, "1", "2", 0, 0, 0, 0, 0, 0, 0, 0, "2", 0, 0, "2", 0, 0, 0, "1", 0, 0, 0, 0, 0, 0, 0, 0, "2", 0, "1", 0, 0, 0, 0, "2", 0, 0, 0, "1"], "TK": [0, 0, 0, 0, 0, 0, 0, 0, 0, 0, 0, 0, "3", 0, 0, 0, 0, 0, 0, 0, 0, 0, "1", 0, 0, 0, 0, 0, 0, "1", 0, 0, 0, 0, 0, "1", "1", "1", 0, 0], "BS": [0, "4", "1", "2", 0, 0, "2", 0, "2", 0, "2", 0, 0, "4", 0, "3", 0, "1", 0, 0, "2", 0, 0, "1", 0, "1", "2", "1", "4", 0, "1", 0, 0, 0, "5", "2", "4", 0, 0, 0], "FW": [0, 0, 0, 0, "7", 0, 0, "3", "6", "0", "0", 0, 0, 0, 0, 0, "5", 0, 0, 0, 0, "1", "1", "11", 0, 0, 0, 0, 0, "2", "4", "7", 0, 0, 0, 0, 0, "8", 0, 0], "FL": [0, 0, 0, 0, "10", 0, 0, "3", "12", "1", "1", 0, 0, 0, 0, 0, "7", 0, 0, 0, 0, "0", "0", "7", 0, 0, 0, 0, 0, "2", "0", "6", 0, 0, 0, 0, 0, "6", 0, 0], "F%": [0, 0, 0, 0, "41", 0, 0, "50", "33", "0", "0", 0, 0, 0, 0, 0, "42", 0, 0, 0, 0, "100", "100", "61", 0, 0, 0, 0, 0, "50", "100", "54", 0, 0, 0, 0, 0, "57", 0, 0], "team": ["WINNIPEG JETS ", "WINNIPEG JETS ", "WINNIPEG JETS ", "WINNIPEG JETS ", "WINNIPEG JETS ", "WINNIPEG JETS ", "WINNIPEG JETS ", "WINNIPEG JETS ", "WINNIPEG JETS ", "WINNIPEG JETS ", "WINNIPEG JETS ", "WINNIPEG JETS ", "WINNIPEG JETS ", "WINNIPEG JETS ", "WINNIPEG JETS ", "WINNIPEG JETS ", "WINNIPEG JETS ", "WINNIPEG JETS ", "WINNIPEG JETS ", "WINNIPEG JETS ", "MONTREAL CANADIENS ", "MONTREAL CANADIENS ", "MONTREAL CANADIENS ", "MONTREAL CANADIENS ", "MONTREAL CANADIENS ", "MONTREAL CANADIENS ", "MONTREAL CANADIENS ", "MONTREAL CANADIENS ", "MONTREAL CANADIENS ", "MONTREAL CANADIENS ", "MONTREAL CANADIENS ", "MONTREAL CANADIENS ", "MONTREAL CANADIENS ", "MONTREAL CANADIENS ", "MONTREAL CANADIENS ", "MONTREAL CANADIENS ", "MONTREAL CANADIENS ", "MONTREAL CANADIENS ", "MONTREAL CANADIENS ", "MONTREAL CANADIENS "], "GA": [0, 0, 0, 0, 0, 0, 0, 0, 0, 0, 0, 0, 0, 0, 0, 0, 0, 0, 0.0, "1", 0, 0, 0, 0, 0, 0, 0, 0, 0, 0, 0, 0, 0, 0, 0, 0, 0, 0, 0, "2"], "SA": [0, 0, 0, 0, 0, 0, 0, 0, 0, 0, 0, 0, 0, 0, 0, 0, 0, 0, 0.0, "31", 0, 0, 0, 0, 0, 0, 0, 0, 0, 0, 0, 0, 0, 0, 0, 0, 0, 0, 0, "35"]}}