{"game_info": {"date": "2013-10-28", "visitor": "CHICAGO BLACKHAWKS ", "home": "MINNESOTA WILD ", "game_id": 174, "status": "final"}, "player_stats": {"number": ["2", "4", "7", "8", "10", "11", "16", "17", "19", "20", "27", "29", "37", "51", "52", "65", "81", "88", "39", "50", "4", "6", "9", "11", "14", "15", "17", "19", "20", "21", "22", "24", "28", "29", "39", "46", "55", "64", "32", "37"], "position": ["D", "D", "D", "D", "R", "L", "C", "D", "C", "L", "D", "L", "C", "C", "L", "C", "R", "R", "G", "G", "D", "D", "C", "L", "R", "L", "C", "L", "D", "C", "R", "L", "C", "R", "D", "D", "D", "C", "G", "G"], "name": ["KEITH, DUNCAN", "HJALMARSSON, NIKLAS", "SEABROOK, BRENT", "LEDDY, NICK", "SHARP, PATRICK", "MORIN, JEREMY", "KRUGER, MARCUS", "BROOKBANK, SHELDON", "TOEWS, JONATHAN", "SAAD, BRANDON", "ODUYA, JOHNNY", "BICKELL, BRYAN", "PIRRI, BRANDON", "MILLS, BRAD", "BOLLIG, BRANDON", "SHAW, ANDREW", "HOSSA, MARIAN", "KANE, PATRICK", "KHABIBULIN, NIKOLAI", "CRAWFORD, COREY", "STONER, CLAYTON", "SCANDELLA, MARCO", "KOIVU, MIKKO", "PARISE, ZACH", "FONTAINE, JUSTIN", "HEATLEY, DANY", "MITCHELL, TORREY", "VEILLEUX, STEPHANE", "SUTER, RYAN", "BRODZIAK, KYLE", "NIEDERREITER, NINO", "COOKE, MATT", "KONOPKA, ZENON", "POMINVILLE, JASON", "PROSSER, NATE", "SPURGEON, JARED", "DUMBA, MATHEW", "GRANLUND, MIKAEL", "BACKSTROM, NIKLAS", "HARDING, JOSH"], "G": [0, 0, 0, "1", "1", 0, 0, "1", 0, "1", 0, 0, 0, 0, 0, 0, 0, "1", 0, 0, 0, 0, 0, 0, 0, 0, 0, 0, 0, 0, 0, 0, 0, "1", 0, 0, 0, 0, 0, 0], "A": ["1", 0, "1", 0, 0, 0, 0, 0, "1", "1", "1", 0, "2", 0, 0, 0, "1", "1", 0, 0, "1", 0, 0, 0, 0, 0, 0, 0, 0, 0, 0, 0, 0, 0, 0, 0, 0, "1", 0, 0], "P": ["1", 0, "1", "1", "1", 0, 0, "1", "1", "2", "1", 0, "2", 0, 0, 0, "1", "2", 0, 0, "1", 0, 0, 0, 0, 0, 0, 0, 0, 0, 0, 0, 0, "1", 0, 0, 0, "1", 0, 0], "+/-": [0, "+1", 0, "+2", "+1", 0, 0, "+2", "+2", "+2", "+1", 0, 0, 0, 0, "+1", "+1", "+1", 0, 0, 0, "-1", "-2", "-1", "-1", 0, "-1", "-1", "-2", 0, 0, 0, 0, "-1", 0, "-1", "-2", "-1", 0, 0], "PN": [0, 0, 0, 0, 0, 0, "1", "1", 0, "1", 0, "1", 0, 0, "2", 0, 0, 0, 0, 0, "1", "1", 0, "1", 0, 0, 0, 0, 0, 0, 0, 0, "1", 0, "2", 0, 0, 0, 0, 0], "PIM": [0, 0, 0, 0, 0, 0, "2", "10", 0, "2", 0, "2", 0, 0, "4", 0, 0, 0, 0, 0, "2", "2", 0, "2", 0, 0, 0, 0, 0, 0, 0, 0, "2", 0, "12", 0, 0, 0, 0, 0], "TOT": ["23:47", "21:15", "24:45", "17:07", "17:37", "10:03", "10:27", "09:10", "20:48", "17:21", "21:00", "10:00", "12:56", "11:34", "10:46", "15:02", "18:56", "17:28", 0, "59:58", "18:07", "17:43", "19:04", "17:44", "16:01", "15:58", "11:02", "07:29", "28:37", "16:31", "15:59", "15:13", "07:55", "13:17", "12:52", "25:44", "14:25", "16:43", "59:53", 0], "SHF": ["33", "32", "34", "24", "20", "14", "19", "14", "23", "26", "30", "16", "17", "19", "20", "20", "26", "20", 0, 0, "22", "27", "24", "24", "22", "22", "14", "15", "34", "25", "21", "24", "15", "20", "20", "30", "19", "20", 0, 0], "AVG TOI/SH": ["00:43", "00:39", "00:43", "00:42", "00:52", "00:43", "00:33", "00:39", "00:54", "00:40", "00:42", "00:37", "00:45", "00:36", "00:32", "00:45", "00:43", "00:52", 0, 0, "00:49", "00:39", "00:47", "00:44", "00:43", "00:43", "00:47", "00:29", "00:50", "00:39", "00:45", "00:38", "00:31", "00:39", "00:38", "00:51", "00:45", "00:50", 0, 0], "PP": ["02:56", "00:00", "02:47", "02:47", "03:30", "00:00", "00:00", "00:00", "03:30", "02:13", "00:00", "00:00", "01:36", "00:00", "00:00", "01:50", "03:19", "04:07", 0, "05:43", "00:13", "00:00", "02:31", "02:35", "02:40", "03:20", "00:05", "00:00", "03:45", "00:05", "03:20", "00:05", "00:00", "02:25", "00:00", "02:42", "02:40", "03:34", "06:00", 0], "SH": ["02:41", "03:02", "02:58", "00:00", "00:00", "00:00", "01:51", "00:00", "02:09", "02:35", "03:19", "00:00", "00:00", "02:08", "00:24", "00:49", "02:04", "00:00", 0, "06:00", "01:02", "00:34", "02:06", "00:31", "00:00", "00:00", "02:06", "00:33", "03:30", "02:33", "00:00", "02:26", "01:03", "00:04", "02:13", "04:07", "00:00", "00:04", "05:43", 0], "EV": ["18:10", "18:13", "19:00", "14:20", "14:07", "10:03", "08:36", "09:10", "15:09", "12:33", "17:41", "10:00", "11:20", "09:26", "10:22", "12:23", "13:33", "13:21", 0, "48:15", "16:52", "17:09", "14:27", "14:38", "13:21", "12:38", "08:51", "06:56", "21:22", "13:53", "12:39", "12:42", "06:52", "10:48", "10:39", "18:55", "11:45", "13:05", "48:10", 0], "S": ["3", 0, "1", "2", "3", "2", "1", "3", 0, "4", 0, "1", 0, "2", "1", 0, "2", "3", 0, 0, "1", "1", "2", "3", 0, "1", "1", "3", "3", "1", "3", "3", 0, "2", "2", "2", 0, "2", 0, 0], "A/B": ["1", "1", "4", "1", "1", "1", 0, 0, 0, 0, "1", "1", 0, "1", 0, 0, "1", 0, 0, 0, "3", "3", "1", 0, 0, "3", 0, 0, "2", 0, 0, 0, 0, 0, 0, 0, "2", "3", 0, 0], "MS": ["2", 0, "2", 0, 0, "1", 0, 0, "1", "3", 0, "2", 0, "1", "2", "1", 0, "1", 0, 0, 0, 0, 0, 0, "2", 0, 0, 0, 0, "2", "1", "1", 0, "1", 0, "2", "1", "1", 0, 0], "HT": ["1", "1", "2", "2", "1", 0, 0, "4", 0, 0, "2", 0, 0, "2", "2", 0, "1", 0, 0, 0, "3", 0, "1", "1", 0, 0, "2", 0, "2", "1", "1", 0, 0, 0, "1", "1", 0, "1", 0, 0], "GV": [0, "1", "1", "1", 0, 0, "1", 0, "1", "1", 0, 0, 0, 0, 0, 0, "2", "1", 0, 0, "1", "1", "1", 0, 0, 0, "1", 0, "1", 0, 0, 0, 0, 0, "1", 0, 0, 0, 0, 0], "TK": [0, 0, 0, 0, 0, 0, 0, 0, 0, 0, 0, 0, 0, "1", 0, 0, "1", 0, 0, 0, 0, 0, 0, 0, 0, 0, 0, 0, 0, 0, 0, "2", 0, "1", "1", 0, "1", "1", 0, 0], "BS": ["3", "4", "1", 0, "2", 0, 0, 0, "1", 0, "4", 0, "1", "1", 0, 0, 0, 0, 0, 0, "1", 0, 0, 0, 0, "1", 0, "1", "1", 0, "1", 0, 0, 0, "5", "2", 0, "1", 0, 0], "FW": [0, 0, 0, 0, "1", 0, "2", 0, "9", "0", 0, 0, "5", "4", 0, "3", 0, 0, 0, 0, 0, 0, "8", 0, 0, "0", "1", 0, 0, "10", 0, 0, "5", "2", 0, 0, 0, "6", 0, 0], "FL": [0, 0, 0, 0, "0", 0, "3", 0, "6", "1", 0, 0, "10", "3", 0, "9", 0, 0, 0, 0, 0, 0, "4", 0, 0, "1", "0", 0, 0, "7", 0, 0, "3", "2", 0, 0, 0, "7", 0, 0], "F%": [0, 0, 0, 0, "100", 0, "40", 0, "60", "0", 0, 0, "33", "57", 0, "25", 0, 0, 0, 0, 0, 0, "67", 0, 0, "0", "100", 0, 0, "59", 0, 0, "63", "50", 0, 0, 0, "46", 0, 0], "team": ["CHICAGO BLACKHAWKS ", "CHICAGO BLACKHAWKS ", "CHICAGO BLACKHAWKS ", "CHICAGO BLACKHAWKS ", "CHICAGO BLACKHAWKS ", "CHICAGO BLACKHAWKS ", "CHICAGO BLACKHAWKS ", "CHICAGO BLACKHAWKS ", "CHICAGO BLACKHAWKS ", "CHICAGO BLACKHAWKS ", "CHICAGO BLACKHAWKS ", "CHICAGO BLACKHAWKS ", "CHICAGO BLACKHAWKS ", "CHICAGO BLACKHAWKS ", "CHICAGO BLACKHAWKS ", "CHICAGO BLACKHAWKS ", "CHICAGO BLACKHAWKS ", "CHICAGO BLACKHAWKS ", "CHICAGO BLACKHAWKS ", "CHICAGO BLACKHAWKS ", "MINNESOTA WILD ", "MINNESOTA WILD ", "MINNESOTA WILD ", "MINNESOTA WILD ", "MINNESOTA WILD ", "MINNESOTA WILD ", "MINNESOTA WILD ", "MINNESOTA WILD ", "MINNESOTA WILD ", "MINNESOTA WILD ", "MINNESOTA WILD ", "MINNESOTA WILD ", "MINNESOTA WILD ", "MINNESOTA WILD ", "MINNESOTA WILD ", "MINNESOTA WILD ", "MINNESOTA WILD ", "MINNESOTA WILD ", "MINNESOTA WILD ", "MINNESOTA WILD "], "GA": [0, 0, 0, 0, 0, 0, 0, 0, 0, 0, 0, 0, 0, 0, 0, 0, 0, 0, 0.0, "1", 0, 0, 0, 0, 0, 0, 0, 0, 0, 0, 0, 0, 0, 0, 0, 0, 0, 0, "5", 0], "SA": [0, 0, 0, 0, 0, 0, 0, 0, 0, 0, 0, 0, 0, 0, 0, 0, 0, 0, 0.0, "30", 0, 0, 0, 0, 0, 0, 0, 0, 0, 0, 0, 0, 0, 0, 0, 0, 0, 0, "28", 0]}}