{"game_info": {"date": "2013-11-27", "visitor": "ST. LOUIS BLUES ", "home": "COLORADO AVALANCHE ", "game_id": 375, "status": "final"}, "player_stats": {"number": ["5", "9", "10", "12", "17", "19", "20", "21", "22", "25", "27", "28", "40", "42", "46", "56", "74", "91", "1", "41", "4", "5", "6", "7", "8", "9", "11", "15", "16", "24", "25", "29", "42", "55", "58", "61", "90", "92", "1", "35"], "position": ["D", "C", "L", "C", "C", "D", "C", "C", "D", "R", "D", "D", "C", "R", "D", "L", "C", "R", "G", "G", "D", "D", "D", "C", "D", "C", "L", "R", "D", "R", "C", "C", "C", "L", "L", "D", "C", "L", "G", "G"], "name": ["JACKMAN, BARRET", "SCHWARTZ, JADEN", "MORROW, BRENDEN", "ROY, DEREK", "SOBOTKA, VLADIMIR", "BOUWMEESTER, JAY", "STEEN, ALEXANDER", "BERGLUND, PATRIK", "SHATTENKIRK, KEVIN", "STEWART, CHRIS", "PIETRANGELO, ALEX", "COLE, IAN", "LAPIERRE, MAXIM", "BACKES, DAVID", "POLAK, ROMAN", "PAAJARVI, MAGNUS", "OSHIE, T.J.", "TARASENKO, VLADIMIR", "ELLIOTT, BRIAN", "HALAK, JAROSLAV", "BARRIE, TYSON", "GUENIN, NATE", "JOHNSON, ERIK", "MITCHELL, JOHN", "HEJDA, JAN", "DUCHENE, MATT", "MCGINN, JAMIE", "PARENTEAU, PA", "SARICH, CORY", "CLICHE, MARC-ANDRE", "TALBOT, MAXIME", "MACKINNON, NATHAN", "MALONE, BRAD", "MCLEOD, CODY", "BORDELEAU, PATRICK", "BENOIT, ANDRE", "O'REILLY, RYAN", "LANDESKOG, GABRIEL", "VARLAMOV, SEMYON", "GIGUERE, JEAN-SEBASTIEN"], "G": [0, "1", 0, 0, 0, 0, "1", 0, 0, "1", 0, 0, 0, "1", 0, 0, 0, 0, 0, 0, 0, 0, 0, 0, 0, 0, 0, 0, 0, 0, 0, 0, 0, 0, "1", 0, 0, 0, 0, 0], "A": [0, 0, 0, "2", 0, "1", 0, "1", 0, 0, 0, 0, 0, "1", 0, 0, "1", 0, 0, 0, 0, 0, 0, 0, "1", 0, 0, 0, 0, 0, 0, 0, "1", 0, 0, 0, 0, 0, 0, 0], "P": [0, "1", 0, "2", 0, "1", "1", "1", 0, "1", 0, 0, 0, "2", 0, 0, "1", 0, 0, 0, 0, 0, 0, 0, "1", 0, 0, 0, 0, 0, 0, 0, "1", 0, "1", 0, 0, 0, 0, 0], "+/-": ["+1", "+1", "-1", "+1", "+1", "+1", "+1", "+1", 0, "+1", "+1", 0, "-1", "+1", "+1", "-1", "+1", 0, 0, 0, "-1", 0, 0, 0, 0, "-1", "-1", "-2", 0, 0, 0, "-2", "+1", "-1", "+1", "-2", "-2", "-1", 0, 0], "PN": [0, "1", 0, 0, 0, "2", 0, 0, 0, 0, 0, "1", 0, "1", 0, 0, 0, 0, 0, 0, "1", 0, 0, 0, "1", 0, 0, 0, 0, 0, 0, 0, 0, 0, 0, 0, 0, 0, 0, 0], "PIM": [0, "2", 0, 0, 0, "4", 0, 0, 0, 0, 0, "2", 0, "2", 0, 0, 0, 0, 0, 0, "2", 0, 0, 0, "2", 0, 0, 0, 0, 0, 0, 0, 0, 0, 0, 0, 0, 0, 0, 0], "TOT": ["20:33", "16:43", "10:05", "11:45", "18:44", "21:55", "18:39", "14:36", "20:10", "12:45", "22:00", "15:25", "10:53", "15:56", "19:39", "08:51", "15:32", "15:49", 0, "60:00", "17:38", "19:27", "24:12", "20:47", "19:33", "17:42", "15:32", "16:34", "15:32", "06:24", "16:31", "17:58", "06:37", "12:33", "09:56", "19:17", "20:32", "21:31", "58:55", 0], "SHF": ["28", "24", "18", "17", "25", "32", "27", "20", "24", "17", "32", "22", "19", "27", "26", "17", "24", "19", 0, 0, "23", "25", "25", "22", "24", "21", "18", "19", "22", "10", "20", "21", "10", "18", "13", "22", "22", "23", 0, 0], "AVG TOI/SH": ["00:44", "00:41", "00:33", "00:41", "00:44", "00:41", "00:41", "00:43", "00:50", "00:45", "00:41", "00:42", "00:34", "00:35", "00:45", "00:31", "00:38", "00:49", 0, 0, "00:46", "00:46", "00:58", "00:56", "00:48", "00:50", "00:51", "00:52", "00:42", "00:38", "00:49", "00:51", "00:39", "00:41", "00:45", "00:52", "00:56", "00:56", 0, 0], "PP": ["00:00", "00:00", "00:00", "00:36", "00:00", "00:00", "00:36", "00:00", "00:36", "00:00", "00:00", "00:00", "00:00", "00:36", "00:00", "00:00", "00:36", "00:00", 0, "00:36", "03:18", "00:10", "04:00", "04:32", "00:13", "03:13", "03:21", "04:34", "00:00", "00:07", "00:06", "03:40", "00:07", "00:06", "00:07", "03:53", "04:26", "04:07", "08:00", 0], "SH": ["03:41", "02:02", "00:00", "00:00", "03:01", "02:34", "03:00", "01:57", "01:45", "00:00", "04:19", "00:00", "01:20", "02:52", "03:41", "00:00", "01:48", "00:00", 0, "08:00", "00:00", "00:36", "00:00", "00:00", "00:00", "00:00", "00:00", "00:00", "00:00", "00:36", "00:36", "00:00", "00:00", "00:00", "00:00", "00:36", "00:00", "00:00", "00:36", 0], "EV": ["16:52", "14:41", "10:05", "11:09", "15:43", "19:21", "15:03", "12:39", "17:49", "12:45", "17:41", "15:25", "09:33", "12:28", "15:58", "08:51", "13:08", "15:49", 0, "51:24", "14:20", "18:41", "20:12", "16:15", "19:20", "14:29", "12:11", "12:00", "15:32", "05:41", "15:49", "14:18", "06:30", "12:27", "09:49", "14:48", "16:06", "17:24", "50:19", 0], "S": [0, "3", "1", 0, "1", "3", "4", "1", "2", "4", "3", "1", "1", "4", "2", "3", "1", "1", 0, 0, 0, "1", "1", "3", "1", "3", "3", "1", 0, "1", "1", "1", "1", "2", "1", 0, "2", "4", 0, 0], "A/B": ["1", "1", 0, 0, 0, 0, "1", 0, "1", "1", "1", "1", "3", 0, 0, 0, 0, "1", 0, 0, "2", "1", 0, "2", "2", "1", "2", 0, "1", 0, "4", "2", "1", 0, 0, "2", "1", "1", 0, 0], "MS": [0, 0, "1", 0, "1", "1", "2", 0, 0, 0, "1", "1", 0, 0, 0, 0, 0, "2", 0, 0, "1", 0, "1", "1", 0, 0, 0, 0, "1", 0, 0, 0, "1", 0, 0, "1", "2", 0, 0, 0], "HT": ["1", "3", "1", 0, 0, "1", "1", "3", "1", "1", "2", 0, "1", "5", "1", 0, "2", 0, 0, 0, 0, "5", "2", "1", "2", "2", "3", 0, 0, 0, "2", 0, "2", "3", "5", 0, 0, "8", 0, 0], "GV": [0, 0, 0, 0, 0, 0, 0, 0, 0, 0, 0, 0, 0, 0, 0, 0, 0, 0, 0, 0, "1", "1", 0, 0, 0, 0, 0, 0, 0, 0, 0, "1", 0, 0, 0, 0, "3", 0, 0, 0], "TK": ["2", 0, 0, 0, 0, 0, "1", "2", 0, 0, 0, "1", 0, "1", "1", 0, "3", "1", 0, 0, 0, "1", "1", 0, 0, 0, 0, 0, "1", 0, 0, 0, 0, 0, 0, 0, "1", 0, 0, 0], "BS": ["3", 0, 0, "1", "2", "3", "2", 0, "4", 0, "3", 0, 0, "1", "2", 0, "1", 0, 0, 0, "1", "1", "2", 0, "2", 0, 0, 0, 0, 0, "1", 0, 0, 0, 0, "2", "2", 0, 0, 0], "FW": [0, "1", 0, "0", "3", 0, "1", "4", 0, 0, 0, 0, "9", "6", 0, 0, 0, 0, 0, 0, 0, 0, 0, "8", 0, "10", 0, 0, 0, "2", "1", "1", "1", 0, 0, 0, "3", 0, 0, 0], "FL": [0, "0", 0, "1", "5", 0, "4", "6", 0, 0, 0, 0, "3", "7", 0, 0, 0, 0, 0, 0, 0, 0, 0, "7", 0, "5", 0, 0, 0, "5", "1", "5", "0", 0, 0, 0, "1", 0, 0, 0], "F%": [0, "100", 0, "0", "38", 0, "20", "40", 0, 0, 0, 0, "75", "46", 0, 0, 0, 0, 0, 0, 0, 0, 0, "53", 0, "67", 0, 0, 0, "29", "50", "17", "100", 0, 0, 0, "75", 0, 0, 0], "team": ["ST. LOUIS BLUES ", "ST. LOUIS BLUES ", "ST. LOUIS BLUES ", "ST. LOUIS BLUES ", "ST. LOUIS BLUES ", "ST. LOUIS BLUES ", "ST. LOUIS BLUES ", "ST. LOUIS BLUES ", "ST. LOUIS BLUES ", "ST. LOUIS BLUES ", "ST. LOUIS BLUES ", "ST. LOUIS BLUES ", "ST. LOUIS BLUES ", "ST. LOUIS BLUES ", "ST. LOUIS BLUES ", "ST. LOUIS BLUES ", "ST. LOUIS BLUES ", "ST. LOUIS BLUES ", "ST. LOUIS BLUES ", "ST. LOUIS BLUES ", "COLORADO AVALANCHE ", "COLORADO AVALANCHE ", "COLORADO AVALANCHE ", "COLORADO AVALANCHE ", "COLORADO AVALANCHE ", "COLORADO AVALANCHE ", "COLORADO AVALANCHE ", "COLORADO AVALANCHE ", "COLORADO AVALANCHE ", "COLORADO AVALANCHE ", "COLORADO AVALANCHE ", "COLORADO AVALANCHE ", "COLORADO AVALANCHE ", "COLORADO AVALANCHE ", "COLORADO AVALANCHE ", "COLORADO AVALANCHE ", "COLORADO AVALANCHE ", "COLORADO AVALANCHE ", "COLORADO AVALANCHE ", "COLORADO AVALANCHE "], "GA": [0, 0, 0, 0, 0, 0, 0, 0, 0, 0, 0, 0, 0, 0, 0, 0, 0, 0, 0.0, "1", 0, 0, 0, 0, 0, 0, 0, 0, 0, 0, 0, 0, 0, 0, 0, 0, 0, 0, "3", 0], "SA": [0, 0, 0, 0, 0, 0, 0, 0, 0, 0, 0, 0, 0, 0, 0, 0, 0, 0, 0.0, "26", 0, 0, 0, 0, 0, 0, 0, 0, 0, 0, 0, 0, 0, 0, 0, 0, 0, 0, "34", 0]}}