{"game_info": {"date": "2014-01-27", "visitor": "BUFFALO SABRES ", "home": "PITTSBURGH PENGUINS ", "game_id": 791, "status": "final"}, "player_stats": {"number": ["4", "5", "6", "9", "10", "17", "19", "20", "23", "24", "26", "28", "37", "57", "63", "65", "82", "84", "1", "30", "2", "3", "4", "5", "7", "14", "15", "16", "17", "18", "27", "36", "44", "49", "58", "59", "71", "87", "29", "37"], "position": ["D", "D", "D", "C", "D", "L", "C", "D", "L", "C", "L", "C", "L", "D", "C", "C", "L", "C", "G", "G", "D", "D", "D", "D", "D", "L", "L", "C", "L", "L", "R", "L", "D", "C", "D", "C", "C", "C", "G", "G"], "name": ["MCBAIN, JAMIE", "RUHWEDEL, CHAD", "WEBER, MIKE", "OTT, STEVE", "EHRHOFF, CHRISTIAN", "OMARK, LINUS", "HODGSON, CODY", "TALLINDER, HENRIK", "LEINO, VILLE", "KONOPKA, ZENON", "MOULSON, MATT", "GIRGENSONS, ZEMGUS", "ELLIS, MATT", "MYERS, TYLER", "ENNIS, TYLER", "FLYNN, BRIAN", "FOLIGNO, MARCUS", "VARONE, PHILIP", "ENROTH, JHONAS", "MILLER, RYAN", "NISKANEN, MATT", "MAATTA, OLLI", "SCUDERI, ROB", "ENGELLAND, DERYK", "MARTIN, PAUL", "KUNITZ, CHRIS", "GLASS, TANNER", "SUTTER, BRANDON", "PYATT, TAYLOR", "NEAL, JAMES", "ADAMS, CRAIG", "JOKINEN, JUSSI", "ORPIK, BROOKS", "GIBBONS, BRIAN", "LETANG, KRIS", "MEGNA, JAYSON", "MALKIN, EVGENI", "CROSBY, SIDNEY", "FLEURY, MARC-ANDRE", "ZATKOFF, JEFF"], "G": [0, 0, 0, 0, 0, 0, 0, 0, 0, 0, 0, 0, 0, 0, 0, 0, 0, 0, 0, 0, 0, 0, 0, "1", 0, "1", "1", 0, 0, 0, 0, 0, 0, 0, 0, 0, 0, 0, 0, 0], "A": [0, 0, 0, 0, 0, 0, 0, 0, 0, 0, 0, 0, 0, 0, 0, 0, 0, 0, 0, 0, 0, 0, 0, 0, 0, 0, "1", 0, 0, 0, "2", 0, 0, "1", 0, 0, 0, "2", 0, 0], "P": [0, 0, 0, 0, 0, 0, 0, 0, 0, 0, 0, 0, 0, 0, 0, 0, 0, 0, 0, 0, 0, 0, 0, "1", 0, "1", "2", 0, 0, 0, "2", 0, 0, "1", 0, 0, 0, "2", 0, 0], "+/-": ["-1", 0, "-1", "-3", "-1", 0, "-3", "-1", "-2", 0, "-1", 0, 0, "-2", "-1", 0, 0, 0, 0, 0, 0, 0, "+1", "+1", "+2", "+1", "+2", 0, 0, 0, "+2", 0, "+2", "+1", "+1", 0, 0, "+2", 0, 0], "PN": [0, 0, 0, 0, 0, 0, 0, "1", 0, 0, 0, 0, 0, 0, 0, 0, 0, 0, 0, 0, 0, 0, 0, 0, 0, "1", "1", 0, 0, 0, 0, 0, 0, 0, 0, "1", 0, 0, 0, 0], "PIM": [0, 0, 0, 0, 0, 0, 0, "2", 0, 0, 0, 0, 0, 0, 0, 0, 0, 0, 0, 0, 0, 0, 0, 0, 0, "2", "2", 0, 0, 0, 0, 0, 0, 0, 0, "2", 0, 0, 0, 0], "TOT": ["16:32", "20:12", "16:16", "20:59", "22:26", "10:25", "19:08", "17:38", "19:10", "09:19", "19:42", "14:33", "08:43", "24:07", "19:49", "13:26", "15:56", "11:25", 0, "58:14", "17:18", "16:49", "19:29", "09:43", "21:52", "16:27", "14:46", "17:51", "09:45", "16:37", "13:24", "15:40", "20:45", "11:48", "22:05", "12:24", "17:23", "19:54", "60:00", 0], "SHF": ["17", "24", "20", "20", "21", "13", "20", "24", "19", "17", "21", "18", "13", "27", "22", "17", "19", "16", 0, 0, "20", "19", "21", "11", "22", "20", "19", "20", "12", "17", "14", "16", "21", "17", "21", "14", "16", "20", 0, 0], "AVG TOI/SH": ["00:58", "00:50", "00:48", "01:02", "01:04", "00:48", "00:57", "00:44", "01:00", "00:32", "00:56", "00:48", "00:40", "00:53", "00:54", "00:47", "00:50", "00:42", 0, 0, "00:51", "00:53", "00:55", "00:53", "00:59", "00:49", "00:46", "00:53", "00:48", "00:58", "00:57", "00:58", "00:59", "00:41", "01:03", "00:53", "01:05", "00:59", 0, 0], "PP": ["02:55", "00:00", "00:00", "02:59", "03:25", "02:35", "03:01", "00:00", "02:59", "00:00", "03:01", "00:00", "00:00", "03:05", "03:01", "00:00", "02:59", "00:00", 0, "06:00", "00:18", "00:00", "00:00", "00:00", "00:05", "01:42", "00:00", "00:05", "00:00", "01:47", "00:00", "00:13", "00:00", "00:00", "01:55", "00:00", "02:00", "01:55", "02:00", 0], "SH": ["01:06", "00:22", "00:00", "00:39", "01:38", "00:00", "00:00", "00:00", "00:00", "01:31", "00:00", "00:22", "00:00", "00:54", "00:00", "01:06", "00:22", "00:00", 0, "02:00", "00:10", "00:40", "02:14", "00:00", "03:36", "01:23", "01:11", "04:06", "00:00", "00:00", "03:58", "00:00", "03:36", "00:00", "01:44", "00:00", "00:03", "01:19", "06:00", 0], "EV": ["12:31", "19:50", "16:16", "17:21", "17:23", "07:50", "16:07", "17:38", "16:11", "07:48", "16:41", "14:11", "08:43", "20:08", "16:48", "12:20", "12:35", "11:25", 0, "50:14", "16:50", "16:09", "17:15", "09:43", "18:11", "13:22", "13:35", "13:40", "09:45", "14:50", "09:26", "15:27", "17:09", "11:48", "18:26", "12:24", "15:20", "16:40", "52:00", 0], "S": [0, "1", 0, "1", "3", "2", "1", "1", "1", 0, "4", 0, "1", "2", "1", "3", "1", "2", 0, 0, "1", 0, 0, "2", "1", "3", "3", "3", 0, "5", "2", "4", 0, "1", "2", "2", "2", "3", 0, 0], "A/B": ["2", 0, 0, 0, "1", 0, "1", "1", 0, "1", 0, 0, "1", "1", 0, 0, 0, 0, 0, 0, "1", 0, 0, 0, "1", "1", 0, 0, 0, 0, "1", "1", 0, 0, "1", 0, 0, 0, 0, 0], "MS": [0, 0, "1", 0, 0, 0, 0, 0, 0, 0, "1", 0, "1", 0, 0, "1", "1", "1", 0, 0, "2", 0, 0, "1", 0, "1", 0, "1", 0, "1", "1", 0, 0, "1", 0, "1", 0, "1", 0, 0], "HT": ["1", "2", "1", "4", "1", 0, "1", "3", "1", 0, 0, "6", "2", "1", "3", "2", "6", "2", 0, 0, "1", "1", 0, "3", 0, "1", "6", "1", "1", 0, "3", 0, "9", 0, "1", 0, 0, 0, 0, 0], "GV": [0, "1", 0, 0, 0, 0, 0, "1", 0, 0, 0, 0, 0, 0, 0, 0, 0, 0, 0, 0, "1", 0, 0, 0, "1", "1", "1", 0, 0, 0, 0, 0, 0, 0, 0, "1", "2", 0, 0, 0], "TK": [0, 0, 0, 0, "1", 0, "1", 0, 0, 0, 0, 0, 0, "1", 0, 0, 0, 0, 0, 0, 0, 0, 0, 0, 0, 0, 0, 0, 0, 0, 0, 0, 0, 0, 0, 0, 0, 0, 0, 0], "BS": [0, "1", 0, 0, 0, 0, "1", "1", 0, 0, 0, 0, 0, "1", 0, "1", "1", 0, 0, 0, "2", "1", "1", 0, "1", 0, 0, 0, 0, 0, "1", 0, "1", "1", 0, 0, 0, 0, 0, 0], "FW": [0, 0, 0, "4", 0, 0, "1", 0, 0, "6", 0, 0, 0, 0, "1", "0", 0, "2", 0, 0, 0, 0, 0, 0, 0, 0, 0, "8", 0, 0, "2", 0, 0, 0, 0, 0, "11", "10", 0, 0], "FL": [0, 0, 0, "8", 0, 0, "5", 0, 0, "7", 0, 0, 0, 0, "6", "1", 0, "4", 0, 0, 0, 0, 0, 0, 0, 0, 0, "2", 0, 0, "2", 0, 0, 0, 0, 0, "2", "8", 0, 0], "F%": [0, 0, 0, "33", 0, 0, "17", 0, 0, "46", 0, 0, 0, 0, "14", "0", 0, "33", 0, 0, 0, 0, 0, 0, 0, 0, 0, "80", 0, 0, "50", 0, 0, 0, 0, 0, "85", "56", 0, 0], "team": ["BUFFALO SABRES ", "BUFFALO SABRES ", "BUFFALO SABRES ", "BUFFALO SABRES ", "BUFFALO SABRES ", "BUFFALO SABRES ", "BUFFALO SABRES ", "BUFFALO SABRES ", "BUFFALO SABRES ", "BUFFALO SABRES ", "BUFFALO SABRES ", "BUFFALO SABRES ", "BUFFALO SABRES ", "BUFFALO SABRES ", "BUFFALO SABRES ", "BUFFALO SABRES ", "BUFFALO SABRES ", "BUFFALO SABRES ", "BUFFALO SABRES ", "BUFFALO SABRES ", "PITTSBURGH PENGUINS ", "PITTSBURGH PENGUINS ", "PITTSBURGH PENGUINS ", "PITTSBURGH PENGUINS ", "PITTSBURGH PENGUINS ", "PITTSBURGH PENGUINS ", "PITTSBURGH PENGUINS ", "PITTSBURGH PENGUINS ", "PITTSBURGH PENGUINS ", "PITTSBURGH PENGUINS ", "PITTSBURGH PENGUINS ", "PITTSBURGH PENGUINS ", "PITTSBURGH PENGUINS ", "PITTSBURGH PENGUINS ", "PITTSBURGH PENGUINS ", "PITTSBURGH PENGUINS ", "PITTSBURGH PENGUINS ", "PITTSBURGH PENGUINS ", "PITTSBURGH PENGUINS ", "PITTSBURGH PENGUINS "], "GA": [0, 0, 0, 0, 0, 0, 0, 0, 0, 0, 0, 0, 0, 0, 0, 0, 0, 0, 0.0, "2", 0, 0, 0, 0, 0, 0, 0, 0, 0, 0, 0, 0, 0, 0, 0, 0, 0, 0, "0", 0], "SA": [0, 0, 0, 0, 0, 0, 0, 0, 0, 0, 0, 0, 0, 0, 0, 0, 0, 0, 0.0, "33", 0, 0, 0, 0, 0, 0, 0, 0, 0, 0, 0, 0, 0, 0, 0, 0, 0, 0, "24", 0]}}