{"game_info": {"date": "2013-12-23", "visitor": "BOSTON BRUINS ", "home": "NASHVILLE PREDATORS ", "game_id": 562, "status": "final"}, "player_stats": {"number": ["11", "12", "17", "18", "25", "32", "33", "34", "37", "38", "44", "46", "47", "51", "54", "55", "63", "79", "30", "40", "3", "4", "6", "7", "8", "11", "12", "13", "15", "24", "25", "26", "27", "28", "33", "42", "57", "59", "30", "39", 0], "position": ["C", "R", "L", "R", "R", "R", "D", "C", "C", "R", "D", "C", "D", "C", "D", "D", "C", "D", "G", "G", "D", "D", "D", "C", "D", "C", "C", "C", "C", "L", "L", "C", "R", "C", "C", "D", "L", "D", "G", "G", 0], "name": ["CAMPBELL, GREGORY", "IGINLA, JAROME", "LUCIC, MILAN", "SMITH, REILLY", "FRASER, MATT", "JOHNSON, NICK", "CHARA, ZDENO", "SODERBERG, CARL", "BERGERON, PATRICE", "CARON, JORDAN", "SEIDENBERG, DENNIS", "KREJCI, DAVID", "KRUG, TOREY", "SPOONER, RYAN", "MCQUAID, ADAM", "BOYCHUK, JOHNNY", "MARCHAND, BRAD", "WARSOFSKY, DAVID", "JOHNSON, CHAD", "RASK, TUUKKA", "JONES, SETH", "ELLIS, RYAN", "WEBER, SHEA", "CULLEN, MATT", "KLEIN, KEVIN", "LEGWAND, DAVID", "FISHER, MIKE", "SPALING, NICK", "SMITH, CRAIG", "NYSTROM, ERIC", "STALBERG, VIKTOR", "HENDRICKS, MATT", "HORNQVIST, PATRIC", "GAUSTAD, PAUL", "WILSON, COLIN", "EKHOLM, MATTIAS", "BOURQUE, GABRIEL", "JOSI, ROMAN", "HUTTON, CARTER", "MAZANEC, MAREK", "TEAM PENALTY"], "G": [0, "2", 0, "1", "1", 0, 0, "1", 0, 0, 0, 0, 0, 0, 0, 0, "1", 0, 0, 0, 0, 0, 0, 0, 0, 0, 0, 0, "2", 0, 0, 0, 0, 0, 0, 0, 0, 0, 0, 0, 0], "A": [0, 0, "1", "2", 0, 0, "1", "2", 0, 0, 0, "1", "1", "3", 0, 0, 0, 0, 0, 0, "1", "1", "1", 0, 0, 0, 0, "1", 0, 0, 0, 0, 0, 0, 0, 0, 0, 0, 0, 0, 0], "P": [0, "2", "1", "3", "1", 0, "1", "3", 0, 0, 0, "1", "1", "3", 0, 0, "1", 0, 0, 0, "1", "1", "1", 0, 0, 0, 0, "1", "2", 0, 0, 0, 0, 0, 0, 0, 0, 0, 0, 0, 0], "+/-": ["-1", "+1", "+1", "+1", "+1", "-1", "+1", "+1", "+1", "-1", "+1", "+1", "+1", "+1", "+1", 0, "+1", 0, 0, 0, "-2", "-2", 0, 0, 0, "+1", "-2", "+1", "+1", 0, "-2", "-1", "-1", "-1", "-1", 0, "-1", 0, 0, 0, 0], "PN": [0, 0, 0, 0, 0, 0, "1", 0, "1", 0, 0, 0, 0, 0, "1", 0, 0, 0, 0, 0, "1", 0, 0, 0, 0, 0, 0, 0, 0, "1", 0, 0, 0, "1", 0, 0, 0, 0, 0, 0, "1"], "PIM": [0, 0, 0, 0, 0, 0, "2", 0, "2", 0, 0, 0, 0, 0, "5", 0, 0, 0, 0, 0, "2", 0, 0, 0, 0, 0, 0, 0, 0, "5", 0, 0, 0, "2", 0, 0, 0, 0, 0, 0, "2"], "TOT": ["10:54", "18:44", "18:12", "16:36", "12:07", "06:50", "22:07", "14:02", "19:04", "09:41", "23:16", "20:11", "17:13", "14:34", "19:22", "21:21", "16:57", "15:00", 0, "59:57", "16:31", "17:06", "24:51", "16:53", "17:33", "17:37", "18:44", "19:04", "17:31", "08:46", "12:10", "09:56", "17:55", "09:27", "14:34", "17:53", "14:31", "25:49", "05:59", "53:40", 0], "SHF": ["15", "19", "18", "21", "16", "12", "25", "17", "30", "15", "30", "21", "21", "20", "22", "28", "21", "19", 0, 0, "19", "20", "25", "22", "22", "23", "24", "26", "23", "12", "18", "13", "20", "14", "18", "22", "20", "26", 0, 0, 0], "AVG TOI/SH": ["00:43", "00:59", "01:00", "00:47", "00:45", "00:34", "00:53", "00:49", "00:38", "00:38", "00:46", "00:57", "00:49", "00:43", "00:52", "00:45", "00:48", "00:47", 0, 0, "00:52", "00:51", "00:59", "00:46", "00:47", "00:45", "00:46", "00:44", "00:45", "00:43", "00:40", "00:45", "00:53", "00:40", "00:48", "00:48", "00:43", "00:59", 0, 0, 0], "PP": ["00:00", "01:30", "01:30", "01:43", "00:00", "00:00", "01:30", "01:43", "01:46", "00:00", "00:00", "01:30", "01:27", "01:43", "00:00", "00:00", "00:00", "01:46", 0, "03:10", "01:46", "01:11", "02:26", "01:58", "00:00", "01:54", "01:54", "01:58", "01:58", "00:00", "00:00", "00:00", "01:54", "00:00", "00:00", "00:00", "00:00", "02:21", "00:00", "03:52", 0], "SH": ["02:05", "00:00", "00:00", "00:00", "00:00", "00:00", "00:47", "00:00", "00:54", "01:52", "02:21", "01:06", "00:44", "00:53", "02:01", "01:51", "00:54", "00:00", 0, "03:52", "00:00", "00:00", "02:06", "00:00", "01:07", "00:00", "00:34", "01:39", "00:00", "01:12", "00:00", "01:21", "00:00", "01:40", "00:00", "01:07", "00:00", "01:49", "00:00", "03:13", 0], "EV": ["08:49", "17:14", "16:42", "14:53", "12:07", "06:50", "19:50", "12:19", "16:24", "07:49", "20:55", "17:35", "15:02", "11:58", "17:21", "19:30", "16:03", "13:14", 0, "52:55", "14:45", "15:55", "20:19", "14:55", "16:26", "15:43", "16:16", "15:27", "15:33", "07:34", "12:10", "08:35", "16:01", "07:47", "14:34", "16:46", "14:31", "21:39", "05:59", "46:35", 0], "S": ["1", "2", 0, "2", "2", 0, "2", "2", "4", 0, "1", "2", "1", "6", "1", "2", "2", "3", 0, 0, "1", "3", "1", 0, "1", "1", "4", "1", "4", "1", "1", "2", "3", "2", 0, "3", "4", "2", 0, 0, 0], "A/B": [0, 0, "1", "1", 0, 0, 0, 0, "1", 0, "1", "1", 0, "1", 0, 0, 0, "1", 0, 0, "1", 0, "2", "2", "2", "1", "2", 0, 0, "1", 0, 0, "1", 0, "2", "1", "1", "3", 0, 0, 0], "MS": ["1", "1", "1", "1", 0, "1", 0, 0, "2", 0, 0, 0, 0, 0, 0, "2", "1", 0, 0, 0, 0, "1", "2", 0, "2", "2", 0, 0, "1", 0, "1", 0, 0, 0, 0, 0, 0, 0, 0, 0, 0], "HT": ["1", "2", "3", "1", 0, 0, "1", 0, 0, 0, "1", 0, 0, "1", 0, "3", 0, 0, 0, 0, "1", "1", "1", 0, "1", 0, 0, 0, "1", 0, 0, "1", "3", "2", "1", 0, 0, 0, 0, 0, 0], "GV": [0, "2", "1", 0, 0, 0, 0, 0, 0, 0, 0, "1", "1", "1", 0, "1", 0, 0, 0, 0, "2", 0, "1", 0, 0, "3", 0, 0, "1", "1", 0, "1", 0, 0, "1", 0, 0, "1", 0, 0, 0], "TK": ["1", 0, 0, 0, 0, 0, 0, 0, "1", 0, 0, "1", "1", "1", "1", "1", "1", 0, 0, 0, 0, 0, 0, 0, 0, 0, 0, 0, "1", 0, 0, 0, 0, 0, 0, 0, "1", 0, 0, 0, 0], "BS": [0, "2", 0, 0, 0, 0, "4", 0, "3", 0, "5", 0, "1", 0, "1", "2", "1", 0, 0, 0, 0, 0, "1", 0, "1", 0, "1", 0, 0, "1", 0, 0, 0, "1", 0, 0, "1", "1", 0, 0, 0], "FW": ["1", "0", "1", 0, 0, 0, 0, 0, "18", 0, 0, "8", 0, "4", 0, 0, 0, 0, 0, 0, 0, 0, 0, "6", 0, "8", "9", "0", 0, 0, "0", "0", 0, "6", 0, 0, 0, 0, 0, 0, 0], "FL": ["6", "1", "2", 0, 0, 0, 0, 0, "10", 0, 0, "6", 0, "4", 0, 0, 0, 0, 0, 0, 0, 0, 0, "6", 0, "8", "9", "1", 0, 0, "1", "1", 0, "6", 0, 0, 0, 0, 0, 0, 0], "F%": ["14", "0", "33", 0, 0, 0, 0, 0, "64", 0, 0, "57", 0, "50", 0, 0, 0, 0, 0, 0, 0, 0, 0, "50", 0, "50", "50", "0", 0, 0, "0", "0", 0, "50", 0, 0, 0, 0, 0, 0, 0], "team": ["BOSTON BRUINS ", "BOSTON BRUINS ", "BOSTON BRUINS ", "BOSTON BRUINS ", "BOSTON BRUINS ", "BOSTON BRUINS ", "BOSTON BRUINS ", "BOSTON BRUINS ", "BOSTON BRUINS ", "BOSTON BRUINS ", "BOSTON BRUINS ", "BOSTON BRUINS ", "BOSTON BRUINS ", "BOSTON BRUINS ", "BOSTON BRUINS ", "BOSTON BRUINS ", "BOSTON BRUINS ", "BOSTON BRUINS ", "BOSTON BRUINS ", "BOSTON BRUINS ", "NASHVILLE PREDATORS ", "NASHVILLE PREDATORS ", "NASHVILLE PREDATORS ", "NASHVILLE PREDATORS ", "NASHVILLE PREDATORS ", "NASHVILLE PREDATORS ", "NASHVILLE PREDATORS ", "NASHVILLE PREDATORS ", "NASHVILLE PREDATORS ", "NASHVILLE PREDATORS ", "NASHVILLE PREDATORS ", "NASHVILLE PREDATORS ", "NASHVILLE PREDATORS ", "NASHVILLE PREDATORS ", "NASHVILLE PREDATORS ", "NASHVILLE PREDATORS ", "NASHVILLE PREDATORS ", "NASHVILLE PREDATORS ", "NASHVILLE PREDATORS ", "NASHVILLE PREDATORS ", "NASHVILLE PREDATORS "], "GA": [0, 0, 0, 0, 0, 0, 0, 0, 0, 0, 0, 0, 0, 0, 0, 0, 0, 0, 0.0, "2", 0, 0, 0, 0, 0, 0, 0, 0, 0, 0, 0, 0, 0, 0, 0, 0, 0, 0, "2", "4", 0], "SA": [0, 0, 0, 0, 0, 0, 0, 0, 0, 0, 0, 0, 0, 0, 0, 0, 0, 0, 0.0, "34", 0, 0, 0, 0, 0, 0, 0, 0, 0, 0, 0, 0, 0, 0, 0, 0, 0, 0, "4", "29", 0]}}