{"game_info": {"date": "2013-10-12", "visitor": "COLORADO AVALANCHE ", "home": "WASHINGTON CAPITALS ", "game_id": 67, "status": "final"}, "player_stats": {"number": ["5", "6", "7", "8", "9", "11", "15", "16", "17", "26", "29", "40", "44", "55", "58", "61", "90", "92", "1", "35", "8", "10", "16", "19", "20", "21", "25", "27", "34", "42", "43", "52", "61", "74", "83", "84", "88", "90", "30", "70", 0], "position": ["D", "D", "C", "D", "C", "L", "R", "D", "R", "C", "C", "L", "D", "L", "L", "D", "C", "L", "G", "G", "L", "R", "R", "C", "R", "C", "L", "D", "D", "R", "R", "D", "D", "D", "C", "C", "D", "C", "G", "G", 0], "name": ["GUENIN, NATE", "JOHNSON, ERIK", "MITCHELL, JOHN", "HEJDA, JAN", "DUCHENE, MATT", "MCGINN, JAMIE", "PARENTEAU, PA", "SARICH, CORY", "DOWNIE, STEVE", "STASTNY, PAUL", "MACKINNON, NATHAN", "TANGUAY, ALEX", "WILSON, RYAN", "MCLEOD, CODY", "BORDELEAU, PATRICK", "BENOIT, ANDRE", "O'REILLY, RYAN", "LANDESKOG, GABRIEL", "VARLAMOV, SEMYON", "GIGUERE, JEAN-SEBASTIEN", "OVECHKIN, ALEX", "ERAT, MARTIN", "FEHR, ERIC", "BACKSTROM, NICKLAS", "BROUWER, TROY", "LAICH, BROOKS", "CHIMERA, JASON", "ALZNER, KARL", "URBOM, ALEXANDER", "WARD, JOEL", "WILSON, TOM", "GREEN, MIKE", "OLEKSY, STEVE", "CARLSON, JOHN", "BEAGLE, JAY", "GRABOVSKI, MIKHAIL", "SCHMIDT, NATE", "JOHANSSON, MARCUS", "NEUVIRTH, MICHAL", "HOLTBY, BRADEN", "TEAM PENALTY"], "G": [0, 0, 0, 0, "1", "1", 0, 0, 0, 0, "1", "2", 0, 0, 0, 0, 0, 0, 0, 0, 0, 0, "1", 0, 0, 0, 0, 0, 0, 0, 0, 0, 0, 0, 0, 0, 0, 0, 0, 0, 0], "A": [0, 0, 0, 0, 0, 0, "1", 0, 0, "2", "1", 0, 0, 0, 0, "2", "1", "2", 0, 0, 0, 0, 0, 0, 0, 0, "1", 0, 0, "1", 0, 0, 0, 0, 0, 0, 0, 0, 0, 0, 0], "P": [0, 0, 0, 0, "1", "1", "1", 0, 0, "2", "2", "2", 0, 0, 0, "2", "1", "2", 0, 0, 0, 0, "1", 0, 0, 0, "1", 0, 0, "1", 0, 0, 0, 0, 0, 0, 0, 0, 0, 0, 0], "+/-": ["-1", 0, 0, "+1", 0, "+1", "+1", "+2", "+1", "+2", "+1", "+2", 0, 0, 0, "+3", 0, "+1", 0, 0, "-3", 0, "+1", "-3", "-1", "-2", "+1", "-1", 0, "+1", 0, "-2", "-2", 0, 0, "-1", "-1", "-2", 0, 0, 0], "PN": [0, "1", 0, 0, 0, 0, 0, "1", 0, 0, 0, 0, 0, 0, 0, 0, 0, 0, 0, 0, 0, 0, 0, "1", 0, 0, 0, 0, 0, 0, 0, "1", 0, 0, 0, 0, 0, 0, 0, 0, "1"], "PIM": [0, "2", 0, 0, 0, 0, 0, "2", 0, 0, 0, 0, 0, 0, 0, 0, 0, 0, 0, 0, 0, 0, 0, "2", 0, 0, 0, 0, 0, 0, 0, "2", 0, 0, 0, 0, 0, 0, 0, 0, "2"], "TOT": ["17:06", "21:00", "13:38", "21:45", "18:25", "14:38", "17:30", "19:40", "18:08", "16:45", "13:52", "17:11", "16:18", "05:03", "08:07", "19:10", "19:55", "17:49", "60:00", 0, "17:19", "10:00", "14:21", "18:27", "18:26", "15:16", "16:33", "19:28", "20:53", "17:58", "07:57", "22:46", "17:33", "20:42", "09:22", "17:07", "14:51", "15:27", "59:57", 0, 0], "SHF": ["22", "27", "16", "29", "21", "20", "21", "24", "20", "24", "17", "23", "20", "5", "9", "23", "23", "24", 0, 0, "22", "15", "17", "22", "22", "21", "18", "21", "22", "19", "13", "21", "19", "23", "14", "18", "15", "20", 0, 0, 0], "AVG TOI/SH": ["00:46", "00:46", "00:51", "00:45", "00:52", "00:43", "00:50", "00:49", "00:54", "00:41", "00:48", "00:44", "00:48", "01:00", "00:54", "00:50", "00:51", "00:44", 0, 0, "00:47", "00:40", "00:50", "00:50", "00:50", "00:43", "00:55", "00:55", "00:56", "00:56", "00:36", "01:05", "00:55", "00:54", "00:40", "00:57", "00:59", "00:46", 0, 0, 0], "PP": ["00:00", "02:59", "00:00", "00:00", "02:48", "00:00", "02:24", "00:38", "03:06", "02:49", "02:31", "03:11", "00:00", "00:00", "00:00", "02:02", "02:48", "02:49", "05:37", 0, "03:48", "00:00", "00:12", "03:14", "03:14", "00:20", "00:12", "00:00", "00:12", "00:46", "00:00", "03:48", "00:00", "00:12", "00:00", "03:28", "00:00", "00:34", "04:00", 0, 0], "SH": ["02:31", "00:00", "02:19", "02:36", "00:12", "00:00", "00:00", "00:48", "00:00", "01:29", "00:00", "01:48", "00:36", "00:00", "00:00", "01:29", "01:36", "00:36", "04:00", 0, "00:00", "02:06", "00:28", "00:09", "01:50", "01:40", "01:42", "02:15", "03:22", "01:42", "00:00", "00:00", "02:15", "03:22", "01:28", "00:00", "00:00", "00:09", "05:37", 0, 0], "EV": ["14:35", "18:01", "11:19", "19:09", "15:25", "14:38", "15:06", "18:14", "15:02", "12:27", "11:21", "12:12", "15:42", "05:03", "08:07", "15:39", "15:31", "14:24", "50:23", 0, "13:31", "07:54", "13:41", "15:04", "13:22", "13:16", "14:39", "17:13", "17:19", "15:30", "07:57", "18:58", "15:18", "17:08", "07:54", "13:39", "14:51", "14:44", "50:20", 0, 0], "S": [0, 0, 0, 0, "3", "3", 0, "1", "5", "1", "4", "3", "1", 0, 0, "3", "2", "2", 0, 0, "6", 0, "2", "2", "1", "6", "3", "3", "1", "2", "2", "3", "1", "1", "1", "3", "3", "1", 0, 0, 0], "A/B": [0, "1", "1", "1", 0, "1", 0, "2", "1", 0, 0, "1", "1", 0, 0, 0, 0, 0, 0, 0, "5", 0, "3", 0, 0, 0, 0, "1", "1", "1", 0, "4", "1", "1", 0, 0, "2", 0, 0, 0, 0], "MS": [0, 0, 0, "1", "1", 0, "2", 0, 0, "1", "1", 0, 0, 0, 0, "1", 0, 0, 0, 0, "1", "1", "1", 0, 0, 0, "1", 0, 0, 0, 0, "3", 0, 0, 0, 0, 0, 0, 0, 0, 0], "HT": ["4", "3", "1", "3", 0, "2", 0, "5", 0, 0, 0, "2", "3", "1", "6", "1", "1", 0, 0, 0, "3", "3", 0, 0, "2", "1", "1", "2", "4", "1", "4", 0, "1", "1", "2", 0, 0, 0, 0, 0, 0], "GV": ["1", 0, 0, "1", "1", 0, 0, 0, 0, "1", 0, 0, "1", 0, "1", 0, 0, "1", "1", 0, 0, 0, 0, 0, "1", "1", "1", "1", "2", 0, 0, 0, 0, 0, 0, "1", "2", 0, 0, 0, 0], "TK": [0, "1", 0, 0, "1", "1", 0, 0, "1", 0, 0, 0, 0, 0, 0, 0, "2", 0, 0, 0, 0, 0, "1", "2", "1", "1", "1", 0, 0, "1", 0, 0, 0, "1", 0, 0, "1", 0, 0, 0, 0], "BS": ["7", 0, "2", "1", "2", "2", 0, 0, "1", 0, 0, "1", 0, "1", 0, "1", 0, "1", 0, 0, 0, 0, "1", "1", 0, "2", 0, 0, "1", 0, "1", 0, 0, "1", 0, "1", 0, "1", 0, 0, 0], "FW": [0, 0, "4", 0, "9", 0, "1", 0, 0, "13", "4", 0, 0, 0, 0, 0, "3", "1", 0, 0, 0, "5", "7", "8", "4", "1", 0, 0, 0, "1", 0, 0, 0, 0, "3", "6", 0, 0, 0, 0, 0], "FL": [0, 0, "11", 0, "9", 0, "0", 0, 0, "8", "7", 0, 0, 0, 0, 0, "0", "0", 0, 0, 0, "0", "9", "13", "4", "3", 0, 0, 0, "1", 0, 0, 0, 0, "1", "4", 0, 0, 0, 0, 0], "F%": [0, 0, "27", 0, "50", 0, "100", 0, 0, "62", "36", 0, 0, 0, 0, 0, "100", "100", 0, 0, 0, "100", "44", "38", "50", "25", 0, 0, 0, "50", 0, 0, 0, 0, "75", "60", 0, 0, 0, 0, 0], "team": ["COLORADO AVALANCHE ", "COLORADO AVALANCHE ", "COLORADO AVALANCHE ", "COLORADO AVALANCHE ", "COLORADO AVALANCHE ", "COLORADO AVALANCHE ", "COLORADO AVALANCHE ", "COLORADO AVALANCHE ", "COLORADO AVALANCHE ", "COLORADO AVALANCHE ", "COLORADO AVALANCHE ", "COLORADO AVALANCHE ", "COLORADO AVALANCHE ", "COLORADO AVALANCHE ", "COLORADO AVALANCHE ", "COLORADO AVALANCHE ", "COLORADO AVALANCHE ", "COLORADO AVALANCHE ", "COLORADO AVALANCHE ", "COLORADO AVALANCHE ", "WASHINGTON CAPITALS ", "WASHINGTON CAPITALS ", "WASHINGTON CAPITALS ", "WASHINGTON CAPITALS ", "WASHINGTON CAPITALS ", "WASHINGTON CAPITALS ", "WASHINGTON CAPITALS ", "WASHINGTON CAPITALS ", "WASHINGTON CAPITALS ", "WASHINGTON CAPITALS ", "WASHINGTON CAPITALS ", "WASHINGTON CAPITALS ", "WASHINGTON CAPITALS ", "WASHINGTON CAPITALS ", "WASHINGTON CAPITALS ", "WASHINGTON CAPITALS ", "WASHINGTON CAPITALS ", "WASHINGTON CAPITALS ", "WASHINGTON CAPITALS ", "WASHINGTON CAPITALS ", "WASHINGTON CAPITALS "], "GA": [0, 0, 0, 0, 0, 0, 0, 0, 0, 0, 0, 0, 0, 0, 0, 0, 0, 0, "1", 0, 0, 0, 0, 0, 0, 0, 0, 0, 0, 0, 0, 0, 0, 0, 0, 0, 0, 0, "5", 0, 0], "SA": [0, 0, 0, 0, 0, 0, 0, 0, 0, 0, 0, 0, 0, 0, 0, 0, 0, 0, "41", 0, 0, 0, 0, 0, 0, 0, 0, 0, 0, 0, 0, 0, 0, 0, 0, 0, 0, 0, "28", 0, 0]}}