{"game_info": {"date": "2014-01-30", "visitor": "WASHINGTON CAPITALS ", "home": "COLUMBUS BLUE JACKETS ", "game_id": 811, "status": "final"}, "player_stats": {"number": ["4", "8", "10", "16", "19", "20", "21", "25", "27", "42", "43", "48", "52", "58", "74", "81", "83", "90", "30", "70", "6", "7", "8", "11", "13", "17", "18", "19", "21", "24", "26", "27", "38", "42", "48", "51", "55", "71", "31", "72"], "position": ["D", "L", "R", "R", "C", "R", "C", "L", "D", "R", "R", "C", "D", "D", "D", "D", "C", "C", "G", "G", "D", "D", "R", "L", "R", "C", "C", "C", "D", "C", "R", "D", "C", "C", "D", "D", "C", "L", "G", "G"], "name": ["ERSKINE, JOHN", "OVECHKIN, ALEX", "ERAT, MARTIN", "FEHR, ERIC", "BACKSTROM, NICKLAS", "BROUWER, TROY", "LAICH, BROOKS", "CHIMERA, JASON", "ALZNER, KARL", "WARD, JOEL", "WILSON, TOM", "WELLMAN, CASEY", "GREEN, MIKE", "CARRICK, CONNOR", "CARLSON, JOHN", "ORLOV, DMITRY", "BEAGLE, JAY", "JOHANSSON, MARCUS", "NEUVIRTH, MICHAL", "HOLTBY, BRADEN", "NIKITIN, NIKITA", "JOHNSON, JACK", "HORTON, NATHAN", "CALVERT, MATT", "ATKINSON, CAM", "DUBINSKY, BRANDON", "UMBERGER, RJ", "JOHANSEN, RYAN", "WISNIEWSKI, JAMES", "MACKENZIE, DEREK", "TROPP, COREY", "MURRAY, RYAN", "JENNER, BOONE", "ANISIMOV, ARTEM", "GOLOUBEF, CODY", "TYUTIN, FEDOR", "LETESTU, MARK", "FOLIGNO, NICK", "MCELHINNEY, CURTIS", "BOBROVSKY, SERGEI"], "G": [0, 0, 0, "1", 0, 0, 0, 0, 0, "1", 0, 0, 0, 0, 0, 0, 0, 0, 0, 0, 0, 0, 0, 0, "1", "1", 0, "2", 0, "1", 0, 0, 0, 0, 0, 0, 0, 0, 0, 0], "A": [0, 0, 0, 0, 0, 0, 0, 0, 0, 0, "1", 0, 0, 0, "1", "1", 0, 0, 0, "1", 0, "1", 0, "1", "1", "1", "1", 0, 0, 0, 0, "1", "1", 0, 0, "2", 0, 0, 0, 0], "P": [0, 0, 0, "1", 0, 0, 0, 0, 0, "1", "1", 0, 0, 0, "1", "1", 0, 0, 0, "1", 0, "1", 0, "1", "2", "2", "1", "2", 0, "1", 0, "1", "1", 0, 0, "2", 0, 0, 0, 0], "+/-": [0, "-5", "-1", "+1", "-2", 0, 0, "-1", "-1", 0, "+1", "+1", 0, "-3", "-1", 0, 0, "-4", 0, 0, "-1", "+3", 0, 0, "+2", "+1", "+1", "+2", 0, "+1", 0, "+1", "+2", "-1", 0, "+3", 0, "-1", 0, 0], "PN": ["2", "1", 0, 0, "1", "2", "1", "1", 0, 0, "1", 0, 0, 0, 0, 0, 0, 0, 0, 0, 0, 0, 0, "1", 0, "1", 0, 0, "1", 0, "1", 0, "2", 0, 0, "1", 0, "3", 0, 0], "PIM": ["4", "2", 0, 0, "2", "7", "2", "2", 0, 0, "5", 0, 0, 0, 0, 0, 0, 0, 0, 0, 0, 0, 0, "2", 0, "2", 0, 0, "2", 0, "2", 0, "7", 0, 0, "2", 0, "17", 0, 0], "TOT": ["17:08", "21:14", "17:40", "15:36", "18:38", "16:35", "14:14", "15:45", "21:14", "12:47", "07:14", "07:24", "05:48", "19:42", "29:45", "16:36", "12:06", "16:41", 0, "59:53", "17:27", "25:40", "15:58", "14:40", "13:40", "19:12", "15:35", "15:10", "24:57", "11:14", "08:30", "20:37", "10:47", "16:16", "10:23", "20:54", "15:37", "10:00", 0, "59:23"], "SHF": ["24", "18", "22", "19", "22", "23", "22", "25", "25", "19", "13", "10", "7", "22", "28", "22", "17", "21", 0, 0, "21", "23", "20", "21", "19", "26", "20", "21", "25", "18", "14", "25", "16", "24", "14", "25", "21", "13", 0, 0], "AVG TOI/SH": ["00:42", "01:10", "00:48", "00:49", "00:50", "00:43", "00:38", "00:37", "00:50", "00:40", "00:33", "00:44", "00:49", "00:53", "01:03", "00:45", "00:42", "00:47", 0, 0, "00:49", "01:06", "00:47", "00:41", "00:43", "00:44", "00:46", "00:43", "00:59", "00:37", "00:36", "00:49", "00:40", "00:40", "00:44", "00:50", "00:44", "00:46", 0, 0], "PP": ["00:01", "09:56", "04:47", "03:36", "05:44", "03:59", "01:12", "04:21", "00:00", "03:09", "00:00", "00:00", "01:48", "01:57", "07:14", "00:32", "00:13", "05:11", 0, "10:44", "03:28", "07:23", "03:38", "04:35", "04:17", "04:30", "02:35", "03:38", "06:43", "00:00", "00:00", "02:26", "00:25", "03:22", "00:00", "02:07", "02:53", "03:05", 0, "11:01"], "SH": ["02:54", "00:00", "03:54", "01:33", "00:58", "02:38", "02:16", "03:14", "06:04", "03:41", "00:00", "00:00", "00:14", "02:58", "07:49", "02:03", "03:48", "00:00", 0, "11:01", "01:09", "06:50", "00:01", "01:15", "00:00", "03:38", "03:20", "00:24", "03:31", "04:19", "00:00", "03:32", "00:00", "04:01", "00:00", "06:09", "04:30", "00:00", 0, "10:44"], "EV": ["14:13", "11:18", "08:59", "10:27", "11:56", "09:58", "10:46", "08:10", "15:10", "05:57", "07:14", "07:24", "03:46", "14:47", "14:42", "14:01", "08:05", "11:30", 0, "38:08", "12:50", "11:27", "12:19", "08:50", "09:23", "11:04", "09:40", "11:08", "14:43", "06:55", "08:30", "14:39", "10:22", "08:53", "10:23", "12:38", "08:14", "06:55", 0, "37:38"], "S": ["2", "2", "3", "6", "1", "2", "3", "2", "1", "2", 0, 0, 0, "4", "2", "1", "1", 0, 0, 0, "1", "4", 0, "2", "4", "2", "3", "5", 0, "2", 0, "1", "2", 0, 0, "2", "1", 0, 0, 0], "A/B": ["2", "3", 0, 0, 0, "1", 0, "1", "2", "1", "1", 0, "1", 0, "2", 0, 0, 0, 0, 0, 0, 0, 0, 0, "1", "1", "1", "2", "1", 0, 0, 0, 0, 0, 0, "2", 0, 0, 0, 0], "MS": [0, "5", 0, 0, "1", "1", 0, 0, 0, 0, 0, 0, 0, "1", 0, 0, "1", 0, 0, 0, 0, "3", "2", "1", 0, "2", 0, "1", "1", 0, 0, "1", 0, 0, 0, 0, 0, 0, 0, 0], "HT": ["2", "1", "1", "5", 0, "2", 0, 0, "4", 0, "4", "2", "1", 0, 0, "3", "2", 0, 0, "1", "5", "3", "2", 0, "1", "3", "1", "1", "1", "7", "2", "1", "4", 0, 0, "1", "2", "2", 0, 0], "GV": [0, 0, "1", 0, 0, 0, 0, 0, 0, 0, 0, 0, 0, 0, "1", 0, 0, 0, 0, 0, 0, 0, 0, "2", 0, 0, 0, 0, 0, 0, 0, "1", 0, 0, 0, 0, 0, 0, 0, "1"], "TK": [0, 0, 0, 0, 0, 0, 0, 0, 0, 0, 0, 0, 0, 0, 0, 0, 0, 0, 0, 0, 0, 0, "1", 0, "1", "1", 0, 0, 0, 0, 0, 0, 0, "2", 0, "1", 0, 0, 0, 0], "BS": [0, 0, 0, 0, 0, "1", 0, 0, "1", "1", 0, 0, 0, 0, "3", 0, "1", "1", 0, 0, "1", 0, "1", "1", "1", 0, "1", 0, 0, "2", "2", 0, 0, "2", "1", "1", 0, "1", 0, 0], "FW": [0, 0, "2", "1", "10", "4", "4", "0", 0, "1", 0, "6", 0, 0, 0, 0, "6", "1", 0, 0, 0, 0, 0, 0, 0, "10", "1", "8", 0, "2", 0, 0, 0, "7", 0, 0, "5", 0, 0, 0], "FL": [0, 0, "2", "0", "6", "1", "10", "1", 0, "1", 0, "3", 0, 0, 0, 0, "7", "2", 0, 0, 0, 0, 0, 0, 0, "13", "0", "9", 0, "5", 0, 0, 0, "3", 0, 0, "5", 0, 0, 0], "F%": [0, 0, "50", "100", "63", "80", "29", "0", 0, "50", 0, "67", 0, 0, 0, 0, "46", "33", 0, 0, 0, 0, 0, 0, 0, "43", "100", "47", 0, "29", 0, 0, 0, "70", 0, 0, "50", 0, 0, 0], "team": ["WASHINGTON CAPITALS ", "WASHINGTON CAPITALS ", "WASHINGTON CAPITALS ", "WASHINGTON CAPITALS ", "WASHINGTON CAPITALS ", "WASHINGTON CAPITALS ", "WASHINGTON CAPITALS ", "WASHINGTON CAPITALS ", "WASHINGTON CAPITALS ", "WASHINGTON CAPITALS ", "WASHINGTON CAPITALS ", "WASHINGTON CAPITALS ", "WASHINGTON CAPITALS ", "WASHINGTON CAPITALS ", "WASHINGTON CAPITALS ", "WASHINGTON CAPITALS ", "WASHINGTON CAPITALS ", "WASHINGTON CAPITALS ", "WASHINGTON CAPITALS ", "WASHINGTON CAPITALS ", "COLUMBUS BLUE JACKETS ", "COLUMBUS BLUE JACKETS ", "COLUMBUS BLUE JACKETS ", "COLUMBUS BLUE JACKETS ", "COLUMBUS BLUE JACKETS ", "COLUMBUS BLUE JACKETS ", "COLUMBUS BLUE JACKETS ", "COLUMBUS BLUE JACKETS ", "COLUMBUS BLUE JACKETS ", "COLUMBUS BLUE JACKETS ", "COLUMBUS BLUE JACKETS ", "COLUMBUS BLUE JACKETS ", "COLUMBUS BLUE JACKETS ", "COLUMBUS BLUE JACKETS ", "COLUMBUS BLUE JACKETS ", "COLUMBUS BLUE JACKETS ", "COLUMBUS BLUE JACKETS ", "COLUMBUS BLUE JACKETS ", "COLUMBUS BLUE JACKETS ", "COLUMBUS BLUE JACKETS "], "GA": [0, 0, 0, 0, 0, 0, 0, 0, 0, 0, 0, 0, 0, 0, 0, 0, 0, 0, 0.0, "5", 0, 0, 0, 0, 0, 0, 0, 0, 0, 0, 0, 0, 0, 0, 0, 0, 0, 0, 0, "2"], "SA": [0, 0, 0, 0, 0, 0, 0, 0, 0, 0, 0, 0, 0, 0, 0, 0, 0, 0, 0.0, "29", 0, 0, 0, 0, 0, 0, 0, 0, 0, 0, 0, 0, 0, 0, 0, 0, 0, 0, 0, "32"]}}