{"game_info": {"date": "2013-12-21", "visitor": "CAROLINA HURRICANES ", "home": "TAMPA BAY LIGHTNING ", "game_id": 543, "status": "final"}, "player_stats": {"number": ["4", "6", "11", "12", "14", "15", "18", "19", "20", "21", "22", "27", "28", "39", "44", "53", "65", "73", "30", "35", "2", "6", "7", "9", "11", "16", "17", "18", "22", "23", "25", "26", "44", "51", "56", "62", "71", "77", "30", "39"], "position": ["D", "D", "C", "C", "C", "R", "R", "C", "C", "L", "C", "D", "R", "R", "D", "C", "D", "D", "G", "G", "D", "D", "D", "C", "C", "R", "C", "L", "D", "R", "D", "R", "C", "C", "R", "D", "R", "D", "G", "G"], "name": ["SEKERA, ANDREJ", "GLEASON, TIM", "STAAL, JORDAN", "STAAL, ERIC", "GERBE, NATHAN", "RUUTU, TUOMO", "DVORAK, RADEK", "TLUSTY, JIRI", "NASH, RILEY", "BOWMAN, DRAYSON", "MALHOTRA, MANNY", "FAULK, JUSTIN", "SEMIN, ALEXANDER", "DWYER, PATRICK", "HARRISON, JAY", "SKINNER, JEFF", "HAINSEY, RON", "BELLEMORE, BRETT", "WARD, CAM", "PETERS, JUSTIN", "BREWER, ERIC", "SALO, SAMI", "GUDAS, RADKO", "JOHNSON, TYLER", "PYATT, TOM", "PURCELL, TEDDY", "KILLORN, ALEX", "PALAT, ONDREJ", "COTE, JEAN-PHILIPPE", "BROWN, J.T.", "CARLE, MATTHEW", "ST. LOUIS, MARTIN", "THOMPSON, NATE", "FILPPULA, VALTTERI", "KUCHEROV, NIKITA", "SUSTR, ANDREJ", "PANIK, RICHARD", "HEDMAN, VICTOR", "BISHOP, BEN", "LINDBACK, ANDERS"], "G": [0, 0, 0, 0, 0, 0, 0, "2", 0, 0, 0, 0, 0, 0, 0, 0, 0, 0, 0, 0, 0, 0, "1", 0, 0, 0, 0, 0, 0, 0, 0, "1", 0, 0, 0, 0, 0, "1", 0, 0], "A": [0, 0, 0, "1", 0, 0, 0, 0, "1", 0, 0, 0, 0, "1", 0, 0, "1", 0, 0, 0, 0, 0, 0, 0, 0, 0, "1", 0, 0, 0, 0, 0, "1", "2", 0, 0, 0, "1", 0, 0], "P": [0, 0, 0, "1", 0, 0, 0, "2", "1", 0, 0, 0, 0, "1", 0, 0, "1", 0, 0, 0, 0, 0, "1", 0, 0, 0, "1", 0, 0, 0, 0, "1", "1", "2", 0, 0, 0, "2", 0, 0], "+/-": [0, "-1", "-1", 0, "-1", 0, 0, "+2", "+1", 0, 0, 0, "-1", "+1", 0, "-1", "+1", 0, 0, 0, "-1", 0, 0, "-1", "-1", "+1", 0, "-1", 0, 0, 0, 0, "+1", "+1", 0, 0, "-1", "+1", 0, 0], "PN": [0, "1", "1", 0, 0, "1", "1", 0, 0, 0, 0, 0, 0, 0, 0, 0, 0, "1", 0, 0, 0, 0, "2", 0, 0, 0, 0, 0, 0, 0, 0, 0, 0, 0, 0, 0, 0, 0, 0, 0], "PIM": [0, "2", "2", 0, 0, "2", "2", 0, 0, 0, 0, 0, 0, 0, 0, 0, 0, "2", 0, 0, 0, 0, "4", 0, 0, 0, 0, 0, 0, 0, 0, 0, 0, 0, 0, 0, 0, 0, 0, 0], "TOT": ["28:39", "16:20", "17:56", "19:55", "14:20", "17:09", "12:45", "12:27", "10:05", "09:33", "13:34", "29:23", "15:54", "14:22", "04:23", "17:45", "25:29", "19:58", 0, "62:16", "08:32", "20:17", "22:34", "19:08", "08:32", "20:06", "18:00", "16:59", "09:28", "12:40", "23:33", "24:52", "13:39", "21:30", "15:01", "13:33", "09:46", "26:55", "62:15", 0], "SHF": ["33", "27", "27", "30", "20", "25", "19", "21", "18", "15", "21", "36", "24", "23", "7", "25", "30", "25", 0, 0, "13", "25", "26", "24", "13", "23", "24", "23", "16", "18", "28", "29", "19", "25", "21", "18", "14", "30", 0, 0], "AVG TOI/SH": ["00:52", "00:36", "00:39", "00:39", "00:43", "00:41", "00:40", "00:35", "00:33", "00:38", "00:38", "00:48", "00:39", "00:37", "00:37", "00:42", "00:50", "00:47", 0, 0, "00:39", "00:48", "00:52", "00:47", "00:39", "00:52", "00:45", "00:44", "00:35", "00:42", "00:50", "00:51", "00:43", "00:51", "00:42", "00:45", "00:41", "00:53", 0, 0], "PP": ["02:14", "00:07", "01:13", "01:56", "01:06", "01:56", "00:00", "00:00", "00:36", "00:00", "00:00", "02:30", "01:13", "00:00", "00:00", "01:56", "00:55", "00:03", 0, "03:09", "00:00", "05:40", "02:36", "02:36", "00:00", "05:40", "01:42", "00:54", "00:00", "00:00", "02:36", "05:59", "00:00", "05:40", "01:42", "00:00", "00:35", "05:40", "08:16", 0], "SH": ["05:27", "00:35", "02:43", "01:38", "00:53", "00:00", "02:48", "01:04", "00:14", "00:00", "03:14", "05:27", "01:52", "01:53", "00:00", "00:13", "02:49", "02:14", 0, "08:16", "01:00", "02:00", "00:00", "01:02", "00:34", "00:00", "00:00", "01:01", "00:29", "01:00", "01:02", "01:07", "01:34", "00:00", "00:00", "00:07", "00:00", "01:40", "03:09", 0], "EV": ["20:58", "15:38", "14:00", "16:21", "12:21", "15:13", "09:57", "11:23", "09:15", "09:33", "10:20", "21:26", "12:49", "12:29", "04:23", "15:36", "21:45", "17:41", 0, "50:51", "07:32", "12:37", "19:58", "15:30", "07:58", "14:26", "16:18", "15:04", "08:59", "11:40", "19:55", "17:46", "12:05", "15:50", "13:19", "13:26", "09:11", "19:35", "50:50", 0], "S": ["3", "1", "3", 0, "1", "1", "1", "4", "1", "1", 0, "4", "3", 0, 0, "2", 0, "2", 0, 0, "1", "3", "5", "1", "4", "2", "3", "3", "1", "2", "7", "4", "4", "2", "2", "2", "1", "3", 0, 0], "A/B": ["2", 0, 0, 0, 0, "2", 0, "1", "2", 0, 0, 0, 0, 0, "1", "3", 0, "3", 0, 0, 0, "1", "1", "2", 0, "1", "1", "1", "1", "1", "2", "1", "1", 0, 0, 0, 0, "1", 0, 0], "MS": ["1", 0, "3", "1", "1", "1", "1", "1", 0, 0, 0, "2", 0, 0, "1", 0, 0, 0, 0, 0, 0, 0, "1", "1", 0, 0, 0, 0, "1", "1", 0, "1", 0, 0, "1", 0, 0, "2", 0, 0], "HT": [0, "3", "2", 0, 0, 0, 0, 0, 0, 0, "1", "1", "1", 0, "1", 0, "6", "3", 0, 0, 0, "1", "5", 0, 0, 0, "1", "2", "3", "2", 0, 0, 0, "1", 0, 0, 0, "2", 0, 0], "GV": ["1", 0, 0, 0, 0, "1", 0, 0, 0, 0, 0, "1", 0, 0, 0, 0, 0, 0, 0, 0, 0, "1", 0, 0, 0, "1", "1", 0, 0, 0, 0, "2", 0, 0, "1", 0, 0, 0, 0, 0], "TK": [0, 0, "1", "1", 0, "1", 0, 0, "1", 0, 0, "1", "1", 0, 0, "1", 0, 0, 0, 0, 0, "1", "1", 0, 0, "1", "1", "1", 0, 0, 0, 0, 0, 0, 0, 0, "1", "1", 0, 0], "BS": ["3", "2", 0, "1", 0, 0, 0, 0, 0, 0, 0, "3", 0, "2", 0, 0, "2", "1", 0, 0, 0, "1", "3", 0, "1", 0, 0, 0, "1", 0, "4", "1", 0, "1", 0, "1", 0, "1", 0, 0], "FW": [0, 0, "8", "11", 0, "0", 0, 0, "3", "0", "11", 0, "0", "0", 0, 0, 0, 0, 0, 0, 0, 0, 0, "4", "2", "0", "0", "0", 0, 0, 0, "1", "10", "12", 0, 0, 0, 0, 0, 0], "FL": [0, 0, "8", "8", 0, "1", 0, 0, "2", "1", "6", 0, "1", "2", 0, 0, 0, 0, 0, 0, 0, 0, 0, "9", "6", "1", "3", "1", 0, 0, 0, "2", "4", "7", 0, 0, 0, 0, 0, 0], "F%": [0, 0, "50", "58", 0, "0", 0, 0, "60", "0", "65", 0, "0", "0", 0, 0, 0, 0, 0, 0, 0, 0, 0, "31", "25", "0", "0", "0", 0, 0, 0, "33", "71", "63", 0, 0, 0, 0, 0, 0], "team": ["CAROLINA HURRICANES ", "CAROLINA HURRICANES ", "CAROLINA HURRICANES ", "CAROLINA HURRICANES ", "CAROLINA HURRICANES ", "CAROLINA HURRICANES ", "CAROLINA HURRICANES ", "CAROLINA HURRICANES ", "CAROLINA HURRICANES ", "CAROLINA HURRICANES ", "CAROLINA HURRICANES ", "CAROLINA HURRICANES ", "CAROLINA HURRICANES ", "CAROLINA HURRICANES ", "CAROLINA HURRICANES ", "CAROLINA HURRICANES ", "CAROLINA HURRICANES ", "CAROLINA HURRICANES ", "CAROLINA HURRICANES ", "CAROLINA HURRICANES ", "TAMPA BAY LIGHTNING ", "TAMPA BAY LIGHTNING ", "TAMPA BAY LIGHTNING ", "TAMPA BAY LIGHTNING ", "TAMPA BAY LIGHTNING ", "TAMPA BAY LIGHTNING ", "TAMPA BAY LIGHTNING ", "TAMPA BAY LIGHTNING ", "TAMPA BAY LIGHTNING ", "TAMPA BAY LIGHTNING ", "TAMPA BAY LIGHTNING ", "TAMPA BAY LIGHTNING ", "TAMPA BAY LIGHTNING ", "TAMPA BAY LIGHTNING ", "TAMPA BAY LIGHTNING ", "TAMPA BAY LIGHTNING ", "TAMPA BAY LIGHTNING ", "TAMPA BAY LIGHTNING ", "TAMPA BAY LIGHTNING ", "TAMPA BAY LIGHTNING "], "GA": [0, 0, 0, 0, 0, 0, 0, 0, 0, 0, 0, 0, 0, 0, 0, 0, 0, 0, 0.0, "3", 0, 0, 0, 0, 0, 0, 0, 0, 0, 0, 0, 0, 0, 0, 0, 0, 0, 0, "2", 0], "SA": [0, 0, 0, 0, 0, 0, 0, 0, 0, 0, 0, 0, 0, 0, 0, 0, 0, 0, 0.0, "50", 0, 0, 0, 0, 0, 0, 0, 0, 0, 0, 0, 0, 0, 0, 0, 0, 0, 0, "27", 0]}}